{"type":"FeatureCollection","metadata":{"layer":"building_density"},"features":[{"type":"Feature","geometry":{"type":"Point","coordinates":[37.16925,36.20175]},"properties":{"w":328}},{"type":"Feature","geometry":{"type":"Point","coordinates":[37.15725,36.19425]},"properties":{"w":258}},{"type":"Feature","geometry":{"type":"Point","coordinates":[37.16775,36.20175]},"properties":{"w":255}},{"type":"Feature","geometry":{"type":"Point","coordinates":[37.17225,36.20175]},"properties":{"w":252}},{"type":"Feature","geometry":{"type":"Point","coordinates":[37.17075,36.20175]},"properties":{"w":250}},{"type":"Feature","geometry":{"type":"Point","coordinates":[37.16025,36.19425]},"properties":{"w":249}},{"type":"Feature","geometry":{"type":"Point","coordinates":[37.16475,36.20625]},"properties":{"w":242}},{"type":"Feature","geometry":{"type":"Point","coordinates":[37.15875,36.19575]},"properties":{"w":225}},{"type":"Feature","geometry":{"type":"Point","coordinates":[37.16475,36.19575]},"properties":{"w":225}},{"type":"Feature","geometry":{"type":"Point","coordinates":[37.16925,36.20025]},"properties":{"w":218}},{"type":"Feature","geometry":{"type":"Point","coordinates":[37.16475,36.20775]},"properties":{"w":213}},{"type":"Feature","geometry":{"type":"Point","coordinates":[37.16025,36.19275]},"properties":{"w":212}},{"type":"Feature","geometry":{"type":"Point","coordinates":[37.17225,36.20025]},"properties":{"w":209}},{"type":"Feature","geometry":{"type":"Point","coordinates":[37.15425,36.19725]},"properties":{"w":208}},{"type":"Feature","geometry":{"type":"Point","coordinates":[37.16475,36.20325]},"properties":{"w":208}},{"type":"Feature","geometry":{"type":"Point","coordinates":[37.15425,36.19575]},"properties":{"w":208}},{"type":"Feature","geometry":{"type":"Point","coordinates":[37.15725,36.19575]},"properties":{"w":203}},{"type":"Feature","geometry":{"type":"Point","coordinates":[37.15275,36.19725]},"properties":{"w":202}},{"type":"Feature","geometry":{"type":"Point","coordinates":[37.15875,36.19425]},"properties":{"w":200}},{"type":"Feature","geometry":{"type":"Point","coordinates":[37.16625,36.20175]},"properties":{"w":200}},{"type":"Feature","geometry":{"type":"Point","coordinates":[37.16625,36.19725]},"properties":{"w":198}},{"type":"Feature","geometry":{"type":"Point","coordinates":[37.17225,36.19725]},"properties":{"w":196}},{"type":"Feature","geometry":{"type":"Point","coordinates":[37.17075,36.19725]},"properties":{"w":195}},{"type":"Feature","geometry":{"type":"Point","coordinates":[50.61375,26.24925]},"properties":{"w":194}},{"type":"Feature","geometry":{"type":"Point","coordinates":[37.16175,36.20775]},"properties":{"w":193}},{"type":"Feature","geometry":{"type":"Point","coordinates":[37.16325,36.20775]},"properties":{"w":193}},{"type":"Feature","geometry":{"type":"Point","coordinates":[37.16025,36.19575]},"properties":{"w":188}},{"type":"Feature","geometry":{"type":"Point","coordinates":[37.15575,36.19575]},"properties":{"w":186}},{"type":"Feature","geometry":{"type":"Point","coordinates":[37.16475,36.20175]},"properties":{"w":183}},{"type":"Feature","geometry":{"type":"Point","coordinates":[37.17075,36.19875]},"properties":{"w":180}},{"type":"Feature","geometry":{"type":"Point","coordinates":[37.15425,36.20325]},"properties":{"w":176}},{"type":"Feature","geometry":{"type":"Point","coordinates":[37.15275,36.19875]},"properties":{"w":176}},{"type":"Feature","geometry":{"type":"Point","coordinates":[37.16325,36.19425]},"properties":{"w":174}},{"type":"Feature","geometry":{"type":"Point","coordinates":[37.16475,36.20475]},"properties":{"w":173}},{"type":"Feature","geometry":{"type":"Point","coordinates":[37.16625,36.20325]},"properties":{"w":170}},{"type":"Feature","geometry":{"type":"Point","coordinates":[37.16775,36.20625]},"properties":{"w":169}},{"type":"Feature","geometry":{"type":"Point","coordinates":[37.16625,36.20025]},"properties":{"w":168}},{"type":"Feature","geometry":{"type":"Point","coordinates":[50.61675,26.24625]},"properties":{"w":163}},{"type":"Feature","geometry":{"type":"Point","coordinates":[37.16625,36.20475]},"properties":{"w":158}},{"type":"Feature","geometry":{"type":"Point","coordinates":[37.16925,36.20475]},"properties":{"w":153}},{"type":"Feature","geometry":{"type":"Point","coordinates":[37.16625,36.20775]},"properties":{"w":152}},{"type":"Feature","geometry":{"type":"Point","coordinates":[37.17075,36.20025]},"properties":{"w":151}},{"type":"Feature","geometry":{"type":"Point","coordinates":[50.61525,26.24625]},"properties":{"w":150}},{"type":"Feature","geometry":{"type":"Point","coordinates":[37.17075,36.19575]},"properties":{"w":150}},{"type":"Feature","geometry":{"type":"Point","coordinates":[37.16325,36.20925]},"properties":{"w":150}},{"type":"Feature","geometry":{"type":"Point","coordinates":[37.16175,36.20625]},"properties":{"w":149}},{"type":"Feature","geometry":{"type":"Point","coordinates":[37.17075,36.20475]},"properties":{"w":148}},{"type":"Feature","geometry":{"type":"Point","coordinates":[37.15425,36.19875]},"properties":{"w":148}},{"type":"Feature","geometry":{"type":"Point","coordinates":[37.16775,36.20025]},"properties":{"w":143}},{"type":"Feature","geometry":{"type":"Point","coordinates":[50.61375,26.24475]},"properties":{"w":142}},{"type":"Feature","geometry":{"type":"Point","coordinates":[37.16475,36.20925]},"properties":{"w":142}},{"type":"Feature","geometry":{"type":"Point","coordinates":[37.16325,36.19275]},"properties":{"w":142}},{"type":"Feature","geometry":{"type":"Point","coordinates":[37.17225,36.19875]},"properties":{"w":139}},{"type":"Feature","geometry":{"type":"Point","coordinates":[37.16175,36.19425]},"properties":{"w":136}},{"type":"Feature","geometry":{"type":"Point","coordinates":[50.61375,26.24625]},"properties":{"w":135}},{"type":"Feature","geometry":{"type":"Point","coordinates":[50.61225,26.24925]},"properties":{"w":133}},{"type":"Feature","geometry":{"type":"Point","coordinates":[37.16625,36.19875]},"properties":{"w":131}},{"type":"Feature","geometry":{"type":"Point","coordinates":[37.17225,36.20325]},"properties":{"w":130}},{"type":"Feature","geometry":{"type":"Point","coordinates":[37.17075,36.20325]},"properties":{"w":130}},{"type":"Feature","geometry":{"type":"Point","coordinates":[35.19525,33.27225]},"properties":{"w":127}},{"type":"Feature","geometry":{"type":"Point","coordinates":[35.23125,31.77975]},"properties":{"w":126}},{"type":"Feature","geometry":{"type":"Point","coordinates":[37.15875,36.19275]},"properties":{"w":126}},{"type":"Feature","geometry":{"type":"Point","coordinates":[37.17075,36.20625]},"properties":{"w":126}},{"type":"Feature","geometry":{"type":"Point","coordinates":[37.16925,36.18975]},"properties":{"w":126}},{"type":"Feature","geometry":{"type":"Point","coordinates":[37.16925,36.19125]},"properties":{"w":126}},{"type":"Feature","geometry":{"type":"Point","coordinates":[35.23125,31.77825]},"properties":{"w":125}},{"type":"Feature","geometry":{"type":"Point","coordinates":[35.23275,31.77975]},"properties":{"w":124}},{"type":"Feature","geometry":{"type":"Point","coordinates":[50.61525,26.24925]},"properties":{"w":121}},{"type":"Feature","geometry":{"type":"Point","coordinates":[35.19375,33.27225]},"properties":{"w":121}},{"type":"Feature","geometry":{"type":"Point","coordinates":[37.16175,36.19275]},"properties":{"w":121}},{"type":"Feature","geometry":{"type":"Point","coordinates":[37.16475,36.19425]},"properties":{"w":120}},{"type":"Feature","geometry":{"type":"Point","coordinates":[35.23425,31.78125]},"properties":{"w":118}},{"type":"Feature","geometry":{"type":"Point","coordinates":[50.61075,26.25225]},"properties":{"w":116}},{"type":"Feature","geometry":{"type":"Point","coordinates":[50.61225,26.24775]},"properties":{"w":115}},{"type":"Feature","geometry":{"type":"Point","coordinates":[37.16625,36.19575]},"properties":{"w":115}},{"type":"Feature","geometry":{"type":"Point","coordinates":[50.61075,26.25525]},"properties":{"w":114}},{"type":"Feature","geometry":{"type":"Point","coordinates":[35.23275,31.77825]},"properties":{"w":114}},{"type":"Feature","geometry":{"type":"Point","coordinates":[38.26725,34.55175]},"properties":{"w":113}},{"type":"Feature","geometry":{"type":"Point","coordinates":[37.95975,26.78775]},"properties":{"w":112}},{"type":"Feature","geometry":{"type":"Point","coordinates":[50.61375,26.25075]},"properties":{"w":112}},{"type":"Feature","geometry":{"type":"Point","coordinates":[37.16925,36.19275]},"properties":{"w":110}},{"type":"Feature","geometry":{"type":"Point","coordinates":[35.19375,33.27375]},"properties":{"w":110}},{"type":"Feature","geometry":{"type":"Point","coordinates":[44.00475,36.20025]},"properties":{"w":108}},{"type":"Feature","geometry":{"type":"Point","coordinates":[37.15575,36.19425]},"properties":{"w":108}},{"type":"Feature","geometry":{"type":"Point","coordinates":[37.15275,36.19575]},"properties":{"w":107}},{"type":"Feature","geometry":{"type":"Point","coordinates":[37.16775,36.20475]},"properties":{"w":107}},{"type":"Feature","geometry":{"type":"Point","coordinates":[37.16175,36.20925]},"properties":{"w":106}},{"type":"Feature","geometry":{"type":"Point","coordinates":[35.22975,31.77975]},"properties":{"w":105}},{"type":"Feature","geometry":{"type":"Point","coordinates":[36.21075,34.00575]},"properties":{"w":105}},{"type":"Feature","geometry":{"type":"Point","coordinates":[44.01675,36.19425]},"properties":{"w":105}},{"type":"Feature","geometry":{"type":"Point","coordinates":[35.23275,31.77675]},"properties":{"w":104}},{"type":"Feature","geometry":{"type":"Point","coordinates":[50.61225,26.25075]},"properties":{"w":104}},{"type":"Feature","geometry":{"type":"Point","coordinates":[44.01075,36.20175]},"properties":{"w":104}},{"type":"Feature","geometry":{"type":"Point","coordinates":[35.23125,31.77675]},"properties":{"w":104}},{"type":"Feature","geometry":{"type":"Point","coordinates":[36.20925,34.00875]},"properties":{"w":104}},{"type":"Feature","geometry":{"type":"Point","coordinates":[37.17225,36.20475]},"properties":{"w":103}},{"type":"Feature","geometry":{"type":"Point","coordinates":[35.23425,31.77825]},"properties":{"w":103}},{"type":"Feature","geometry":{"type":"Point","coordinates":[50.61675,26.24775]},"properties":{"w":102}},{"type":"Feature","geometry":{"type":"Point","coordinates":[35.22975,31.77825]},"properties":{"w":101}},{"type":"Feature","geometry":{"type":"Point","coordinates":[50.61075,26.24925]},"properties":{"w":101}},{"type":"Feature","geometry":{"type":"Point","coordinates":[35.23275,31.78125]},"properties":{"w":100}},{"type":"Feature","geometry":{"type":"Point","coordinates":[37.16025,36.18675]},"properties":{"w":99}},{"type":"Feature","geometry":{"type":"Point","coordinates":[36.21075,34.00875]},"properties":{"w":99}},{"type":"Feature","geometry":{"type":"Point","coordinates":[50.61525,26.24475]},"properties":{"w":99}},{"type":"Feature","geometry":{"type":"Point","coordinates":[37.15725,36.18975]},"properties":{"w":98}},{"type":"Feature","geometry":{"type":"Point","coordinates":[36.21225,34.00725]},"properties":{"w":97}},{"type":"Feature","geometry":{"type":"Point","coordinates":[37.16625,36.20925]},"properties":{"w":97}},{"type":"Feature","geometry":{"type":"Point","coordinates":[37.94625,26.78325]},"properties":{"w":96}},{"type":"Feature","geometry":{"type":"Point","coordinates":[52.52325,29.62275]},"properties":{"w":96}},{"type":"Feature","geometry":{"type":"Point","coordinates":[44.00775,36.18525]},"properties":{"w":96}},{"type":"Feature","geometry":{"type":"Point","coordinates":[37.17225,36.19575]},"properties":{"w":96}},{"type":"Feature","geometry":{"type":"Point","coordinates":[37.16025,36.20625]},"properties":{"w":96}},{"type":"Feature","geometry":{"type":"Point","coordinates":[37.15575,36.19725]},"properties":{"w":95}},{"type":"Feature","geometry":{"type":"Point","coordinates":[31.23375,30.00525]},"properties":{"w":95}},{"type":"Feature","geometry":{"type":"Point","coordinates":[37.16325,36.20325]},"properties":{"w":94}},{"type":"Feature","geometry":{"type":"Point","coordinates":[50.61525,26.24775]},"properties":{"w":93}},{"type":"Feature","geometry":{"type":"Point","coordinates":[36.21075,34.00725]},"properties":{"w":93}},{"type":"Feature","geometry":{"type":"Point","coordinates":[37.16775,36.20775]},"properties":{"w":93}},{"type":"Feature","geometry":{"type":"Point","coordinates":[37.15575,36.18975]},"properties":{"w":93}},{"type":"Feature","geometry":{"type":"Point","coordinates":[44.00325,36.20025]},"properties":{"w":92}},{"type":"Feature","geometry":{"type":"Point","coordinates":[36.31725,33.50925]},"properties":{"w":92}},{"type":"Feature","geometry":{"type":"Point","coordinates":[50.61075,26.25375]},"properties":{"w":92}},{"type":"Feature","geometry":{"type":"Point","coordinates":[37.16925,36.20325]},"properties":{"w":91}},{"type":"Feature","geometry":{"type":"Point","coordinates":[37.15425,36.20625]},"properties":{"w":91}},{"type":"Feature","geometry":{"type":"Point","coordinates":[37.15425,36.20175]},"properties":{"w":91}},{"type":"Feature","geometry":{"type":"Point","coordinates":[36.20625,34.00575]},"properties":{"w":91}},{"type":"Feature","geometry":{"type":"Point","coordinates":[44.01675,36.19275]},"properties":{"w":90}},{"type":"Feature","geometry":{"type":"Point","coordinates":[37.16175,36.20325]},"properties":{"w":90}},{"type":"Feature","geometry":{"type":"Point","coordinates":[35.23125,31.78125]},"properties":{"w":90}},{"type":"Feature","geometry":{"type":"Point","coordinates":[37.16925,36.19875]},"properties":{"w":90}},{"type":"Feature","geometry":{"type":"Point","coordinates":[35.19675,33.27225]},"properties":{"w":89}},{"type":"Feature","geometry":{"type":"Point","coordinates":[35.22975,31.77675]},"properties":{"w":89}},{"type":"Feature","geometry":{"type":"Point","coordinates":[50.61075,26.25075]},"properties":{"w":89}},{"type":"Feature","geometry":{"type":"Point","coordinates":[47.44275,34.39875]},"properties":{"w":89}},{"type":"Feature","geometry":{"type":"Point","coordinates":[37.17225,36.20625]},"properties":{"w":88}},{"type":"Feature","geometry":{"type":"Point","coordinates":[50.61375,26.24775]},"properties":{"w":88}},{"type":"Feature","geometry":{"type":"Point","coordinates":[44.00925,36.18525]},"properties":{"w":87}},{"type":"Feature","geometry":{"type":"Point","coordinates":[36.20925,34.00575]},"properties":{"w":86}},{"type":"Feature","geometry":{"type":"Point","coordinates":[35.19375,33.27525]},"properties":{"w":86}},{"type":"Feature","geometry":{"type":"Point","coordinates":[36.20925,34.00725]},"properties":{"w":85}},{"type":"Feature","geometry":{"type":"Point","coordinates":[37.16625,36.20625]},"properties":{"w":85}},{"type":"Feature","geometry":{"type":"Point","coordinates":[44.00625,36.20175]},"properties":{"w":85}},{"type":"Feature","geometry":{"type":"Point","coordinates":[34.36425,31.43925]},"properties":{"w":85}},{"type":"Feature","geometry":{"type":"Point","coordinates":[37.15275,36.20025]},"properties":{"w":85}},{"type":"Feature","geometry":{"type":"Point","coordinates":[44.00775,36.19725]},"properties":{"w":85}},{"type":"Feature","geometry":{"type":"Point","coordinates":[44.01375,36.19875]},"properties":{"w":84}},{"type":"Feature","geometry":{"type":"Point","coordinates":[36.21075,34.01025]},"properties":{"w":84}},{"type":"Feature","geometry":{"type":"Point","coordinates":[32.64825,25.69875]},"properties":{"w":84}},{"type":"Feature","geometry":{"type":"Point","coordinates":[44.00625,36.20025]},"properties":{"w":83}},{"type":"Feature","geometry":{"type":"Point","coordinates":[37.16775,36.20325]},"properties":{"w":83}},{"type":"Feature","geometry":{"type":"Point","coordinates":[37.16175,36.18675]},"properties":{"w":83}},{"type":"Feature","geometry":{"type":"Point","coordinates":[37.15875,36.19725]},"properties":{"w":83}},{"type":"Feature","geometry":{"type":"Point","coordinates":[44.00475,36.19875]},"properties":{"w":82}},{"type":"Feature","geometry":{"type":"Point","coordinates":[44.00625,36.20475]},"properties":{"w":82}},{"type":"Feature","geometry":{"type":"Point","coordinates":[37.15875,36.20625]},"properties":{"w":82}},{"type":"Feature","geometry":{"type":"Point","coordinates":[44.00775,36.20175]},"properties":{"w":80}},{"type":"Feature","geometry":{"type":"Point","coordinates":[36.21075,34.00125]},"properties":{"w":80}},{"type":"Feature","geometry":{"type":"Point","coordinates":[44.00625,36.19725]},"properties":{"w":80}},{"type":"Feature","geometry":{"type":"Point","coordinates":[37.16025,36.20775]},"properties":{"w":79}},{"type":"Feature","geometry":{"type":"Point","coordinates":[32.63925,25.69875]},"properties":{"w":78}},{"type":"Feature","geometry":{"type":"Point","coordinates":[37.17075,36.19125]},"properties":{"w":78}},{"type":"Feature","geometry":{"type":"Point","coordinates":[44.00625,36.19875]},"properties":{"w":78}},{"type":"Feature","geometry":{"type":"Point","coordinates":[35.22975,31.77525]},"properties":{"w":78}},{"type":"Feature","geometry":{"type":"Point","coordinates":[47.44425,34.39875]},"properties":{"w":78}},{"type":"Feature","geometry":{"type":"Point","coordinates":[35.23575,31.78275]},"properties":{"w":77}},{"type":"Feature","geometry":{"type":"Point","coordinates":[37.15725,36.19725]},"properties":{"w":77}},{"type":"Feature","geometry":{"type":"Point","coordinates":[44.00925,36.18675]},"properties":{"w":77}},{"type":"Feature","geometry":{"type":"Point","coordinates":[50.60925,26.25375]},"properties":{"w":77}},{"type":"Feature","geometry":{"type":"Point","coordinates":[44.01075,36.20025]},"properties":{"w":77}},{"type":"Feature","geometry":{"type":"Point","coordinates":[44.00625,36.18825]},"properties":{"w":77}},{"type":"Feature","geometry":{"type":"Point","coordinates":[44.01375,36.20025]},"properties":{"w":77}},{"type":"Feature","geometry":{"type":"Point","coordinates":[37.16175,36.19125]},"properties":{"w":76}},{"type":"Feature","geometry":{"type":"Point","coordinates":[37.16325,36.20475]},"properties":{"w":76}},{"type":"Feature","geometry":{"type":"Point","coordinates":[36.21375,34.00725]},"properties":{"w":76}},{"type":"Feature","geometry":{"type":"Point","coordinates":[35.22825,31.77825]},"properties":{"w":76}},{"type":"Feature","geometry":{"type":"Point","coordinates":[44.01225,36.20175]},"properties":{"w":76}},{"type":"Feature","geometry":{"type":"Point","coordinates":[44.01225,36.20025]},"properties":{"w":75}},{"type":"Feature","geometry":{"type":"Point","coordinates":[44.00775,36.19875]},"properties":{"w":75}},{"type":"Feature","geometry":{"type":"Point","coordinates":[44.00475,36.20175]},"properties":{"w":75}},{"type":"Feature","geometry":{"type":"Point","coordinates":[34.37025,31.44225]},"properties":{"w":75}},{"type":"Feature","geometry":{"type":"Point","coordinates":[44.01375,36.20175]},"properties":{"w":75}},{"type":"Feature","geometry":{"type":"Point","coordinates":[37.15875,36.19125]},"properties":{"w":75}},{"type":"Feature","geometry":{"type":"Point","coordinates":[37.15875,36.18825]},"properties":{"w":75}},{"type":"Feature","geometry":{"type":"Point","coordinates":[36.21225,34.00875]},"properties":{"w":75}},{"type":"Feature","geometry":{"type":"Point","coordinates":[44.01825,36.18825]},"properties":{"w":74}},{"type":"Feature","geometry":{"type":"Point","coordinates":[50.61225,26.25225]},"properties":{"w":74}},{"type":"Feature","geometry":{"type":"Point","coordinates":[32.63925,25.70025]},"properties":{"w":74}},{"type":"Feature","geometry":{"type":"Point","coordinates":[37.16025,36.20475]},"properties":{"w":73}},{"type":"Feature","geometry":{"type":"Point","coordinates":[44.00775,36.18675]},"properties":{"w":73}},{"type":"Feature","geometry":{"type":"Point","coordinates":[37.15425,36.20025]},"properties":{"w":72}},{"type":"Feature","geometry":{"type":"Point","coordinates":[36.30525,33.51225]},"properties":{"w":72}},{"type":"Feature","geometry":{"type":"Point","coordinates":[34.36725,31.43925]},"properties":{"w":72}},{"type":"Feature","geometry":{"type":"Point","coordinates":[36.21225,34.00575]},"properties":{"w":72}},{"type":"Feature","geometry":{"type":"Point","coordinates":[44.01225,36.19875]},"properties":{"w":72}},{"type":"Feature","geometry":{"type":"Point","coordinates":[37.95675,26.77875]},"properties":{"w":72}},{"type":"Feature","geometry":{"type":"Point","coordinates":[35.23575,31.78125]},"properties":{"w":72}},{"type":"Feature","geometry":{"type":"Point","coordinates":[44.00925,36.19575]},"properties":{"w":71}},{"type":"Feature","geometry":{"type":"Point","coordinates":[36.20925,34.01325]},"properties":{"w":71}},{"type":"Feature","geometry":{"type":"Point","coordinates":[52.52475,29.62275]},"properties":{"w":70}},{"type":"Feature","geometry":{"type":"Point","coordinates":[36.20925,34.01475]},"properties":{"w":70}},{"type":"Feature","geometry":{"type":"Point","coordinates":[44.00775,36.19575]},"properties":{"w":70}},{"type":"Feature","geometry":{"type":"Point","coordinates":[44.00625,36.17775]},"properties":{"w":69}},{"type":"Feature","geometry":{"type":"Point","coordinates":[37.16925,36.19725]},"properties":{"w":69}},{"type":"Feature","geometry":{"type":"Point","coordinates":[37.16775,36.20925]},"properties":{"w":69}},{"type":"Feature","geometry":{"type":"Point","coordinates":[35.23275,31.77525]},"properties":{"w":69}},{"type":"Feature","geometry":{"type":"Point","coordinates":[50.61075,26.24775]},"properties":{"w":68}},{"type":"Feature","geometry":{"type":"Point","coordinates":[44.00475,36.18975]},"properties":{"w":66}},{"type":"Feature","geometry":{"type":"Point","coordinates":[44.00475,36.18825]},"properties":{"w":66}},{"type":"Feature","geometry":{"type":"Point","coordinates":[35.23125,31.77525]},"properties":{"w":66}},{"type":"Feature","geometry":{"type":"Point","coordinates":[44.00175,36.19875]},"properties":{"w":66}},{"type":"Feature","geometry":{"type":"Point","coordinates":[37.17225,36.19425]},"properties":{"w":66}},{"type":"Feature","geometry":{"type":"Point","coordinates":[35.12925,32.70375]},"properties":{"w":66}},{"type":"Feature","geometry":{"type":"Point","coordinates":[31.23525,30.01725]},"properties":{"w":65}},{"type":"Feature","geometry":{"type":"Point","coordinates":[37.16025,36.19125]},"properties":{"w":65}},{"type":"Feature","geometry":{"type":"Point","coordinates":[35.23425,31.77975]},"properties":{"w":65}},{"type":"Feature","geometry":{"type":"Point","coordinates":[34.36875,31.44225]},"properties":{"w":64}},{"type":"Feature","geometry":{"type":"Point","coordinates":[35.93175,33.72075]},"properties":{"w":64}},{"type":"Feature","geometry":{"type":"Point","coordinates":[36.21225,34.01025]},"properties":{"w":64}},{"type":"Feature","geometry":{"type":"Point","coordinates":[44.00925,36.19725]},"properties":{"w":64}},{"type":"Feature","geometry":{"type":"Point","coordinates":[37.16475,36.19725]},"properties":{"w":64}},{"type":"Feature","geometry":{"type":"Point","coordinates":[44.00475,36.19725]},"properties":{"w":63}},{"type":"Feature","geometry":{"type":"Point","coordinates":[36.20775,34.01325]},"properties":{"w":62}},{"type":"Feature","geometry":{"type":"Point","coordinates":[34.76775,32.06925]},"properties":{"w":62}},{"type":"Feature","geometry":{"type":"Point","coordinates":[37.16175,36.20475]},"properties":{"w":62}},{"type":"Feature","geometry":{"type":"Point","coordinates":[31.23075,30.00675]},"properties":{"w":62}},{"type":"Feature","geometry":{"type":"Point","coordinates":[36.20925,34.00425]},"properties":{"w":62}},{"type":"Feature","geometry":{"type":"Point","coordinates":[31.23075,30.00375]},"properties":{"w":62}},{"type":"Feature","geometry":{"type":"Point","coordinates":[37.15725,36.20925]},"properties":{"w":62}},{"type":"Feature","geometry":{"type":"Point","coordinates":[34.37475,31.45275]},"properties":{"w":62}},{"type":"Feature","geometry":{"type":"Point","coordinates":[37.15725,36.19275]},"properties":{"w":61}},{"type":"Feature","geometry":{"type":"Point","coordinates":[44.01525,36.20175]},"properties":{"w":61}},{"type":"Feature","geometry":{"type":"Point","coordinates":[37.17375,36.20025]},"properties":{"w":61}},{"type":"Feature","geometry":{"type":"Point","coordinates":[44.00925,36.20475]},"properties":{"w":61}},{"type":"Feature","geometry":{"type":"Point","coordinates":[44.01075,36.20475]},"properties":{"w":61}},{"type":"Feature","geometry":{"type":"Point","coordinates":[36.20775,34.00575]},"properties":{"w":61}},{"type":"Feature","geometry":{"type":"Point","coordinates":[50.61225,26.25525]},"properties":{"w":61}},{"type":"Feature","geometry":{"type":"Point","coordinates":[50.61525,26.25075]},"properties":{"w":60}},{"type":"Feature","geometry":{"type":"Point","coordinates":[37.17075,36.19275]},"properties":{"w":60}},{"type":"Feature","geometry":{"type":"Point","coordinates":[35.22825,31.77975]},"properties":{"w":60}},{"type":"Feature","geometry":{"type":"Point","coordinates":[34.36125,31.44075]},"properties":{"w":59}},{"type":"Feature","geometry":{"type":"Point","coordinates":[50.60925,26.25225]},"properties":{"w":59}},{"type":"Feature","geometry":{"type":"Point","coordinates":[50.61225,26.24625]},"properties":{"w":59}},{"type":"Feature","geometry":{"type":"Point","coordinates":[35.23725,31.77075]},"properties":{"w":59}},{"type":"Feature","geometry":{"type":"Point","coordinates":[44.01225,36.20475]},"properties":{"w":59}},{"type":"Feature","geometry":{"type":"Point","coordinates":[44.00625,36.19575]},"properties":{"w":59}},{"type":"Feature","geometry":{"type":"Point","coordinates":[35.23425,31.77675]},"properties":{"w":59}},{"type":"Feature","geometry":{"type":"Point","coordinates":[37.16325,36.18675]},"properties":{"w":58}},{"type":"Feature","geometry":{"type":"Point","coordinates":[37.16475,36.20025]},"properties":{"w":58}},{"type":"Feature","geometry":{"type":"Point","coordinates":[36.31575,33.50925]},"properties":{"w":58}},{"type":"Feature","geometry":{"type":"Point","coordinates":[35.23425,31.78275]},"properties":{"w":58}},{"type":"Feature","geometry":{"type":"Point","coordinates":[36.21225,34.00425]},"properties":{"w":57}},{"type":"Feature","geometry":{"type":"Point","coordinates":[44.00325,36.19875]},"properties":{"w":57}},{"type":"Feature","geometry":{"type":"Point","coordinates":[44.00925,36.20175]},"properties":{"w":57}},{"type":"Feature","geometry":{"type":"Point","coordinates":[50.61975,26.25225]},"properties":{"w":57}},{"type":"Feature","geometry":{"type":"Point","coordinates":[37.16625,36.18825]},"properties":{"w":57}},{"type":"Feature","geometry":{"type":"Point","coordinates":[34.36575,31.43925]},"properties":{"w":57}},{"type":"Feature","geometry":{"type":"Point","coordinates":[44.01825,36.19425]},"properties":{"w":56}},{"type":"Feature","geometry":{"type":"Point","coordinates":[34.77675,32.07075]},"properties":{"w":56}},{"type":"Feature","geometry":{"type":"Point","coordinates":[50.61975,26.25075]},"properties":{"w":56}},{"type":"Feature","geometry":{"type":"Point","coordinates":[37.16775,36.19875]},"properties":{"w":56}},{"type":"Feature","geometry":{"type":"Point","coordinates":[35.22975,31.78125]},"properties":{"w":56}},{"type":"Feature","geometry":{"type":"Point","coordinates":[37.16775,36.18825]},"properties":{"w":56}},{"type":"Feature","geometry":{"type":"Point","coordinates":[50.61225,26.25375]},"properties":{"w":55}},{"type":"Feature","geometry":{"type":"Point","coordinates":[44.01825,36.19125]},"properties":{"w":55}},{"type":"Feature","geometry":{"type":"Point","coordinates":[31.23225,30.01875]},"properties":{"w":55}},{"type":"Feature","geometry":{"type":"Point","coordinates":[36.31575,33.51975]},"properties":{"w":55}},{"type":"Feature","geometry":{"type":"Point","coordinates":[36.20775,34.00875]},"properties":{"w":55}},{"type":"Feature","geometry":{"type":"Point","coordinates":[36.21375,34.00875]},"properties":{"w":55}},{"type":"Feature","geometry":{"type":"Point","coordinates":[37.16625,36.19425]},"properties":{"w":55}},{"type":"Feature","geometry":{"type":"Point","coordinates":[44.01525,36.18825]},"properties":{"w":54}},{"type":"Feature","geometry":{"type":"Point","coordinates":[34.36125,31.43925]},"properties":{"w":54}},{"type":"Feature","geometry":{"type":"Point","coordinates":[35.93775,33.72825]},"properties":{"w":54}},{"type":"Feature","geometry":{"type":"Point","coordinates":[37.16925,36.19575]},"properties":{"w":54}},{"type":"Feature","geometry":{"type":"Point","coordinates":[31.23375,30.01875]},"properties":{"w":54}},{"type":"Feature","geometry":{"type":"Point","coordinates":[37.15575,36.19875]},"properties":{"w":54}},{"type":"Feature","geometry":{"type":"Point","coordinates":[37.15725,36.18825]},"properties":{"w":54}},{"type":"Feature","geometry":{"type":"Point","coordinates":[44.00025,36.19725]},"properties":{"w":54}},{"type":"Feature","geometry":{"type":"Point","coordinates":[34.37025,31.43775]},"properties":{"w":54}},{"type":"Feature","geometry":{"type":"Point","coordinates":[36.30375,33.51075]},"properties":{"w":53}},{"type":"Feature","geometry":{"type":"Point","coordinates":[44.00775,36.20475]},"properties":{"w":53}},{"type":"Feature","geometry":{"type":"Point","coordinates":[36.20625,34.01175]},"properties":{"w":53}},{"type":"Feature","geometry":{"type":"Point","coordinates":[34.37175,31.44225]},"properties":{"w":53}},{"type":"Feature","geometry":{"type":"Point","coordinates":[31.23075,30.01125]},"properties":{"w":53}},{"type":"Feature","geometry":{"type":"Point","coordinates":[44.01225,36.19575]},"properties":{"w":53}},{"type":"Feature","geometry":{"type":"Point","coordinates":[35.93625,33.72975]},"properties":{"w":52}},{"type":"Feature","geometry":{"type":"Point","coordinates":[44.00775,36.17775]},"properties":{"w":52}},{"type":"Feature","geometry":{"type":"Point","coordinates":[34.76625,32.07075]},"properties":{"w":52}},{"type":"Feature","geometry":{"type":"Point","coordinates":[35.10375,31.52775]},"properties":{"w":52}},{"type":"Feature","geometry":{"type":"Point","coordinates":[37.16325,36.21075]},"properties":{"w":51}},{"type":"Feature","geometry":{"type":"Point","coordinates":[34.77975,32.07075]},"properties":{"w":51}},{"type":"Feature","geometry":{"type":"Point","coordinates":[36.20625,34.01325]},"properties":{"w":51}},{"type":"Feature","geometry":{"type":"Point","coordinates":[36.20775,34.00425]},"properties":{"w":51}},{"type":"Feature","geometry":{"type":"Point","coordinates":[35.19525,33.27075]},"properties":{"w":51}},{"type":"Feature","geometry":{"type":"Point","coordinates":[44.01375,36.18975]},"properties":{"w":51}},{"type":"Feature","geometry":{"type":"Point","coordinates":[44.00925,36.19875]},"properties":{"w":51}},{"type":"Feature","geometry":{"type":"Point","coordinates":[36.21075,34.01175]},"properties":{"w":51}},{"type":"Feature","geometry":{"type":"Point","coordinates":[37.15425,36.19425]},"properties":{"w":51}},{"type":"Feature","geometry":{"type":"Point","coordinates":[52.52625,29.62125]},"properties":{"w":50}},{"type":"Feature","geometry":{"type":"Point","coordinates":[52.52625,29.62275]},"properties":{"w":50}},{"type":"Feature","geometry":{"type":"Point","coordinates":[35.20275,33.26925]},"properties":{"w":50}},{"type":"Feature","geometry":{"type":"Point","coordinates":[36.21075,34.00425]},"properties":{"w":50}},{"type":"Feature","geometry":{"type":"Point","coordinates":[44.00475,36.17925]},"properties":{"w":50}},{"type":"Feature","geometry":{"type":"Point","coordinates":[35.20125,33.26925]},"properties":{"w":50}},{"type":"Feature","geometry":{"type":"Point","coordinates":[35.22825,31.77675]},"properties":{"w":50}},{"type":"Feature","geometry":{"type":"Point","coordinates":[35.93625,33.73125]},"properties":{"w":50}},{"type":"Feature","geometry":{"type":"Point","coordinates":[36.20925,34.01175]},"properties":{"w":50}},{"type":"Feature","geometry":{"type":"Point","coordinates":[34.37175,31.45725]},"properties":{"w":50}},{"type":"Feature","geometry":{"type":"Point","coordinates":[31.23375,30.01125]},"properties":{"w":50}},{"type":"Feature","geometry":{"type":"Point","coordinates":[34.77525,32.07225]},"properties":{"w":50}},{"type":"Feature","geometry":{"type":"Point","coordinates":[34.76925,32.06925]},"properties":{"w":50}},{"type":"Feature","geometry":{"type":"Point","coordinates":[36.21075,34.01325]},"properties":{"w":49}},{"type":"Feature","geometry":{"type":"Point","coordinates":[37.16025,36.18825]},"properties":{"w":49}},{"type":"Feature","geometry":{"type":"Point","coordinates":[35.23875,31.77225]},"properties":{"w":49}},{"type":"Feature","geometry":{"type":"Point","coordinates":[44.01675,36.18825]},"properties":{"w":49}},{"type":"Feature","geometry":{"type":"Point","coordinates":[32.64825,25.69575]},"properties":{"w":49}},{"type":"Feature","geometry":{"type":"Point","coordinates":[35.23725,31.77225]},"properties":{"w":49}},{"type":"Feature","geometry":{"type":"Point","coordinates":[38.25825,34.55175]},"properties":{"w":48}},{"type":"Feature","geometry":{"type":"Point","coordinates":[34.77675,32.06925]},"properties":{"w":48}},{"type":"Feature","geometry":{"type":"Point","coordinates":[44.00925,36.19125]},"properties":{"w":48}},{"type":"Feature","geometry":{"type":"Point","coordinates":[35.93625,33.72675]},"properties":{"w":48}},{"type":"Feature","geometry":{"type":"Point","coordinates":[35.23575,31.77825]},"properties":{"w":48}},{"type":"Feature","geometry":{"type":"Point","coordinates":[35.93325,33.72675]},"properties":{"w":48}},{"type":"Feature","geometry":{"type":"Point","coordinates":[36.30675,33.51075]},"properties":{"w":48}},{"type":"Feature","geometry":{"type":"Point","coordinates":[44.00775,36.19125]},"properties":{"w":48}},{"type":"Feature","geometry":{"type":"Point","coordinates":[36.30825,33.50925]},"properties":{"w":48}},{"type":"Feature","geometry":{"type":"Point","coordinates":[44.01075,36.19575]},"properties":{"w":47}},{"type":"Feature","geometry":{"type":"Point","coordinates":[35.22825,31.77525]},"properties":{"w":47}},{"type":"Feature","geometry":{"type":"Point","coordinates":[44.00025,36.19875]},"properties":{"w":47}},{"type":"Feature","geometry":{"type":"Point","coordinates":[37.16325,36.19875]},"properties":{"w":47}},{"type":"Feature","geometry":{"type":"Point","coordinates":[44.01825,36.18375]},"properties":{"w":47}},{"type":"Feature","geometry":{"type":"Point","coordinates":[36.20775,34.01475]},"properties":{"w":47}},{"type":"Feature","geometry":{"type":"Point","coordinates":[37.16325,36.19125]},"properties":{"w":47}},{"type":"Feature","geometry":{"type":"Point","coordinates":[36.20775,34.00725]},"properties":{"w":47}},{"type":"Feature","geometry":{"type":"Point","coordinates":[44.01225,36.18975]},"properties":{"w":47}},{"type":"Feature","geometry":{"type":"Point","coordinates":[35.93175,33.72975]},"properties":{"w":47}},{"type":"Feature","geometry":{"type":"Point","coordinates":[34.36875,31.43925]},"properties":{"w":47}},{"type":"Feature","geometry":{"type":"Point","coordinates":[31.23675,30.01725]},"properties":{"w":46}},{"type":"Feature","geometry":{"type":"Point","coordinates":[34.36725,31.43775]},"properties":{"w":46}},{"type":"Feature","geometry":{"type":"Point","coordinates":[44.01375,36.19575]},"properties":{"w":46}},{"type":"Feature","geometry":{"type":"Point","coordinates":[50.60925,26.25525]},"properties":{"w":46}},{"type":"Feature","geometry":{"type":"Point","coordinates":[37.15875,36.20925]},"properties":{"w":46}},{"type":"Feature","geometry":{"type":"Point","coordinates":[44.01225,36.19725]},"properties":{"w":46}},{"type":"Feature","geometry":{"type":"Point","coordinates":[35.93175,33.72825]},"properties":{"w":46}},{"type":"Feature","geometry":{"type":"Point","coordinates":[52.53075,29.62725]},"properties":{"w":46}},{"type":"Feature","geometry":{"type":"Point","coordinates":[35.92875,33.72675]},"properties":{"w":46}},{"type":"Feature","geometry":{"type":"Point","coordinates":[44.00925,36.20025]},"properties":{"w":46}},{"type":"Feature","geometry":{"type":"Point","coordinates":[37.15875,36.21075]},"properties":{"w":45}},{"type":"Feature","geometry":{"type":"Point","coordinates":[37.15575,36.20625]},"properties":{"w":45}},{"type":"Feature","geometry":{"type":"Point","coordinates":[37.16025,36.21075]},"properties":{"w":45}},{"type":"Feature","geometry":{"type":"Point","coordinates":[37.15875,36.20475]},"properties":{"w":45}},{"type":"Feature","geometry":{"type":"Point","coordinates":[31.23525,30.01275]},"properties":{"w":45}},{"type":"Feature","geometry":{"type":"Point","coordinates":[44.01225,36.20325]},"properties":{"w":45}},{"type":"Feature","geometry":{"type":"Point","coordinates":[34.36575,31.44375]},"properties":{"w":45}},{"type":"Feature","geometry":{"type":"Point","coordinates":[35.19975,33.27075]},"properties":{"w":45}},{"type":"Feature","geometry":{"type":"Point","coordinates":[44.01075,36.19725]},"properties":{"w":45}},{"type":"Feature","geometry":{"type":"Point","coordinates":[36.20775,34.01175]},"properties":{"w":45}},{"type":"Feature","geometry":{"type":"Point","coordinates":[34.99425,32.81775]},"properties":{"w":45}},{"type":"Feature","geometry":{"type":"Point","coordinates":[36.20475,34.00575]},"properties":{"w":45}},{"type":"Feature","geometry":{"type":"Point","coordinates":[37.16925,36.18825]},"properties":{"w":45}},{"type":"Feature","geometry":{"type":"Point","coordinates":[36.20925,34.01025]},"properties":{"w":45}},{"type":"Feature","geometry":{"type":"Point","coordinates":[50.61375,26.24325]},"properties":{"w":45}},{"type":"Feature","geometry":{"type":"Point","coordinates":[35.10375,31.52925]},"properties":{"w":45}},{"type":"Feature","geometry":{"type":"Point","coordinates":[36.30525,33.51075]},"properties":{"w":44}},{"type":"Feature","geometry":{"type":"Point","coordinates":[31.23075,30.00975]},"properties":{"w":44}},{"type":"Feature","geometry":{"type":"Point","coordinates":[35.10075,31.52925]},"properties":{"w":44}},{"type":"Feature","geometry":{"type":"Point","coordinates":[37.15275,36.20175]},"properties":{"w":44}},{"type":"Feature","geometry":{"type":"Point","coordinates":[37.17075,36.18975]},"properties":{"w":44}},{"type":"Feature","geometry":{"type":"Point","coordinates":[34.77675,32.08725]},"properties":{"w":44}},{"type":"Feature","geometry":{"type":"Point","coordinates":[37.16025,36.20925]},"properties":{"w":44}},{"type":"Feature","geometry":{"type":"Point","coordinates":[34.77225,32.07225]},"properties":{"w":44}},{"type":"Feature","geometry":{"type":"Point","coordinates":[34.37475,31.45125]},"properties":{"w":44}},{"type":"Feature","geometry":{"type":"Point","coordinates":[36.31725,33.51075]},"properties":{"w":44}},{"type":"Feature","geometry":{"type":"Point","coordinates":[52.52925,29.62275]},"properties":{"w":44}},{"type":"Feature","geometry":{"type":"Point","coordinates":[35.10375,31.52625]},"properties":{"w":44}},{"type":"Feature","geometry":{"type":"Point","coordinates":[37.15875,36.20025]},"properties":{"w":44}},{"type":"Feature","geometry":{"type":"Point","coordinates":[36.20925,34.00275]},"properties":{"w":44}},{"type":"Feature","geometry":{"type":"Point","coordinates":[34.76625,32.06925]},"properties":{"w":44}},{"type":"Feature","geometry":{"type":"Point","coordinates":[35.93025,33.72975]},"properties":{"w":43}},{"type":"Feature","geometry":{"type":"Point","coordinates":[32.64225,25.69725]},"properties":{"w":43}},{"type":"Feature","geometry":{"type":"Point","coordinates":[34.37325,31.45275]},"properties":{"w":43}},{"type":"Feature","geometry":{"type":"Point","coordinates":[34.36275,31.44225]},"properties":{"w":43}},{"type":"Feature","geometry":{"type":"Point","coordinates":[37.16175,36.20175]},"properties":{"w":43}},{"type":"Feature","geometry":{"type":"Point","coordinates":[34.78125,32.07075]},"properties":{"w":43}},{"type":"Feature","geometry":{"type":"Point","coordinates":[31.23225,30.01275]},"properties":{"w":43}},{"type":"Feature","geometry":{"type":"Point","coordinates":[44.00175,36.19575]},"properties":{"w":43}},{"type":"Feature","geometry":{"type":"Point","coordinates":[50.60925,26.25075]},"properties":{"w":43}},{"type":"Feature","geometry":{"type":"Point","coordinates":[35.35425,31.31775]},"properties":{"w":43}},{"type":"Feature","geometry":{"type":"Point","coordinates":[44.01825,36.19275]},"properties":{"w":43}},{"type":"Feature","geometry":{"type":"Point","coordinates":[34.77075,32.07825]},"properties":{"w":43}},{"type":"Feature","geometry":{"type":"Point","coordinates":[35.93625,33.72825]},"properties":{"w":43}},{"type":"Feature","geometry":{"type":"Point","coordinates":[34.77525,32.07675]},"properties":{"w":43}},{"type":"Feature","geometry":{"type":"Point","coordinates":[37.16175,36.18825]},"properties":{"w":42}},{"type":"Feature","geometry":{"type":"Point","coordinates":[31.22925,30.00375]},"properties":{"w":42}},{"type":"Feature","geometry":{"type":"Point","coordinates":[37.15875,36.18675]},"properties":{"w":42}},{"type":"Feature","geometry":{"type":"Point","coordinates":[34.37625,31.45125]},"properties":{"w":42}},{"type":"Feature","geometry":{"type":"Point","coordinates":[37.16325,36.20175]},"properties":{"w":42}},{"type":"Feature","geometry":{"type":"Point","coordinates":[52.52925,29.62725]},"properties":{"w":42}},{"type":"Feature","geometry":{"type":"Point","coordinates":[50.51025,26.23125]},"properties":{"w":42}},{"type":"Feature","geometry":{"type":"Point","coordinates":[37.15575,36.20025]},"properties":{"w":42}},{"type":"Feature","geometry":{"type":"Point","coordinates":[35.20425,33.26775]},"properties":{"w":42}},{"type":"Feature","geometry":{"type":"Point","coordinates":[35.20275,33.27075]},"properties":{"w":42}},{"type":"Feature","geometry":{"type":"Point","coordinates":[35.20125,33.26775]},"properties":{"w":42}},{"type":"Feature","geometry":{"type":"Point","coordinates":[44.00625,36.18525]},"properties":{"w":42}},{"type":"Feature","geometry":{"type":"Point","coordinates":[36.21225,34.01325]},"properties":{"w":41}},{"type":"Feature","geometry":{"type":"Point","coordinates":[34.76625,32.07375]},"properties":{"w":41}},{"type":"Feature","geometry":{"type":"Point","coordinates":[34.76775,32.06775]},"properties":{"w":41}},{"type":"Feature","geometry":{"type":"Point","coordinates":[44.01525,36.19425]},"properties":{"w":41}},{"type":"Feature","geometry":{"type":"Point","coordinates":[37.17375,36.19725]},"properties":{"w":41}},{"type":"Feature","geometry":{"type":"Point","coordinates":[35.93775,33.72975]},"properties":{"w":41}},{"type":"Feature","geometry":{"type":"Point","coordinates":[44.01525,36.18975]},"properties":{"w":41}},{"type":"Feature","geometry":{"type":"Point","coordinates":[44.00475,36.19575]},"properties":{"w":41}},{"type":"Feature","geometry":{"type":"Point","coordinates":[34.36425,31.43775]},"properties":{"w":41}},{"type":"Feature","geometry":{"type":"Point","coordinates":[36.20775,34.01025]},"properties":{"w":41}},{"type":"Feature","geometry":{"type":"Point","coordinates":[44.00775,36.20025]},"properties":{"w":41}},{"type":"Feature","geometry":{"type":"Point","coordinates":[50.61075,26.24625]},"properties":{"w":41}},{"type":"Feature","geometry":{"type":"Point","coordinates":[34.37325,31.44675]},"properties":{"w":41}},{"type":"Feature","geometry":{"type":"Point","coordinates":[35.23725,31.76775]},"properties":{"w":41}},{"type":"Feature","geometry":{"type":"Point","coordinates":[44.00175,36.19725]},"properties":{"w":40}},{"type":"Feature","geometry":{"type":"Point","coordinates":[31.23225,30.00525]},"properties":{"w":40}},{"type":"Feature","geometry":{"type":"Point","coordinates":[31.62525,22.33725]},"properties":{"w":40}},{"type":"Feature","geometry":{"type":"Point","coordinates":[34.77375,32.08275]},"properties":{"w":40}},{"type":"Feature","geometry":{"type":"Point","coordinates":[36.20625,34.00425]},"properties":{"w":40}},{"type":"Feature","geometry":{"type":"Point","coordinates":[35.44425,30.32925]},"properties":{"w":40}},{"type":"Feature","geometry":{"type":"Point","coordinates":[34.77225,32.08725]},"properties":{"w":40}},{"type":"Feature","geometry":{"type":"Point","coordinates":[34.77675,32.07225]},"properties":{"w":40}},{"type":"Feature","geometry":{"type":"Point","coordinates":[31.23075,30.00825]},"properties":{"w":40}},{"type":"Feature","geometry":{"type":"Point","coordinates":[46.57125,24.74175]},"properties":{"w":40}},{"type":"Feature","geometry":{"type":"Point","coordinates":[34.76925,32.07075]},"properties":{"w":40}},{"type":"Feature","geometry":{"type":"Point","coordinates":[34.77675,32.07375]},"properties":{"w":40}},{"type":"Feature","geometry":{"type":"Point","coordinates":[44.01525,36.19275]},"properties":{"w":40}},{"type":"Feature","geometry":{"type":"Point","coordinates":[37.16325,36.20625]},"properties":{"w":40}},{"type":"Feature","geometry":{"type":"Point","coordinates":[34.77675,32.07975]},"properties":{"w":40}},{"type":"Feature","geometry":{"type":"Point","coordinates":[35.23575,31.77525]},"properties":{"w":40}},{"type":"Feature","geometry":{"type":"Point","coordinates":[37.15575,36.20175]},"properties":{"w":40}},{"type":"Feature","geometry":{"type":"Point","coordinates":[35.23275,31.78275]},"properties":{"w":39}},{"type":"Feature","geometry":{"type":"Point","coordinates":[34.77375,32.08125]},"properties":{"w":39}},{"type":"Feature","geometry":{"type":"Point","coordinates":[37.15875,36.18975]},"properties":{"w":39}},{"type":"Feature","geometry":{"type":"Point","coordinates":[34.77675,32.07675]},"properties":{"w":39}},{"type":"Feature","geometry":{"type":"Point","coordinates":[36.20475,34.00725]},"properties":{"w":39}},{"type":"Feature","geometry":{"type":"Point","coordinates":[35.22675,31.77825]},"properties":{"w":39}},{"type":"Feature","geometry":{"type":"Point","coordinates":[35.93325,33.72975]},"properties":{"w":39}},{"type":"Feature","geometry":{"type":"Point","coordinates":[34.99425,32.81475]},"properties":{"w":39}},{"type":"Feature","geometry":{"type":"Point","coordinates":[34.77525,32.08425]},"properties":{"w":39}},{"type":"Feature","geometry":{"type":"Point","coordinates":[35.10225,31.53375]},"properties":{"w":39}},{"type":"Feature","geometry":{"type":"Point","coordinates":[34.77525,32.08275]},"properties":{"w":39}},{"type":"Feature","geometry":{"type":"Point","coordinates":[37.16325,36.19575]},"properties":{"w":39}},{"type":"Feature","geometry":{"type":"Point","coordinates":[34.36575,31.44225]},"properties":{"w":39}},{"type":"Feature","geometry":{"type":"Point","coordinates":[36.21075,34.01475]},"properties":{"w":39}},{"type":"Feature","geometry":{"type":"Point","coordinates":[36.21225,34.01475]},"properties":{"w":39}},{"type":"Feature","geometry":{"type":"Point","coordinates":[36.21375,34.00575]},"properties":{"w":39}},{"type":"Feature","geometry":{"type":"Point","coordinates":[34.36575,31.43775]},"properties":{"w":39}},{"type":"Feature","geometry":{"type":"Point","coordinates":[34.76925,32.07825]},"properties":{"w":39}},{"type":"Feature","geometry":{"type":"Point","coordinates":[35.64525,34.13025]},"properties":{"w":39}},{"type":"Feature","geometry":{"type":"Point","coordinates":[31.23375,30.01275]},"properties":{"w":39}},{"type":"Feature","geometry":{"type":"Point","coordinates":[44.00475,36.17775]},"properties":{"w":39}},{"type":"Feature","geometry":{"type":"Point","coordinates":[31.23525,30.01425]},"properties":{"w":39}},{"type":"Feature","geometry":{"type":"Point","coordinates":[44.00625,36.17925]},"properties":{"w":39}},{"type":"Feature","geometry":{"type":"Point","coordinates":[36.20925,34.01625]},"properties":{"w":39}},{"type":"Feature","geometry":{"type":"Point","coordinates":[52.52625,29.62575]},"properties":{"w":39}},{"type":"Feature","geometry":{"type":"Point","coordinates":[32.64825,25.70475]},"properties":{"w":38}},{"type":"Feature","geometry":{"type":"Point","coordinates":[37.15875,36.19875]},"properties":{"w":38}},{"type":"Feature","geometry":{"type":"Point","coordinates":[37.16475,36.21075]},"properties":{"w":38}},{"type":"Feature","geometry":{"type":"Point","coordinates":[34.77225,32.07075]},"properties":{"w":38}},{"type":"Feature","geometry":{"type":"Point","coordinates":[35.20575,31.70175]},"properties":{"w":38}},{"type":"Feature","geometry":{"type":"Point","coordinates":[34.77675,32.07825]},"properties":{"w":38}},{"type":"Feature","geometry":{"type":"Point","coordinates":[34.77075,32.07375]},"properties":{"w":38}},{"type":"Feature","geometry":{"type":"Point","coordinates":[35.23575,31.76925]},"properties":{"w":38}},{"type":"Feature","geometry":{"type":"Point","coordinates":[35.19975,33.26925]},"properties":{"w":38}},{"type":"Feature","geometry":{"type":"Point","coordinates":[36.20625,34.00725]},"properties":{"w":38}},{"type":"Feature","geometry":{"type":"Point","coordinates":[37.16175,36.21075]},"properties":{"w":38}},{"type":"Feature","geometry":{"type":"Point","coordinates":[34.76925,32.07675]},"properties":{"w":38}},{"type":"Feature","geometry":{"type":"Point","coordinates":[34.77525,32.06925]},"properties":{"w":38}},{"type":"Feature","geometry":{"type":"Point","coordinates":[35.10225,31.52625]},"properties":{"w":38}},{"type":"Feature","geometry":{"type":"Point","coordinates":[35.23725,31.77675]},"properties":{"w":38}},{"type":"Feature","geometry":{"type":"Point","coordinates":[36.21225,34.01175]},"properties":{"w":38}},{"type":"Feature","geometry":{"type":"Point","coordinates":[37.16025,36.20025]},"properties":{"w":38}},{"type":"Feature","geometry":{"type":"Point","coordinates":[35.20425,31.70175]},"properties":{"w":38}},{"type":"Feature","geometry":{"type":"Point","coordinates":[44.01675,36.19125]},"properties":{"w":38}},{"type":"Feature","geometry":{"type":"Point","coordinates":[34.36875,31.43625]},"properties":{"w":37}},{"type":"Feature","geometry":{"type":"Point","coordinates":[34.37625,31.44675]},"properties":{"w":37}},{"type":"Feature","geometry":{"type":"Point","coordinates":[34.37325,31.44975]},"properties":{"w":37}},{"type":"Feature","geometry":{"type":"Point","coordinates":[34.77225,32.07525]},"properties":{"w":37}},{"type":"Feature","geometry":{"type":"Point","coordinates":[44.01825,36.18975]},"properties":{"w":37}},{"type":"Feature","geometry":{"type":"Point","coordinates":[34.77375,32.08575]},"properties":{"w":37}},{"type":"Feature","geometry":{"type":"Point","coordinates":[36.30375,33.51225]},"properties":{"w":37}},{"type":"Feature","geometry":{"type":"Point","coordinates":[34.99275,32.81025]},"properties":{"w":37}},{"type":"Feature","geometry":{"type":"Point","coordinates":[43.99875,36.18825]},"properties":{"w":37}},{"type":"Feature","geometry":{"type":"Point","coordinates":[44.01675,36.18225]},"properties":{"w":37}},{"type":"Feature","geometry":{"type":"Point","coordinates":[52.52775,29.62575]},"properties":{"w":37}},{"type":"Feature","geometry":{"type":"Point","coordinates":[44.00175,36.19125]},"properties":{"w":37}},{"type":"Feature","geometry":{"type":"Point","coordinates":[44.01675,36.18975]},"properties":{"w":37}},{"type":"Feature","geometry":{"type":"Point","coordinates":[34.77375,32.08875]},"properties":{"w":37}},{"type":"Feature","geometry":{"type":"Point","coordinates":[44.01075,36.20325]},"properties":{"w":37}},{"type":"Feature","geometry":{"type":"Point","coordinates":[36.20775,34.01625]},"properties":{"w":37}},{"type":"Feature","geometry":{"type":"Point","coordinates":[39.18825,21.48525]},"properties":{"w":37}},{"type":"Feature","geometry":{"type":"Point","coordinates":[36.19875,33.99675]},"properties":{"w":37}},{"type":"Feature","geometry":{"type":"Point","coordinates":[32.64075,25.70025]},"properties":{"w":37}},{"type":"Feature","geometry":{"type":"Point","coordinates":[34.36125,31.43775]},"properties":{"w":37}},{"type":"Feature","geometry":{"type":"Point","coordinates":[34.77375,32.07075]},"properties":{"w":37}},{"type":"Feature","geometry":{"type":"Point","coordinates":[34.77675,32.08125]},"properties":{"w":37}},{"type":"Feature","geometry":{"type":"Point","coordinates":[35.23875,31.77375]},"properties":{"w":36}},{"type":"Feature","geometry":{"type":"Point","coordinates":[34.76925,32.07975]},"properties":{"w":36}},{"type":"Feature","geometry":{"type":"Point","coordinates":[34.37175,31.44825]},"properties":{"w":36}},{"type":"Feature","geometry":{"type":"Point","coordinates":[44.00625,36.20325]},"properties":{"w":36}},{"type":"Feature","geometry":{"type":"Point","coordinates":[36.21225,34.00125]},"properties":{"w":36}},{"type":"Feature","geometry":{"type":"Point","coordinates":[35.92725,33.72825]},"properties":{"w":36}},{"type":"Feature","geometry":{"type":"Point","coordinates":[34.35825,31.44225]},"properties":{"w":36}},{"type":"Feature","geometry":{"type":"Point","coordinates":[32.64675,25.69575]},"properties":{"w":36}},{"type":"Feature","geometry":{"type":"Point","coordinates":[44.01075,36.19875]},"properties":{"w":36}},{"type":"Feature","geometry":{"type":"Point","coordinates":[34.77525,32.07075]},"properties":{"w":36}},{"type":"Feature","geometry":{"type":"Point","coordinates":[46.29525,38.08125]},"properties":{"w":36}},{"type":"Feature","geometry":{"type":"Point","coordinates":[35.19825,33.26925]},"properties":{"w":36}},{"type":"Feature","geometry":{"type":"Point","coordinates":[52.52625,29.62425]},"properties":{"w":36}},{"type":"Feature","geometry":{"type":"Point","coordinates":[34.99425,32.81025]},"properties":{"w":36}},{"type":"Feature","geometry":{"type":"Point","coordinates":[37.15275,36.20325]},"properties":{"w":36}},{"type":"Feature","geometry":{"type":"Point","coordinates":[35.93175,33.72675]},"properties":{"w":36}},{"type":"Feature","geometry":{"type":"Point","coordinates":[31.23675,30.01425]},"properties":{"w":36}},{"type":"Feature","geometry":{"type":"Point","coordinates":[37.95675,26.79225]},"properties":{"w":36}},{"type":"Feature","geometry":{"type":"Point","coordinates":[36.21225,33.99975]},"properties":{"w":36}},{"type":"Feature","geometry":{"type":"Point","coordinates":[36.31575,33.52125]},"properties":{"w":36}},{"type":"Feature","geometry":{"type":"Point","coordinates":[35.10225,31.52925]},"properties":{"w":36}},{"type":"Feature","geometry":{"type":"Point","coordinates":[36.19725,34.01625]},"properties":{"w":36}},{"type":"Feature","geometry":{"type":"Point","coordinates":[34.77225,32.08275]},"properties":{"w":36}},{"type":"Feature","geometry":{"type":"Point","coordinates":[34.77075,32.07675]},"properties":{"w":36}},{"type":"Feature","geometry":{"type":"Point","coordinates":[50.61675,26.24925]},"properties":{"w":36}},{"type":"Feature","geometry":{"type":"Point","coordinates":[36.31125,33.51675]},"properties":{"w":35}},{"type":"Feature","geometry":{"type":"Point","coordinates":[34.77225,32.06925]},"properties":{"w":35}},{"type":"Feature","geometry":{"type":"Point","coordinates":[32.64225,25.69875]},"properties":{"w":35}},{"type":"Feature","geometry":{"type":"Point","coordinates":[52.52475,29.62125]},"properties":{"w":35}},{"type":"Feature","geometry":{"type":"Point","coordinates":[35.10225,31.53225]},"properties":{"w":35}},{"type":"Feature","geometry":{"type":"Point","coordinates":[34.76775,32.07075]},"properties":{"w":35}},{"type":"Feature","geometry":{"type":"Point","coordinates":[44.01075,36.18675]},"properties":{"w":35}},{"type":"Feature","geometry":{"type":"Point","coordinates":[34.77225,32.07825]},"properties":{"w":35}},{"type":"Feature","geometry":{"type":"Point","coordinates":[36.20025,33.99675]},"properties":{"w":35}},{"type":"Feature","geometry":{"type":"Point","coordinates":[46.29225,38.08125]},"properties":{"w":35}},{"type":"Feature","geometry":{"type":"Point","coordinates":[44.00775,36.18825]},"properties":{"w":35}},{"type":"Feature","geometry":{"type":"Point","coordinates":[34.77525,32.08125]},"properties":{"w":35}},{"type":"Feature","geometry":{"type":"Point","coordinates":[34.77825,32.07075]},"properties":{"w":35}},{"type":"Feature","geometry":{"type":"Point","coordinates":[36.30225,33.51075]},"properties":{"w":35}},{"type":"Feature","geometry":{"type":"Point","coordinates":[44.01675,36.20175]},"properties":{"w":35}},{"type":"Feature","geometry":{"type":"Point","coordinates":[38.26875,34.56675]},"properties":{"w":35}},{"type":"Feature","geometry":{"type":"Point","coordinates":[35.93025,33.72525]},"properties":{"w":35}},{"type":"Feature","geometry":{"type":"Point","coordinates":[34.36875,31.44825]},"properties":{"w":35}},{"type":"Feature","geometry":{"type":"Point","coordinates":[35.23575,31.77375]},"properties":{"w":35}},{"type":"Feature","geometry":{"type":"Point","coordinates":[34.36725,31.43625]},"properties":{"w":35}},{"type":"Feature","geometry":{"type":"Point","coordinates":[36.29625,34.76025]},"properties":{"w":35}},{"type":"Feature","geometry":{"type":"Point","coordinates":[37.16025,36.20325]},"properties":{"w":35}},{"type":"Feature","geometry":{"type":"Point","coordinates":[44.00475,36.20325]},"properties":{"w":35}},{"type":"Feature","geometry":{"type":"Point","coordinates":[34.77375,32.06925]},"properties":{"w":35}},{"type":"Feature","geometry":{"type":"Point","coordinates":[36.21375,34.00275]},"properties":{"w":35}},{"type":"Feature","geometry":{"type":"Point","coordinates":[36.21075,33.99975]},"properties":{"w":35}},{"type":"Feature","geometry":{"type":"Point","coordinates":[35.20425,31.70025]},"properties":{"w":35}},{"type":"Feature","geometry":{"type":"Point","coordinates":[34.36725,31.44825]},"properties":{"w":34}},{"type":"Feature","geometry":{"type":"Point","coordinates":[44.01075,36.19125]},"properties":{"w":34}},{"type":"Feature","geometry":{"type":"Point","coordinates":[38.26725,34.56675]},"properties":{"w":34}},{"type":"Feature","geometry":{"type":"Point","coordinates":[50.61525,26.24325]},"properties":{"w":34}},{"type":"Feature","geometry":{"type":"Point","coordinates":[34.77675,32.06775]},"properties":{"w":34}},{"type":"Feature","geometry":{"type":"Point","coordinates":[34.36875,31.44075]},"properties":{"w":34}},{"type":"Feature","geometry":{"type":"Point","coordinates":[34.99275,32.80875]},"properties":{"w":34}},{"type":"Feature","geometry":{"type":"Point","coordinates":[34.99125,32.81025]},"properties":{"w":34}},{"type":"Feature","geometry":{"type":"Point","coordinates":[44.00775,36.19425]},"properties":{"w":34}},{"type":"Feature","geometry":{"type":"Point","coordinates":[44.00025,36.19125]},"properties":{"w":34}},{"type":"Feature","geometry":{"type":"Point","coordinates":[36.20625,34.01475]},"properties":{"w":34}},{"type":"Feature","geometry":{"type":"Point","coordinates":[35.23575,31.76775]},"properties":{"w":34}},{"type":"Feature","geometry":{"type":"Point","coordinates":[35.19825,33.27075]},"properties":{"w":34}},{"type":"Feature","geometry":{"type":"Point","coordinates":[44.00325,36.19425]},"properties":{"w":34}},{"type":"Feature","geometry":{"type":"Point","coordinates":[34.77525,32.07375]},"properties":{"w":34}},{"type":"Feature","geometry":{"type":"Point","coordinates":[36.20475,34.01475]},"properties":{"w":34}},{"type":"Feature","geometry":{"type":"Point","coordinates":[35.10075,31.52475]},"properties":{"w":34}},{"type":"Feature","geometry":{"type":"Point","coordinates":[35.21325,31.71075]},"properties":{"w":34}},{"type":"Feature","geometry":{"type":"Point","coordinates":[46.29225,38.07975]},"properties":{"w":34}},{"type":"Feature","geometry":{"type":"Point","coordinates":[34.76625,32.07225]},"properties":{"w":34}},{"type":"Feature","geometry":{"type":"Point","coordinates":[34.99425,32.81175]},"properties":{"w":34}},{"type":"Feature","geometry":{"type":"Point","coordinates":[44.01375,36.19725]},"properties":{"w":34}},{"type":"Feature","geometry":{"type":"Point","coordinates":[34.77525,32.06625]},"properties":{"w":34}},{"type":"Feature","geometry":{"type":"Point","coordinates":[34.77825,32.07975]},"properties":{"w":34}},{"type":"Feature","geometry":{"type":"Point","coordinates":[36.20475,34.01175]},"properties":{"w":34}},{"type":"Feature","geometry":{"type":"Point","coordinates":[37.16175,36.21225]},"properties":{"w":34}},{"type":"Feature","geometry":{"type":"Point","coordinates":[34.36875,31.43775]},"properties":{"w":34}},{"type":"Feature","geometry":{"type":"Point","coordinates":[34.76925,32.06775]},"properties":{"w":34}},{"type":"Feature","geometry":{"type":"Point","coordinates":[35.64525,34.12875]},"properties":{"w":34}},{"type":"Feature","geometry":{"type":"Point","coordinates":[52.52775,29.62425]},"properties":{"w":34}},{"type":"Feature","geometry":{"type":"Point","coordinates":[34.36725,31.44225]},"properties":{"w":34}},{"type":"Feature","geometry":{"type":"Point","coordinates":[35.23725,31.76925]},"properties":{"w":34}},{"type":"Feature","geometry":{"type":"Point","coordinates":[50.50875,26.23125]},"properties":{"w":34}},{"type":"Feature","geometry":{"type":"Point","coordinates":[35.23425,31.77375]},"properties":{"w":33}},{"type":"Feature","geometry":{"type":"Point","coordinates":[36.20475,34.01325]},"properties":{"w":33}},{"type":"Feature","geometry":{"type":"Point","coordinates":[34.77825,32.07225]},"properties":{"w":33}},{"type":"Feature","geometry":{"type":"Point","coordinates":[44.01375,36.19125]},"properties":{"w":33}},{"type":"Feature","geometry":{"type":"Point","coordinates":[37.15275,36.19425]},"properties":{"w":33}},{"type":"Feature","geometry":{"type":"Point","coordinates":[44.00775,36.18375]},"properties":{"w":33}},{"type":"Feature","geometry":{"type":"Point","coordinates":[44.01525,36.17925]},"properties":{"w":33}},{"type":"Feature","geometry":{"type":"Point","coordinates":[34.76925,32.08125]},"properties":{"w":33}},{"type":"Feature","geometry":{"type":"Point","coordinates":[36.21375,34.00425]},"properties":{"w":33}},{"type":"Feature","geometry":{"type":"Point","coordinates":[34.77975,32.07675]},"properties":{"w":33}},{"type":"Feature","geometry":{"type":"Point","coordinates":[34.76775,32.07225]},"properties":{"w":33}},{"type":"Feature","geometry":{"type":"Point","coordinates":[50.60775,26.25075]},"properties":{"w":33}},{"type":"Feature","geometry":{"type":"Point","coordinates":[37.16475,36.18825]},"properties":{"w":33}},{"type":"Feature","geometry":{"type":"Point","coordinates":[34.77675,32.08875]},"properties":{"w":33}},{"type":"Feature","geometry":{"type":"Point","coordinates":[50.60925,26.24925]},"properties":{"w":33}},{"type":"Feature","geometry":{"type":"Point","coordinates":[34.77225,32.08875]},"properties":{"w":33}},{"type":"Feature","geometry":{"type":"Point","coordinates":[35.19675,33.27075]},"properties":{"w":33}},{"type":"Feature","geometry":{"type":"Point","coordinates":[34.77075,32.08275]},"properties":{"w":33}},{"type":"Feature","geometry":{"type":"Point","coordinates":[44.01675,36.18675]},"properties":{"w":33}},{"type":"Feature","geometry":{"type":"Point","coordinates":[34.36575,31.44825]},"properties":{"w":33}},{"type":"Feature","geometry":{"type":"Point","coordinates":[34.77525,32.06775]},"properties":{"w":33}},{"type":"Feature","geometry":{"type":"Point","coordinates":[34.77075,32.07525]},"properties":{"w":33}},{"type":"Feature","geometry":{"type":"Point","coordinates":[31.23225,30.00675]},"properties":{"w":33}},{"type":"Feature","geometry":{"type":"Point","coordinates":[34.37625,31.45275]},"properties":{"w":33}},{"type":"Feature","geometry":{"type":"Point","coordinates":[35.92725,33.72225]},"properties":{"w":33}},{"type":"Feature","geometry":{"type":"Point","coordinates":[44.00625,36.18675]},"properties":{"w":33}},{"type":"Feature","geometry":{"type":"Point","coordinates":[34.37175,31.44375]},"properties":{"w":33}},{"type":"Feature","geometry":{"type":"Point","coordinates":[34.77525,32.08875]},"properties":{"w":33}},{"type":"Feature","geometry":{"type":"Point","coordinates":[34.77225,32.08125]},"properties":{"w":33}},{"type":"Feature","geometry":{"type":"Point","coordinates":[36.31575,33.51075]},"properties":{"w":33}},{"type":"Feature","geometry":{"type":"Point","coordinates":[34.36725,31.44075]},"properties":{"w":33}},{"type":"Feature","geometry":{"type":"Point","coordinates":[36.20325,34.01625]},"properties":{"w":33}},{"type":"Feature","geometry":{"type":"Point","coordinates":[34.77225,32.08425]},"properties":{"w":33}},{"type":"Feature","geometry":{"type":"Point","coordinates":[34.77525,32.08725]},"properties":{"w":33}},{"type":"Feature","geometry":{"type":"Point","coordinates":[34.37325,31.44825]},"properties":{"w":33}},{"type":"Feature","geometry":{"type":"Point","coordinates":[44.00325,36.20175]},"properties":{"w":32}},{"type":"Feature","geometry":{"type":"Point","coordinates":[38.27025,34.55025]},"properties":{"w":32}},{"type":"Feature","geometry":{"type":"Point","coordinates":[37.15725,36.20025]},"properties":{"w":32}},{"type":"Feature","geometry":{"type":"Point","coordinates":[34.77675,32.07525]},"properties":{"w":32}},{"type":"Feature","geometry":{"type":"Point","coordinates":[36.31725,33.51975]},"properties":{"w":32}},{"type":"Feature","geometry":{"type":"Point","coordinates":[34.77825,32.07675]},"properties":{"w":32}},{"type":"Feature","geometry":{"type":"Point","coordinates":[34.76775,32.07825]},"properties":{"w":32}},{"type":"Feature","geometry":{"type":"Point","coordinates":[31.23525,30.01575]},"properties":{"w":32}},{"type":"Feature","geometry":{"type":"Point","coordinates":[35.19525,33.27375]},"properties":{"w":32}},{"type":"Feature","geometry":{"type":"Point","coordinates":[44.01525,36.18675]},"properties":{"w":32}},{"type":"Feature","geometry":{"type":"Point","coordinates":[34.36275,31.44375]},"properties":{"w":32}},{"type":"Feature","geometry":{"type":"Point","coordinates":[35.20575,31.70325]},"properties":{"w":32}},{"type":"Feature","geometry":{"type":"Point","coordinates":[34.77075,32.08425]},"properties":{"w":32}},{"type":"Feature","geometry":{"type":"Point","coordinates":[31.23525,30.01125]},"properties":{"w":32}},{"type":"Feature","geometry":{"type":"Point","coordinates":[52.52175,29.62275]},"properties":{"w":32}},{"type":"Feature","geometry":{"type":"Point","coordinates":[44.01975,36.19425]},"properties":{"w":32}},{"type":"Feature","geometry":{"type":"Point","coordinates":[34.99425,32.81625]},"properties":{"w":32}},{"type":"Feature","geometry":{"type":"Point","coordinates":[34.77825,32.08425]},"properties":{"w":32}},{"type":"Feature","geometry":{"type":"Point","coordinates":[34.37475,31.44375]},"properties":{"w":32}},{"type":"Feature","geometry":{"type":"Point","coordinates":[34.77375,32.07675]},"properties":{"w":32}},{"type":"Feature","geometry":{"type":"Point","coordinates":[34.99425,32.80725]},"properties":{"w":32}},{"type":"Feature","geometry":{"type":"Point","coordinates":[37.94775,26.78325]},"properties":{"w":32}},{"type":"Feature","geometry":{"type":"Point","coordinates":[34.36125,31.44525]},"properties":{"w":32}},{"type":"Feature","geometry":{"type":"Point","coordinates":[34.77825,32.08125]},"properties":{"w":32}},{"type":"Feature","geometry":{"type":"Point","coordinates":[35.10225,31.52775]},"properties":{"w":32}},{"type":"Feature","geometry":{"type":"Point","coordinates":[44.00625,36.19425]},"properties":{"w":32}},{"type":"Feature","geometry":{"type":"Point","coordinates":[44.01525,36.20025]},"properties":{"w":32}},{"type":"Feature","geometry":{"type":"Point","coordinates":[34.77975,32.08425]},"properties":{"w":32}},{"type":"Feature","geometry":{"type":"Point","coordinates":[34.76925,32.07525]},"properties":{"w":32}},{"type":"Feature","geometry":{"type":"Point","coordinates":[34.77075,32.07225]},"properties":{"w":32}},{"type":"Feature","geometry":{"type":"Point","coordinates":[34.99575,32.81475]},"properties":{"w":32}},{"type":"Feature","geometry":{"type":"Point","coordinates":[36.31725,33.51825]},"properties":{"w":32}},{"type":"Feature","geometry":{"type":"Point","coordinates":[50.61825,26.24775]},"properties":{"w":32}},{"type":"Feature","geometry":{"type":"Point","coordinates":[37.17225,36.19275]},"properties":{"w":31}},{"type":"Feature","geometry":{"type":"Point","coordinates":[35.92875,33.72525]},"properties":{"w":31}},{"type":"Feature","geometry":{"type":"Point","coordinates":[31.23225,30.00375]},"properties":{"w":31}},{"type":"Feature","geometry":{"type":"Point","coordinates":[35.20125,33.27075]},"properties":{"w":31}},{"type":"Feature","geometry":{"type":"Point","coordinates":[36.31425,33.51975]},"properties":{"w":31}},{"type":"Feature","geometry":{"type":"Point","coordinates":[35.23425,31.77525]},"properties":{"w":31}},{"type":"Feature","geometry":{"type":"Point","coordinates":[34.77975,32.06925]},"properties":{"w":31}},{"type":"Feature","geometry":{"type":"Point","coordinates":[34.77825,32.07825]},"properties":{"w":31}},{"type":"Feature","geometry":{"type":"Point","coordinates":[34.77825,32.08875]},"properties":{"w":31}},{"type":"Feature","geometry":{"type":"Point","coordinates":[34.77375,32.08425]},"properties":{"w":31}},{"type":"Feature","geometry":{"type":"Point","coordinates":[37.16175,36.19575]},"properties":{"w":31}},{"type":"Feature","geometry":{"type":"Point","coordinates":[35.10075,31.52625]},"properties":{"w":31}},{"type":"Feature","geometry":{"type":"Point","coordinates":[34.37025,31.44375]},"properties":{"w":31}},{"type":"Feature","geometry":{"type":"Point","coordinates":[31.24125,30.01425]},"properties":{"w":31}},{"type":"Feature","geometry":{"type":"Point","coordinates":[34.77825,32.07525]},"properties":{"w":31}},{"type":"Feature","geometry":{"type":"Point","coordinates":[35.72625,32.04375]},"properties":{"w":31}},{"type":"Feature","geometry":{"type":"Point","coordinates":[46.57125,24.74625]},"properties":{"w":31}},{"type":"Feature","geometry":{"type":"Point","coordinates":[34.77525,32.07975]},"properties":{"w":31}},{"type":"Feature","geometry":{"type":"Point","coordinates":[34.99725,32.81325]},"properties":{"w":31}},{"type":"Feature","geometry":{"type":"Point","coordinates":[35.10225,31.53075]},"properties":{"w":31}},{"type":"Feature","geometry":{"type":"Point","coordinates":[36.20475,34.01025]},"properties":{"w":31}},{"type":"Feature","geometry":{"type":"Point","coordinates":[34.77225,32.08575]},"properties":{"w":31}},{"type":"Feature","geometry":{"type":"Point","coordinates":[50.61675,26.24475]},"properties":{"w":31}},{"type":"Feature","geometry":{"type":"Point","coordinates":[46.57275,24.74625]},"properties":{"w":31}},{"type":"Feature","geometry":{"type":"Point","coordinates":[34.77075,32.06925]},"properties":{"w":31}},{"type":"Feature","geometry":{"type":"Point","coordinates":[35.72775,32.03925]},"properties":{"w":31}},{"type":"Feature","geometry":{"type":"Point","coordinates":[32.63175,25.70175]},"properties":{"w":31}},{"type":"Feature","geometry":{"type":"Point","coordinates":[32.64825,25.69725]},"properties":{"w":31}},{"type":"Feature","geometry":{"type":"Point","coordinates":[35.72475,32.04375]},"properties":{"w":31}},{"type":"Feature","geometry":{"type":"Point","coordinates":[36.21075,34.00275]},"properties":{"w":31}},{"type":"Feature","geometry":{"type":"Point","coordinates":[34.37025,31.44075]},"properties":{"w":30}},{"type":"Feature","geometry":{"type":"Point","coordinates":[34.37325,31.44375]},"properties":{"w":30}},{"type":"Feature","geometry":{"type":"Point","coordinates":[35.72625,32.03775]},"properties":{"w":30}},{"type":"Feature","geometry":{"type":"Point","coordinates":[36.31725,33.51675]},"properties":{"w":30}},{"type":"Feature","geometry":{"type":"Point","coordinates":[34.99575,32.81625]},"properties":{"w":30}},{"type":"Feature","geometry":{"type":"Point","coordinates":[50.61975,26.25375]},"properties":{"w":30}},{"type":"Feature","geometry":{"type":"Point","coordinates":[34.99275,32.81325]},"properties":{"w":30}},{"type":"Feature","geometry":{"type":"Point","coordinates":[34.77225,32.06625]},"properties":{"w":30}},{"type":"Feature","geometry":{"type":"Point","coordinates":[54.05925,17.01375]},"properties":{"w":30}},{"type":"Feature","geometry":{"type":"Point","coordinates":[34.99275,32.81175]},"properties":{"w":30}},{"type":"Feature","geometry":{"type":"Point","coordinates":[34.76775,32.07675]},"properties":{"w":30}},{"type":"Feature","geometry":{"type":"Point","coordinates":[44.00175,36.20025]},"properties":{"w":30}},{"type":"Feature","geometry":{"type":"Point","coordinates":[35.23125,31.76625]},"properties":{"w":30}},{"type":"Feature","geometry":{"type":"Point","coordinates":[37.15575,36.19275]},"properties":{"w":30}},{"type":"Feature","geometry":{"type":"Point","coordinates":[34.78125,32.06925]},"properties":{"w":30}},{"type":"Feature","geometry":{"type":"Point","coordinates":[44.00325,36.17925]},"properties":{"w":30}},{"type":"Feature","geometry":{"type":"Point","coordinates":[32.64675,25.69875]},"properties":{"w":30}},{"type":"Feature","geometry":{"type":"Point","coordinates":[34.77825,32.07375]},"properties":{"w":30}},{"type":"Feature","geometry":{"type":"Point","coordinates":[35.93325,33.72825]},"properties":{"w":30}},{"type":"Feature","geometry":{"type":"Point","coordinates":[44.01675,36.18075]},"properties":{"w":30}},{"type":"Feature","geometry":{"type":"Point","coordinates":[37.15575,36.20775]},"properties":{"w":30}},{"type":"Feature","geometry":{"type":"Point","coordinates":[35.92575,33.72675]},"properties":{"w":30}},{"type":"Feature","geometry":{"type":"Point","coordinates":[35.43975,30.32925]},"properties":{"w":30}},{"type":"Feature","geometry":{"type":"Point","coordinates":[36.30975,33.52125]},"properties":{"w":30}},{"type":"Feature","geometry":{"type":"Point","coordinates":[52.52025,29.62875]},"properties":{"w":30}},{"type":"Feature","geometry":{"type":"Point","coordinates":[50.49975,26.07075]},"properties":{"w":30}},{"type":"Feature","geometry":{"type":"Point","coordinates":[46.57275,24.74775]},"properties":{"w":30}},{"type":"Feature","geometry":{"type":"Point","coordinates":[35.64675,34.12875]},"properties":{"w":30}},{"type":"Feature","geometry":{"type":"Point","coordinates":[46.57875,24.74475]},"properties":{"w":29}},{"type":"Feature","geometry":{"type":"Point","coordinates":[34.99125,32.81175]},"properties":{"w":29}},{"type":"Feature","geometry":{"type":"Point","coordinates":[34.37025,31.43625]},"properties":{"w":29}},{"type":"Feature","geometry":{"type":"Point","coordinates":[34.77375,32.07375]},"properties":{"w":29}},{"type":"Feature","geometry":{"type":"Point","coordinates":[37.17075,36.19425]},"properties":{"w":29}},{"type":"Feature","geometry":{"type":"Point","coordinates":[35.20275,33.26775]},"properties":{"w":29}},{"type":"Feature","geometry":{"type":"Point","coordinates":[34.77075,32.08575]},"properties":{"w":29}},{"type":"Feature","geometry":{"type":"Point","coordinates":[34.77825,32.08725]},"properties":{"w":29}},{"type":"Feature","geometry":{"type":"Point","coordinates":[52.52925,29.62425]},"properties":{"w":29}},{"type":"Feature","geometry":{"type":"Point","coordinates":[34.77975,32.08725]},"properties":{"w":29}},{"type":"Feature","geometry":{"type":"Point","coordinates":[34.77225,32.07675]},"properties":{"w":29}},{"type":"Feature","geometry":{"type":"Point","coordinates":[44.00925,36.18075]},"properties":{"w":29}},{"type":"Feature","geometry":{"type":"Point","coordinates":[34.78125,32.07525]},"properties":{"w":29}},{"type":"Feature","geometry":{"type":"Point","coordinates":[34.99275,32.80725]},"properties":{"w":29}},{"type":"Feature","geometry":{"type":"Point","coordinates":[35.10675,31.52475]},"properties":{"w":29}},{"type":"Feature","geometry":{"type":"Point","coordinates":[34.76925,32.07225]},"properties":{"w":29}},{"type":"Feature","geometry":{"type":"Point","coordinates":[36.20625,34.01025]},"properties":{"w":29}},{"type":"Feature","geometry":{"type":"Point","coordinates":[35.23425,31.77225]},"properties":{"w":29}},{"type":"Feature","geometry":{"type":"Point","coordinates":[44.01375,36.18225]},"properties":{"w":29}},{"type":"Feature","geometry":{"type":"Point","coordinates":[37.16625,36.18675]},"properties":{"w":29}},{"type":"Feature","geometry":{"type":"Point","coordinates":[35.20425,33.26925]},"properties":{"w":29}},{"type":"Feature","geometry":{"type":"Point","coordinates":[36.20025,34.01625]},"properties":{"w":29}},{"type":"Feature","geometry":{"type":"Point","coordinates":[50.61825,26.24625]},"properties":{"w":29}},{"type":"Feature","geometry":{"type":"Point","coordinates":[34.77375,32.06625]},"properties":{"w":29}},{"type":"Feature","geometry":{"type":"Point","coordinates":[36.20925,34.01775]},"properties":{"w":29}},{"type":"Feature","geometry":{"type":"Point","coordinates":[36.20175,34.01625]},"properties":{"w":29}},{"type":"Feature","geometry":{"type":"Point","coordinates":[34.99425,32.80875]},"properties":{"w":29}},{"type":"Feature","geometry":{"type":"Point","coordinates":[50.60925,26.24775]},"properties":{"w":29}},{"type":"Feature","geometry":{"type":"Point","coordinates":[34.77825,32.08575]},"properties":{"w":29}},{"type":"Feature","geometry":{"type":"Point","coordinates":[46.57125,24.74475]},"properties":{"w":28}},{"type":"Feature","geometry":{"type":"Point","coordinates":[46.57125,24.74775]},"properties":{"w":28}},{"type":"Feature","geometry":{"type":"Point","coordinates":[42.71625,35.58825]},"properties":{"w":28}},{"type":"Feature","geometry":{"type":"Point","coordinates":[34.78125,32.07225]},"properties":{"w":28}},{"type":"Feature","geometry":{"type":"Point","coordinates":[44.01375,36.19425]},"properties":{"w":28}},{"type":"Feature","geometry":{"type":"Point","coordinates":[34.77675,32.06625]},"properties":{"w":28}},{"type":"Feature","geometry":{"type":"Point","coordinates":[48.29175,38.24775]},"properties":{"w":28}},{"type":"Feature","geometry":{"type":"Point","coordinates":[35.12475,32.70975]},"properties":{"w":28}},{"type":"Feature","geometry":{"type":"Point","coordinates":[34.36875,31.44375]},"properties":{"w":28}},{"type":"Feature","geometry":{"type":"Point","coordinates":[44.01375,36.18825]},"properties":{"w":28}},{"type":"Feature","geometry":{"type":"Point","coordinates":[44.01075,36.18525]},"properties":{"w":28}},{"type":"Feature","geometry":{"type":"Point","coordinates":[50.61375,26.25225]},"properties":{"w":28}},{"type":"Feature","geometry":{"type":"Point","coordinates":[48.24825,32.19225]},"properties":{"w":28}},{"type":"Feature","geometry":{"type":"Point","coordinates":[34.76925,32.07375]},"properties":{"w":28}},{"type":"Feature","geometry":{"type":"Point","coordinates":[34.37625,31.44525]},"properties":{"w":28}},{"type":"Feature","geometry":{"type":"Point","coordinates":[44.01225,36.18225]},"properties":{"w":28}},{"type":"Feature","geometry":{"type":"Point","coordinates":[34.99275,32.81625]},"properties":{"w":28}},{"type":"Feature","geometry":{"type":"Point","coordinates":[34.77825,32.06775]},"properties":{"w":28}},{"type":"Feature","geometry":{"type":"Point","coordinates":[44.00475,36.19425]},"properties":{"w":28}},{"type":"Feature","geometry":{"type":"Point","coordinates":[32.64675,25.69725]},"properties":{"w":28}},{"type":"Feature","geometry":{"type":"Point","coordinates":[36.03975,34.24425]},"properties":{"w":28}},{"type":"Feature","geometry":{"type":"Point","coordinates":[44.00925,36.18975]},"properties":{"w":28}},{"type":"Feature","geometry":{"type":"Point","coordinates":[52.52775,29.62125]},"properties":{"w":28}},{"type":"Feature","geometry":{"type":"Point","coordinates":[34.77825,32.06625]},"properties":{"w":28}},{"type":"Feature","geometry":{"type":"Point","coordinates":[34.77975,32.08575]},"properties":{"w":28}},{"type":"Feature","geometry":{"type":"Point","coordinates":[36.31575,33.51825]},"properties":{"w":28}},{"type":"Feature","geometry":{"type":"Point","coordinates":[35.72775,32.04075]},"properties":{"w":28}},{"type":"Feature","geometry":{"type":"Point","coordinates":[35.22975,31.77375]},"properties":{"w":28}},{"type":"Feature","geometry":{"type":"Point","coordinates":[52.52475,29.62425]},"properties":{"w":28}},{"type":"Feature","geometry":{"type":"Point","coordinates":[34.77075,32.06775]},"properties":{"w":28}},{"type":"Feature","geometry":{"type":"Point","coordinates":[35.12925,32.71275]},"properties":{"w":28}},{"type":"Feature","geometry":{"type":"Point","coordinates":[35.93175,33.72225]},"properties":{"w":28}},{"type":"Feature","geometry":{"type":"Point","coordinates":[35.92875,33.72375]},"properties":{"w":28}},{"type":"Feature","geometry":{"type":"Point","coordinates":[34.77375,32.09025]},"properties":{"w":28}},{"type":"Feature","geometry":{"type":"Point","coordinates":[37.15725,36.19125]},"properties":{"w":28}},{"type":"Feature","geometry":{"type":"Point","coordinates":[34.77525,32.07825]},"properties":{"w":28}},{"type":"Feature","geometry":{"type":"Point","coordinates":[34.37475,31.45425]},"properties":{"w":28}},{"type":"Feature","geometry":{"type":"Point","coordinates":[35.20425,33.26625]},"properties":{"w":28}},{"type":"Feature","geometry":{"type":"Point","coordinates":[35.64375,34.12875]},"properties":{"w":28}},{"type":"Feature","geometry":{"type":"Point","coordinates":[36.21225,34.00275]},"properties":{"w":28}},{"type":"Feature","geometry":{"type":"Point","coordinates":[35.10225,31.52475]},"properties":{"w":28}},{"type":"Feature","geometry":{"type":"Point","coordinates":[36.19575,34.00125]},"properties":{"w":28}},{"type":"Feature","geometry":{"type":"Point","coordinates":[37.15875,36.20325]},"properties":{"w":28}},{"type":"Feature","geometry":{"type":"Point","coordinates":[44.00775,36.20325]},"properties":{"w":28}},{"type":"Feature","geometry":{"type":"Point","coordinates":[34.77375,32.06775]},"properties":{"w":28}},{"type":"Feature","geometry":{"type":"Point","coordinates":[34.77375,32.07975]},"properties":{"w":27}},{"type":"Feature","geometry":{"type":"Point","coordinates":[35.65425,34.11375]},"properties":{"w":27}},{"type":"Feature","geometry":{"type":"Point","coordinates":[52.52325,29.62125]},"properties":{"w":27}},{"type":"Feature","geometry":{"type":"Point","coordinates":[37.16775,36.19275]},"properties":{"w":27}},{"type":"Feature","geometry":{"type":"Point","coordinates":[50.61675,26.25075]},"properties":{"w":27}},{"type":"Feature","geometry":{"type":"Point","coordinates":[35.12925,32.70825]},"properties":{"w":27}},{"type":"Feature","geometry":{"type":"Point","coordinates":[34.99575,32.81775]},"properties":{"w":27}},{"type":"Feature","geometry":{"type":"Point","coordinates":[35.09925,31.52925]},"properties":{"w":27}},{"type":"Feature","geometry":{"type":"Point","coordinates":[46.29375,38.08275]},"properties":{"w":27}},{"type":"Feature","geometry":{"type":"Point","coordinates":[35.72325,32.04075]},"properties":{"w":27}},{"type":"Feature","geometry":{"type":"Point","coordinates":[34.98225,32.82225]},"properties":{"w":27}},{"type":"Feature","geometry":{"type":"Point","coordinates":[34.99125,32.80875]},"properties":{"w":27}},{"type":"Feature","geometry":{"type":"Point","coordinates":[34.36425,31.44075]},"properties":{"w":27}},{"type":"Feature","geometry":{"type":"Point","coordinates":[44.01525,36.18075]},"properties":{"w":27}},{"type":"Feature","geometry":{"type":"Point","coordinates":[52.52175,29.62725]},"properties":{"w":27}},{"type":"Feature","geometry":{"type":"Point","coordinates":[34.77825,32.06925]},"properties":{"w":27}},{"type":"Feature","geometry":{"type":"Point","coordinates":[36.28875,34.74975]},"properties":{"w":27}},{"type":"Feature","geometry":{"type":"Point","coordinates":[31.22925,30.01425]},"properties":{"w":27}},{"type":"Feature","geometry":{"type":"Point","coordinates":[31.23375,30.01725]},"properties":{"w":27}},{"type":"Feature","geometry":{"type":"Point","coordinates":[44.00625,36.18375]},"properties":{"w":27}},{"type":"Feature","geometry":{"type":"Point","coordinates":[35.19825,31.70175]},"properties":{"w":27}},{"type":"Feature","geometry":{"type":"Point","coordinates":[35.12025,32.71125]},"properties":{"w":27}},{"type":"Feature","geometry":{"type":"Point","coordinates":[34.78275,32.08125]},"properties":{"w":27}},{"type":"Feature","geometry":{"type":"Point","coordinates":[34.77075,32.06625]},"properties":{"w":27}},{"type":"Feature","geometry":{"type":"Point","coordinates":[35.92875,33.72975]},"properties":{"w":27}},{"type":"Feature","geometry":{"type":"Point","coordinates":[34.36425,31.44825]},"properties":{"w":27}},{"type":"Feature","geometry":{"type":"Point","coordinates":[34.99125,32.82075]},"properties":{"w":27}},{"type":"Feature","geometry":{"type":"Point","coordinates":[34.77375,32.08725]},"properties":{"w":27}},{"type":"Feature","geometry":{"type":"Point","coordinates":[34.99125,32.82375]},"properties":{"w":27}},{"type":"Feature","geometry":{"type":"Point","coordinates":[34.37175,31.44075]},"properties":{"w":27}},{"type":"Feature","geometry":{"type":"Point","coordinates":[44.01075,36.17625]},"properties":{"w":27}},{"type":"Feature","geometry":{"type":"Point","coordinates":[37.16925,36.19425]},"properties":{"w":27}},{"type":"Feature","geometry":{"type":"Point","coordinates":[35.72775,32.04675]},"properties":{"w":27}},{"type":"Feature","geometry":{"type":"Point","coordinates":[35.93025,33.72825]},"properties":{"w":27}},{"type":"Feature","geometry":{"type":"Point","coordinates":[36.20775,34.00275]},"properties":{"w":27}},{"type":"Feature","geometry":{"type":"Point","coordinates":[34.37325,31.43775]},"properties":{"w":27}},{"type":"Feature","geometry":{"type":"Point","coordinates":[35.93475,33.72825]},"properties":{"w":27}},{"type":"Feature","geometry":{"type":"Point","coordinates":[36.30975,33.50925]},"properties":{"w":27}},{"type":"Feature","geometry":{"type":"Point","coordinates":[36.20025,33.99975]},"properties":{"w":27}},{"type":"Feature","geometry":{"type":"Point","coordinates":[35.23725,31.78575]},"properties":{"w":27}},{"type":"Feature","geometry":{"type":"Point","coordinates":[36.20475,34.00275]},"properties":{"w":27}},{"type":"Feature","geometry":{"type":"Point","coordinates":[34.98525,32.80875]},"properties":{"w":26}},{"type":"Feature","geometry":{"type":"Point","coordinates":[36.30375,33.50925]},"properties":{"w":26}},{"type":"Feature","geometry":{"type":"Point","coordinates":[44.00475,36.20475]},"properties":{"w":26}},{"type":"Feature","geometry":{"type":"Point","coordinates":[34.76775,32.07525]},"properties":{"w":26}},{"type":"Feature","geometry":{"type":"Point","coordinates":[46.29525,38.08275]},"properties":{"w":26}},{"type":"Feature","geometry":{"type":"Point","coordinates":[34.78125,32.07675]},"properties":{"w":26}},{"type":"Feature","geometry":{"type":"Point","coordinates":[35.64675,34.12125]},"properties":{"w":26}},{"type":"Feature","geometry":{"type":"Point","coordinates":[44.00025,36.19575]},"properties":{"w":26}},{"type":"Feature","geometry":{"type":"Point","coordinates":[35.72775,32.04225]},"properties":{"w":26}},{"type":"Feature","geometry":{"type":"Point","coordinates":[35.72475,32.03925]},"properties":{"w":26}},{"type":"Feature","geometry":{"type":"Point","coordinates":[46.57725,24.74175]},"properties":{"w":26}},{"type":"Feature","geometry":{"type":"Point","coordinates":[34.99575,32.81325]},"properties":{"w":26}},{"type":"Feature","geometry":{"type":"Point","coordinates":[35.09925,31.52325]},"properties":{"w":26}},{"type":"Feature","geometry":{"type":"Point","coordinates":[34.77075,32.07975]},"properties":{"w":26}},{"type":"Feature","geometry":{"type":"Point","coordinates":[35.12925,32.70975]},"properties":{"w":26}},{"type":"Feature","geometry":{"type":"Point","coordinates":[39.18375,21.48825]},"properties":{"w":26}},{"type":"Feature","geometry":{"type":"Point","coordinates":[44.00625,36.18975]},"properties":{"w":26}},{"type":"Feature","geometry":{"type":"Point","coordinates":[34.78125,32.08425]},"properties":{"w":26}},{"type":"Feature","geometry":{"type":"Point","coordinates":[37.15575,36.20925]},"properties":{"w":26}},{"type":"Feature","geometry":{"type":"Point","coordinates":[36.31425,33.52125]},"properties":{"w":26}},{"type":"Feature","geometry":{"type":"Point","coordinates":[34.99275,32.81475]},"properties":{"w":26}},{"type":"Feature","geometry":{"type":"Point","coordinates":[36.20325,33.99975]},"properties":{"w":26}},{"type":"Feature","geometry":{"type":"Point","coordinates":[39.18675,21.48825]},"properties":{"w":26}},{"type":"Feature","geometry":{"type":"Point","coordinates":[50.51175,26.23125]},"properties":{"w":26}},{"type":"Feature","geometry":{"type":"Point","coordinates":[34.98225,32.81475]},"properties":{"w":26}},{"type":"Feature","geometry":{"type":"Point","coordinates":[37.17375,36.20175]},"properties":{"w":26}},{"type":"Feature","geometry":{"type":"Point","coordinates":[35.07225,32.92725]},"properties":{"w":26}},{"type":"Feature","geometry":{"type":"Point","coordinates":[34.99425,32.82225]},"properties":{"w":26}},{"type":"Feature","geometry":{"type":"Point","coordinates":[44.00775,36.20625]},"properties":{"w":26}},{"type":"Feature","geometry":{"type":"Point","coordinates":[34.35975,31.44075]},"properties":{"w":25}},{"type":"Feature","geometry":{"type":"Point","coordinates":[34.98675,32.82675]},"properties":{"w":25}},{"type":"Feature","geometry":{"type":"Point","coordinates":[34.77525,32.08575]},"properties":{"w":25}},{"type":"Feature","geometry":{"type":"Point","coordinates":[34.99425,32.82075]},"properties":{"w":25}},{"type":"Feature","geometry":{"type":"Point","coordinates":[34.99575,32.81175]},"properties":{"w":25}},{"type":"Feature","geometry":{"type":"Point","coordinates":[34.76925,32.08275]},"properties":{"w":25}},{"type":"Feature","geometry":{"type":"Point","coordinates":[35.72625,32.04225]},"properties":{"w":25}},{"type":"Feature","geometry":{"type":"Point","coordinates":[36.20325,34.00725]},"properties":{"w":25}},{"type":"Feature","geometry":{"type":"Point","coordinates":[31.23225,30.01125]},"properties":{"w":25}},{"type":"Feature","geometry":{"type":"Point","coordinates":[34.37175,31.43775]},"properties":{"w":25}},{"type":"Feature","geometry":{"type":"Point","coordinates":[35.72775,32.03625]},"properties":{"w":25}},{"type":"Feature","geometry":{"type":"Point","coordinates":[51.39975,35.67075]},"properties":{"w":25}},{"type":"Feature","geometry":{"type":"Point","coordinates":[35.10975,31.52475]},"properties":{"w":25}},{"type":"Feature","geometry":{"type":"Point","coordinates":[36.19575,33.99975]},"properties":{"w":25}},{"type":"Feature","geometry":{"type":"Point","coordinates":[35.22525,31.78275]},"properties":{"w":25}},{"type":"Feature","geometry":{"type":"Point","coordinates":[48.33825,33.44775]},"properties":{"w":25}},{"type":"Feature","geometry":{"type":"Point","coordinates":[34.99275,32.81775]},"properties":{"w":25}},{"type":"Feature","geometry":{"type":"Point","coordinates":[35.13225,32.70675]},"properties":{"w":25}},{"type":"Feature","geometry":{"type":"Point","coordinates":[34.78125,32.08275]},"properties":{"w":25}},{"type":"Feature","geometry":{"type":"Point","coordinates":[35.23125,31.77375]},"properties":{"w":25}},{"type":"Feature","geometry":{"type":"Point","coordinates":[35.12925,32.70675]},"properties":{"w":25}},{"type":"Feature","geometry":{"type":"Point","coordinates":[37.15425,36.20475]},"properties":{"w":25}},{"type":"Feature","geometry":{"type":"Point","coordinates":[34.37025,31.44525]},"properties":{"w":25}},{"type":"Feature","geometry":{"type":"Point","coordinates":[54.05925,17.01525]},"properties":{"w":25}},{"type":"Feature","geometry":{"type":"Point","coordinates":[44.01225,36.19425]},"properties":{"w":25}},{"type":"Feature","geometry":{"type":"Point","coordinates":[44.00325,36.20325]},"properties":{"w":25}},{"type":"Feature","geometry":{"type":"Point","coordinates":[34.84875,31.24575]},"properties":{"w":25}},{"type":"Feature","geometry":{"type":"Point","coordinates":[35.72625,32.03925]},"properties":{"w":25}},{"type":"Feature","geometry":{"type":"Point","coordinates":[36.20625,34.00275]},"properties":{"w":25}},{"type":"Feature","geometry":{"type":"Point","coordinates":[34.78125,32.08575]},"properties":{"w":25}},{"type":"Feature","geometry":{"type":"Point","coordinates":[34.77225,32.07375]},"properties":{"w":25}},{"type":"Feature","geometry":{"type":"Point","coordinates":[35.65425,34.11525]},"properties":{"w":24}},{"type":"Feature","geometry":{"type":"Point","coordinates":[35.23725,31.78725]},"properties":{"w":24}},{"type":"Feature","geometry":{"type":"Point","coordinates":[35.23575,31.77975]},"properties":{"w":24}},{"type":"Feature","geometry":{"type":"Point","coordinates":[34.99575,32.80725]},"properties":{"w":24}},{"type":"Feature","geometry":{"type":"Point","coordinates":[35.10075,31.53075]},"properties":{"w":24}},{"type":"Feature","geometry":{"type":"Point","coordinates":[36.20175,34.00125]},"properties":{"w":24}},{"type":"Feature","geometry":{"type":"Point","coordinates":[35.93475,33.72675]},"properties":{"w":24}},{"type":"Feature","geometry":{"type":"Point","coordinates":[34.78125,32.08725]},"properties":{"w":24}},{"type":"Feature","geometry":{"type":"Point","coordinates":[34.78275,32.07225]},"properties":{"w":24}},{"type":"Feature","geometry":{"type":"Point","coordinates":[34.77225,32.06775]},"properties":{"w":24}},{"type":"Feature","geometry":{"type":"Point","coordinates":[34.77975,32.07525]},"properties":{"w":24}},{"type":"Feature","geometry":{"type":"Point","coordinates":[52.53075,29.62275]},"properties":{"w":24}},{"type":"Feature","geometry":{"type":"Point","coordinates":[35.20275,33.26625]},"properties":{"w":24}},{"type":"Feature","geometry":{"type":"Point","coordinates":[34.77975,32.07825]},"properties":{"w":24}},{"type":"Feature","geometry":{"type":"Point","coordinates":[35.10075,31.52775]},"properties":{"w":24}},{"type":"Feature","geometry":{"type":"Point","coordinates":[35.19975,33.26775]},"properties":{"w":24}},{"type":"Feature","geometry":{"type":"Point","coordinates":[31.23225,30.01725]},"properties":{"w":24}},{"type":"Feature","geometry":{"type":"Point","coordinates":[34.36425,31.44225]},"properties":{"w":24}},{"type":"Feature","geometry":{"type":"Point","coordinates":[36.31575,33.51675]},"properties":{"w":24}},{"type":"Feature","geometry":{"type":"Point","coordinates":[34.36575,31.43625]},"properties":{"w":24}},{"type":"Feature","geometry":{"type":"Point","coordinates":[52.52775,29.62275]},"properties":{"w":24}},{"type":"Feature","geometry":{"type":"Point","coordinates":[35.19975,31.70625]},"properties":{"w":24}},{"type":"Feature","geometry":{"type":"Point","coordinates":[35.72475,32.04225]},"properties":{"w":24}},{"type":"Feature","geometry":{"type":"Point","coordinates":[34.78275,32.08275]},"properties":{"w":24}},{"type":"Feature","geometry":{"type":"Point","coordinates":[36.31875,33.51675]},"properties":{"w":24}},{"type":"Feature","geometry":{"type":"Point","coordinates":[52.53225,29.62575]},"properties":{"w":24}},{"type":"Feature","geometry":{"type":"Point","coordinates":[35.92725,33.72675]},"properties":{"w":24}},{"type":"Feature","geometry":{"type":"Point","coordinates":[34.98525,32.80425]},"properties":{"w":24}},{"type":"Feature","geometry":{"type":"Point","coordinates":[35.16675,31.72425]},"properties":{"w":24}},{"type":"Feature","geometry":{"type":"Point","coordinates":[34.98075,32.80725]},"properties":{"w":24}},{"type":"Feature","geometry":{"type":"Point","coordinates":[36.31125,33.51075]},"properties":{"w":24}},{"type":"Feature","geometry":{"type":"Point","coordinates":[34.36575,31.44675]},"properties":{"w":24}},{"type":"Feature","geometry":{"type":"Point","coordinates":[44.00175,36.19425]},"properties":{"w":24}},{"type":"Feature","geometry":{"type":"Point","coordinates":[34.99125,32.81925]},"properties":{"w":24}},{"type":"Feature","geometry":{"type":"Point","coordinates":[35.07075,32.92875]},"properties":{"w":24}},{"type":"Feature","geometry":{"type":"Point","coordinates":[38.25675,34.55475]},"properties":{"w":24}},{"type":"Feature","geometry":{"type":"Point","coordinates":[34.99275,32.82075]},"properties":{"w":24}},{"type":"Feature","geometry":{"type":"Point","coordinates":[46.57425,24.74775]},"properties":{"w":24}},{"type":"Feature","geometry":{"type":"Point","coordinates":[34.36725,31.44375]},"properties":{"w":24}},{"type":"Feature","geometry":{"type":"Point","coordinates":[35.20125,31.70475]},"properties":{"w":24}},{"type":"Feature","geometry":{"type":"Point","coordinates":[44.01675,36.20025]},"properties":{"w":23}},{"type":"Feature","geometry":{"type":"Point","coordinates":[35.20275,31.70325]},"properties":{"w":23}},{"type":"Feature","geometry":{"type":"Point","coordinates":[34.98825,32.82075]},"properties":{"w":23}},{"type":"Feature","geometry":{"type":"Point","coordinates":[35.20425,33.27225]},"properties":{"w":23}},{"type":"Feature","geometry":{"type":"Point","coordinates":[52.52025,29.63025]},"properties":{"w":23}},{"type":"Feature","geometry":{"type":"Point","coordinates":[34.37025,31.44975]},"properties":{"w":23}},{"type":"Feature","geometry":{"type":"Point","coordinates":[34.99425,32.81925]},"properties":{"w":23}},{"type":"Feature","geometry":{"type":"Point","coordinates":[34.37175,31.44525]},"properties":{"w":23}},{"type":"Feature","geometry":{"type":"Point","coordinates":[35.13225,32.70825]},"properties":{"w":23}},{"type":"Feature","geometry":{"type":"Point","coordinates":[36.19875,34.01625]},"properties":{"w":23}},{"type":"Feature","geometry":{"type":"Point","coordinates":[34.98825,32.82675]},"properties":{"w":23}},{"type":"Feature","geometry":{"type":"Point","coordinates":[35.22975,31.77225]},"properties":{"w":23}},{"type":"Feature","geometry":{"type":"Point","coordinates":[31.23675,30.01275]},"properties":{"w":23}},{"type":"Feature","geometry":{"type":"Point","coordinates":[35.72775,32.04375]},"properties":{"w":23}},{"type":"Feature","geometry":{"type":"Point","coordinates":[35.21175,31.71075]},"properties":{"w":23}},{"type":"Feature","geometry":{"type":"Point","coordinates":[46.58025,24.74175]},"properties":{"w":23}},{"type":"Feature","geometry":{"type":"Point","coordinates":[44.00175,36.19275]},"properties":{"w":23}},{"type":"Feature","geometry":{"type":"Point","coordinates":[44.00025,36.18825]},"properties":{"w":23}},{"type":"Feature","geometry":{"type":"Point","coordinates":[35.12775,32.71275]},"properties":{"w":23}},{"type":"Feature","geometry":{"type":"Point","coordinates":[35.23725,31.78875]},"properties":{"w":23}},{"type":"Feature","geometry":{"type":"Point","coordinates":[35.20425,33.27075]},"properties":{"w":23}},{"type":"Feature","geometry":{"type":"Point","coordinates":[35.23575,31.77225]},"properties":{"w":23}},{"type":"Feature","geometry":{"type":"Point","coordinates":[35.83275,34.43925]},"properties":{"w":23}},{"type":"Feature","geometry":{"type":"Point","coordinates":[35.19675,33.27375]},"properties":{"w":23}},{"type":"Feature","geometry":{"type":"Point","coordinates":[35.93775,33.72675]},"properties":{"w":23}},{"type":"Feature","geometry":{"type":"Point","coordinates":[36.21375,34.00125]},"properties":{"w":23}},{"type":"Feature","geometry":{"type":"Point","coordinates":[35.23725,31.77375]},"properties":{"w":23}},{"type":"Feature","geometry":{"type":"Point","coordinates":[38.26575,34.56675]},"properties":{"w":23}},{"type":"Feature","geometry":{"type":"Point","coordinates":[36.19725,34.01325]},"properties":{"w":23}},{"type":"Feature","geometry":{"type":"Point","coordinates":[35.19975,31.70475]},"properties":{"w":23}},{"type":"Feature","geometry":{"type":"Point","coordinates":[35.10075,31.53225]},"properties":{"w":23}},{"type":"Feature","geometry":{"type":"Point","coordinates":[36.21375,34.01025]},"properties":{"w":23}},{"type":"Feature","geometry":{"type":"Point","coordinates":[50.61375,26.25375]},"properties":{"w":23}},{"type":"Feature","geometry":{"type":"Point","coordinates":[44.00925,36.20325]},"properties":{"w":23}},{"type":"Feature","geometry":{"type":"Point","coordinates":[35.12325,32.70825]},"properties":{"w":23}},{"type":"Feature","geometry":{"type":"Point","coordinates":[35.93325,33.72075]},"properties":{"w":23}},{"type":"Feature","geometry":{"type":"Point","coordinates":[35.12325,32.71125]},"properties":{"w":23}},{"type":"Feature","geometry":{"type":"Point","coordinates":[44.00925,36.20625]},"properties":{"w":23}},{"type":"Feature","geometry":{"type":"Point","coordinates":[36.19875,33.99825]},"properties":{"w":23}},{"type":"Feature","geometry":{"type":"Point","coordinates":[34.77075,32.07075]},"properties":{"w":23}},{"type":"Feature","geometry":{"type":"Point","coordinates":[44.01525,36.18225]},"properties":{"w":23}},{"type":"Feature","geometry":{"type":"Point","coordinates":[34.98675,32.81625]},"properties":{"w":23}},{"type":"Feature","geometry":{"type":"Point","coordinates":[34.35975,31.43925]},"properties":{"w":23}},{"type":"Feature","geometry":{"type":"Point","coordinates":[34.78125,32.07375]},"properties":{"w":23}},{"type":"Feature","geometry":{"type":"Point","coordinates":[36.20625,34.01625]},"properties":{"w":23}},{"type":"Feature","geometry":{"type":"Point","coordinates":[35.92575,33.72375]},"properties":{"w":23}},{"type":"Feature","geometry":{"type":"Point","coordinates":[36.20625,34.00875]},"properties":{"w":23}},{"type":"Feature","geometry":{"type":"Point","coordinates":[37.16475,36.19275]},"properties":{"w":23}},{"type":"Feature","geometry":{"type":"Point","coordinates":[34.37025,31.44825]},"properties":{"w":23}},{"type":"Feature","geometry":{"type":"Point","coordinates":[34.37025,31.45125]},"properties":{"w":23}},{"type":"Feature","geometry":{"type":"Point","coordinates":[35.23425,31.76625]},"properties":{"w":23}},{"type":"Feature","geometry":{"type":"Point","coordinates":[31.23075,30.00525]},"properties":{"w":23}},{"type":"Feature","geometry":{"type":"Point","coordinates":[35.23275,31.78875]},"properties":{"w":23}},{"type":"Feature","geometry":{"type":"Point","coordinates":[35.64825,34.12725]},"properties":{"w":23}},{"type":"Feature","geometry":{"type":"Point","coordinates":[34.99425,32.81325]},"properties":{"w":23}},{"type":"Feature","geometry":{"type":"Point","coordinates":[34.98225,32.80425]},"properties":{"w":23}},{"type":"Feature","geometry":{"type":"Point","coordinates":[34.37325,31.45125]},"properties":{"w":23}},{"type":"Feature","geometry":{"type":"Point","coordinates":[34.77675,32.08425]},"properties":{"w":23}},{"type":"Feature","geometry":{"type":"Point","coordinates":[35.92725,33.72525]},"properties":{"w":22}},{"type":"Feature","geometry":{"type":"Point","coordinates":[37.16625,36.19275]},"properties":{"w":22}},{"type":"Feature","geometry":{"type":"Point","coordinates":[36.30225,33.51975]},"properties":{"w":22}},{"type":"Feature","geometry":{"type":"Point","coordinates":[35.23275,31.76625]},"properties":{"w":22}},{"type":"Feature","geometry":{"type":"Point","coordinates":[34.37475,31.44525]},"properties":{"w":22}},{"type":"Feature","geometry":{"type":"Point","coordinates":[46.57275,24.74925]},"properties":{"w":22}},{"type":"Feature","geometry":{"type":"Point","coordinates":[36.19725,34.00725]},"properties":{"w":22}},{"type":"Feature","geometry":{"type":"Point","coordinates":[36.20325,34.01475]},"properties":{"w":22}},{"type":"Feature","geometry":{"type":"Point","coordinates":[44.01525,36.19125]},"properties":{"w":22}},{"type":"Feature","geometry":{"type":"Point","coordinates":[34.77975,32.06775]},"properties":{"w":22}},{"type":"Feature","geometry":{"type":"Point","coordinates":[47.44275,34.39275]},"properties":{"w":22}},{"type":"Feature","geometry":{"type":"Point","coordinates":[31.22925,30.00225]},"properties":{"w":22}},{"type":"Feature","geometry":{"type":"Point","coordinates":[36.31275,33.52275]},"properties":{"w":22}},{"type":"Feature","geometry":{"type":"Point","coordinates":[35.72775,32.04525]},"properties":{"w":22}},{"type":"Feature","geometry":{"type":"Point","coordinates":[32.63325,25.70325]},"properties":{"w":22}},{"type":"Feature","geometry":{"type":"Point","coordinates":[35.19975,31.70175]},"properties":{"w":22}},{"type":"Feature","geometry":{"type":"Point","coordinates":[34.37175,31.45575]},"properties":{"w":22}},{"type":"Feature","geometry":{"type":"Point","coordinates":[34.37175,31.44675]},"properties":{"w":22}},{"type":"Feature","geometry":{"type":"Point","coordinates":[31.23375,30.01425]},"properties":{"w":22}},{"type":"Feature","geometry":{"type":"Point","coordinates":[34.97775,32.81475]},"properties":{"w":22}},{"type":"Feature","geometry":{"type":"Point","coordinates":[31.23675,30.01575]},"properties":{"w":22}},{"type":"Feature","geometry":{"type":"Point","coordinates":[35.83125,34.44225]},"properties":{"w":22}},{"type":"Feature","geometry":{"type":"Point","coordinates":[35.12475,32.70825]},"properties":{"w":22}},{"type":"Feature","geometry":{"type":"Point","coordinates":[35.12475,32.71125]},"properties":{"w":22}},{"type":"Feature","geometry":{"type":"Point","coordinates":[44.01825,36.18675]},"properties":{"w":22}},{"type":"Feature","geometry":{"type":"Point","coordinates":[37.15725,36.20625]},"properties":{"w":22}},{"type":"Feature","geometry":{"type":"Point","coordinates":[52.51875,29.62425]},"properties":{"w":22}},{"type":"Feature","geometry":{"type":"Point","coordinates":[35.23425,31.76925]},"properties":{"w":22}},{"type":"Feature","geometry":{"type":"Point","coordinates":[35.20425,31.70325]},"properties":{"w":22}},{"type":"Feature","geometry":{"type":"Point","coordinates":[35.20725,31.70175]},"properties":{"w":22}},{"type":"Feature","geometry":{"type":"Point","coordinates":[34.77825,32.08275]},"properties":{"w":22}},{"type":"Feature","geometry":{"type":"Point","coordinates":[34.77525,32.09025]},"properties":{"w":22}},{"type":"Feature","geometry":{"type":"Point","coordinates":[34.77375,32.07225]},"properties":{"w":22}},{"type":"Feature","geometry":{"type":"Point","coordinates":[35.23575,31.78725]},"properties":{"w":22}},{"type":"Feature","geometry":{"type":"Point","coordinates":[35.72475,32.03775]},"properties":{"w":22}},{"type":"Feature","geometry":{"type":"Point","coordinates":[31.23075,30.01275]},"properties":{"w":22}},{"type":"Feature","geometry":{"type":"Point","coordinates":[36.30975,33.49875]},"properties":{"w":22}},{"type":"Feature","geometry":{"type":"Point","coordinates":[36.19875,33.99525]},"properties":{"w":22}},{"type":"Feature","geometry":{"type":"Point","coordinates":[35.83425,34.43625]},"properties":{"w":22}},{"type":"Feature","geometry":{"type":"Point","coordinates":[34.76925,32.06625]},"properties":{"w":22}},{"type":"Feature","geometry":{"type":"Point","coordinates":[34.37625,31.44375]},"properties":{"w":22}},{"type":"Feature","geometry":{"type":"Point","coordinates":[37.15575,36.20475]},"properties":{"w":22}},{"type":"Feature","geometry":{"type":"Point","coordinates":[34.77225,32.07975]},"properties":{"w":22}},{"type":"Feature","geometry":{"type":"Point","coordinates":[34.36575,31.43475]},"properties":{"w":22}},{"type":"Feature","geometry":{"type":"Point","coordinates":[37.17375,36.19875]},"properties":{"w":22}},{"type":"Feature","geometry":{"type":"Point","coordinates":[35.65575,34.11525]},"properties":{"w":22}},{"type":"Feature","geometry":{"type":"Point","coordinates":[35.12775,32.71425]},"properties":{"w":22}},{"type":"Feature","geometry":{"type":"Point","coordinates":[34.97925,32.80725]},"properties":{"w":22}},{"type":"Feature","geometry":{"type":"Point","coordinates":[35.44275,30.32775]},"properties":{"w":22}},{"type":"Feature","geometry":{"type":"Point","coordinates":[34.77525,32.06475]},"properties":{"w":22}},{"type":"Feature","geometry":{"type":"Point","coordinates":[35.23875,31.77075]},"properties":{"w":22}},{"type":"Feature","geometry":{"type":"Point","coordinates":[36.19425,34.00875]},"properties":{"w":22}},{"type":"Feature","geometry":{"type":"Point","coordinates":[34.37175,31.45425]},"properties":{"w":22}},{"type":"Feature","geometry":{"type":"Point","coordinates":[52.52625,29.62725]},"properties":{"w":22}},{"type":"Feature","geometry":{"type":"Point","coordinates":[52.52325,29.62725]},"properties":{"w":22}},{"type":"Feature","geometry":{"type":"Point","coordinates":[35.64525,34.13175]},"properties":{"w":22}},{"type":"Feature","geometry":{"type":"Point","coordinates":[35.11875,32.70975]},"properties":{"w":21}},{"type":"Feature","geometry":{"type":"Point","coordinates":[35.12625,32.71425]},"properties":{"w":21}},{"type":"Feature","geometry":{"type":"Point","coordinates":[35.22525,31.78575]},"properties":{"w":21}},{"type":"Feature","geometry":{"type":"Point","coordinates":[34.84875,31.24725]},"properties":{"w":21}},{"type":"Feature","geometry":{"type":"Point","coordinates":[35.65425,34.11675]},"properties":{"w":21}},{"type":"Feature","geometry":{"type":"Point","coordinates":[35.12175,32.70675]},"properties":{"w":21}},{"type":"Feature","geometry":{"type":"Point","coordinates":[34.37175,31.43925]},"properties":{"w":21}},{"type":"Feature","geometry":{"type":"Point","coordinates":[50.49825,26.06925]},"properties":{"w":21}},{"type":"Feature","geometry":{"type":"Point","coordinates":[52.52025,29.62725]},"properties":{"w":21}},{"type":"Feature","geometry":{"type":"Point","coordinates":[36.20025,33.99525]},"properties":{"w":21}},{"type":"Feature","geometry":{"type":"Point","coordinates":[35.23275,31.77075]},"properties":{"w":21}},{"type":"Feature","geometry":{"type":"Point","coordinates":[35.73225,32.03325]},"properties":{"w":21}},{"type":"Feature","geometry":{"type":"Point","coordinates":[36.30525,33.50925]},"properties":{"w":21}},{"type":"Feature","geometry":{"type":"Point","coordinates":[44.00325,36.18975]},"properties":{"w":21}},{"type":"Feature","geometry":{"type":"Point","coordinates":[44.01075,36.19425]},"properties":{"w":21}},{"type":"Feature","geometry":{"type":"Point","coordinates":[34.36425,31.44975]},"properties":{"w":21}},{"type":"Feature","geometry":{"type":"Point","coordinates":[44.00325,36.19575]},"properties":{"w":21}},{"type":"Feature","geometry":{"type":"Point","coordinates":[34.98825,32.80275]},"properties":{"w":21}},{"type":"Feature","geometry":{"type":"Point","coordinates":[36.30975,33.51975]},"properties":{"w":21}},{"type":"Feature","geometry":{"type":"Point","coordinates":[35.72925,32.04075]},"properties":{"w":21}},{"type":"Feature","geometry":{"type":"Point","coordinates":[34.36425,31.44375]},"properties":{"w":21}},{"type":"Feature","geometry":{"type":"Point","coordinates":[35.12175,32.70375]},"properties":{"w":21}},{"type":"Feature","geometry":{"type":"Point","coordinates":[34.98975,32.81925]},"properties":{"w":21}},{"type":"Feature","geometry":{"type":"Point","coordinates":[44.01075,36.18975]},"properties":{"w":21}},{"type":"Feature","geometry":{"type":"Point","coordinates":[34.78425,32.08125]},"properties":{"w":21}},{"type":"Feature","geometry":{"type":"Point","coordinates":[35.07675,32.92425]},"properties":{"w":21}},{"type":"Feature","geometry":{"type":"Point","coordinates":[34.98975,32.82375]},"properties":{"w":21}},{"type":"Feature","geometry":{"type":"Point","coordinates":[36.30375,33.51825]},"properties":{"w":21}},{"type":"Feature","geometry":{"type":"Point","coordinates":[50.61375,26.25525]},"properties":{"w":21}},{"type":"Feature","geometry":{"type":"Point","coordinates":[36.30825,33.51975]},"properties":{"w":21}},{"type":"Feature","geometry":{"type":"Point","coordinates":[34.36275,31.44975]},"properties":{"w":21}},{"type":"Feature","geometry":{"type":"Point","coordinates":[46.29375,38.08125]},"properties":{"w":21}},{"type":"Feature","geometry":{"type":"Point","coordinates":[34.98225,32.80575]},"properties":{"w":21}},{"type":"Feature","geometry":{"type":"Point","coordinates":[46.57725,24.74325]},"properties":{"w":21}},{"type":"Feature","geometry":{"type":"Point","coordinates":[36.30375,33.51975]},"properties":{"w":21}},{"type":"Feature","geometry":{"type":"Point","coordinates":[44.01075,36.20625]},"properties":{"w":21}},{"type":"Feature","geometry":{"type":"Point","coordinates":[36.19875,34.01325]},"properties":{"w":21}},{"type":"Feature","geometry":{"type":"Point","coordinates":[42.71775,35.58825]},"properties":{"w":21}},{"type":"Feature","geometry":{"type":"Point","coordinates":[34.97925,32.80875]},"properties":{"w":21}},{"type":"Feature","geometry":{"type":"Point","coordinates":[34.77375,32.06475]},"properties":{"w":21}},{"type":"Feature","geometry":{"type":"Point","coordinates":[34.97925,32.81325]},"properties":{"w":21}},{"type":"Feature","geometry":{"type":"Point","coordinates":[34.37025,31.44675]},"properties":{"w":21}},{"type":"Feature","geometry":{"type":"Point","coordinates":[44.01225,36.19125]},"properties":{"w":21}},{"type":"Feature","geometry":{"type":"Point","coordinates":[34.77675,32.08275]},"properties":{"w":21}},{"type":"Feature","geometry":{"type":"Point","coordinates":[50.60925,26.24625]},"properties":{"w":21}},{"type":"Feature","geometry":{"type":"Point","coordinates":[36.31425,33.51825]},"properties":{"w":21}},{"type":"Feature","geometry":{"type":"Point","coordinates":[34.76775,32.07375]},"properties":{"w":21}},{"type":"Feature","geometry":{"type":"Point","coordinates":[35.82975,34.44375]},"properties":{"w":21}},{"type":"Feature","geometry":{"type":"Point","coordinates":[34.36875,31.44675]},"properties":{"w":21}},{"type":"Feature","geometry":{"type":"Point","coordinates":[35.13075,32.70825]},"properties":{"w":21}},{"type":"Feature","geometry":{"type":"Point","coordinates":[34.77375,32.07525]},"properties":{"w":21}},{"type":"Feature","geometry":{"type":"Point","coordinates":[50.60625,26.25225]},"properties":{"w":20}},{"type":"Feature","geometry":{"type":"Point","coordinates":[38.26725,34.55025]},"properties":{"w":20}},{"type":"Feature","geometry":{"type":"Point","coordinates":[44.01225,36.17775]},"properties":{"w":20}},{"type":"Feature","geometry":{"type":"Point","coordinates":[35.22825,31.77375]},"properties":{"w":20}},{"type":"Feature","geometry":{"type":"Point","coordinates":[35.10075,31.52325]},"properties":{"w":20}},{"type":"Feature","geometry":{"type":"Point","coordinates":[35.92575,33.72525]},"properties":{"w":20}},{"type":"Feature","geometry":{"type":"Point","coordinates":[39.18525,21.48825]},"properties":{"w":20}},{"type":"Feature","geometry":{"type":"Point","coordinates":[35.22675,31.77975]},"properties":{"w":20}},{"type":"Feature","geometry":{"type":"Point","coordinates":[35.92875,33.73725]},"properties":{"w":20}},{"type":"Feature","geometry":{"type":"Point","coordinates":[34.78275,32.07675]},"properties":{"w":20}},{"type":"Feature","geometry":{"type":"Point","coordinates":[35.10375,31.53225]},"properties":{"w":20}},{"type":"Feature","geometry":{"type":"Point","coordinates":[50.51025,26.23425]},"properties":{"w":20}},{"type":"Feature","geometry":{"type":"Point","coordinates":[36.20475,34.00425]},"properties":{"w":20}},{"type":"Feature","geometry":{"type":"Point","coordinates":[35.19975,31.70775]},"properties":{"w":20}},{"type":"Feature","geometry":{"type":"Point","coordinates":[43.25925,35.45775]},"properties":{"w":20}},{"type":"Feature","geometry":{"type":"Point","coordinates":[36.20175,33.99375]},"properties":{"w":20}},{"type":"Feature","geometry":{"type":"Point","coordinates":[35.44575,30.32025]},"properties":{"w":20}},{"type":"Feature","geometry":{"type":"Point","coordinates":[35.22675,31.78275]},"properties":{"w":20}},{"type":"Feature","geometry":{"type":"Point","coordinates":[35.07075,32.92275]},"properties":{"w":20}},{"type":"Feature","geometry":{"type":"Point","coordinates":[35.19225,33.27225]},"properties":{"w":20}},{"type":"Feature","geometry":{"type":"Point","coordinates":[34.98675,32.82525]},"properties":{"w":20}},{"type":"Feature","geometry":{"type":"Point","coordinates":[37.15725,36.20325]},"properties":{"w":20}},{"type":"Feature","geometry":{"type":"Point","coordinates":[34.98525,32.81625]},"properties":{"w":20}},{"type":"Feature","geometry":{"type":"Point","coordinates":[35.82825,34.44075]},"properties":{"w":20}},{"type":"Feature","geometry":{"type":"Point","coordinates":[36.19875,34.00275]},"properties":{"w":20}},{"type":"Feature","geometry":{"type":"Point","coordinates":[34.99575,32.80875]},"properties":{"w":20}},{"type":"Feature","geometry":{"type":"Point","coordinates":[35.22375,31.78575]},"properties":{"w":20}},{"type":"Feature","geometry":{"type":"Point","coordinates":[35.64975,34.12125]},"properties":{"w":20}},{"type":"Feature","geometry":{"type":"Point","coordinates":[34.98075,32.81475]},"properties":{"w":20}},{"type":"Feature","geometry":{"type":"Point","coordinates":[34.77075,32.08125]},"properties":{"w":20}},{"type":"Feature","geometry":{"type":"Point","coordinates":[34.98375,32.81475]},"properties":{"w":20}},{"type":"Feature","geometry":{"type":"Point","coordinates":[44.00475,36.19125]},"properties":{"w":20}},{"type":"Feature","geometry":{"type":"Point","coordinates":[46.29375,38.07975]},"properties":{"w":20}},{"type":"Feature","geometry":{"type":"Point","coordinates":[34.37475,31.44225]},"properties":{"w":20}},{"type":"Feature","geometry":{"type":"Point","coordinates":[34.78275,32.08425]},"properties":{"w":20}},{"type":"Feature","geometry":{"type":"Point","coordinates":[37.94925,26.78475]},"properties":{"w":20}},{"type":"Feature","geometry":{"type":"Point","coordinates":[34.37325,31.44525]},"properties":{"w":20}},{"type":"Feature","geometry":{"type":"Point","coordinates":[46.58025,24.74325]},"properties":{"w":20}},{"type":"Feature","geometry":{"type":"Point","coordinates":[50.61225,26.24475]},"properties":{"w":20}},{"type":"Feature","geometry":{"type":"Point","coordinates":[44.42325,32.54025]},"properties":{"w":20}},{"type":"Feature","geometry":{"type":"Point","coordinates":[35.16525,31.72575]},"properties":{"w":20}},{"type":"Feature","geometry":{"type":"Point","coordinates":[35.09775,31.52475]},"properties":{"w":20}},{"type":"Feature","geometry":{"type":"Point","coordinates":[35.12625,32.71275]},"properties":{"w":20}},{"type":"Feature","geometry":{"type":"Point","coordinates":[37.15575,36.18825]},"properties":{"w":20}},{"type":"Feature","geometry":{"type":"Point","coordinates":[37.15725,36.20475]},"properties":{"w":20}},{"type":"Feature","geometry":{"type":"Point","coordinates":[34.37025,31.43925]},"properties":{"w":20}},{"type":"Feature","geometry":{"type":"Point","coordinates":[37.15725,36.20175]},"properties":{"w":20}},{"type":"Feature","geometry":{"type":"Point","coordinates":[35.23275,31.78725]},"properties":{"w":20}},{"type":"Feature","geometry":{"type":"Point","coordinates":[36.30825,33.49875]},"properties":{"w":20}},{"type":"Feature","geometry":{"type":"Point","coordinates":[35.23725,31.77975]},"properties":{"w":20}},{"type":"Feature","geometry":{"type":"Point","coordinates":[35.93775,33.73125]},"properties":{"w":20}},{"type":"Feature","geometry":{"type":"Point","coordinates":[35.22525,31.78125]},"properties":{"w":20}},{"type":"Feature","geometry":{"type":"Point","coordinates":[32.64975,25.69725]},"properties":{"w":20}},{"type":"Feature","geometry":{"type":"Point","coordinates":[35.22525,31.78725]},"properties":{"w":20}},{"type":"Feature","geometry":{"type":"Point","coordinates":[35.64975,34.11975]},"properties":{"w":20}},{"type":"Feature","geometry":{"type":"Point","coordinates":[31.23375,30.01575]},"properties":{"w":20}},{"type":"Feature","geometry":{"type":"Point","coordinates":[36.30225,33.51825]},"properties":{"w":20}},{"type":"Feature","geometry":{"type":"Point","coordinates":[35.15775,31.72875]},"properties":{"w":20}},{"type":"Feature","geometry":{"type":"Point","coordinates":[36.31275,33.51675]},"properties":{"w":20}},{"type":"Feature","geometry":{"type":"Point","coordinates":[35.20875,31.71225]},"properties":{"w":20}},{"type":"Feature","geometry":{"type":"Point","coordinates":[34.98975,32.81775]},"properties":{"w":20}},{"type":"Feature","geometry":{"type":"Point","coordinates":[44.01675,36.18525]},"properties":{"w":20}},{"type":"Feature","geometry":{"type":"Point","coordinates":[35.20125,31.70325]},"properties":{"w":20}},{"type":"Feature","geometry":{"type":"Point","coordinates":[32.64825,25.69425]},"properties":{"w":20}},{"type":"Feature","geometry":{"type":"Point","coordinates":[35.12175,32.70525]},"properties":{"w":20}},{"type":"Feature","geometry":{"type":"Point","coordinates":[46.57875,24.74175]},"properties":{"w":20}},{"type":"Feature","geometry":{"type":"Point","coordinates":[35.73075,32.03925]},"properties":{"w":20}},{"type":"Feature","geometry":{"type":"Point","coordinates":[54.05925,17.01225]},"properties":{"w":20}},{"type":"Feature","geometry":{"type":"Point","coordinates":[33.97575,28.55625]},"properties":{"w":19}},{"type":"Feature","geometry":{"type":"Point","coordinates":[39.18675,21.48675]},"properties":{"w":19}},{"type":"Feature","geometry":{"type":"Point","coordinates":[32.64075,25.69875]},"properties":{"w":19}},{"type":"Feature","geometry":{"type":"Point","coordinates":[37.16025,36.18975]},"properties":{"w":19}},{"type":"Feature","geometry":{"type":"Point","coordinates":[46.56975,24.74025]},"properties":{"w":19}},{"type":"Feature","geometry":{"type":"Point","coordinates":[34.98225,32.81175]},"properties":{"w":19}},{"type":"Feature","geometry":{"type":"Point","coordinates":[34.98975,32.80275]},"properties":{"w":19}},{"type":"Feature","geometry":{"type":"Point","coordinates":[48.33825,33.44925]},"properties":{"w":19}},{"type":"Feature","geometry":{"type":"Point","coordinates":[34.36575,31.45275]},"properties":{"w":19}},{"type":"Feature","geometry":{"type":"Point","coordinates":[35.64375,34.12575]},"properties":{"w":19}},{"type":"Feature","geometry":{"type":"Point","coordinates":[44.00925,36.17925]},"properties":{"w":19}},{"type":"Feature","geometry":{"type":"Point","coordinates":[35.64525,34.12575]},"properties":{"w":19}},{"type":"Feature","geometry":{"type":"Point","coordinates":[35.22225,31.78125]},"properties":{"w":19}},{"type":"Feature","geometry":{"type":"Point","coordinates":[35.22525,31.77975]},"properties":{"w":19}},{"type":"Feature","geometry":{"type":"Point","coordinates":[31.23675,30.00225]},"properties":{"w":19}},{"type":"Feature","geometry":{"type":"Point","coordinates":[35.93325,33.73275]},"properties":{"w":19}},{"type":"Feature","geometry":{"type":"Point","coordinates":[44.00325,36.19125]},"properties":{"w":19}},{"type":"Feature","geometry":{"type":"Point","coordinates":[34.37475,31.44825]},"properties":{"w":19}},{"type":"Feature","geometry":{"type":"Point","coordinates":[34.36275,31.44075]},"properties":{"w":19}},{"type":"Feature","geometry":{"type":"Point","coordinates":[34.37175,31.45125]},"properties":{"w":19}},{"type":"Feature","geometry":{"type":"Point","coordinates":[35.83125,34.44075]},"properties":{"w":19}},{"type":"Feature","geometry":{"type":"Point","coordinates":[35.07525,32.92725]},"properties":{"w":19}},{"type":"Feature","geometry":{"type":"Point","coordinates":[35.13075,32.70675]},"properties":{"w":19}},{"type":"Feature","geometry":{"type":"Point","coordinates":[35.72925,32.03925]},"properties":{"w":19}},{"type":"Feature","geometry":{"type":"Point","coordinates":[52.53525,29.63025]},"properties":{"w":19}},{"type":"Feature","geometry":{"type":"Point","coordinates":[35.12175,32.71125]},"properties":{"w":19}},{"type":"Feature","geometry":{"type":"Point","coordinates":[34.37475,31.44975]},"properties":{"w":19}},{"type":"Feature","geometry":{"type":"Point","coordinates":[44.01975,36.18825]},"properties":{"w":19}},{"type":"Feature","geometry":{"type":"Point","coordinates":[35.82975,34.44525]},"properties":{"w":19}},{"type":"Feature","geometry":{"type":"Point","coordinates":[36.21375,34.01175]},"properties":{"w":19}},{"type":"Feature","geometry":{"type":"Point","coordinates":[34.98675,32.81775]},"properties":{"w":19}},{"type":"Feature","geometry":{"type":"Point","coordinates":[35.83275,34.44075]},"properties":{"w":19}},{"type":"Feature","geometry":{"type":"Point","coordinates":[35.82975,34.43775]},"properties":{"w":19}},{"type":"Feature","geometry":{"type":"Point","coordinates":[34.99575,32.81925]},"properties":{"w":19}},{"type":"Feature","geometry":{"type":"Point","coordinates":[52.53075,29.62575]},"properties":{"w":19}},{"type":"Feature","geometry":{"type":"Point","coordinates":[36.31125,33.50925]},"properties":{"w":19}},{"type":"Feature","geometry":{"type":"Point","coordinates":[35.20125,31.70025]},"properties":{"w":19}},{"type":"Feature","geometry":{"type":"Point","coordinates":[37.15725,36.21075]},"properties":{"w":19}},{"type":"Feature","geometry":{"type":"Point","coordinates":[34.76625,32.07525]},"properties":{"w":19}},{"type":"Feature","geometry":{"type":"Point","coordinates":[36.31275,33.51975]},"properties":{"w":19}},{"type":"Feature","geometry":{"type":"Point","coordinates":[34.37325,31.45575]},"properties":{"w":19}},{"type":"Feature","geometry":{"type":"Point","coordinates":[35.20275,31.71225]},"properties":{"w":19}},{"type":"Feature","geometry":{"type":"Point","coordinates":[50.60775,26.25225]},"properties":{"w":19}},{"type":"Feature","geometry":{"type":"Point","coordinates":[35.12925,32.70225]},"properties":{"w":19}},{"type":"Feature","geometry":{"type":"Point","coordinates":[46.57575,24.74775]},"properties":{"w":19}},{"type":"Feature","geometry":{"type":"Point","coordinates":[34.36875,31.45125]},"properties":{"w":19}},{"type":"Feature","geometry":{"type":"Point","coordinates":[46.57275,24.74475]},"properties":{"w":19}},{"type":"Feature","geometry":{"type":"Point","coordinates":[35.23275,31.77375]},"properties":{"w":19}},{"type":"Feature","geometry":{"type":"Point","coordinates":[34.84125,31.25775]},"properties":{"w":19}},{"type":"Feature","geometry":{"type":"Point","coordinates":[35.72625,32.04075]},"properties":{"w":19}},{"type":"Feature","geometry":{"type":"Point","coordinates":[35.23875,31.77675]},"properties":{"w":19}},{"type":"Feature","geometry":{"type":"Point","coordinates":[34.99125,32.81475]},"properties":{"w":19}},{"type":"Feature","geometry":{"type":"Point","coordinates":[44.00925,36.19275]},"properties":{"w":19}},{"type":"Feature","geometry":{"type":"Point","coordinates":[35.23425,31.77075]},"properties":{"w":19}},{"type":"Feature","geometry":{"type":"Point","coordinates":[35.09925,31.52775]},"properties":{"w":18}},{"type":"Feature","geometry":{"type":"Point","coordinates":[34.36425,31.45275]},"properties":{"w":18}},{"type":"Feature","geometry":{"type":"Point","coordinates":[32.64075,25.69725]},"properties":{"w":18}},{"type":"Feature","geometry":{"type":"Point","coordinates":[34.98675,32.81925]},"properties":{"w":18}},{"type":"Feature","geometry":{"type":"Point","coordinates":[36.31125,33.51975]},"properties":{"w":18}},{"type":"Feature","geometry":{"type":"Point","coordinates":[34.76475,32.07225]},"properties":{"w":18}},{"type":"Feature","geometry":{"type":"Point","coordinates":[35.64525,34.12725]},"properties":{"w":18}},{"type":"Feature","geometry":{"type":"Point","coordinates":[35.82825,34.44375]},"properties":{"w":18}},{"type":"Feature","geometry":{"type":"Point","coordinates":[34.77675,32.09025]},"properties":{"w":18}},{"type":"Feature","geometry":{"type":"Point","coordinates":[36.19725,33.99675]},"properties":{"w":18}},{"type":"Feature","geometry":{"type":"Point","coordinates":[34.98075,32.80575]},"properties":{"w":18}},{"type":"Feature","geometry":{"type":"Point","coordinates":[35.20125,31.71225]},"properties":{"w":18}},{"type":"Feature","geometry":{"type":"Point","coordinates":[34.99125,32.81625]},"properties":{"w":18}},{"type":"Feature","geometry":{"type":"Point","coordinates":[31.23225,30.01575]},"properties":{"w":18}},{"type":"Feature","geometry":{"type":"Point","coordinates":[37.16475,36.18675]},"properties":{"w":18}},{"type":"Feature","geometry":{"type":"Point","coordinates":[34.37325,31.44225]},"properties":{"w":18}},{"type":"Feature","geometry":{"type":"Point","coordinates":[44.00625,36.17625]},"properties":{"w":18}},{"type":"Feature","geometry":{"type":"Point","coordinates":[35.83125,34.44375]},"properties":{"w":18}},{"type":"Feature","geometry":{"type":"Point","coordinates":[34.99125,32.80725]},"properties":{"w":18}},{"type":"Feature","geometry":{"type":"Point","coordinates":[34.98675,32.80275]},"properties":{"w":18}},{"type":"Feature","geometry":{"type":"Point","coordinates":[34.78425,32.07975]},"properties":{"w":18}},{"type":"Feature","geometry":{"type":"Point","coordinates":[35.09925,31.53075]},"properties":{"w":18}},{"type":"Feature","geometry":{"type":"Point","coordinates":[50.50875,26.23275]},"properties":{"w":18}},{"type":"Feature","geometry":{"type":"Point","coordinates":[34.98525,32.81775]},"properties":{"w":18}},{"type":"Feature","geometry":{"type":"Point","coordinates":[34.37325,31.45425]},"properties":{"w":18}},{"type":"Feature","geometry":{"type":"Point","coordinates":[34.99125,32.81325]},"properties":{"w":18}},{"type":"Feature","geometry":{"type":"Point","coordinates":[31.23525,30.00225]},"properties":{"w":18}},{"type":"Feature","geometry":{"type":"Point","coordinates":[35.19975,31.70325]},"properties":{"w":18}},{"type":"Feature","geometry":{"type":"Point","coordinates":[35.82975,34.43925]},"properties":{"w":18}},{"type":"Feature","geometry":{"type":"Point","coordinates":[35.23425,31.78725]},"properties":{"w":18}},{"type":"Feature","geometry":{"type":"Point","coordinates":[52.52925,29.62575]},"properties":{"w":18}},{"type":"Feature","geometry":{"type":"Point","coordinates":[34.98975,32.80575]},"properties":{"w":18}},{"type":"Feature","geometry":{"type":"Point","coordinates":[36.31275,33.51075]},"properties":{"w":18}},{"type":"Feature","geometry":{"type":"Point","coordinates":[34.36725,31.43475]},"properties":{"w":18}},{"type":"Feature","geometry":{"type":"Point","coordinates":[35.23575,31.78575]},"properties":{"w":18}},{"type":"Feature","geometry":{"type":"Point","coordinates":[37.16325,36.18825]},"properties":{"w":18}},{"type":"Feature","geometry":{"type":"Point","coordinates":[35.22975,31.76625]},"properties":{"w":18}},{"type":"Feature","geometry":{"type":"Point","coordinates":[35.22675,31.78425]},"properties":{"w":18}},{"type":"Feature","geometry":{"type":"Point","coordinates":[36.31125,33.52275]},"properties":{"w":18}},{"type":"Feature","geometry":{"type":"Point","coordinates":[35.19375,33.27075]},"properties":{"w":18}},{"type":"Feature","geometry":{"type":"Point","coordinates":[34.77675,32.08575]},"properties":{"w":18}},{"type":"Feature","geometry":{"type":"Point","coordinates":[35.72925,32.04225]},"properties":{"w":18}},{"type":"Feature","geometry":{"type":"Point","coordinates":[34.98975,32.82225]},"properties":{"w":18}},{"type":"Feature","geometry":{"type":"Point","coordinates":[36.20625,34.01775]},"properties":{"w":18}},{"type":"Feature","geometry":{"type":"Point","coordinates":[52.53225,29.62725]},"properties":{"w":18}},{"type":"Feature","geometry":{"type":"Point","coordinates":[36.19575,33.99825]},"properties":{"w":18}},{"type":"Feature","geometry":{"type":"Point","coordinates":[35.13075,32.70525]},"properties":{"w":18}},{"type":"Feature","geometry":{"type":"Point","coordinates":[35.19825,31.70625]},"properties":{"w":18}},{"type":"Feature","geometry":{"type":"Point","coordinates":[35.65425,34.11825]},"properties":{"w":18}},{"type":"Feature","geometry":{"type":"Point","coordinates":[34.98375,32.81025]},"properties":{"w":18}},{"type":"Feature","geometry":{"type":"Point","coordinates":[35.64525,34.12425]},"properties":{"w":18}},{"type":"Feature","geometry":{"type":"Point","coordinates":[35.23275,31.78425]},"properties":{"w":18}},{"type":"Feature","geometry":{"type":"Point","coordinates":[44.01375,36.20325]},"properties":{"w":18}},{"type":"Feature","geometry":{"type":"Point","coordinates":[35.20725,31.70775]},"properties":{"w":18}},{"type":"Feature","geometry":{"type":"Point","coordinates":[35.20125,31.70175]},"properties":{"w":18}},{"type":"Feature","geometry":{"type":"Point","coordinates":[52.52025,29.62275]},"properties":{"w":18}},{"type":"Feature","geometry":{"type":"Point","coordinates":[34.99725,32.81625]},"properties":{"w":18}},{"type":"Feature","geometry":{"type":"Point","coordinates":[35.12325,32.70975]},"properties":{"w":18}},{"type":"Feature","geometry":{"type":"Point","coordinates":[36.30225,33.51225]},"properties":{"w":18}},{"type":"Feature","geometry":{"type":"Point","coordinates":[50.49825,26.07075]},"properties":{"w":18}},{"type":"Feature","geometry":{"type":"Point","coordinates":[34.37025,31.45575]},"properties":{"w":18}},{"type":"Feature","geometry":{"type":"Point","coordinates":[35.09775,31.52325]},"properties":{"w":18}},{"type":"Feature","geometry":{"type":"Point","coordinates":[34.35975,31.43775]},"properties":{"w":18}},{"type":"Feature","geometry":{"type":"Point","coordinates":[35.64225,34.13175]},"properties":{"w":18}},{"type":"Feature","geometry":{"type":"Point","coordinates":[36.04125,34.24125]},"properties":{"w":18}},{"type":"Feature","geometry":{"type":"Point","coordinates":[52.52475,29.62575]},"properties":{"w":18}},{"type":"Feature","geometry":{"type":"Point","coordinates":[50.51175,26.22975]},"properties":{"w":17}},{"type":"Feature","geometry":{"type":"Point","coordinates":[35.24025,31.77225]},"properties":{"w":17}},{"type":"Feature","geometry":{"type":"Point","coordinates":[51.68025,32.66625]},"properties":{"w":17}},{"type":"Feature","geometry":{"type":"Point","coordinates":[38.25675,34.55175]},"properties":{"w":17}},{"type":"Feature","geometry":{"type":"Point","coordinates":[35.64375,34.12725]},"properties":{"w":17}},{"type":"Feature","geometry":{"type":"Point","coordinates":[35.20575,31.70025]},"properties":{"w":17}},{"type":"Feature","geometry":{"type":"Point","coordinates":[35.93175,33.72525]},"properties":{"w":17}},{"type":"Feature","geometry":{"type":"Point","coordinates":[38.27025,34.56675]},"properties":{"w":17}},{"type":"Feature","geometry":{"type":"Point","coordinates":[44.01225,36.19275]},"properties":{"w":17}},{"type":"Feature","geometry":{"type":"Point","coordinates":[50.52075,26.23275]},"properties":{"w":17}},{"type":"Feature","geometry":{"type":"Point","coordinates":[36.20925,34.00125]},"properties":{"w":17}},{"type":"Feature","geometry":{"type":"Point","coordinates":[34.98825,32.82375]},"properties":{"w":17}},{"type":"Feature","geometry":{"type":"Point","coordinates":[34.99425,32.80575]},"properties":{"w":17}},{"type":"Feature","geometry":{"type":"Point","coordinates":[35.07225,32.92875]},"properties":{"w":17}},{"type":"Feature","geometry":{"type":"Point","coordinates":[31.22925,30.01575]},"properties":{"w":17}},{"type":"Feature","geometry":{"type":"Point","coordinates":[34.78125,32.07825]},"properties":{"w":17}},{"type":"Feature","geometry":{"type":"Point","coordinates":[35.23125,31.76475]},"properties":{"w":17}},{"type":"Feature","geometry":{"type":"Point","coordinates":[35.93475,33.72975]},"properties":{"w":17}},{"type":"Feature","geometry":{"type":"Point","coordinates":[35.22525,31.77225]},"properties":{"w":17}},{"type":"Feature","geometry":{"type":"Point","coordinates":[46.57875,24.74325]},"properties":{"w":17}},{"type":"Feature","geometry":{"type":"Point","coordinates":[35.20275,31.70175]},"properties":{"w":17}},{"type":"Feature","geometry":{"type":"Point","coordinates":[35.23575,31.77075]},"properties":{"w":17}},{"type":"Feature","geometry":{"type":"Point","coordinates":[35.64975,34.11675]},"properties":{"w":17}},{"type":"Feature","geometry":{"type":"Point","coordinates":[36.36525,32.33175]},"properties":{"w":17}},{"type":"Feature","geometry":{"type":"Point","coordinates":[35.24025,31.77075]},"properties":{"w":17}},{"type":"Feature","geometry":{"type":"Point","coordinates":[35.65125,34.11675]},"properties":{"w":17}},{"type":"Feature","geometry":{"type":"Point","coordinates":[35.07075,32.93025]},"properties":{"w":17}},{"type":"Feature","geometry":{"type":"Point","coordinates":[36.20025,34.01475]},"properties":{"w":17}},{"type":"Feature","geometry":{"type":"Point","coordinates":[35.22825,31.78425]},"properties":{"w":17}},{"type":"Feature","geometry":{"type":"Point","coordinates":[35.35275,31.31625]},"properties":{"w":17}},{"type":"Feature","geometry":{"type":"Point","coordinates":[35.64975,34.12725]},"properties":{"w":17}},{"type":"Feature","geometry":{"type":"Point","coordinates":[35.20575,31.70475]},"properties":{"w":17}},{"type":"Feature","geometry":{"type":"Point","coordinates":[36.36975,32.33175]},"properties":{"w":17}},{"type":"Feature","geometry":{"type":"Point","coordinates":[51.41925,35.69025]},"properties":{"w":17}},{"type":"Feature","geometry":{"type":"Point","coordinates":[35.92875,33.73425]},"properties":{"w":17}},{"type":"Feature","geometry":{"type":"Point","coordinates":[35.44275,30.32925]},"properties":{"w":17}},{"type":"Feature","geometry":{"type":"Point","coordinates":[35.93025,33.73875]},"properties":{"w":17}},{"type":"Feature","geometry":{"type":"Point","coordinates":[36.30675,33.50925]},"properties":{"w":17}},{"type":"Feature","geometry":{"type":"Point","coordinates":[37.16175,36.19875]},"properties":{"w":17}},{"type":"Feature","geometry":{"type":"Point","coordinates":[47.44425,34.39725]},"properties":{"w":17}},{"type":"Feature","geometry":{"type":"Point","coordinates":[35.72175,32.04075]},"properties":{"w":17}},{"type":"Feature","geometry":{"type":"Point","coordinates":[34.99125,32.82225]},"properties":{"w":17}},{"type":"Feature","geometry":{"type":"Point","coordinates":[46.57725,24.74475]},"properties":{"w":17}},{"type":"Feature","geometry":{"type":"Point","coordinates":[35.73225,32.04075]},"properties":{"w":17}},{"type":"Feature","geometry":{"type":"Point","coordinates":[35.65125,34.11975]},"properties":{"w":17}},{"type":"Feature","geometry":{"type":"Point","coordinates":[35.72475,32.04525]},"properties":{"w":17}},{"type":"Feature","geometry":{"type":"Point","coordinates":[34.78125,32.08125]},"properties":{"w":17}},{"type":"Feature","geometry":{"type":"Point","coordinates":[35.64825,34.11675]},"properties":{"w":17}},{"type":"Feature","geometry":{"type":"Point","coordinates":[34.98375,32.81625]},"properties":{"w":17}},{"type":"Feature","geometry":{"type":"Point","coordinates":[35.13075,32.70975]},"properties":{"w":17}},{"type":"Feature","geometry":{"type":"Point","coordinates":[35.65275,34.11975]},"properties":{"w":17}},{"type":"Feature","geometry":{"type":"Point","coordinates":[34.99125,32.80575]},"properties":{"w":17}},{"type":"Feature","geometry":{"type":"Point","coordinates":[31.23075,30.01725]},"properties":{"w":17}},{"type":"Feature","geometry":{"type":"Point","coordinates":[36.20775,34.01775]},"properties":{"w":17}},{"type":"Feature","geometry":{"type":"Point","coordinates":[35.19825,31.70325]},"properties":{"w":17}},{"type":"Feature","geometry":{"type":"Point","coordinates":[35.24025,31.77375]},"properties":{"w":17}},{"type":"Feature","geometry":{"type":"Point","coordinates":[38.26875,34.55025]},"properties":{"w":17}},{"type":"Feature","geometry":{"type":"Point","coordinates":[35.64675,34.11975]},"properties":{"w":17}},{"type":"Feature","geometry":{"type":"Point","coordinates":[35.20125,31.70775]},"properties":{"w":17}},{"type":"Feature","geometry":{"type":"Point","coordinates":[34.36875,31.44525]},"properties":{"w":17}},{"type":"Feature","geometry":{"type":"Point","coordinates":[34.78275,32.07975]},"properties":{"w":17}},{"type":"Feature","geometry":{"type":"Point","coordinates":[35.72475,32.03625]},"properties":{"w":17}},{"type":"Feature","geometry":{"type":"Point","coordinates":[35.44125,30.32925]},"properties":{"w":17}},{"type":"Feature","geometry":{"type":"Point","coordinates":[35.22675,31.78125]},"properties":{"w":17}},{"type":"Feature","geometry":{"type":"Point","coordinates":[34.99725,32.81775]},"properties":{"w":17}},{"type":"Feature","geometry":{"type":"Point","coordinates":[37.16775,36.19575]},"properties":{"w":17}},{"type":"Feature","geometry":{"type":"Point","coordinates":[35.12775,32.71125]},"properties":{"w":17}},{"type":"Feature","geometry":{"type":"Point","coordinates":[44.01075,36.19275]},"properties":{"w":17}},{"type":"Feature","geometry":{"type":"Point","coordinates":[36.19725,34.00575]},"properties":{"w":17}},{"type":"Feature","geometry":{"type":"Point","coordinates":[35.72175,32.05125]},"properties":{"w":17}},{"type":"Feature","geometry":{"type":"Point","coordinates":[31.23675,30.00675]},"properties":{"w":17}},{"type":"Feature","geometry":{"type":"Point","coordinates":[44.00325,36.19725]},"properties":{"w":17}},{"type":"Feature","geometry":{"type":"Point","coordinates":[35.20575,33.27225]},"properties":{"w":17}},{"type":"Feature","geometry":{"type":"Point","coordinates":[35.23725,31.77825]},"properties":{"w":17}},{"type":"Feature","geometry":{"type":"Point","coordinates":[50.51025,26.23275]},"properties":{"w":17}},{"type":"Feature","geometry":{"type":"Point","coordinates":[35.72325,32.04225]},"properties":{"w":17}},{"type":"Feature","geometry":{"type":"Point","coordinates":[36.30675,33.51975]},"properties":{"w":17}},{"type":"Feature","geometry":{"type":"Point","coordinates":[32.63325,25.70475]},"properties":{"w":17}},{"type":"Feature","geometry":{"type":"Point","coordinates":[35.15925,31.72875]},"properties":{"w":17}},{"type":"Feature","geometry":{"type":"Point","coordinates":[35.12775,32.70225]},"properties":{"w":16}},{"type":"Feature","geometry":{"type":"Point","coordinates":[37.95375,26.78925]},"properties":{"w":16}},{"type":"Feature","geometry":{"type":"Point","coordinates":[35.07375,32.92875]},"properties":{"w":16}},{"type":"Feature","geometry":{"type":"Point","coordinates":[34.36125,31.44225]},"properties":{"w":16}},{"type":"Feature","geometry":{"type":"Point","coordinates":[35.65275,34.12125]},"properties":{"w":16}},{"type":"Feature","geometry":{"type":"Point","coordinates":[32.64825,25.70025]},"properties":{"w":16}},{"type":"Feature","geometry":{"type":"Point","coordinates":[35.20575,33.26625]},"properties":{"w":16}},{"type":"Feature","geometry":{"type":"Point","coordinates":[36.31275,33.51825]},"properties":{"w":16}},{"type":"Feature","geometry":{"type":"Point","coordinates":[44.01525,36.18525]},"properties":{"w":16}},{"type":"Feature","geometry":{"type":"Point","coordinates":[44.01375,36.17925]},"properties":{"w":16}},{"type":"Feature","geometry":{"type":"Point","coordinates":[36.19875,34.00575]},"properties":{"w":16}},{"type":"Feature","geometry":{"type":"Point","coordinates":[46.29675,38.08275]},"properties":{"w":16}},{"type":"Feature","geometry":{"type":"Point","coordinates":[36.20175,34.01475]},"properties":{"w":16}},{"type":"Feature","geometry":{"type":"Point","coordinates":[35.10675,31.52625]},"properties":{"w":16}},{"type":"Feature","geometry":{"type":"Point","coordinates":[35.64675,34.12725]},"properties":{"w":16}},{"type":"Feature","geometry":{"type":"Point","coordinates":[36.31425,33.51675]},"properties":{"w":16}},{"type":"Feature","geometry":{"type":"Point","coordinates":[34.97925,32.81475]},"properties":{"w":16}},{"type":"Feature","geometry":{"type":"Point","coordinates":[35.72325,32.03925]},"properties":{"w":16}},{"type":"Feature","geometry":{"type":"Point","coordinates":[44.01525,36.19575]},"properties":{"w":16}},{"type":"Feature","geometry":{"type":"Point","coordinates":[46.58025,24.74025]},"properties":{"w":16}},{"type":"Feature","geometry":{"type":"Point","coordinates":[34.36575,31.44075]},"properties":{"w":16}},{"type":"Feature","geometry":{"type":"Point","coordinates":[35.20575,33.26925]},"properties":{"w":16}},{"type":"Feature","geometry":{"type":"Point","coordinates":[35.83125,34.43775]},"properties":{"w":16}},{"type":"Feature","geometry":{"type":"Point","coordinates":[34.36875,31.45275]},"properties":{"w":16}},{"type":"Feature","geometry":{"type":"Point","coordinates":[52.52025,29.62425]},"properties":{"w":16}},{"type":"Feature","geometry":{"type":"Point","coordinates":[37.94625,26.78175]},"properties":{"w":16}},{"type":"Feature","geometry":{"type":"Point","coordinates":[36.19425,34.00425]},"properties":{"w":16}},{"type":"Feature","geometry":{"type":"Point","coordinates":[35.09925,31.52625]},"properties":{"w":16}},{"type":"Feature","geometry":{"type":"Point","coordinates":[35.23125,31.78275]},"properties":{"w":16}},{"type":"Feature","geometry":{"type":"Point","coordinates":[35.23875,31.78725]},"properties":{"w":16}},{"type":"Feature","geometry":{"type":"Point","coordinates":[35.73075,32.04375]},"properties":{"w":16}},{"type":"Feature","geometry":{"type":"Point","coordinates":[37.95975,26.78925]},"properties":{"w":16}},{"type":"Feature","geometry":{"type":"Point","coordinates":[35.72775,32.03775]},"properties":{"w":16}},{"type":"Feature","geometry":{"type":"Point","coordinates":[35.22975,31.77075]},"properties":{"w":16}},{"type":"Feature","geometry":{"type":"Point","coordinates":[50.60775,26.25375]},"properties":{"w":16}},{"type":"Feature","geometry":{"type":"Point","coordinates":[35.23725,31.77525]},"properties":{"w":16}},{"type":"Feature","geometry":{"type":"Point","coordinates":[34.98375,32.81775]},"properties":{"w":16}},{"type":"Feature","geometry":{"type":"Point","coordinates":[54.06075,17.01375]},"properties":{"w":16}},{"type":"Feature","geometry":{"type":"Point","coordinates":[36.20325,34.00275]},"properties":{"w":16}},{"type":"Feature","geometry":{"type":"Point","coordinates":[42.71775,35.58975]},"properties":{"w":16}},{"type":"Feature","geometry":{"type":"Point","coordinates":[35.55075,31.83675]},"properties":{"w":16}},{"type":"Feature","geometry":{"type":"Point","coordinates":[35.55375,31.83675]},"properties":{"w":16}},{"type":"Feature","geometry":{"type":"Point","coordinates":[35.07375,32.92575]},"properties":{"w":16}},{"type":"Feature","geometry":{"type":"Point","coordinates":[35.72925,32.04525]},"properties":{"w":16}},{"type":"Feature","geometry":{"type":"Point","coordinates":[34.99575,32.82075]},"properties":{"w":16}},{"type":"Feature","geometry":{"type":"Point","coordinates":[37.15725,36.19875]},"properties":{"w":16}},{"type":"Feature","geometry":{"type":"Point","coordinates":[34.98075,32.81175]},"properties":{"w":16}},{"type":"Feature","geometry":{"type":"Point","coordinates":[36.36825,32.33025]},"properties":{"w":16}},{"type":"Feature","geometry":{"type":"Point","coordinates":[35.82975,34.44225]},"properties":{"w":16}},{"type":"Feature","geometry":{"type":"Point","coordinates":[35.82975,34.44075]},"properties":{"w":16}},{"type":"Feature","geometry":{"type":"Point","coordinates":[34.98975,32.81325]},"properties":{"w":16}},{"type":"Feature","geometry":{"type":"Point","coordinates":[36.31125,33.52125]},"properties":{"w":16}},{"type":"Feature","geometry":{"type":"Point","coordinates":[52.53375,29.62575]},"properties":{"w":16}},{"type":"Feature","geometry":{"type":"Point","coordinates":[36.20475,34.01625]},"properties":{"w":16}},{"type":"Feature","geometry":{"type":"Point","coordinates":[34.98975,32.80875]},"properties":{"w":16}},{"type":"Feature","geometry":{"type":"Point","coordinates":[34.35675,31.44225]},"properties":{"w":16}},{"type":"Feature","geometry":{"type":"Point","coordinates":[35.83275,34.44225]},"properties":{"w":16}},{"type":"Feature","geometry":{"type":"Point","coordinates":[34.98825,32.81775]},"properties":{"w":16}},{"type":"Feature","geometry":{"type":"Point","coordinates":[38.26125,34.55475]},"properties":{"w":16}},{"type":"Feature","geometry":{"type":"Point","coordinates":[35.10375,31.53075]},"properties":{"w":16}},{"type":"Feature","geometry":{"type":"Point","coordinates":[34.78275,32.07375]},"properties":{"w":16}},{"type":"Feature","geometry":{"type":"Point","coordinates":[37.94475,26.78175]},"properties":{"w":16}},{"type":"Feature","geometry":{"type":"Point","coordinates":[34.77375,32.07825]},"properties":{"w":16}},{"type":"Feature","geometry":{"type":"Point","coordinates":[34.37175,31.44975]},"properties":{"w":16}},{"type":"Feature","geometry":{"type":"Point","coordinates":[34.99275,32.80425]},"properties":{"w":16}},{"type":"Feature","geometry":{"type":"Point","coordinates":[35.65425,34.11225]},"properties":{"w":16}},{"type":"Feature","geometry":{"type":"Point","coordinates":[35.83275,34.43175]},"properties":{"w":16}},{"type":"Feature","geometry":{"type":"Point","coordinates":[58.38825,29.08575]},"properties":{"w":16}},{"type":"Feature","geometry":{"type":"Point","coordinates":[32.64075,25.70175]},"properties":{"w":16}},{"type":"Feature","geometry":{"type":"Point","coordinates":[35.83275,34.44375]},"properties":{"w":16}},{"type":"Feature","geometry":{"type":"Point","coordinates":[35.82675,34.44525]},"properties":{"w":16}},{"type":"Feature","geometry":{"type":"Point","coordinates":[36.20325,34.01025]},"properties":{"w":16}},{"type":"Feature","geometry":{"type":"Point","coordinates":[31.62675,22.33725]},"properties":{"w":16}},{"type":"Feature","geometry":{"type":"Point","coordinates":[46.58175,24.74175]},"properties":{"w":16}},{"type":"Feature","geometry":{"type":"Point","coordinates":[37.15425,36.20775]},"properties":{"w":16}},{"type":"Feature","geometry":{"type":"Point","coordinates":[52.52475,29.62725]},"properties":{"w":16}},{"type":"Feature","geometry":{"type":"Point","coordinates":[46.57575,24.74325]},"properties":{"w":16}},{"type":"Feature","geometry":{"type":"Point","coordinates":[43.25775,35.45925]},"properties":{"w":16}},{"type":"Feature","geometry":{"type":"Point","coordinates":[44.00775,36.18975]},"properties":{"w":15}},{"type":"Feature","geometry":{"type":"Point","coordinates":[36.21375,34.01325]},"properties":{"w":15}},{"type":"Feature","geometry":{"type":"Point","coordinates":[34.98075,32.82075]},"properties":{"w":15}},{"type":"Feature","geometry":{"type":"Point","coordinates":[44.00025,36.18675]},"properties":{"w":15}},{"type":"Feature","geometry":{"type":"Point","coordinates":[43.99875,36.18975]},"properties":{"w":15}},{"type":"Feature","geometry":{"type":"Point","coordinates":[34.36725,31.44675]},"properties":{"w":15}},{"type":"Feature","geometry":{"type":"Point","coordinates":[35.07375,32.93175]},"properties":{"w":15}},{"type":"Feature","geometry":{"type":"Point","coordinates":[34.37325,31.44075]},"properties":{"w":15}},{"type":"Feature","geometry":{"type":"Point","coordinates":[48.29775,38.25075]},"properties":{"w":15}},{"type":"Feature","geometry":{"type":"Point","coordinates":[46.57425,24.73275]},"properties":{"w":15}},{"type":"Feature","geometry":{"type":"Point","coordinates":[34.37625,31.44825]},"properties":{"w":15}},{"type":"Feature","geometry":{"type":"Point","coordinates":[32.64975,25.70025]},"properties":{"w":15}},{"type":"Feature","geometry":{"type":"Point","coordinates":[35.12325,32.71275]},"properties":{"w":15}},{"type":"Feature","geometry":{"type":"Point","coordinates":[35.93025,33.72675]},"properties":{"w":15}},{"type":"Feature","geometry":{"type":"Point","coordinates":[35.12925,32.71425]},"properties":{"w":15}},{"type":"Feature","geometry":{"type":"Point","coordinates":[35.21175,31.71375]},"properties":{"w":15}},{"type":"Feature","geometry":{"type":"Point","coordinates":[35.81925,34.44675]},"properties":{"w":15}},{"type":"Feature","geometry":{"type":"Point","coordinates":[44.01825,36.19575]},"properties":{"w":15}},{"type":"Feature","geometry":{"type":"Point","coordinates":[35.09925,31.52475]},"properties":{"w":15}},{"type":"Feature","geometry":{"type":"Point","coordinates":[36.19575,34.00575]},"properties":{"w":15}},{"type":"Feature","geometry":{"type":"Point","coordinates":[34.99575,32.81025]},"properties":{"w":15}},{"type":"Feature","geometry":{"type":"Point","coordinates":[36.21075,33.99825]},"properties":{"w":15}},{"type":"Feature","geometry":{"type":"Point","coordinates":[36.19725,34.00125]},"properties":{"w":15}},{"type":"Feature","geometry":{"type":"Point","coordinates":[34.99725,32.81475]},"properties":{"w":15}},{"type":"Feature","geometry":{"type":"Point","coordinates":[37.16025,36.20175]},"properties":{"w":15}},{"type":"Feature","geometry":{"type":"Point","coordinates":[31.22925,30.00525]},"properties":{"w":15}},{"type":"Feature","geometry":{"type":"Point","coordinates":[36.20025,34.01325]},"properties":{"w":15}},{"type":"Feature","geometry":{"type":"Point","coordinates":[37.15575,36.20325]},"properties":{"w":15}},{"type":"Feature","geometry":{"type":"Point","coordinates":[37.15875,36.20175]},"properties":{"w":15}},{"type":"Feature","geometry":{"type":"Point","coordinates":[36.20025,33.99825]},"properties":{"w":15}},{"type":"Feature","geometry":{"type":"Point","coordinates":[35.23425,31.78875]},"properties":{"w":15}},{"type":"Feature","geometry":{"type":"Point","coordinates":[44.00925,36.18825]},"properties":{"w":15}},{"type":"Feature","geometry":{"type":"Point","coordinates":[44.01375,36.18075]},"properties":{"w":15}},{"type":"Feature","geometry":{"type":"Point","coordinates":[34.78275,32.07525]},"properties":{"w":15}},{"type":"Feature","geometry":{"type":"Point","coordinates":[35.64825,34.11975]},"properties":{"w":15}},{"type":"Feature","geometry":{"type":"Point","coordinates":[35.73225,32.03625]},"properties":{"w":15}},{"type":"Feature","geometry":{"type":"Point","coordinates":[35.92875,33.72825]},"properties":{"w":15}},{"type":"Feature","geometry":{"type":"Point","coordinates":[32.64375,25.70175]},"properties":{"w":15}},{"type":"Feature","geometry":{"type":"Point","coordinates":[46.56525,24.74175]},"properties":{"w":15}},{"type":"Feature","geometry":{"type":"Point","coordinates":[44.00325,36.18825]},"properties":{"w":15}},{"type":"Feature","geometry":{"type":"Point","coordinates":[46.29225,38.07825]},"properties":{"w":15}},{"type":"Feature","geometry":{"type":"Point","coordinates":[34.98975,32.82075]},"properties":{"w":15}},{"type":"Feature","geometry":{"type":"Point","coordinates":[35.12325,32.70375]},"properties":{"w":15}},{"type":"Feature","geometry":{"type":"Point","coordinates":[35.94075,33.72975]},"properties":{"w":15}},{"type":"Feature","geometry":{"type":"Point","coordinates":[35.23275,31.78575]},"properties":{"w":15}},{"type":"Feature","geometry":{"type":"Point","coordinates":[34.98375,32.80425]},"properties":{"w":15}},{"type":"Feature","geometry":{"type":"Point","coordinates":[36.31275,33.52125]},"properties":{"w":15}},{"type":"Feature","geometry":{"type":"Point","coordinates":[34.78275,32.07075]},"properties":{"w":15}},{"type":"Feature","geometry":{"type":"Point","coordinates":[34.36875,31.45425]},"properties":{"w":15}},{"type":"Feature","geometry":{"type":"Point","coordinates":[35.72175,32.04975]},"properties":{"w":15}},{"type":"Feature","geometry":{"type":"Point","coordinates":[35.72475,32.04075]},"properties":{"w":15}},{"type":"Feature","geometry":{"type":"Point","coordinates":[35.23275,31.76475]},"properties":{"w":15}},{"type":"Feature","geometry":{"type":"Point","coordinates":[35.20575,33.26775]},"properties":{"w":15}},{"type":"Feature","geometry":{"type":"Point","coordinates":[35.82825,34.44225]},"properties":{"w":15}},{"type":"Feature","geometry":{"type":"Point","coordinates":[44.00925,36.18375]},"properties":{"w":15}},{"type":"Feature","geometry":{"type":"Point","coordinates":[35.72175,32.04225]},"properties":{"w":15}},{"type":"Feature","geometry":{"type":"Point","coordinates":[44.42325,32.54175]},"properties":{"w":15}},{"type":"Feature","geometry":{"type":"Point","coordinates":[44.00025,36.19275]},"properties":{"w":15}},{"type":"Feature","geometry":{"type":"Point","coordinates":[36.21075,34.01625]},"properties":{"w":15}},{"type":"Feature","geometry":{"type":"Point","coordinates":[32.64375,25.69725]},"properties":{"w":15}},{"type":"Feature","geometry":{"type":"Point","coordinates":[52.52925,29.62125]},"properties":{"w":15}},{"type":"Feature","geometry":{"type":"Point","coordinates":[35.23425,31.78575]},"properties":{"w":15}},{"type":"Feature","geometry":{"type":"Point","coordinates":[35.23875,31.76925]},"properties":{"w":15}},{"type":"Feature","geometry":{"type":"Point","coordinates":[35.20875,31.69575]},"properties":{"w":15}},{"type":"Feature","geometry":{"type":"Point","coordinates":[51.41925,35.68875]},"properties":{"w":15}},{"type":"Feature","geometry":{"type":"Point","coordinates":[35.23275,31.79025]},"properties":{"w":15}},{"type":"Feature","geometry":{"type":"Point","coordinates":[35.19975,31.71225]},"properties":{"w":15}},{"type":"Feature","geometry":{"type":"Point","coordinates":[35.64975,34.12875]},"properties":{"w":15}},{"type":"Feature","geometry":{"type":"Point","coordinates":[35.20725,31.71525]},"properties":{"w":15}},{"type":"Feature","geometry":{"type":"Point","coordinates":[34.76775,32.07975]},"properties":{"w":15}},{"type":"Feature","geometry":{"type":"Point","coordinates":[35.64825,34.12125]},"properties":{"w":15}},{"type":"Feature","geometry":{"type":"Point","coordinates":[50.50125,26.07075]},"properties":{"w":15}},{"type":"Feature","geometry":{"type":"Point","coordinates":[35.23125,31.79025]},"properties":{"w":15}},{"type":"Feature","geometry":{"type":"Point","coordinates":[44.01075,36.17775]},"properties":{"w":15}},{"type":"Feature","geometry":{"type":"Point","coordinates":[35.82675,34.44225]},"properties":{"w":15}},{"type":"Feature","geometry":{"type":"Point","coordinates":[31.23375,30.00375]},"properties":{"w":15}},{"type":"Feature","geometry":{"type":"Point","coordinates":[37.16775,36.19125]},"properties":{"w":15}},{"type":"Feature","geometry":{"type":"Point","coordinates":[44.00175,36.18975]},"properties":{"w":15}},{"type":"Feature","geometry":{"type":"Point","coordinates":[31.23075,30.00225]},"properties":{"w":15}},{"type":"Feature","geometry":{"type":"Point","coordinates":[36.19875,34.01475]},"properties":{"w":15}},{"type":"Feature","geometry":{"type":"Point","coordinates":[36.20325,34.01175]},"properties":{"w":15}},{"type":"Feature","geometry":{"type":"Point","coordinates":[34.37175,31.45275]},"properties":{"w":15}},{"type":"Feature","geometry":{"type":"Point","coordinates":[35.22825,31.76625]},"properties":{"w":15}},{"type":"Feature","geometry":{"type":"Point","coordinates":[34.97775,32.81325]},"properties":{"w":15}},{"type":"Feature","geometry":{"type":"Point","coordinates":[34.98975,32.81175]},"properties":{"w":15}},{"type":"Feature","geometry":{"type":"Point","coordinates":[34.77075,32.08725]},"properties":{"w":15}},{"type":"Feature","geometry":{"type":"Point","coordinates":[34.98975,32.81625]},"properties":{"w":15}},{"type":"Feature","geometry":{"type":"Point","coordinates":[35.07375,32.92725]},"properties":{"w":15}},{"type":"Feature","geometry":{"type":"Point","coordinates":[34.99125,32.80425]},"properties":{"w":15}},{"type":"Feature","geometry":{"type":"Point","coordinates":[34.98825,32.81925]},"properties":{"w":14}},{"type":"Feature","geometry":{"type":"Point","coordinates":[35.20275,31.70475]},"properties":{"w":14}},{"type":"Feature","geometry":{"type":"Point","coordinates":[44.42325,32.54325]},"properties":{"w":14}},{"type":"Feature","geometry":{"type":"Point","coordinates":[35.12925,32.71125]},"properties":{"w":14}},{"type":"Feature","geometry":{"type":"Point","coordinates":[35.13075,32.70225]},"properties":{"w":14}},{"type":"Feature","geometry":{"type":"Point","coordinates":[50.49975,26.06925]},"properties":{"w":14}},{"type":"Feature","geometry":{"type":"Point","coordinates":[35.19825,33.27225]},"properties":{"w":14}},{"type":"Feature","geometry":{"type":"Point","coordinates":[35.83125,34.43175]},"properties":{"w":14}},{"type":"Feature","geometry":{"type":"Point","coordinates":[35.64525,34.12125]},"properties":{"w":14}},{"type":"Feature","geometry":{"type":"Point","coordinates":[35.12325,32.70675]},"properties":{"w":14}},{"type":"Feature","geometry":{"type":"Point","coordinates":[46.57275,24.74175]},"properties":{"w":14}},{"type":"Feature","geometry":{"type":"Point","coordinates":[50.61825,26.25225]},"properties":{"w":14}},{"type":"Feature","geometry":{"type":"Point","coordinates":[34.78275,32.07825]},"properties":{"w":14}},{"type":"Feature","geometry":{"type":"Point","coordinates":[35.06925,32.91975]},"properties":{"w":14}},{"type":"Feature","geometry":{"type":"Point","coordinates":[34.99125,32.81775]},"properties":{"w":14}},{"type":"Feature","geometry":{"type":"Point","coordinates":[36.30375,33.52125]},"properties":{"w":14}},{"type":"Feature","geometry":{"type":"Point","coordinates":[35.73075,32.03775]},"properties":{"w":14}},{"type":"Feature","geometry":{"type":"Point","coordinates":[44.00625,36.19275]},"properties":{"w":14}},{"type":"Feature","geometry":{"type":"Point","coordinates":[35.64675,34.12275]},"properties":{"w":14}},{"type":"Feature","geometry":{"type":"Point","coordinates":[35.16075,31.72575]},"properties":{"w":14}},{"type":"Feature","geometry":{"type":"Point","coordinates":[36.36525,32.33325]},"properties":{"w":14}},{"type":"Feature","geometry":{"type":"Point","coordinates":[34.36875,31.44975]},"properties":{"w":14}},{"type":"Feature","geometry":{"type":"Point","coordinates":[35.65275,34.12725]},"properties":{"w":14}},{"type":"Feature","geometry":{"type":"Point","coordinates":[43.99875,36.19575]},"properties":{"w":14}},{"type":"Feature","geometry":{"type":"Point","coordinates":[43.99875,36.19125]},"properties":{"w":14}},{"type":"Feature","geometry":{"type":"Point","coordinates":[34.98525,32.80725]},"properties":{"w":14}},{"type":"Feature","geometry":{"type":"Point","coordinates":[34.37475,31.44675]},"properties":{"w":14}},{"type":"Feature","geometry":{"type":"Point","coordinates":[44.42475,32.54025]},"properties":{"w":14}},{"type":"Feature","geometry":{"type":"Point","coordinates":[35.65425,34.12275]},"properties":{"w":14}},{"type":"Feature","geometry":{"type":"Point","coordinates":[31.23525,30.01875]},"properties":{"w":14}},{"type":"Feature","geometry":{"type":"Point","coordinates":[34.37325,31.45725]},"properties":{"w":14}},{"type":"Feature","geometry":{"type":"Point","coordinates":[35.21025,31.71375]},"properties":{"w":14}},{"type":"Feature","geometry":{"type":"Point","coordinates":[34.77975,32.08875]},"properties":{"w":14}},{"type":"Feature","geometry":{"type":"Point","coordinates":[35.13225,32.70975]},"properties":{"w":14}},{"type":"Feature","geometry":{"type":"Point","coordinates":[35.65575,34.11825]},"properties":{"w":14}},{"type":"Feature","geometry":{"type":"Point","coordinates":[36.20325,34.01325]},"properties":{"w":14}},{"type":"Feature","geometry":{"type":"Point","coordinates":[39.18675,21.48525]},"properties":{"w":14}},{"type":"Feature","geometry":{"type":"Point","coordinates":[46.29525,38.07975]},"properties":{"w":14}},{"type":"Feature","geometry":{"type":"Point","coordinates":[35.20275,31.70025]},"properties":{"w":14}},{"type":"Feature","geometry":{"type":"Point","coordinates":[34.37025,31.45725]},"properties":{"w":14}},{"type":"Feature","geometry":{"type":"Point","coordinates":[35.93775,33.73275]},"properties":{"w":14}},{"type":"Feature","geometry":{"type":"Point","coordinates":[35.82525,34.44225]},"properties":{"w":14}},{"type":"Feature","geometry":{"type":"Point","coordinates":[35.20275,31.69875]},"properties":{"w":14}},{"type":"Feature","geometry":{"type":"Point","coordinates":[44.01525,36.19875]},"properties":{"w":14}},{"type":"Feature","geometry":{"type":"Point","coordinates":[35.82825,34.44525]},"properties":{"w":14}},{"type":"Feature","geometry":{"type":"Point","coordinates":[35.06925,32.92275]},"properties":{"w":14}},{"type":"Feature","geometry":{"type":"Point","coordinates":[50.60775,26.25525]},"properties":{"w":14}},{"type":"Feature","geometry":{"type":"Point","coordinates":[44.00325,36.19275]},"properties":{"w":14}},{"type":"Feature","geometry":{"type":"Point","coordinates":[46.58025,24.74475]},"properties":{"w":14}},{"type":"Feature","geometry":{"type":"Point","coordinates":[35.64375,34.13025]},"properties":{"w":14}},{"type":"Feature","geometry":{"type":"Point","coordinates":[31.23225,30.00825]},"properties":{"w":14}},{"type":"Feature","geometry":{"type":"Point","coordinates":[34.36875,31.43475]},"properties":{"w":14}},{"type":"Feature","geometry":{"type":"Point","coordinates":[44.00475,36.19275]},"properties":{"w":14}},{"type":"Feature","geometry":{"type":"Point","coordinates":[35.23125,31.78875]},"properties":{"w":14}},{"type":"Feature","geometry":{"type":"Point","coordinates":[35.19675,33.26925]},"properties":{"w":14}},{"type":"Feature","geometry":{"type":"Point","coordinates":[35.22225,31.77975]},"properties":{"w":14}},{"type":"Feature","geometry":{"type":"Point","coordinates":[35.16075,31.72725]},"properties":{"w":14}},{"type":"Feature","geometry":{"type":"Point","coordinates":[35.20725,31.70325]},"properties":{"w":14}},{"type":"Feature","geometry":{"type":"Point","coordinates":[35.20725,31.70475]},"properties":{"w":14}},{"type":"Feature","geometry":{"type":"Point","coordinates":[50.51025,26.22975]},"properties":{"w":14}},{"type":"Feature","geometry":{"type":"Point","coordinates":[34.36725,31.45425]},"properties":{"w":14}},{"type":"Feature","geometry":{"type":"Point","coordinates":[36.20475,34.00875]},"properties":{"w":14}},{"type":"Feature","geometry":{"type":"Point","coordinates":[36.31575,33.51225]},"properties":{"w":14}},{"type":"Feature","geometry":{"type":"Point","coordinates":[35.72925,32.03775]},"properties":{"w":14}},{"type":"Feature","geometry":{"type":"Point","coordinates":[35.07525,32.92425]},"properties":{"w":14}},{"type":"Feature","geometry":{"type":"Point","coordinates":[36.19425,34.00575]},"properties":{"w":14}},{"type":"Feature","geometry":{"type":"Point","coordinates":[35.22525,31.78425]},"properties":{"w":14}},{"type":"Feature","geometry":{"type":"Point","coordinates":[34.98675,32.82225]},"properties":{"w":14}},{"type":"Feature","geometry":{"type":"Point","coordinates":[44.01225,36.18825]},"properties":{"w":14}},{"type":"Feature","geometry":{"type":"Point","coordinates":[46.56525,24.73575]},"properties":{"w":14}},{"type":"Feature","geometry":{"type":"Point","coordinates":[35.12175,32.70975]},"properties":{"w":14}},{"type":"Feature","geometry":{"type":"Point","coordinates":[31.23975,30.01425]},"properties":{"w":14}},{"type":"Feature","geometry":{"type":"Point","coordinates":[36.37575,32.32425]},"properties":{"w":14}},{"type":"Feature","geometry":{"type":"Point","coordinates":[35.64825,34.12275]},"properties":{"w":14}},{"type":"Feature","geometry":{"type":"Point","coordinates":[36.36825,32.33175]},"properties":{"w":14}},{"type":"Feature","geometry":{"type":"Point","coordinates":[46.57275,24.74325]},"properties":{"w":14}},{"type":"Feature","geometry":{"type":"Point","coordinates":[35.93325,33.72525]},"properties":{"w":14}},{"type":"Feature","geometry":{"type":"Point","coordinates":[35.64975,34.13025]},"properties":{"w":14}},{"type":"Feature","geometry":{"type":"Point","coordinates":[34.99275,32.81925]},"properties":{"w":14}},{"type":"Feature","geometry":{"type":"Point","coordinates":[34.98525,32.82675]},"properties":{"w":14}},{"type":"Feature","geometry":{"type":"Point","coordinates":[34.98975,32.81025]},"properties":{"w":14}},{"type":"Feature","geometry":{"type":"Point","coordinates":[35.21475,31.71225]},"properties":{"w":14}},{"type":"Feature","geometry":{"type":"Point","coordinates":[36.30825,33.51075]},"properties":{"w":14}},{"type":"Feature","geometry":{"type":"Point","coordinates":[34.77975,32.08275]},"properties":{"w":14}},{"type":"Feature","geometry":{"type":"Point","coordinates":[31.23075,30.01875]},"properties":{"w":14}},{"type":"Feature","geometry":{"type":"Point","coordinates":[32.64225,25.69575]},"properties":{"w":13}},{"type":"Feature","geometry":{"type":"Point","coordinates":[34.36575,31.45425]},"properties":{"w":13}},{"type":"Feature","geometry":{"type":"Point","coordinates":[35.07225,32.93175]},"properties":{"w":13}},{"type":"Feature","geometry":{"type":"Point","coordinates":[35.06775,32.91975]},"properties":{"w":13}},{"type":"Feature","geometry":{"type":"Point","coordinates":[35.72775,32.03475]},"properties":{"w":13}},{"type":"Feature","geometry":{"type":"Point","coordinates":[34.98225,32.80725]},"properties":{"w":13}},{"type":"Feature","geometry":{"type":"Point","coordinates":[35.93025,33.72375]},"properties":{"w":13}},{"type":"Feature","geometry":{"type":"Point","coordinates":[44.00325,36.18375]},"properties":{"w":13}},{"type":"Feature","geometry":{"type":"Point","coordinates":[34.98375,32.80575]},"properties":{"w":13}},{"type":"Feature","geometry":{"type":"Point","coordinates":[36.30675,33.51375]},"properties":{"w":13}},{"type":"Feature","geometry":{"type":"Point","coordinates":[34.36125,31.44375]},"properties":{"w":13}},{"type":"Feature","geometry":{"type":"Point","coordinates":[36.19725,34.01475]},"properties":{"w":13}},{"type":"Feature","geometry":{"type":"Point","coordinates":[35.64525,34.12275]},"properties":{"w":13}},{"type":"Feature","geometry":{"type":"Point","coordinates":[34.98225,32.81025]},"properties":{"w":13}},{"type":"Feature","geometry":{"type":"Point","coordinates":[35.72475,32.04675]},"properties":{"w":13}},{"type":"Feature","geometry":{"type":"Point","coordinates":[35.07525,32.92575]},"properties":{"w":13}},{"type":"Feature","geometry":{"type":"Point","coordinates":[35.19225,33.27375]},"properties":{"w":13}},{"type":"Feature","geometry":{"type":"Point","coordinates":[37.16925,36.20625]},"properties":{"w":13}},{"type":"Feature","geometry":{"type":"Point","coordinates":[35.24025,31.77975]},"properties":{"w":13}},{"type":"Feature","geometry":{"type":"Point","coordinates":[44.00025,36.19425]},"properties":{"w":13}},{"type":"Feature","geometry":{"type":"Point","coordinates":[35.15325,31.70925]},"properties":{"w":13}},{"type":"Feature","geometry":{"type":"Point","coordinates":[54.38025,27.20625]},"properties":{"w":13}},{"type":"Feature","geometry":{"type":"Point","coordinates":[36.29775,34.76025]},"properties":{"w":13}},{"type":"Feature","geometry":{"type":"Point","coordinates":[35.82525,34.44525]},"properties":{"w":13}},{"type":"Feature","geometry":{"type":"Point","coordinates":[44.01075,36.18375]},"properties":{"w":13}},{"type":"Feature","geometry":{"type":"Point","coordinates":[35.92425,33.72675]},"properties":{"w":13}},{"type":"Feature","geometry":{"type":"Point","coordinates":[35.10375,31.53375]},"properties":{"w":13}},{"type":"Feature","geometry":{"type":"Point","coordinates":[47.44425,34.39575]},"properties":{"w":13}},{"type":"Feature","geometry":{"type":"Point","coordinates":[44.01975,36.19275]},"properties":{"w":13}},{"type":"Feature","geometry":{"type":"Point","coordinates":[35.64825,34.12425]},"properties":{"w":13}},{"type":"Feature","geometry":{"type":"Point","coordinates":[35.23875,31.78425]},"properties":{"w":13}},{"type":"Feature","geometry":{"type":"Point","coordinates":[36.31875,33.51825]},"properties":{"w":13}},{"type":"Feature","geometry":{"type":"Point","coordinates":[36.20175,34.01325]},"properties":{"w":13}},{"type":"Feature","geometry":{"type":"Point","coordinates":[36.04125,34.24425]},"properties":{"w":13}},{"type":"Feature","geometry":{"type":"Point","coordinates":[36.19575,34.00275]},"properties":{"w":13}},{"type":"Feature","geometry":{"type":"Point","coordinates":[50.61225,26.24325]},"properties":{"w":13}},{"type":"Feature","geometry":{"type":"Point","coordinates":[48.33975,33.44775]},"properties":{"w":13}},{"type":"Feature","geometry":{"type":"Point","coordinates":[51.41475,35.66775]},"properties":{"w":13}},{"type":"Feature","geometry":{"type":"Point","coordinates":[35.22675,31.78575]},"properties":{"w":13}},{"type":"Feature","geometry":{"type":"Point","coordinates":[44.01375,36.20475]},"properties":{"w":13}},{"type":"Feature","geometry":{"type":"Point","coordinates":[32.64525,25.70775]},"properties":{"w":13}},{"type":"Feature","geometry":{"type":"Point","coordinates":[34.37025,31.45425]},"properties":{"w":13}},{"type":"Feature","geometry":{"type":"Point","coordinates":[50.50875,26.23425]},"properties":{"w":13}},{"type":"Feature","geometry":{"type":"Point","coordinates":[32.63175,25.70025]},"properties":{"w":13}},{"type":"Feature","geometry":{"type":"Point","coordinates":[50.60775,26.24925]},"properties":{"w":13}},{"type":"Feature","geometry":{"type":"Point","coordinates":[38.27175,34.55475]},"properties":{"w":13}},{"type":"Feature","geometry":{"type":"Point","coordinates":[35.22975,31.78875]},"properties":{"w":13}},{"type":"Feature","geometry":{"type":"Point","coordinates":[34.98225,32.81925]},"properties":{"w":13}},{"type":"Feature","geometry":{"type":"Point","coordinates":[36.03975,34.24275]},"properties":{"w":13}},{"type":"Feature","geometry":{"type":"Point","coordinates":[35.22375,31.78425]},"properties":{"w":13}},{"type":"Feature","geometry":{"type":"Point","coordinates":[36.36825,32.33325]},"properties":{"w":13}},{"type":"Feature","geometry":{"type":"Point","coordinates":[50.61825,26.25075]},"properties":{"w":13}},{"type":"Feature","geometry":{"type":"Point","coordinates":[35.24175,31.77825]},"properties":{"w":13}},{"type":"Feature","geometry":{"type":"Point","coordinates":[34.98375,32.81175]},"properties":{"w":13}},{"type":"Feature","geometry":{"type":"Point","coordinates":[35.82675,34.44375]},"properties":{"w":13}},{"type":"Feature","geometry":{"type":"Point","coordinates":[35.65575,34.12275]},"properties":{"w":13}},{"type":"Feature","geometry":{"type":"Point","coordinates":[35.82825,34.43925]},"properties":{"w":13}},{"type":"Feature","geometry":{"type":"Point","coordinates":[35.92725,33.72975]},"properties":{"w":13}},{"type":"Feature","geometry":{"type":"Point","coordinates":[35.83125,34.43925]},"properties":{"w":13}},{"type":"Feature","geometry":{"type":"Point","coordinates":[35.07225,32.93025]},"properties":{"w":13}},{"type":"Feature","geometry":{"type":"Point","coordinates":[36.19575,34.01325]},"properties":{"w":13}},{"type":"Feature","geometry":{"type":"Point","coordinates":[32.64375,25.69575]},"properties":{"w":13}},{"type":"Feature","geometry":{"type":"Point","coordinates":[36.30075,33.51225]},"properties":{"w":13}},{"type":"Feature","geometry":{"type":"Point","coordinates":[35.72925,32.03475]},"properties":{"w":13}},{"type":"Feature","geometry":{"type":"Point","coordinates":[35.21025,31.71225]},"properties":{"w":13}},{"type":"Feature","geometry":{"type":"Point","coordinates":[31.23075,30.01575]},"properties":{"w":13}},{"type":"Feature","geometry":{"type":"Point","coordinates":[34.98375,32.80875]},"properties":{"w":13}},{"type":"Feature","geometry":{"type":"Point","coordinates":[32.64975,25.69875]},"properties":{"w":13}},{"type":"Feature","geometry":{"type":"Point","coordinates":[38.27025,34.55325]},"properties":{"w":13}},{"type":"Feature","geometry":{"type":"Point","coordinates":[36.30825,33.52125]},"properties":{"w":13}},{"type":"Feature","geometry":{"type":"Point","coordinates":[34.77975,32.07975]},"properties":{"w":13}},{"type":"Feature","geometry":{"type":"Point","coordinates":[35.23125,31.78725]},"properties":{"w":13}},{"type":"Feature","geometry":{"type":"Point","coordinates":[35.23575,31.78875]},"properties":{"w":13}},{"type":"Feature","geometry":{"type":"Point","coordinates":[34.36875,31.45575]},"properties":{"w":13}},{"type":"Feature","geometry":{"type":"Point","coordinates":[35.07675,32.92725]},"properties":{"w":13}},{"type":"Feature","geometry":{"type":"Point","coordinates":[35.10075,31.53375]},"properties":{"w":13}},{"type":"Feature","geometry":{"type":"Point","coordinates":[35.22825,31.77075]},"properties":{"w":13}},{"type":"Feature","geometry":{"type":"Point","coordinates":[36.30225,33.51375]},"properties":{"w":13}},{"type":"Feature","geometry":{"type":"Point","coordinates":[47.44575,34.39425]},"properties":{"w":13}},{"type":"Feature","geometry":{"type":"Point","coordinates":[36.20175,34.01775]},"properties":{"w":13}},{"type":"Feature","geometry":{"type":"Point","coordinates":[35.65425,34.11975]},"properties":{"w":13}},{"type":"Feature","geometry":{"type":"Point","coordinates":[35.13225,32.70375]},"properties":{"w":13}},{"type":"Feature","geometry":{"type":"Point","coordinates":[50.49675,26.07825]},"properties":{"w":13}},{"type":"Feature","geometry":{"type":"Point","coordinates":[34.98825,32.82225]},"properties":{"w":13}},{"type":"Feature","geometry":{"type":"Point","coordinates":[52.51725,29.62575]},"properties":{"w":13}},{"type":"Feature","geometry":{"type":"Point","coordinates":[44.01375,36.17775]},"properties":{"w":13}},{"type":"Feature","geometry":{"type":"Point","coordinates":[36.19875,34.01775]},"properties":{"w":12}},{"type":"Feature","geometry":{"type":"Point","coordinates":[34.98675,32.82075]},"properties":{"w":12}},{"type":"Feature","geometry":{"type":"Point","coordinates":[36.30675,33.49875]},"properties":{"w":12}},{"type":"Feature","geometry":{"type":"Point","coordinates":[35.12625,32.70825]},"properties":{"w":12}},{"type":"Feature","geometry":{"type":"Point","coordinates":[35.22975,31.76475]},"properties":{"w":12}},{"type":"Feature","geometry":{"type":"Point","coordinates":[36.36975,32.33325]},"properties":{"w":12}},{"type":"Feature","geometry":{"type":"Point","coordinates":[35.93625,33.73275]},"properties":{"w":12}},{"type":"Feature","geometry":{"type":"Point","coordinates":[48.29025,38.24925]},"properties":{"w":12}},{"type":"Feature","geometry":{"type":"Point","coordinates":[44.42175,32.54475]},"properties":{"w":12}},{"type":"Feature","geometry":{"type":"Point","coordinates":[35.65575,34.11975]},"properties":{"w":12}},{"type":"Feature","geometry":{"type":"Point","coordinates":[38.26575,34.55925]},"properties":{"w":12}},{"type":"Feature","geometry":{"type":"Point","coordinates":[52.52025,29.63175]},"properties":{"w":12}},{"type":"Feature","geometry":{"type":"Point","coordinates":[54.38025,27.20325]},"properties":{"w":12}},{"type":"Feature","geometry":{"type":"Point","coordinates":[35.65275,34.12275]},"properties":{"w":12}},{"type":"Feature","geometry":{"type":"Point","coordinates":[61.32675,30.59475]},"properties":{"w":12}},{"type":"Feature","geometry":{"type":"Point","coordinates":[38.26875,34.55175]},"properties":{"w":12}},{"type":"Feature","geometry":{"type":"Point","coordinates":[37.94775,26.77575]},"properties":{"w":12}},{"type":"Feature","geometry":{"type":"Point","coordinates":[35.21025,31.70625]},"properties":{"w":12}},{"type":"Feature","geometry":{"type":"Point","coordinates":[35.23575,31.76625]},"properties":{"w":12}},{"type":"Feature","geometry":{"type":"Point","coordinates":[35.64975,34.11525]},"properties":{"w":12}},{"type":"Feature","geometry":{"type":"Point","coordinates":[51.42075,35.68875]},"properties":{"w":12}},{"type":"Feature","geometry":{"type":"Point","coordinates":[35.22375,31.78275]},"properties":{"w":12}},{"type":"Feature","geometry":{"type":"Point","coordinates":[51.39825,35.67075]},"properties":{"w":12}},{"type":"Feature","geometry":{"type":"Point","coordinates":[35.64675,34.12575]},"properties":{"w":12}},{"type":"Feature","geometry":{"type":"Point","coordinates":[36.20325,34.00125]},"properties":{"w":12}},{"type":"Feature","geometry":{"type":"Point","coordinates":[52.53225,29.62275]},"properties":{"w":12}},{"type":"Feature","geometry":{"type":"Point","coordinates":[35.23425,31.78425]},"properties":{"w":12}},{"type":"Feature","geometry":{"type":"Point","coordinates":[36.19875,33.99975]},"properties":{"w":12}},{"type":"Feature","geometry":{"type":"Point","coordinates":[35.65425,34.12125]},"properties":{"w":12}},{"type":"Feature","geometry":{"type":"Point","coordinates":[35.82075,34.44675]},"properties":{"w":12}},{"type":"Feature","geometry":{"type":"Point","coordinates":[36.04125,34.23975]},"properties":{"w":12}},{"type":"Feature","geometry":{"type":"Point","coordinates":[34.77825,32.09025]},"properties":{"w":12}},{"type":"Feature","geometry":{"type":"Point","coordinates":[34.98825,32.82525]},"properties":{"w":12}},{"type":"Feature","geometry":{"type":"Point","coordinates":[36.20475,34.00125]},"properties":{"w":12}},{"type":"Feature","geometry":{"type":"Point","coordinates":[39.18375,21.48975]},"properties":{"w":12}},{"type":"Feature","geometry":{"type":"Point","coordinates":[35.83125,34.44525]},"properties":{"w":12}},{"type":"Feature","geometry":{"type":"Point","coordinates":[35.65275,34.11675]},"properties":{"w":12}},{"type":"Feature","geometry":{"type":"Point","coordinates":[35.54625,31.83675]},"properties":{"w":12}},{"type":"Feature","geometry":{"type":"Point","coordinates":[46.57875,24.74625]},"properties":{"w":12}},{"type":"Feature","geometry":{"type":"Point","coordinates":[31.22925,30.01725]},"properties":{"w":12}},{"type":"Feature","geometry":{"type":"Point","coordinates":[35.16375,31.72425]},"properties":{"w":12}},{"type":"Feature","geometry":{"type":"Point","coordinates":[44.00325,36.18525]},"properties":{"w":12}},{"type":"Feature","geometry":{"type":"Point","coordinates":[51.41925,35.67525]},"properties":{"w":12}},{"type":"Feature","geometry":{"type":"Point","coordinates":[35.44725,30.32175]},"properties":{"w":12}},{"type":"Feature","geometry":{"type":"Point","coordinates":[44.00775,36.17925]},"properties":{"w":12}},{"type":"Feature","geometry":{"type":"Point","coordinates":[39.18675,21.48075]},"properties":{"w":12}},{"type":"Feature","geometry":{"type":"Point","coordinates":[34.98375,32.80275]},"properties":{"w":12}},{"type":"Feature","geometry":{"type":"Point","coordinates":[44.00625,36.18225]},"properties":{"w":12}},{"type":"Feature","geometry":{"type":"Point","coordinates":[36.20175,33.99525]},"properties":{"w":12}},{"type":"Feature","geometry":{"type":"Point","coordinates":[36.20025,34.00125]},"properties":{"w":12}},{"type":"Feature","geometry":{"type":"Point","coordinates":[35.35425,31.31475]},"properties":{"w":12}},{"type":"Feature","geometry":{"type":"Point","coordinates":[35.44275,30.32625]},"properties":{"w":12}},{"type":"Feature","geometry":{"type":"Point","coordinates":[35.64675,34.13025]},"properties":{"w":12}},{"type":"Feature","geometry":{"type":"Point","coordinates":[48.29475,38.23875]},"properties":{"w":12}},{"type":"Feature","geometry":{"type":"Point","coordinates":[34.89375,31.60875]},"properties":{"w":12}},{"type":"Feature","geometry":{"type":"Point","coordinates":[44.01975,36.19575]},"properties":{"w":12}},{"type":"Feature","geometry":{"type":"Point","coordinates":[34.37325,31.43925]},"properties":{"w":12}},{"type":"Feature","geometry":{"type":"Point","coordinates":[35.13675,32.70225]},"properties":{"w":12}},{"type":"Feature","geometry":{"type":"Point","coordinates":[34.98675,32.80725]},"properties":{"w":12}},{"type":"Feature","geometry":{"type":"Point","coordinates":[35.10825,31.52475]},"properties":{"w":12}},{"type":"Feature","geometry":{"type":"Point","coordinates":[44.01825,36.19725]},"properties":{"w":12}},{"type":"Feature","geometry":{"type":"Point","coordinates":[36.20175,33.99975]},"properties":{"w":12}},{"type":"Feature","geometry":{"type":"Point","coordinates":[50.62125,26.25225]},"properties":{"w":12}},{"type":"Feature","geometry":{"type":"Point","coordinates":[35.35275,31.31475]},"properties":{"w":12}},{"type":"Feature","geometry":{"type":"Point","coordinates":[35.92875,33.72225]},"properties":{"w":12}},{"type":"Feature","geometry":{"type":"Point","coordinates":[35.15325,31.71375]},"properties":{"w":12}},{"type":"Feature","geometry":{"type":"Point","coordinates":[44.01225,36.18375]},"properties":{"w":12}},{"type":"Feature","geometry":{"type":"Point","coordinates":[36.20025,34.00575]},"properties":{"w":12}},{"type":"Feature","geometry":{"type":"Point","coordinates":[35.92575,33.72225]},"properties":{"w":12}},{"type":"Feature","geometry":{"type":"Point","coordinates":[35.07075,32.92425]},"properties":{"w":12}},{"type":"Feature","geometry":{"type":"Point","coordinates":[34.97775,32.81775]},"properties":{"w":12}},{"type":"Feature","geometry":{"type":"Point","coordinates":[35.23875,31.76775]},"properties":{"w":12}},{"type":"Feature","geometry":{"type":"Point","coordinates":[37.16775,36.18675]},"properties":{"w":12}},{"type":"Feature","geometry":{"type":"Point","coordinates":[35.93325,33.73125]},"properties":{"w":12}},{"type":"Feature","geometry":{"type":"Point","coordinates":[34.98525,32.80275]},"properties":{"w":12}},{"type":"Feature","geometry":{"type":"Point","coordinates":[51.42075,35.68725]},"properties":{"w":12}},{"type":"Feature","geometry":{"type":"Point","coordinates":[31.23525,30.00675]},"properties":{"w":12}},{"type":"Feature","geometry":{"type":"Point","coordinates":[38.26725,34.55325]},"properties":{"w":12}},{"type":"Feature","geometry":{"type":"Point","coordinates":[31.61775,22.34025]},"properties":{"w":12}},{"type":"Feature","geometry":{"type":"Point","coordinates":[35.73075,32.04075]},"properties":{"w":12}},{"type":"Feature","geometry":{"type":"Point","coordinates":[34.99725,32.81175]},"properties":{"w":12}},{"type":"Feature","geometry":{"type":"Point","coordinates":[34.99125,32.80275]},"properties":{"w":12}},{"type":"Feature","geometry":{"type":"Point","coordinates":[48.51375,34.79175]},"properties":{"w":12}},{"type":"Feature","geometry":{"type":"Point","coordinates":[47.44275,34.40025]},"properties":{"w":12}},{"type":"Feature","geometry":{"type":"Point","coordinates":[35.20125,31.70625]},"properties":{"w":12}},{"type":"Feature","geometry":{"type":"Point","coordinates":[35.45025,30.32925]},"properties":{"w":12}},{"type":"Feature","geometry":{"type":"Point","coordinates":[35.72325,32.04525]},"properties":{"w":12}},{"type":"Feature","geometry":{"type":"Point","coordinates":[37.15725,36.20775]},"properties":{"w":12}},{"type":"Feature","geometry":{"type":"Point","coordinates":[35.19825,31.70025]},"properties":{"w":12}},{"type":"Feature","geometry":{"type":"Point","coordinates":[32.64525,25.69425]},"properties":{"w":12}},{"type":"Feature","geometry":{"type":"Point","coordinates":[36.20325,34.00575]},"properties":{"w":12}},{"type":"Feature","geometry":{"type":"Point","coordinates":[36.31125,33.51825]},"properties":{"w":12}},{"type":"Feature","geometry":{"type":"Point","coordinates":[32.63325,25.70175]},"properties":{"w":12}},{"type":"Feature","geometry":{"type":"Point","coordinates":[37.16925,36.20775]},"properties":{"w":12}},{"type":"Feature","geometry":{"type":"Point","coordinates":[52.51875,29.62725]},"properties":{"w":12}},{"type":"Feature","geometry":{"type":"Point","coordinates":[35.82825,34.44675]},"properties":{"w":12}},{"type":"Feature","geometry":{"type":"Point","coordinates":[35.65125,34.11825]},"properties":{"w":12}},{"type":"Feature","geometry":{"type":"Point","coordinates":[36.30975,33.51075]},"properties":{"w":12}},{"type":"Feature","geometry":{"type":"Point","coordinates":[46.57575,24.73275]},"properties":{"w":11}},{"type":"Feature","geometry":{"type":"Point","coordinates":[35.93475,33.73275]},"properties":{"w":11}},{"type":"Feature","geometry":{"type":"Point","coordinates":[35.21475,31.70625]},"properties":{"w":11}},{"type":"Feature","geometry":{"type":"Point","coordinates":[47.44275,34.39425]},"properties":{"w":11}},{"type":"Feature","geometry":{"type":"Point","coordinates":[35.72625,32.03625]},"properties":{"w":11}},{"type":"Feature","geometry":{"type":"Point","coordinates":[36.36675,32.32875]},"properties":{"w":11}},{"type":"Feature","geometry":{"type":"Point","coordinates":[35.72775,32.03175]},"properties":{"w":11}},{"type":"Feature","geometry":{"type":"Point","coordinates":[34.84275,31.25775]},"properties":{"w":11}},{"type":"Feature","geometry":{"type":"Point","coordinates":[44.00475,36.18675]},"properties":{"w":11}},{"type":"Feature","geometry":{"type":"Point","coordinates":[35.20875,31.70625]},"properties":{"w":11}},{"type":"Feature","geometry":{"type":"Point","coordinates":[32.64375,25.70625]},"properties":{"w":11}},{"type":"Feature","geometry":{"type":"Point","coordinates":[35.23125,31.78575]},"properties":{"w":11}},{"type":"Feature","geometry":{"type":"Point","coordinates":[34.76925,32.08425]},"properties":{"w":11}},{"type":"Feature","geometry":{"type":"Point","coordinates":[35.73075,32.04525]},"properties":{"w":11}},{"type":"Feature","geometry":{"type":"Point","coordinates":[32.63625,25.69575]},"properties":{"w":11}},{"type":"Feature","geometry":{"type":"Point","coordinates":[43.99875,36.18675]},"properties":{"w":11}},{"type":"Feature","geometry":{"type":"Point","coordinates":[48.29475,38.24775]},"properties":{"w":11}},{"type":"Feature","geometry":{"type":"Point","coordinates":[35.22375,31.77975]},"properties":{"w":11}},{"type":"Feature","geometry":{"type":"Point","coordinates":[36.30675,33.51225]},"properties":{"w":11}},{"type":"Feature","geometry":{"type":"Point","coordinates":[50.50725,26.06025]},"properties":{"w":11}},{"type":"Feature","geometry":{"type":"Point","coordinates":[51.42075,35.69325]},"properties":{"w":11}},{"type":"Feature","geometry":{"type":"Point","coordinates":[35.65125,34.12575]},"properties":{"w":11}},{"type":"Feature","geometry":{"type":"Point","coordinates":[44.00475,36.18525]},"properties":{"w":11}},{"type":"Feature","geometry":{"type":"Point","coordinates":[35.65425,34.12725]},"properties":{"w":11}},{"type":"Feature","geometry":{"type":"Point","coordinates":[35.22225,31.77375]},"properties":{"w":11}},{"type":"Feature","geometry":{"type":"Point","coordinates":[35.16375,31.72575]},"properties":{"w":11}},{"type":"Feature","geometry":{"type":"Point","coordinates":[37.15875,36.20775]},"properties":{"w":11}},{"type":"Feature","geometry":{"type":"Point","coordinates":[35.23725,31.78125]},"properties":{"w":11}},{"type":"Feature","geometry":{"type":"Point","coordinates":[31.23075,30.01425]},"properties":{"w":11}},{"type":"Feature","geometry":{"type":"Point","coordinates":[34.36425,31.43625]},"properties":{"w":11}},{"type":"Feature","geometry":{"type":"Point","coordinates":[34.98825,32.80425]},"properties":{"w":11}},{"type":"Feature","geometry":{"type":"Point","coordinates":[43.99875,36.19425]},"properties":{"w":11}},{"type":"Feature","geometry":{"type":"Point","coordinates":[35.72025,32.04225]},"properties":{"w":11}},{"type":"Feature","geometry":{"type":"Point","coordinates":[34.98675,32.80425]},"properties":{"w":11}},{"type":"Feature","geometry":{"type":"Point","coordinates":[35.23275,31.77225]},"properties":{"w":11}},{"type":"Feature","geometry":{"type":"Point","coordinates":[34.36575,31.44975]},"properties":{"w":11}},{"type":"Feature","geometry":{"type":"Point","coordinates":[36.19725,33.99825]},"properties":{"w":11}},{"type":"Feature","geometry":{"type":"Point","coordinates":[50.51175,26.23275]},"properties":{"w":11}},{"type":"Feature","geometry":{"type":"Point","coordinates":[35.13075,32.71275]},"properties":{"w":11}},{"type":"Feature","geometry":{"type":"Point","coordinates":[35.65425,34.12575]},"properties":{"w":11}},{"type":"Feature","geometry":{"type":"Point","coordinates":[35.65275,34.11525]},"properties":{"w":11}},{"type":"Feature","geometry":{"type":"Point","coordinates":[35.22225,31.77525]},"properties":{"w":11}},{"type":"Feature","geometry":{"type":"Point","coordinates":[35.93325,33.72225]},"properties":{"w":11}},{"type":"Feature","geometry":{"type":"Point","coordinates":[35.83125,34.43025]},"properties":{"w":11}},{"type":"Feature","geometry":{"type":"Point","coordinates":[44.01675,36.18375]},"properties":{"w":11}},{"type":"Feature","geometry":{"type":"Point","coordinates":[35.23575,31.79025]},"properties":{"w":11}},{"type":"Feature","geometry":{"type":"Point","coordinates":[46.57725,24.74775]},"properties":{"w":11}},{"type":"Feature","geometry":{"type":"Point","coordinates":[36.30975,33.51825]},"properties":{"w":11}},{"type":"Feature","geometry":{"type":"Point","coordinates":[35.23725,31.76625]},"properties":{"w":11}},{"type":"Feature","geometry":{"type":"Point","coordinates":[35.64975,34.11825]},"properties":{"w":11}},{"type":"Feature","geometry":{"type":"Point","coordinates":[34.98525,32.82525]},"properties":{"w":11}},{"type":"Feature","geometry":{"type":"Point","coordinates":[34.98225,32.82075]},"properties":{"w":11}},{"type":"Feature","geometry":{"type":"Point","coordinates":[35.22825,31.78575]},"properties":{"w":11}},{"type":"Feature","geometry":{"type":"Point","coordinates":[35.20575,33.27075]},"properties":{"w":11}},{"type":"Feature","geometry":{"type":"Point","coordinates":[35.07225,32.92575]},"properties":{"w":11}},{"type":"Feature","geometry":{"type":"Point","coordinates":[36.31425,33.52275]},"properties":{"w":11}},{"type":"Feature","geometry":{"type":"Point","coordinates":[44.01225,36.18075]},"properties":{"w":11}},{"type":"Feature","geometry":{"type":"Point","coordinates":[37.16175,36.19725]},"properties":{"w":11}},{"type":"Feature","geometry":{"type":"Point","coordinates":[51.39675,35.65275]},"properties":{"w":11}},{"type":"Feature","geometry":{"type":"Point","coordinates":[48.29325,38.24775]},"properties":{"w":11}},{"type":"Feature","geometry":{"type":"Point","coordinates":[34.98075,32.81625]},"properties":{"w":11}},{"type":"Feature","geometry":{"type":"Point","coordinates":[35.07825,32.92725]},"properties":{"w":11}},{"type":"Feature","geometry":{"type":"Point","coordinates":[35.20725,31.69725]},"properties":{"w":11}},{"type":"Feature","geometry":{"type":"Point","coordinates":[35.92425,33.73425]},"properties":{"w":11}},{"type":"Feature","geometry":{"type":"Point","coordinates":[37.16325,36.20025]},"properties":{"w":11}},{"type":"Feature","geometry":{"type":"Point","coordinates":[34.36275,31.43775]},"properties":{"w":11}},{"type":"Feature","geometry":{"type":"Point","coordinates":[46.29375,38.07825]},"properties":{"w":11}},{"type":"Feature","geometry":{"type":"Point","coordinates":[34.36425,31.44675]},"properties":{"w":11}},{"type":"Feature","geometry":{"type":"Point","coordinates":[35.72325,32.04375]},"properties":{"w":11}},{"type":"Feature","geometry":{"type":"Point","coordinates":[46.57575,24.73425]},"properties":{"w":11}},{"type":"Feature","geometry":{"type":"Point","coordinates":[34.85025,31.24725]},"properties":{"w":11}},{"type":"Feature","geometry":{"type":"Point","coordinates":[46.29075,38.07975]},"properties":{"w":11}},{"type":"Feature","geometry":{"type":"Point","coordinates":[36.37125,32.33175]},"properties":{"w":11}},{"type":"Feature","geometry":{"type":"Point","coordinates":[35.19975,31.70925]},"properties":{"w":11}},{"type":"Feature","geometry":{"type":"Point","coordinates":[35.20725,31.71375]},"properties":{"w":11}},{"type":"Feature","geometry":{"type":"Point","coordinates":[36.31125,33.50475]},"properties":{"w":11}},{"type":"Feature","geometry":{"type":"Point","coordinates":[36.36375,32.32275]},"properties":{"w":11}},{"type":"Feature","geometry":{"type":"Point","coordinates":[37.17225,36.19125]},"properties":{"w":11}},{"type":"Feature","geometry":{"type":"Point","coordinates":[35.72475,32.03475]},"properties":{"w":11}},{"type":"Feature","geometry":{"type":"Point","coordinates":[34.98825,32.81325]},"properties":{"w":11}},{"type":"Feature","geometry":{"type":"Point","coordinates":[35.20425,31.71525]},"properties":{"w":11}},{"type":"Feature","geometry":{"type":"Point","coordinates":[35.83125,34.43475]},"properties":{"w":11}},{"type":"Feature","geometry":{"type":"Point","coordinates":[35.21625,31.70625]},"properties":{"w":11}},{"type":"Feature","geometry":{"type":"Point","coordinates":[34.98075,32.81325]},"properties":{"w":11}},{"type":"Feature","geometry":{"type":"Point","coordinates":[35.64675,34.13175]},"properties":{"w":11}},{"type":"Feature","geometry":{"type":"Point","coordinates":[36.36375,32.32875]},"properties":{"w":11}},{"type":"Feature","geometry":{"type":"Point","coordinates":[35.13225,32.70225]},"properties":{"w":11}},{"type":"Feature","geometry":{"type":"Point","coordinates":[51.40275,35.64975]},"properties":{"w":11}},{"type":"Feature","geometry":{"type":"Point","coordinates":[34.35975,31.44675]},"properties":{"w":11}},{"type":"Feature","geometry":{"type":"Point","coordinates":[54.36825,31.89675]},"properties":{"w":11}},{"type":"Feature","geometry":{"type":"Point","coordinates":[35.65425,34.12425]},"properties":{"w":11}},{"type":"Feature","geometry":{"type":"Point","coordinates":[37.16775,36.19425]},"properties":{"w":11}},{"type":"Feature","geometry":{"type":"Point","coordinates":[48.30075,38.24475]},"properties":{"w":11}},{"type":"Feature","geometry":{"type":"Point","coordinates":[34.97775,32.80875]},"properties":{"w":11}},{"type":"Feature","geometry":{"type":"Point","coordinates":[35.23875,31.77975]},"properties":{"w":11}},{"type":"Feature","geometry":{"type":"Point","coordinates":[34.98075,32.80875]},"properties":{"w":11}},{"type":"Feature","geometry":{"type":"Point","coordinates":[34.98075,32.82375]},"properties":{"w":10}},{"type":"Feature","geometry":{"type":"Point","coordinates":[35.83275,34.43475]},"properties":{"w":10}},{"type":"Feature","geometry":{"type":"Point","coordinates":[35.07675,32.92875]},"properties":{"w":10}},{"type":"Feature","geometry":{"type":"Point","coordinates":[34.36725,31.45125]},"properties":{"w":10}},{"type":"Feature","geometry":{"type":"Point","coordinates":[34.77975,32.06625]},"properties":{"w":10}},{"type":"Feature","geometry":{"type":"Point","coordinates":[35.64375,34.12275]},"properties":{"w":10}},{"type":"Feature","geometry":{"type":"Point","coordinates":[35.20575,31.71375]},"properties":{"w":10}},{"type":"Feature","geometry":{"type":"Point","coordinates":[35.64825,34.12875]},"properties":{"w":10}},{"type":"Feature","geometry":{"type":"Point","coordinates":[37.16175,36.18525]},"properties":{"w":10}},{"type":"Feature","geometry":{"type":"Point","coordinates":[48.29175,38.24925]},"properties":{"w":10}},{"type":"Feature","geometry":{"type":"Point","coordinates":[39.18675,21.49425]},"properties":{"w":10}},{"type":"Feature","geometry":{"type":"Point","coordinates":[32.63025,25.69875]},"properties":{"w":10}},{"type":"Feature","geometry":{"type":"Point","coordinates":[35.82975,34.44675]},"properties":{"w":10}},{"type":"Feature","geometry":{"type":"Point","coordinates":[35.07075,32.92725]},"properties":{"w":10}},{"type":"Feature","geometry":{"type":"Point","coordinates":[31.23375,30.00975]},"properties":{"w":10}},{"type":"Feature","geometry":{"type":"Point","coordinates":[34.77225,32.09025]},"properties":{"w":10}},{"type":"Feature","geometry":{"type":"Point","coordinates":[35.22675,31.76625]},"properties":{"w":10}},{"type":"Feature","geometry":{"type":"Point","coordinates":[35.64825,34.11825]},"properties":{"w":10}},{"type":"Feature","geometry":{"type":"Point","coordinates":[35.22525,31.76925]},"properties":{"w":10}},{"type":"Feature","geometry":{"type":"Point","coordinates":[36.21225,33.99825]},"properties":{"w":10}},{"type":"Feature","geometry":{"type":"Point","coordinates":[55.79775,24.07575]},"properties":{"w":10}},{"type":"Feature","geometry":{"type":"Point","coordinates":[36.30525,33.52125]},"properties":{"w":10}},{"type":"Feature","geometry":{"type":"Point","coordinates":[31.23825,30.01575]},"properties":{"w":10}},{"type":"Feature","geometry":{"type":"Point","coordinates":[34.85025,31.24575]},"properties":{"w":10}},{"type":"Feature","geometry":{"type":"Point","coordinates":[34.83975,31.25625]},"properties":{"w":10}},{"type":"Feature","geometry":{"type":"Point","coordinates":[35.20875,31.69725]},"properties":{"w":10}},{"type":"Feature","geometry":{"type":"Point","coordinates":[44.00025,36.18975]},"properties":{"w":10}},{"type":"Feature","geometry":{"type":"Point","coordinates":[35.83125,34.43625]},"properties":{"w":10}},{"type":"Feature","geometry":{"type":"Point","coordinates":[46.57875,24.73875]},"properties":{"w":10}},{"type":"Feature","geometry":{"type":"Point","coordinates":[39.18675,21.48375]},"properties":{"w":10}},{"type":"Feature","geometry":{"type":"Point","coordinates":[35.64975,34.11375]},"properties":{"w":10}},{"type":"Feature","geometry":{"type":"Point","coordinates":[36.36525,32.33025]},"properties":{"w":10}},{"type":"Feature","geometry":{"type":"Point","coordinates":[35.12025,32.70675]},"properties":{"w":10}},{"type":"Feature","geometry":{"type":"Point","coordinates":[34.98075,32.80425]},"properties":{"w":10}},{"type":"Feature","geometry":{"type":"Point","coordinates":[34.99725,32.81925]},"properties":{"w":10}},{"type":"Feature","geometry":{"type":"Point","coordinates":[35.12625,32.70525]},"properties":{"w":10}},{"type":"Feature","geometry":{"type":"Point","coordinates":[34.76475,32.07075]},"properties":{"w":10}},{"type":"Feature","geometry":{"type":"Point","coordinates":[46.56825,24.74175]},"properties":{"w":10}},{"type":"Feature","geometry":{"type":"Point","coordinates":[45.57675,38.97675]},"properties":{"w":10}},{"type":"Feature","geometry":{"type":"Point","coordinates":[35.22825,31.78725]},"properties":{"w":10}},{"type":"Feature","geometry":{"type":"Point","coordinates":[35.11725,32.70075]},"properties":{"w":10}},{"type":"Feature","geometry":{"type":"Point","coordinates":[46.56975,24.74175]},"properties":{"w":10}},{"type":"Feature","geometry":{"type":"Point","coordinates":[36.21525,34.00725]},"properties":{"w":10}},{"type":"Feature","geometry":{"type":"Point","coordinates":[35.73075,32.03325]},"properties":{"w":10}},{"type":"Feature","geometry":{"type":"Point","coordinates":[35.83425,34.43475]},"properties":{"w":10}},{"type":"Feature","geometry":{"type":"Point","coordinates":[34.78425,32.08275]},"properties":{"w":10}},{"type":"Feature","geometry":{"type":"Point","coordinates":[34.77225,32.06475]},"properties":{"w":10}},{"type":"Feature","geometry":{"type":"Point","coordinates":[52.52175,29.63025]},"properties":{"w":10}},{"type":"Feature","geometry":{"type":"Point","coordinates":[35.72175,32.04825]},"properties":{"w":10}},{"type":"Feature","geometry":{"type":"Point","coordinates":[35.72625,32.03475]},"properties":{"w":10}},{"type":"Feature","geometry":{"type":"Point","coordinates":[35.15925,31.72575]},"properties":{"w":10}},{"type":"Feature","geometry":{"type":"Point","coordinates":[31.23375,30.00675]},"properties":{"w":10}},{"type":"Feature","geometry":{"type":"Point","coordinates":[34.98225,32.81325]},"properties":{"w":10}},{"type":"Feature","geometry":{"type":"Point","coordinates":[31.23525,30.00375]},"properties":{"w":10}},{"type":"Feature","geometry":{"type":"Point","coordinates":[35.92875,33.73125]},"properties":{"w":10}},{"type":"Feature","geometry":{"type":"Point","coordinates":[31.24125,30.00075]},"properties":{"w":10}},{"type":"Feature","geometry":{"type":"Point","coordinates":[44.01525,36.20325]},"properties":{"w":10}},{"type":"Feature","geometry":{"type":"Point","coordinates":[35.65275,34.12425]},"properties":{"w":10}},{"type":"Feature","geometry":{"type":"Point","coordinates":[39.18525,21.48375]},"properties":{"w":10}},{"type":"Feature","geometry":{"type":"Point","coordinates":[35.93175,33.72375]},"properties":{"w":10}},{"type":"Feature","geometry":{"type":"Point","coordinates":[48.29475,38.24325]},"properties":{"w":10}},{"type":"Feature","geometry":{"type":"Point","coordinates":[35.72025,32.04075]},"properties":{"w":10}},{"type":"Feature","geometry":{"type":"Point","coordinates":[31.23825,30.01425]},"properties":{"w":10}},{"type":"Feature","geometry":{"type":"Point","coordinates":[31.23525,30.00975]},"properties":{"w":10}},{"type":"Feature","geometry":{"type":"Point","coordinates":[37.15575,36.19125]},"properties":{"w":10}},{"type":"Feature","geometry":{"type":"Point","coordinates":[50.61525,26.25525]},"properties":{"w":10}},{"type":"Feature","geometry":{"type":"Point","coordinates":[35.07525,32.92875]},"properties":{"w":10}},{"type":"Feature","geometry":{"type":"Point","coordinates":[50.61825,26.25375]},"properties":{"w":10}},{"type":"Feature","geometry":{"type":"Point","coordinates":[35.72625,32.04675]},"properties":{"w":10}},{"type":"Feature","geometry":{"type":"Point","coordinates":[35.19825,33.26775]},"properties":{"w":10}},{"type":"Feature","geometry":{"type":"Point","coordinates":[36.21525,34.00575]},"properties":{"w":10}},{"type":"Feature","geometry":{"type":"Point","coordinates":[51.41925,35.67375]},"properties":{"w":10}},{"type":"Feature","geometry":{"type":"Point","coordinates":[36.20025,34.01775]},"properties":{"w":10}},{"type":"Feature","geometry":{"type":"Point","coordinates":[35.65575,34.12125]},"properties":{"w":10}},{"type":"Feature","geometry":{"type":"Point","coordinates":[35.44425,30.33075]},"properties":{"w":10}},{"type":"Feature","geometry":{"type":"Point","coordinates":[31.61625,22.34025]},"properties":{"w":10}},{"type":"Feature","geometry":{"type":"Point","coordinates":[35.23875,31.78575]},"properties":{"w":10}},{"type":"Feature","geometry":{"type":"Point","coordinates":[34.77525,32.07525]},"properties":{"w":10}},{"type":"Feature","geometry":{"type":"Point","coordinates":[34.97775,32.81025]},"properties":{"w":10}},{"type":"Feature","geometry":{"type":"Point","coordinates":[34.97775,32.81625]},"properties":{"w":10}},{"type":"Feature","geometry":{"type":"Point","coordinates":[46.58175,24.74025]},"properties":{"w":10}},{"type":"Feature","geometry":{"type":"Point","coordinates":[35.19225,33.26775]},"properties":{"w":10}},{"type":"Feature","geometry":{"type":"Point","coordinates":[35.20125,31.71375]},"properties":{"w":10}},{"type":"Feature","geometry":{"type":"Point","coordinates":[34.98825,32.80725]},"properties":{"w":10}},{"type":"Feature","geometry":{"type":"Point","coordinates":[50.50725,26.06175]},"properties":{"w":10}},{"type":"Feature","geometry":{"type":"Point","coordinates":[34.35975,31.44525]},"properties":{"w":10}},{"type":"Feature","geometry":{"type":"Point","coordinates":[34.36125,31.44825]},"properties":{"w":10}},{"type":"Feature","geometry":{"type":"Point","coordinates":[37.16175,36.20025]},"properties":{"w":10}},{"type":"Feature","geometry":{"type":"Point","coordinates":[34.98525,32.82075]},"properties":{"w":10}},{"type":"Feature","geometry":{"type":"Point","coordinates":[31.22775,30.00825]},"properties":{"w":10}},{"type":"Feature","geometry":{"type":"Point","coordinates":[39.18375,21.48675]},"properties":{"w":10}},{"type":"Feature","geometry":{"type":"Point","coordinates":[35.64825,34.12575]},"properties":{"w":10}},{"type":"Feature","geometry":{"type":"Point","coordinates":[35.16375,31.72725]},"properties":{"w":10}},{"type":"Feature","geometry":{"type":"Point","coordinates":[35.93475,33.72075]},"properties":{"w":10}},{"type":"Feature","geometry":{"type":"Point","coordinates":[51.39675,35.64675]},"properties":{"w":10}},{"type":"Feature","geometry":{"type":"Point","coordinates":[35.92425,33.72525]},"properties":{"w":10}},{"type":"Feature","geometry":{"type":"Point","coordinates":[34.36725,31.44975]},"properties":{"w":10}},{"type":"Feature","geometry":{"type":"Point","coordinates":[35.12325,32.70525]},"properties":{"w":10}},{"type":"Feature","geometry":{"type":"Point","coordinates":[34.98225,32.80275]},"properties":{"w":10}},{"type":"Feature","geometry":{"type":"Point","coordinates":[34.35975,31.44825]},"properties":{"w":10}},{"type":"Feature","geometry":{"type":"Point","coordinates":[34.99275,32.82375]},"properties":{"w":10}},{"type":"Feature","geometry":{"type":"Point","coordinates":[36.20625,33.99975]},"properties":{"w":10}},{"type":"Feature","geometry":{"type":"Point","coordinates":[35.83275,34.43625]},"properties":{"w":10}},{"type":"Feature","geometry":{"type":"Point","coordinates":[34.77975,32.07375]},"properties":{"w":10}},{"type":"Feature","geometry":{"type":"Point","coordinates":[48.29475,38.24175]},"properties":{"w":10}},{"type":"Feature","geometry":{"type":"Point","coordinates":[34.98075,32.82225]},"properties":{"w":10}},{"type":"Feature","geometry":{"type":"Point","coordinates":[34.98975,32.80725]},"properties":{"w":10}},{"type":"Feature","geometry":{"type":"Point","coordinates":[38.26725,34.56825]},"properties":{"w":10}},{"type":"Feature","geometry":{"type":"Point","coordinates":[35.22975,31.79025]},"properties":{"w":10}},{"type":"Feature","geometry":{"type":"Point","coordinates":[44.42475,32.54325]},"properties":{"w":10}},{"type":"Feature","geometry":{"type":"Point","coordinates":[36.36225,32.32875]},"properties":{"w":10}},{"type":"Feature","geometry":{"type":"Point","coordinates":[37.16325,36.19725]},"properties":{"w":10}},{"type":"Feature","geometry":{"type":"Point","coordinates":[36.19575,34.00725]},"properties":{"w":10}},{"type":"Feature","geometry":{"type":"Point","coordinates":[46.30125,38.07375]},"properties":{"w":10}},{"type":"Feature","geometry":{"type":"Point","coordinates":[44.01975,36.18975]},"properties":{"w":10}},{"type":"Feature","geometry":{"type":"Point","coordinates":[35.72475,32.05275]},"properties":{"w":10}},{"type":"Feature","geometry":{"type":"Point","coordinates":[48.29925,38.24775]},"properties":{"w":10}},{"type":"Feature","geometry":{"type":"Point","coordinates":[44.00925,36.17775]},"properties":{"w":10}},{"type":"Feature","geometry":{"type":"Point","coordinates":[50.61375,26.24175]},"properties":{"w":9}},{"type":"Feature","geometry":{"type":"Point","coordinates":[35.21175,31.71525]},"properties":{"w":9}},{"type":"Feature","geometry":{"type":"Point","coordinates":[35.72325,32.04825]},"properties":{"w":9}},{"type":"Feature","geometry":{"type":"Point","coordinates":[46.57575,24.74925]},"properties":{"w":9}},{"type":"Feature","geometry":{"type":"Point","coordinates":[35.65125,34.12125]},"properties":{"w":9}},{"type":"Feature","geometry":{"type":"Point","coordinates":[44.01075,36.18825]},"properties":{"w":9}},{"type":"Feature","geometry":{"type":"Point","coordinates":[48.29325,38.25075]},"properties":{"w":9}},{"type":"Feature","geometry":{"type":"Point","coordinates":[38.27175,34.54875]},"properties":{"w":9}},{"type":"Feature","geometry":{"type":"Point","coordinates":[52.52625,29.62875]},"properties":{"w":9}},{"type":"Feature","geometry":{"type":"Point","coordinates":[35.19525,33.27525]},"properties":{"w":9}},{"type":"Feature","geometry":{"type":"Point","coordinates":[34.98975,32.81475]},"properties":{"w":9}},{"type":"Feature","geometry":{"type":"Point","coordinates":[35.22975,31.76775]},"properties":{"w":9}},{"type":"Feature","geometry":{"type":"Point","coordinates":[32.63175,25.70325]},"properties":{"w":9}},{"type":"Feature","geometry":{"type":"Point","coordinates":[35.20575,31.69875]},"properties":{"w":9}},{"type":"Feature","geometry":{"type":"Point","coordinates":[35.20875,31.70475]},"properties":{"w":9}},{"type":"Feature","geometry":{"type":"Point","coordinates":[34.36125,31.43625]},"properties":{"w":9}},{"type":"Feature","geometry":{"type":"Point","coordinates":[35.73075,32.03625]},"properties":{"w":9}},{"type":"Feature","geometry":{"type":"Point","coordinates":[36.19875,34.00875]},"properties":{"w":9}},{"type":"Feature","geometry":{"type":"Point","coordinates":[48.29025,38.24625]},"properties":{"w":9}},{"type":"Feature","geometry":{"type":"Point","coordinates":[32.63925,25.69575]},"properties":{"w":9}},{"type":"Feature","geometry":{"type":"Point","coordinates":[35.65125,34.12725]},"properties":{"w":9}},{"type":"Feature","geometry":{"type":"Point","coordinates":[35.34975,31.31775]},"properties":{"w":9}},{"type":"Feature","geometry":{"type":"Point","coordinates":[35.72175,32.04675]},"properties":{"w":9}},{"type":"Feature","geometry":{"type":"Point","coordinates":[35.12175,32.71275]},"properties":{"w":9}},{"type":"Feature","geometry":{"type":"Point","coordinates":[36.19875,34.01025]},"properties":{"w":9}},{"type":"Feature","geometry":{"type":"Point","coordinates":[35.93925,33.72825]},"properties":{"w":9}},{"type":"Feature","geometry":{"type":"Point","coordinates":[35.83425,34.43925]},"properties":{"w":9}},{"type":"Feature","geometry":{"type":"Point","coordinates":[34.98375,32.81925]},"properties":{"w":9}},{"type":"Feature","geometry":{"type":"Point","coordinates":[35.64375,34.12125]},"properties":{"w":9}},{"type":"Feature","geometry":{"type":"Point","coordinates":[35.21025,31.70325]},"properties":{"w":9}},{"type":"Feature","geometry":{"type":"Point","coordinates":[36.20325,34.01925]},"properties":{"w":9}},{"type":"Feature","geometry":{"type":"Point","coordinates":[35.16525,31.72275]},"properties":{"w":9}},{"type":"Feature","geometry":{"type":"Point","coordinates":[52.52175,29.62575]},"properties":{"w":9}},{"type":"Feature","geometry":{"type":"Point","coordinates":[35.73225,32.04225]},"properties":{"w":9}},{"type":"Feature","geometry":{"type":"Point","coordinates":[35.20575,31.70625]},"properties":{"w":9}},{"type":"Feature","geometry":{"type":"Point","coordinates":[35.12625,32.70975]},"properties":{"w":9}},{"type":"Feature","geometry":{"type":"Point","coordinates":[36.31275,33.50925]},"properties":{"w":9}},{"type":"Feature","geometry":{"type":"Point","coordinates":[35.22375,31.77825]},"properties":{"w":9}},{"type":"Feature","geometry":{"type":"Point","coordinates":[48.51075,34.80375]},"properties":{"w":9}},{"type":"Feature","geometry":{"type":"Point","coordinates":[35.81925,34.44825]},"properties":{"w":9}},{"type":"Feature","geometry":{"type":"Point","coordinates":[35.22975,31.78275]},"properties":{"w":9}},{"type":"Feature","geometry":{"type":"Point","coordinates":[32.64675,25.69425]},"properties":{"w":9}},{"type":"Feature","geometry":{"type":"Point","coordinates":[35.21475,31.71075]},"properties":{"w":9}},{"type":"Feature","geometry":{"type":"Point","coordinates":[47.44425,34.39275]},"properties":{"w":9}},{"type":"Feature","geometry":{"type":"Point","coordinates":[36.19725,34.00425]},"properties":{"w":9}},{"type":"Feature","geometry":{"type":"Point","coordinates":[35.83275,34.43025]},"properties":{"w":9}},{"type":"Feature","geometry":{"type":"Point","coordinates":[35.20275,31.71375]},"properties":{"w":9}},{"type":"Feature","geometry":{"type":"Point","coordinates":[57.30075,22.96425]},"properties":{"w":9}},{"type":"Feature","geometry":{"type":"Point","coordinates":[35.92725,33.73125]},"properties":{"w":9}},{"type":"Feature","geometry":{"type":"Point","coordinates":[31.23525,30.00525]},"properties":{"w":9}},{"type":"Feature","geometry":{"type":"Point","coordinates":[35.64975,34.12275]},"properties":{"w":9}},{"type":"Feature","geometry":{"type":"Point","coordinates":[35.65125,34.11525]},"properties":{"w":9}},{"type":"Feature","geometry":{"type":"Point","coordinates":[31.23825,30.01725]},"properties":{"w":9}},{"type":"Feature","geometry":{"type":"Point","coordinates":[35.11125,31.52475]},"properties":{"w":9}},{"type":"Feature","geometry":{"type":"Point","coordinates":[35.93625,33.73875]},"properties":{"w":9}},{"type":"Feature","geometry":{"type":"Point","coordinates":[34.77675,32.06475]},"properties":{"w":9}},{"type":"Feature","geometry":{"type":"Point","coordinates":[35.20425,31.70475]},"properties":{"w":9}},{"type":"Feature","geometry":{"type":"Point","coordinates":[35.07675,32.93025]},"properties":{"w":9}},{"type":"Feature","geometry":{"type":"Point","coordinates":[36.28875,34.75425]},"properties":{"w":9}},{"type":"Feature","geometry":{"type":"Point","coordinates":[35.72175,32.03625]},"properties":{"w":9}},{"type":"Feature","geometry":{"type":"Point","coordinates":[46.56975,24.74775]},"properties":{"w":9}},{"type":"Feature","geometry":{"type":"Point","coordinates":[36.29925,33.51225]},"properties":{"w":9}},{"type":"Feature","geometry":{"type":"Point","coordinates":[48.79425,36.41775]},"properties":{"w":9}},{"type":"Feature","geometry":{"type":"Point","coordinates":[44.01075,36.18225]},"properties":{"w":9}},{"type":"Feature","geometry":{"type":"Point","coordinates":[36.37425,32.32425]},"properties":{"w":9}},{"type":"Feature","geometry":{"type":"Point","coordinates":[36.20925,33.99975]},"properties":{"w":9}},{"type":"Feature","geometry":{"type":"Point","coordinates":[34.36275,31.45125]},"properties":{"w":9}},{"type":"Feature","geometry":{"type":"Point","coordinates":[36.30525,33.51975]},"properties":{"w":9}},{"type":"Feature","geometry":{"type":"Point","coordinates":[34.36275,31.44825]},"properties":{"w":9}},{"type":"Feature","geometry":{"type":"Point","coordinates":[34.78425,32.07525]},"properties":{"w":9}},{"type":"Feature","geometry":{"type":"Point","coordinates":[35.11575,31.53075]},"properties":{"w":9}},{"type":"Feature","geometry":{"type":"Point","coordinates":[47.44425,34.39125]},"properties":{"w":9}},{"type":"Feature","geometry":{"type":"Point","coordinates":[51.69375,32.67075]},"properties":{"w":9}},{"type":"Feature","geometry":{"type":"Point","coordinates":[35.44875,30.32475]},"properties":{"w":9}},{"type":"Feature","geometry":{"type":"Point","coordinates":[39.18525,21.48675]},"properties":{"w":9}},{"type":"Feature","geometry":{"type":"Point","coordinates":[48.29325,38.24625]},"properties":{"w":9}},{"type":"Feature","geometry":{"type":"Point","coordinates":[35.11725,32.70525]},"properties":{"w":9}},{"type":"Feature","geometry":{"type":"Point","coordinates":[44.01975,36.19125]},"properties":{"w":9}},{"type":"Feature","geometry":{"type":"Point","coordinates":[44.00775,36.17625]},"properties":{"w":9}},{"type":"Feature","geometry":{"type":"Point","coordinates":[35.10225,31.52325]},"properties":{"w":9}},{"type":"Feature","geometry":{"type":"Point","coordinates":[35.83275,34.44525]},"properties":{"w":9}},{"type":"Feature","geometry":{"type":"Point","coordinates":[35.93925,33.72975]},"properties":{"w":9}},{"type":"Feature","geometry":{"type":"Point","coordinates":[51.42225,35.69325]},"properties":{"w":9}},{"type":"Feature","geometry":{"type":"Point","coordinates":[35.65125,34.12875]},"properties":{"w":9}},{"type":"Feature","geometry":{"type":"Point","coordinates":[35.15925,31.72725]},"properties":{"w":9}},{"type":"Feature","geometry":{"type":"Point","coordinates":[35.15775,31.72725]},"properties":{"w":9}},{"type":"Feature","geometry":{"type":"Point","coordinates":[35.11575,31.52925]},"properties":{"w":9}},{"type":"Feature","geometry":{"type":"Point","coordinates":[51.40575,35.65425]},"properties":{"w":9}},{"type":"Feature","geometry":{"type":"Point","coordinates":[46.57425,24.74475]},"properties":{"w":9}},{"type":"Feature","geometry":{"type":"Point","coordinates":[43.26225,35.46075]},"properties":{"w":9}},{"type":"Feature","geometry":{"type":"Point","coordinates":[51.42075,35.69025]},"properties":{"w":9}},{"type":"Feature","geometry":{"type":"Point","coordinates":[35.22675,31.78875]},"properties":{"w":9}},{"type":"Feature","geometry":{"type":"Point","coordinates":[44.00175,36.20175]},"properties":{"w":9}},{"type":"Feature","geometry":{"type":"Point","coordinates":[35.11725,31.52775]},"properties":{"w":9}},{"type":"Feature","geometry":{"type":"Point","coordinates":[36.36375,32.32575]},"properties":{"w":9}},{"type":"Feature","geometry":{"type":"Point","coordinates":[34.37625,31.44975]},"properties":{"w":9}},{"type":"Feature","geometry":{"type":"Point","coordinates":[34.97925,32.81625]},"properties":{"w":9}},{"type":"Feature","geometry":{"type":"Point","coordinates":[34.98825,32.80125]},"properties":{"w":9}},{"type":"Feature","geometry":{"type":"Point","coordinates":[35.10825,31.52325]},"properties":{"w":9}},{"type":"Feature","geometry":{"type":"Point","coordinates":[34.36125,31.44675]},"properties":{"w":9}},{"type":"Feature","geometry":{"type":"Point","coordinates":[52.52325,29.62575]},"properties":{"w":9}},{"type":"Feature","geometry":{"type":"Point","coordinates":[36.36225,32.32725]},"properties":{"w":9}},{"type":"Feature","geometry":{"type":"Point","coordinates":[35.21325,31.71225]},"properties":{"w":9}},{"type":"Feature","geometry":{"type":"Point","coordinates":[54.04275,17.00325]},"properties":{"w":9}},{"type":"Feature","geometry":{"type":"Point","coordinates":[35.20725,31.69875]},"properties":{"w":9}},{"type":"Feature","geometry":{"type":"Point","coordinates":[52.52475,29.63175]},"properties":{"w":9}},{"type":"Feature","geometry":{"type":"Point","coordinates":[52.53225,28.85325]},"properties":{"w":9}},{"type":"Feature","geometry":{"type":"Point","coordinates":[35.93025,33.73425]},"properties":{"w":9}},{"type":"Feature","geometry":{"type":"Point","coordinates":[34.98375,32.82225]},"properties":{"w":9}},{"type":"Feature","geometry":{"type":"Point","coordinates":[34.97925,32.81175]},"properties":{"w":9}},{"type":"Feature","geometry":{"type":"Point","coordinates":[35.35275,31.31775]},"properties":{"w":9}},{"type":"Feature","geometry":{"type":"Point","coordinates":[36.20325,34.00875]},"properties":{"w":9}},{"type":"Feature","geometry":{"type":"Point","coordinates":[35.16525,31.72725]},"properties":{"w":8}},{"type":"Feature","geometry":{"type":"Point","coordinates":[55.79925,24.05475]},"properties":{"w":8}},{"type":"Feature","geometry":{"type":"Point","coordinates":[48.52275,32.01075]},"properties":{"w":8}},{"type":"Feature","geometry":{"type":"Point","coordinates":[44.00925,36.19425]},"properties":{"w":8}},{"type":"Feature","geometry":{"type":"Point","coordinates":[35.21025,31.69725]},"properties":{"w":8}},{"type":"Feature","geometry":{"type":"Point","coordinates":[36.20475,33.99825]},"properties":{"w":8}},{"type":"Feature","geometry":{"type":"Point","coordinates":[46.57425,24.73725]},"properties":{"w":8}},{"type":"Feature","geometry":{"type":"Point","coordinates":[48.51675,34.80675]},"properties":{"w":8}},{"type":"Feature","geometry":{"type":"Point","coordinates":[34.98225,32.81775]},"properties":{"w":8}},{"type":"Feature","geometry":{"type":"Point","coordinates":[48.29175,38.24625]},"properties":{"w":8}},{"type":"Feature","geometry":{"type":"Point","coordinates":[46.57125,24.74325]},"properties":{"w":8}},{"type":"Feature","geometry":{"type":"Point","coordinates":[39.18525,21.49275]},"properties":{"w":8}},{"type":"Feature","geometry":{"type":"Point","coordinates":[35.54925,31.83825]},"properties":{"w":8}},{"type":"Feature","geometry":{"type":"Point","coordinates":[42.71775,35.58675]},"properties":{"w":8}},{"type":"Feature","geometry":{"type":"Point","coordinates":[37.17375,36.20325]},"properties":{"w":8}},{"type":"Feature","geometry":{"type":"Point","coordinates":[34.98675,32.82375]},"properties":{"w":8}},{"type":"Feature","geometry":{"type":"Point","coordinates":[43.25925,35.45925]},"properties":{"w":8}},{"type":"Feature","geometry":{"type":"Point","coordinates":[35.12025,32.71275]},"properties":{"w":8}},{"type":"Feature","geometry":{"type":"Point","coordinates":[35.55525,31.83825]},"properties":{"w":8}},{"type":"Feature","geometry":{"type":"Point","coordinates":[34.99275,32.82225]},"properties":{"w":8}},{"type":"Feature","geometry":{"type":"Point","coordinates":[48.29775,38.24325]},"properties":{"w":8}},{"type":"Feature","geometry":{"type":"Point","coordinates":[35.22525,31.77825]},"properties":{"w":8}},{"type":"Feature","geometry":{"type":"Point","coordinates":[52.52475,29.62875]},"properties":{"w":8}},{"type":"Feature","geometry":{"type":"Point","coordinates":[35.23125,31.77225]},"properties":{"w":8}},{"type":"Feature","geometry":{"type":"Point","coordinates":[34.84125,31.25625]},"properties":{"w":8}},{"type":"Feature","geometry":{"type":"Point","coordinates":[35.65275,34.12575]},"properties":{"w":8}},{"type":"Feature","geometry":{"type":"Point","coordinates":[34.98225,32.81625]},"properties":{"w":8}},{"type":"Feature","geometry":{"type":"Point","coordinates":[38.27475,34.55325]},"properties":{"w":8}},{"type":"Feature","geometry":{"type":"Point","coordinates":[35.82225,34.44675]},"properties":{"w":8}},{"type":"Feature","geometry":{"type":"Point","coordinates":[34.98375,32.82375]},"properties":{"w":8}},{"type":"Feature","geometry":{"type":"Point","coordinates":[35.22675,31.77675]},"properties":{"w":8}},{"type":"Feature","geometry":{"type":"Point","coordinates":[35.92575,33.73575]},"properties":{"w":8}},{"type":"Feature","geometry":{"type":"Point","coordinates":[35.93775,33.73875]},"properties":{"w":8}},{"type":"Feature","geometry":{"type":"Point","coordinates":[35.13075,32.70375]},"properties":{"w":8}},{"type":"Feature","geometry":{"type":"Point","coordinates":[34.89825,31.59225]},"properties":{"w":8}},{"type":"Feature","geometry":{"type":"Point","coordinates":[35.71875,32.03925]},"properties":{"w":8}},{"type":"Feature","geometry":{"type":"Point","coordinates":[36.36375,32.33325]},"properties":{"w":8}},{"type":"Feature","geometry":{"type":"Point","coordinates":[38.26125,34.55325]},"properties":{"w":8}},{"type":"Feature","geometry":{"type":"Point","coordinates":[35.93175,33.71925]},"properties":{"w":8}},{"type":"Feature","geometry":{"type":"Point","coordinates":[35.44875,30.32775]},"properties":{"w":8}},{"type":"Feature","geometry":{"type":"Point","coordinates":[36.36375,32.33175]},"properties":{"w":8}},{"type":"Feature","geometry":{"type":"Point","coordinates":[35.07075,32.92575]},"properties":{"w":8}},{"type":"Feature","geometry":{"type":"Point","coordinates":[51.41925,35.68725]},"properties":{"w":8}},{"type":"Feature","geometry":{"type":"Point","coordinates":[38.26725,34.55475]},"properties":{"w":8}},{"type":"Feature","geometry":{"type":"Point","coordinates":[36.31125,33.52425]},"properties":{"w":8}},{"type":"Feature","geometry":{"type":"Point","coordinates":[35.16675,31.72275]},"properties":{"w":8}},{"type":"Feature","geometry":{"type":"Point","coordinates":[36.20625,34.00125]},"properties":{"w":8}},{"type":"Feature","geometry":{"type":"Point","coordinates":[51.40425,35.66475]},"properties":{"w":8}},{"type":"Feature","geometry":{"type":"Point","coordinates":[34.37475,31.45575]},"properties":{"w":8}},{"type":"Feature","geometry":{"type":"Point","coordinates":[44.00625,36.20625]},"properties":{"w":8}},{"type":"Feature","geometry":{"type":"Point","coordinates":[46.57575,24.72825]},"properties":{"w":8}},{"type":"Feature","geometry":{"type":"Point","coordinates":[51.41925,35.67225]},"properties":{"w":8}},{"type":"Feature","geometry":{"type":"Point","coordinates":[44.01525,36.18375]},"properties":{"w":8}},{"type":"Feature","geometry":{"type":"Point","coordinates":[47.44125,34.39275]},"properties":{"w":8}},{"type":"Feature","geometry":{"type":"Point","coordinates":[35.22375,31.77225]},"properties":{"w":8}},{"type":"Feature","geometry":{"type":"Point","coordinates":[46.29525,38.07375]},"properties":{"w":8}},{"type":"Feature","geometry":{"type":"Point","coordinates":[46.29975,38.07975]},"properties":{"w":8}},{"type":"Feature","geometry":{"type":"Point","coordinates":[48.29925,38.25375]},"properties":{"w":8}},{"type":"Feature","geometry":{"type":"Point","coordinates":[35.12775,32.70075]},"properties":{"w":8}},{"type":"Feature","geometry":{"type":"Point","coordinates":[35.06625,32.91975]},"properties":{"w":8}},{"type":"Feature","geometry":{"type":"Point","coordinates":[48.52125,32.00925]},"properties":{"w":8}},{"type":"Feature","geometry":{"type":"Point","coordinates":[34.97625,32.81475]},"properties":{"w":8}},{"type":"Feature","geometry":{"type":"Point","coordinates":[35.12925,32.70525]},"properties":{"w":8}},{"type":"Feature","geometry":{"type":"Point","coordinates":[35.34975,31.32075]},"properties":{"w":8}},{"type":"Feature","geometry":{"type":"Point","coordinates":[36.03975,34.23975]},"properties":{"w":8}},{"type":"Feature","geometry":{"type":"Point","coordinates":[32.64525,25.70625]},"properties":{"w":8}},{"type":"Feature","geometry":{"type":"Point","coordinates":[37.16325,36.18525]},"properties":{"w":8}},{"type":"Feature","geometry":{"type":"Point","coordinates":[48.29175,38.24475]},"properties":{"w":8}},{"type":"Feature","geometry":{"type":"Point","coordinates":[51.68175,32.66925]},"properties":{"w":8}},{"type":"Feature","geometry":{"type":"Point","coordinates":[51.67725,32.66175]},"properties":{"w":8}},{"type":"Feature","geometry":{"type":"Point","coordinates":[36.21075,34.01775]},"properties":{"w":8}},{"type":"Feature","geometry":{"type":"Point","coordinates":[39.89775,26.15325]},"properties":{"w":8}},{"type":"Feature","geometry":{"type":"Point","coordinates":[31.24275,30.00075]},"properties":{"w":8}},{"type":"Feature","geometry":{"type":"Point","coordinates":[39.17925,21.49275]},"properties":{"w":8}},{"type":"Feature","geometry":{"type":"Point","coordinates":[35.16525,31.72425]},"properties":{"w":8}},{"type":"Feature","geometry":{"type":"Point","coordinates":[46.29675,38.08125]},"properties":{"w":8}},{"type":"Feature","geometry":{"type":"Point","coordinates":[37.94625,26.77575]},"properties":{"w":8}},{"type":"Feature","geometry":{"type":"Point","coordinates":[48.29325,38.24925]},"properties":{"w":8}},{"type":"Feature","geometry":{"type":"Point","coordinates":[35.07525,32.93175]},"properties":{"w":8}},{"type":"Feature","geometry":{"type":"Point","coordinates":[34.76625,32.07675]},"properties":{"w":8}},{"type":"Feature","geometry":{"type":"Point","coordinates":[35.07675,32.92575]},"properties":{"w":8}},{"type":"Feature","geometry":{"type":"Point","coordinates":[35.07825,32.92275]},"properties":{"w":8}},{"type":"Feature","geometry":{"type":"Point","coordinates":[37.95525,26.79225]},"properties":{"w":8}},{"type":"Feature","geometry":{"type":"Point","coordinates":[35.16075,31.72875]},"properties":{"w":8}},{"type":"Feature","geometry":{"type":"Point","coordinates":[44.00025,36.20025]},"properties":{"w":8}},{"type":"Feature","geometry":{"type":"Point","coordinates":[35.93025,33.73575]},"properties":{"w":8}},{"type":"Feature","geometry":{"type":"Point","coordinates":[34.78125,32.07975]},"properties":{"w":8}},{"type":"Feature","geometry":{"type":"Point","coordinates":[52.89225,29.93625]},"properties":{"w":8}},{"type":"Feature","geometry":{"type":"Point","coordinates":[48.52875,32.00625]},"properties":{"w":8}},{"type":"Feature","geometry":{"type":"Point","coordinates":[52.89075,29.93475]},"properties":{"w":8}},{"type":"Feature","geometry":{"type":"Point","coordinates":[35.23725,31.78275]},"properties":{"w":8}},{"type":"Feature","geometry":{"type":"Point","coordinates":[36.31425,33.50925]},"properties":{"w":8}},{"type":"Feature","geometry":{"type":"Point","coordinates":[35.65125,34.10925]},"properties":{"w":8}},{"type":"Feature","geometry":{"type":"Point","coordinates":[35.22525,31.77375]},"properties":{"w":8}},{"type":"Feature","geometry":{"type":"Point","coordinates":[36.31575,33.50475]},"properties":{"w":8}},{"type":"Feature","geometry":{"type":"Point","coordinates":[52.51575,29.63475]},"properties":{"w":8}},{"type":"Feature","geometry":{"type":"Point","coordinates":[35.11725,31.52625]},"properties":{"w":8}},{"type":"Feature","geometry":{"type":"Point","coordinates":[38.26575,34.55325]},"properties":{"w":8}},{"type":"Feature","geometry":{"type":"Point","coordinates":[44.00775,36.19275]},"properties":{"w":8}},{"type":"Feature","geometry":{"type":"Point","coordinates":[46.57575,24.74625]},"properties":{"w":8}},{"type":"Feature","geometry":{"type":"Point","coordinates":[36.30975,33.51375]},"properties":{"w":8}},{"type":"Feature","geometry":{"type":"Point","coordinates":[34.98525,32.81475]},"properties":{"w":8}},{"type":"Feature","geometry":{"type":"Point","coordinates":[38.26275,34.55025]},"properties":{"w":8}},{"type":"Feature","geometry":{"type":"Point","coordinates":[34.36425,31.45125]},"properties":{"w":8}},{"type":"Feature","geometry":{"type":"Point","coordinates":[35.22225,31.77675]},"properties":{"w":8}},{"type":"Feature","geometry":{"type":"Point","coordinates":[38.26125,34.55625]},"properties":{"w":8}},{"type":"Feature","geometry":{"type":"Point","coordinates":[34.98825,32.81025]},"properties":{"w":8}},{"type":"Feature","geometry":{"type":"Point","coordinates":[31.61775,22.33875]},"properties":{"w":8}},{"type":"Feature","geometry":{"type":"Point","coordinates":[35.19825,31.70475]},"properties":{"w":8}},{"type":"Feature","geometry":{"type":"Point","coordinates":[35.81775,34.44675]},"properties":{"w":8}},{"type":"Feature","geometry":{"type":"Point","coordinates":[56.74725,23.25375]},"properties":{"w":8}},{"type":"Feature","geometry":{"type":"Point","coordinates":[34.99725,32.80875]},"properties":{"w":8}},{"type":"Feature","geometry":{"type":"Point","coordinates":[52.51725,29.62425]},"properties":{"w":8}},{"type":"Feature","geometry":{"type":"Point","coordinates":[36.36675,32.33175]},"properties":{"w":8}},{"type":"Feature","geometry":{"type":"Point","coordinates":[59.37675,22.69425]},"properties":{"w":8}},{"type":"Feature","geometry":{"type":"Point","coordinates":[35.21175,31.71225]},"properties":{"w":8}},{"type":"Feature","geometry":{"type":"Point","coordinates":[35.72025,32.04825]},"properties":{"w":8}},{"type":"Feature","geometry":{"type":"Point","coordinates":[38.25525,34.55175]},"properties":{"w":8}},{"type":"Feature","geometry":{"type":"Point","coordinates":[46.29525,38.07825]},"properties":{"w":8}},{"type":"Feature","geometry":{"type":"Point","coordinates":[35.65125,34.13025]},"properties":{"w":8}},{"type":"Feature","geometry":{"type":"Point","coordinates":[46.29975,38.07675]},"properties":{"w":8}},{"type":"Feature","geometry":{"type":"Point","coordinates":[47.44425,34.40025]},"properties":{"w":8}},{"type":"Feature","geometry":{"type":"Point","coordinates":[34.36725,31.45275]},"properties":{"w":8}},{"type":"Feature","geometry":{"type":"Point","coordinates":[35.45025,30.32325]},"properties":{"w":8}},{"type":"Feature","geometry":{"type":"Point","coordinates":[35.22225,31.77825]},"properties":{"w":8}},{"type":"Feature","geometry":{"type":"Point","coordinates":[35.44725,30.32475]},"properties":{"w":8}},{"type":"Feature","geometry":{"type":"Point","coordinates":[32.64225,25.70175]},"properties":{"w":8}},{"type":"Feature","geometry":{"type":"Point","coordinates":[44.42475,32.54475]},"properties":{"w":8}},{"type":"Feature","geometry":{"type":"Point","coordinates":[35.65275,34.12875]},"properties":{"w":8}},{"type":"Feature","geometry":{"type":"Point","coordinates":[34.78425,32.07225]},"properties":{"w":8}},{"type":"Feature","geometry":{"type":"Point","coordinates":[35.44875,31.86975]},"properties":{"w":8}},{"type":"Feature","geometry":{"type":"Point","coordinates":[48.29625,38.25075]},"properties":{"w":8}},{"type":"Feature","geometry":{"type":"Point","coordinates":[35.13675,32.70075]},"properties":{"w":8}},{"type":"Feature","geometry":{"type":"Point","coordinates":[39.18825,21.48375]},"properties":{"w":8}},{"type":"Feature","geometry":{"type":"Point","coordinates":[35.07675,32.92275]},"properties":{"w":8}},{"type":"Feature","geometry":{"type":"Point","coordinates":[35.44425,30.32175]},"properties":{"w":8}},{"type":"Feature","geometry":{"type":"Point","coordinates":[31.23525,30.00075]},"properties":{"w":8}},{"type":"Feature","geometry":{"type":"Point","coordinates":[38.25825,34.55475]},"properties":{"w":8}},{"type":"Feature","geometry":{"type":"Point","coordinates":[34.98375,32.81325]},"properties":{"w":8}},{"type":"Feature","geometry":{"type":"Point","coordinates":[58.38975,29.08575]},"properties":{"w":8}},{"type":"Feature","geometry":{"type":"Point","coordinates":[38.26275,34.55475]},"properties":{"w":8}},{"type":"Feature","geometry":{"type":"Point","coordinates":[38.26875,34.55475]},"properties":{"w":8}},{"type":"Feature","geometry":{"type":"Point","coordinates":[44.01675,36.19575]},"properties":{"w":8}},{"type":"Feature","geometry":{"type":"Point","coordinates":[35.12775,32.70825]},"properties":{"w":8}},{"type":"Feature","geometry":{"type":"Point","coordinates":[34.76775,32.08125]},"properties":{"w":8}},{"type":"Feature","geometry":{"type":"Point","coordinates":[35.20425,31.71375]},"properties":{"w":8}},{"type":"Feature","geometry":{"type":"Point","coordinates":[46.57725,24.74625]},"properties":{"w":8}},{"type":"Feature","geometry":{"type":"Point","coordinates":[34.35825,31.43925]},"properties":{"w":8}},{"type":"Feature","geometry":{"type":"Point","coordinates":[43.25775,35.45775]},"properties":{"w":8}},{"type":"Feature","geometry":{"type":"Point","coordinates":[35.56125,31.83975]},"properties":{"w":8}},{"type":"Feature","geometry":{"type":"Point","coordinates":[35.55225,31.83975]},"properties":{"w":8}},{"type":"Feature","geometry":{"type":"Point","coordinates":[36.29925,33.51075]},"properties":{"w":8}},{"type":"Feature","geometry":{"type":"Point","coordinates":[34.83975,31.25775]},"properties":{"w":8}},{"type":"Feature","geometry":{"type":"Point","coordinates":[48.25125,32.19075]},"properties":{"w":8}},{"type":"Feature","geometry":{"type":"Point","coordinates":[35.10375,31.52475]},"properties":{"w":8}},{"type":"Feature","geometry":{"type":"Point","coordinates":[48.29025,38.25225]},"properties":{"w":8}},{"type":"Feature","geometry":{"type":"Point","coordinates":[43.99875,36.19725]},"properties":{"w":8}},{"type":"Feature","geometry":{"type":"Point","coordinates":[35.81775,34.44825]},"properties":{"w":8}},{"type":"Feature","geometry":{"type":"Point","coordinates":[36.30975,33.52275]},"properties":{"w":8}},{"type":"Feature","geometry":{"type":"Point","coordinates":[51.40575,35.66475]},"properties":{"w":8}},{"type":"Feature","geometry":{"type":"Point","coordinates":[34.36425,31.44525]},"properties":{"w":8}},{"type":"Feature","geometry":{"type":"Point","coordinates":[54.05925,17.01675]},"properties":{"w":8}},{"type":"Feature","geometry":{"type":"Point","coordinates":[31.23375,30.00225]},"properties":{"w":8}},{"type":"Feature","geometry":{"type":"Point","coordinates":[35.09925,31.53225]},"properties":{"w":8}},{"type":"Feature","geometry":{"type":"Point","coordinates":[51.41175,35.68725]},"properties":{"w":8}},{"type":"Feature","geometry":{"type":"Point","coordinates":[46.29675,38.07075]},"properties":{"w":8}},{"type":"Feature","geometry":{"type":"Point","coordinates":[39.18975,21.48525]},"properties":{"w":8}},{"type":"Feature","geometry":{"type":"Point","coordinates":[44.01375,36.19275]},"properties":{"w":8}},{"type":"Feature","geometry":{"type":"Point","coordinates":[51.68025,32.67225]},"properties":{"w":8}},{"type":"Feature","geometry":{"type":"Point","coordinates":[35.72025,32.04675]},"properties":{"w":8}},{"type":"Feature","geometry":{"type":"Point","coordinates":[35.93925,33.72675]},"properties":{"w":8}},{"type":"Feature","geometry":{"type":"Point","coordinates":[35.65275,34.11825]},"properties":{"w":8}},{"type":"Feature","geometry":{"type":"Point","coordinates":[35.12025,32.70525]},"properties":{"w":8}},{"type":"Feature","geometry":{"type":"Point","coordinates":[39.18075,21.49425]},"properties":{"w":8}},{"type":"Feature","geometry":{"type":"Point","coordinates":[35.24175,31.77675]},"properties":{"w":8}},{"type":"Feature","geometry":{"type":"Point","coordinates":[35.93325,33.73875]},"properties":{"w":7}},{"type":"Feature","geometry":{"type":"Point","coordinates":[48.29475,38.24625]},"properties":{"w":7}},{"type":"Feature","geometry":{"type":"Point","coordinates":[54.05175,17.01525]},"properties":{"w":7}},{"type":"Feature","geometry":{"type":"Point","coordinates":[44.00475,36.18375]},"properties":{"w":7}},{"type":"Feature","geometry":{"type":"Point","coordinates":[35.16825,31.71975]},"properties":{"w":7}},{"type":"Feature","geometry":{"type":"Point","coordinates":[51.42825,35.68275]},"properties":{"w":7}},{"type":"Feature","geometry":{"type":"Point","coordinates":[54.06075,17.01675]},"properties":{"w":7}},{"type":"Feature","geometry":{"type":"Point","coordinates":[35.20575,33.26475]},"properties":{"w":7}},{"type":"Feature","geometry":{"type":"Point","coordinates":[34.98825,32.80575]},"properties":{"w":7}},{"type":"Feature","geometry":{"type":"Point","coordinates":[35.22825,31.78875]},"properties":{"w":7}},{"type":"Feature","geometry":{"type":"Point","coordinates":[35.12475,32.70525]},"properties":{"w":7}},{"type":"Feature","geometry":{"type":"Point","coordinates":[35.93925,33.73125]},"properties":{"w":7}},{"type":"Feature","geometry":{"type":"Point","coordinates":[35.43975,31.86375]},"properties":{"w":7}},{"type":"Feature","geometry":{"type":"Point","coordinates":[36.31275,33.50475]},"properties":{"w":7}},{"type":"Feature","geometry":{"type":"Point","coordinates":[36.19575,34.00875]},"properties":{"w":7}},{"type":"Feature","geometry":{"type":"Point","coordinates":[54.06075,17.01225]},"properties":{"w":7}},{"type":"Feature","geometry":{"type":"Point","coordinates":[48.50775,34.80075]},"properties":{"w":7}},{"type":"Feature","geometry":{"type":"Point","coordinates":[31.24275,30.00225]},"properties":{"w":7}},{"type":"Feature","geometry":{"type":"Point","coordinates":[51.40125,35.64375]},"properties":{"w":7}},{"type":"Feature","geometry":{"type":"Point","coordinates":[36.36075,32.32725]},"properties":{"w":7}},{"type":"Feature","geometry":{"type":"Point","coordinates":[34.98525,32.82225]},"properties":{"w":7}},{"type":"Feature","geometry":{"type":"Point","coordinates":[48.29475,38.24925]},"properties":{"w":7}},{"type":"Feature","geometry":{"type":"Point","coordinates":[34.98975,32.80425]},"properties":{"w":7}},{"type":"Feature","geometry":{"type":"Point","coordinates":[31.61925,22.33575]},"properties":{"w":7}},{"type":"Feature","geometry":{"type":"Point","coordinates":[35.19825,31.70925]},"properties":{"w":7}},{"type":"Feature","geometry":{"type":"Point","coordinates":[35.64225,34.12275]},"properties":{"w":7}},{"type":"Feature","geometry":{"type":"Point","coordinates":[48.30075,38.24325]},"properties":{"w":7}},{"type":"Feature","geometry":{"type":"Point","coordinates":[35.07075,32.92125]},"properties":{"w":7}},{"type":"Feature","geometry":{"type":"Point","coordinates":[36.36675,32.32575]},"properties":{"w":7}},{"type":"Feature","geometry":{"type":"Point","coordinates":[36.58725,31.80225]},"properties":{"w":7}},{"type":"Feature","geometry":{"type":"Point","coordinates":[46.57425,24.74925]},"properties":{"w":7}},{"type":"Feature","geometry":{"type":"Point","coordinates":[46.57275,24.73275]},"properties":{"w":7}},{"type":"Feature","geometry":{"type":"Point","coordinates":[36.20475,33.99525]},"properties":{"w":7}},{"type":"Feature","geometry":{"type":"Point","coordinates":[54.37875,27.20325]},"properties":{"w":7}},{"type":"Feature","geometry":{"type":"Point","coordinates":[35.72925,32.04675]},"properties":{"w":7}},{"type":"Feature","geometry":{"type":"Point","coordinates":[44.42175,32.54325]},"properties":{"w":7}},{"type":"Feature","geometry":{"type":"Point","coordinates":[35.20575,31.69725]},"properties":{"w":7}},{"type":"Feature","geometry":{"type":"Point","coordinates":[39.18225,21.48825]},"properties":{"w":7}},{"type":"Feature","geometry":{"type":"Point","coordinates":[35.20125,31.70925]},"properties":{"w":7}},{"type":"Feature","geometry":{"type":"Point","coordinates":[35.12475,32.71425]},"properties":{"w":7}},{"type":"Feature","geometry":{"type":"Point","coordinates":[35.72025,32.03775]},"properties":{"w":7}},{"type":"Feature","geometry":{"type":"Point","coordinates":[35.23425,31.79025]},"properties":{"w":7}},{"type":"Feature","geometry":{"type":"Point","coordinates":[35.64975,34.12575]},"properties":{"w":7}},{"type":"Feature","geometry":{"type":"Point","coordinates":[35.11875,32.70825]},"properties":{"w":7}},{"type":"Feature","geometry":{"type":"Point","coordinates":[36.28725,34.74975]},"properties":{"w":7}},{"type":"Feature","geometry":{"type":"Point","coordinates":[35.21025,31.71525]},"properties":{"w":7}},{"type":"Feature","geometry":{"type":"Point","coordinates":[34.37775,31.44675]},"properties":{"w":7}},{"type":"Feature","geometry":{"type":"Point","coordinates":[36.30675,33.52275]},"properties":{"w":7}},{"type":"Feature","geometry":{"type":"Point","coordinates":[35.22525,31.77675]},"properties":{"w":7}},{"type":"Feature","geometry":{"type":"Point","coordinates":[36.20175,34.01925]},"properties":{"w":7}},{"type":"Feature","geometry":{"type":"Point","coordinates":[37.16175,36.18975]},"properties":{"w":7}},{"type":"Feature","geometry":{"type":"Point","coordinates":[34.36875,31.45725]},"properties":{"w":7}},{"type":"Feature","geometry":{"type":"Point","coordinates":[36.20325,34.00425]},"properties":{"w":7}},{"type":"Feature","geometry":{"type":"Point","coordinates":[51.67575,32.65575]},"properties":{"w":7}},{"type":"Feature","geometry":{"type":"Point","coordinates":[31.62225,22.33725]},"properties":{"w":7}},{"type":"Feature","geometry":{"type":"Point","coordinates":[35.73225,32.04525]},"properties":{"w":7}},{"type":"Feature","geometry":{"type":"Point","coordinates":[35.11725,32.70675]},"properties":{"w":7}},{"type":"Feature","geometry":{"type":"Point","coordinates":[34.98525,32.81175]},"properties":{"w":7}},{"type":"Feature","geometry":{"type":"Point","coordinates":[48.50925,34.80075]},"properties":{"w":7}},{"type":"Feature","geometry":{"type":"Point","coordinates":[35.92575,33.73125]},"properties":{"w":7}},{"type":"Feature","geometry":{"type":"Point","coordinates":[34.98375,32.82525]},"properties":{"w":7}},{"type":"Feature","geometry":{"type":"Point","coordinates":[35.44725,30.32625]},"properties":{"w":7}},{"type":"Feature","geometry":{"type":"Point","coordinates":[31.23375,30.00075]},"properties":{"w":7}},{"type":"Feature","geometry":{"type":"Point","coordinates":[34.36275,31.43625]},"properties":{"w":7}},{"type":"Feature","geometry":{"type":"Point","coordinates":[35.73075,32.03475]},"properties":{"w":7}},{"type":"Feature","geometry":{"type":"Point","coordinates":[35.12175,32.70225]},"properties":{"w":7}},{"type":"Feature","geometry":{"type":"Point","coordinates":[35.22075,31.77675]},"properties":{"w":7}},{"type":"Feature","geometry":{"type":"Point","coordinates":[55.80225,25.09125]},"properties":{"w":7}},{"type":"Feature","geometry":{"type":"Point","coordinates":[35.72175,32.04525]},"properties":{"w":7}},{"type":"Feature","geometry":{"type":"Point","coordinates":[48.30075,38.24625]},"properties":{"w":7}},{"type":"Feature","geometry":{"type":"Point","coordinates":[35.19675,31.70325]},"properties":{"w":7}},{"type":"Feature","geometry":{"type":"Point","coordinates":[31.61925,22.33875]},"properties":{"w":7}},{"type":"Feature","geometry":{"type":"Point","coordinates":[35.64225,34.13025]},"properties":{"w":7}},{"type":"Feature","geometry":{"type":"Point","coordinates":[35.19675,31.70175]},"properties":{"w":7}},{"type":"Feature","geometry":{"type":"Point","coordinates":[34.98225,32.82375]},"properties":{"w":7}},{"type":"Feature","geometry":{"type":"Point","coordinates":[35.19525,33.26925]},"properties":{"w":7}},{"type":"Feature","geometry":{"type":"Point","coordinates":[48.33675,33.44925]},"properties":{"w":7}},{"type":"Feature","geometry":{"type":"Point","coordinates":[36.19425,34.00275]},"properties":{"w":7}},{"type":"Feature","geometry":{"type":"Point","coordinates":[36.31575,33.51375]},"properties":{"w":7}},{"type":"Feature","geometry":{"type":"Point","coordinates":[47.43525,34.38675]},"properties":{"w":7}},{"type":"Feature","geometry":{"type":"Point","coordinates":[36.19575,34.00425]},"properties":{"w":7}},{"type":"Feature","geometry":{"type":"Point","coordinates":[35.06925,32.92125]},"properties":{"w":7}},{"type":"Feature","geometry":{"type":"Point","coordinates":[35.22825,31.76775]},"properties":{"w":7}},{"type":"Feature","geometry":{"type":"Point","coordinates":[36.31575,33.50325]},"properties":{"w":7}},{"type":"Feature","geometry":{"type":"Point","coordinates":[35.22825,31.77225]},"properties":{"w":7}},{"type":"Feature","geometry":{"type":"Point","coordinates":[44.42775,32.54325]},"properties":{"w":7}},{"type":"Feature","geometry":{"type":"Point","coordinates":[34.89375,31.61175]},"properties":{"w":7}},{"type":"Feature","geometry":{"type":"Point","coordinates":[35.16375,31.72275]},"properties":{"w":7}},{"type":"Feature","geometry":{"type":"Point","coordinates":[50.52525,26.23575]},"properties":{"w":7}},{"type":"Feature","geometry":{"type":"Point","coordinates":[48.28875,38.24925]},"properties":{"w":7}},{"type":"Feature","geometry":{"type":"Point","coordinates":[32.64975,25.70325]},"properties":{"w":7}},{"type":"Feature","geometry":{"type":"Point","coordinates":[46.30425,38.07375]},"properties":{"w":7}},{"type":"Feature","geometry":{"type":"Point","coordinates":[35.82225,34.44525]},"properties":{"w":7}},{"type":"Feature","geometry":{"type":"Point","coordinates":[35.10375,31.52325]},"properties":{"w":7}},{"type":"Feature","geometry":{"type":"Point","coordinates":[35.12625,32.70675]},"properties":{"w":7}},{"type":"Feature","geometry":{"type":"Point","coordinates":[35.92725,33.73275]},"properties":{"w":7}},{"type":"Feature","geometry":{"type":"Point","coordinates":[36.19725,33.99975]},"properties":{"w":7}},{"type":"Feature","geometry":{"type":"Point","coordinates":[35.72325,32.03325]},"properties":{"w":7}},{"type":"Feature","geometry":{"type":"Point","coordinates":[35.72325,32.03175]},"properties":{"w":7}},{"type":"Feature","geometry":{"type":"Point","coordinates":[35.72625,32.03025]},"properties":{"w":7}},{"type":"Feature","geometry":{"type":"Point","coordinates":[35.65125,34.12425]},"properties":{"w":7}},{"type":"Feature","geometry":{"type":"Point","coordinates":[35.13375,32.70225]},"properties":{"w":7}},{"type":"Feature","geometry":{"type":"Point","coordinates":[35.15625,31.72725]},"properties":{"w":7}},{"type":"Feature","geometry":{"type":"Point","coordinates":[35.13675,32.70375]},"properties":{"w":7}},{"type":"Feature","geometry":{"type":"Point","coordinates":[35.72925,32.03625]},"properties":{"w":7}},{"type":"Feature","geometry":{"type":"Point","coordinates":[35.20425,31.71675]},"properties":{"w":7}},{"type":"Feature","geometry":{"type":"Point","coordinates":[35.20425,31.70625]},"properties":{"w":7}},{"type":"Feature","geometry":{"type":"Point","coordinates":[36.21525,34.00875]},"properties":{"w":7}},{"type":"Feature","geometry":{"type":"Point","coordinates":[35.12025,32.70975]},"properties":{"w":7}},{"type":"Feature","geometry":{"type":"Point","coordinates":[32.64525,25.69725]},"properties":{"w":7}},{"type":"Feature","geometry":{"type":"Point","coordinates":[50.50725,26.23125]},"properties":{"w":7}},{"type":"Feature","geometry":{"type":"Point","coordinates":[36.30825,33.52275]},"properties":{"w":7}},{"type":"Feature","geometry":{"type":"Point","coordinates":[35.11725,31.52925]},"properties":{"w":7}},{"type":"Feature","geometry":{"type":"Point","coordinates":[46.29225,38.08275]},"properties":{"w":7}},{"type":"Feature","geometry":{"type":"Point","coordinates":[36.37575,32.32275]},"properties":{"w":7}},{"type":"Feature","geometry":{"type":"Point","coordinates":[35.06925,32.92575]},"properties":{"w":7}},{"type":"Feature","geometry":{"type":"Point","coordinates":[35.93475,33.73425]},"properties":{"w":7}},{"type":"Feature","geometry":{"type":"Point","coordinates":[36.36675,32.33025]},"properties":{"w":7}},{"type":"Feature","geometry":{"type":"Point","coordinates":[35.72925,32.03325]},"properties":{"w":7}},{"type":"Feature","geometry":{"type":"Point","coordinates":[48.34425,33.44475]},"properties":{"w":7}},{"type":"Feature","geometry":{"type":"Point","coordinates":[35.23875,31.78275]},"properties":{"w":7}},{"type":"Feature","geometry":{"type":"Point","coordinates":[51.41175,35.68575]},"properties":{"w":7}},{"type":"Feature","geometry":{"type":"Point","coordinates":[36.29025,34.75425]},"properties":{"w":7}},{"type":"Feature","geometry":{"type":"Point","coordinates":[35.23125,31.78425]},"properties":{"w":7}},{"type":"Feature","geometry":{"type":"Point","coordinates":[35.72325,32.03775]},"properties":{"w":7}},{"type":"Feature","geometry":{"type":"Point","coordinates":[36.29025,34.75275]},"properties":{"w":7}},{"type":"Feature","geometry":{"type":"Point","coordinates":[35.20725,31.70025]},"properties":{"w":7}},{"type":"Feature","geometry":{"type":"Point","coordinates":[35.21025,31.69425]},"properties":{"w":7}},{"type":"Feature","geometry":{"type":"Point","coordinates":[36.21375,33.99975]},"properties":{"w":7}},{"type":"Feature","geometry":{"type":"Point","coordinates":[35.12475,32.71275]},"properties":{"w":7}},{"type":"Feature","geometry":{"type":"Point","coordinates":[35.12475,32.70675]},"properties":{"w":7}},{"type":"Feature","geometry":{"type":"Point","coordinates":[44.00925,36.17625]},"properties":{"w":7}},{"type":"Feature","geometry":{"type":"Point","coordinates":[35.93925,33.74325]},"properties":{"w":7}},{"type":"Feature","geometry":{"type":"Point","coordinates":[35.65575,34.11375]},"properties":{"w":7}},{"type":"Feature","geometry":{"type":"Point","coordinates":[52.53225,29.62425]},"properties":{"w":7}},{"type":"Feature","geometry":{"type":"Point","coordinates":[35.09775,31.52625]},"properties":{"w":7}},{"type":"Feature","geometry":{"type":"Point","coordinates":[34.36275,31.43925]},"properties":{"w":7}},{"type":"Feature","geometry":{"type":"Point","coordinates":[36.20175,34.00575]},"properties":{"w":7}},{"type":"Feature","geometry":{"type":"Point","coordinates":[37.16025,36.19725]},"properties":{"w":7}},{"type":"Feature","geometry":{"type":"Point","coordinates":[34.36275,31.44525]},"properties":{"w":7}},{"type":"Feature","geometry":{"type":"Point","coordinates":[36.20025,34.00275]},"properties":{"w":7}},{"type":"Feature","geometry":{"type":"Point","coordinates":[36.19875,34.00125]},"properties":{"w":7}},{"type":"Feature","geometry":{"type":"Point","coordinates":[36.31125,33.50325]},"properties":{"w":7}},{"type":"Feature","geometry":{"type":"Point","coordinates":[37.16025,36.21225]},"properties":{"w":7}},{"type":"Feature","geometry":{"type":"Point","coordinates":[35.83425,34.44225]},"properties":{"w":7}},{"type":"Feature","geometry":{"type":"Point","coordinates":[48.29625,38.24325]},"properties":{"w":7}},{"type":"Feature","geometry":{"type":"Point","coordinates":[35.64975,34.11225]},"properties":{"w":7}},{"type":"Feature","geometry":{"type":"Point","coordinates":[48.29325,38.24475]},"properties":{"w":7}},{"type":"Feature","geometry":{"type":"Point","coordinates":[35.93025,33.73125]},"properties":{"w":7}},{"type":"Feature","geometry":{"type":"Point","coordinates":[36.37725,32.32275]},"properties":{"w":6}},{"type":"Feature","geometry":{"type":"Point","coordinates":[35.22675,31.77075]},"properties":{"w":6}},{"type":"Feature","geometry":{"type":"Point","coordinates":[46.56525,24.74025]},"properties":{"w":6}},{"type":"Feature","geometry":{"type":"Point","coordinates":[50.52525,26.23425]},"properties":{"w":6}},{"type":"Feature","geometry":{"type":"Point","coordinates":[31.23825,30.01125]},"properties":{"w":6}},{"type":"Feature","geometry":{"type":"Point","coordinates":[35.72775,32.03325]},"properties":{"w":6}},{"type":"Feature","geometry":{"type":"Point","coordinates":[35.24025,31.77825]},"properties":{"w":6}},{"type":"Feature","geometry":{"type":"Point","coordinates":[35.10975,31.52325]},"properties":{"w":6}},{"type":"Feature","geometry":{"type":"Point","coordinates":[36.19575,34.01175]},"properties":{"w":6}},{"type":"Feature","geometry":{"type":"Point","coordinates":[35.10675,31.52325]},"properties":{"w":6}},{"type":"Feature","geometry":{"type":"Point","coordinates":[50.52675,26.23575]},"properties":{"w":6}},{"type":"Feature","geometry":{"type":"Point","coordinates":[32.63325,25.68975]},"properties":{"w":6}},{"type":"Feature","geometry":{"type":"Point","coordinates":[36.31125,33.50025]},"properties":{"w":6}},{"type":"Feature","geometry":{"type":"Point","coordinates":[35.82525,34.44375]},"properties":{"w":6}},{"type":"Feature","geometry":{"type":"Point","coordinates":[34.98075,32.81925]},"properties":{"w":6}},{"type":"Feature","geometry":{"type":"Point","coordinates":[46.57575,24.73725]},"properties":{"w":6}},{"type":"Feature","geometry":{"type":"Point","coordinates":[35.20575,31.70775]},"properties":{"w":6}},{"type":"Feature","geometry":{"type":"Point","coordinates":[35.23725,31.78425]},"properties":{"w":6}},{"type":"Feature","geometry":{"type":"Point","coordinates":[35.21025,31.70475]},"properties":{"w":6}},{"type":"Feature","geometry":{"type":"Point","coordinates":[35.19975,31.70025]},"properties":{"w":6}},{"type":"Feature","geometry":{"type":"Point","coordinates":[32.64225,25.69425]},"properties":{"w":6}},{"type":"Feature","geometry":{"type":"Point","coordinates":[51.39675,35.66025]},"properties":{"w":6}},{"type":"Feature","geometry":{"type":"Point","coordinates":[50.50875,26.22975]},"properties":{"w":6}},{"type":"Feature","geometry":{"type":"Point","coordinates":[35.15475,31.70925]},"properties":{"w":6}},{"type":"Feature","geometry":{"type":"Point","coordinates":[48.29325,38.23575]},"properties":{"w":6}},{"type":"Feature","geometry":{"type":"Point","coordinates":[48.29625,38.24475]},"properties":{"w":6}},{"type":"Feature","geometry":{"type":"Point","coordinates":[46.57425,24.72675]},"properties":{"w":6}},{"type":"Feature","geometry":{"type":"Point","coordinates":[46.58175,24.74325]},"properties":{"w":6}},{"type":"Feature","geometry":{"type":"Point","coordinates":[36.31275,33.50175]},"properties":{"w":6}},{"type":"Feature","geometry":{"type":"Point","coordinates":[32.64375,25.70775]},"properties":{"w":6}},{"type":"Feature","geometry":{"type":"Point","coordinates":[34.35975,31.44375]},"properties":{"w":6}},{"type":"Feature","geometry":{"type":"Point","coordinates":[48.29925,38.25525]},"properties":{"w":6}},{"type":"Feature","geometry":{"type":"Point","coordinates":[35.55225,31.83525]},"properties":{"w":6}},{"type":"Feature","geometry":{"type":"Point","coordinates":[51.67725,32.65725]},"properties":{"w":6}},{"type":"Feature","geometry":{"type":"Point","coordinates":[34.35675,31.44525]},"properties":{"w":6}},{"type":"Feature","geometry":{"type":"Point","coordinates":[46.57425,24.74175]},"properties":{"w":6}},{"type":"Feature","geometry":{"type":"Point","coordinates":[51.67125,32.66475]},"properties":{"w":6}},{"type":"Feature","geometry":{"type":"Point","coordinates":[36.28875,34.75575]},"properties":{"w":6}},{"type":"Feature","geometry":{"type":"Point","coordinates":[46.30425,38.07075]},"properties":{"w":6}},{"type":"Feature","geometry":{"type":"Point","coordinates":[51.41925,35.67975]},"properties":{"w":6}},{"type":"Feature","geometry":{"type":"Point","coordinates":[35.23575,31.77675]},"properties":{"w":6}},{"type":"Feature","geometry":{"type":"Point","coordinates":[44.01225,36.17625]},"properties":{"w":6}},{"type":"Feature","geometry":{"type":"Point","coordinates":[44.01825,36.18525]},"properties":{"w":6}},{"type":"Feature","geometry":{"type":"Point","coordinates":[37.16025,36.19875]},"properties":{"w":6}},{"type":"Feature","geometry":{"type":"Point","coordinates":[35.93625,33.72375]},"properties":{"w":6}},{"type":"Feature","geometry":{"type":"Point","coordinates":[35.11575,31.53225]},"properties":{"w":6}},{"type":"Feature","geometry":{"type":"Point","coordinates":[52.51875,29.62875]},"properties":{"w":6}},{"type":"Feature","geometry":{"type":"Point","coordinates":[34.89825,31.61175]},"properties":{"w":6}},{"type":"Feature","geometry":{"type":"Point","coordinates":[35.19225,33.27525]},"properties":{"w":6}},{"type":"Feature","geometry":{"type":"Point","coordinates":[35.12625,32.71125]},"properties":{"w":6}},{"type":"Feature","geometry":{"type":"Point","coordinates":[35.93325,33.74025]},"properties":{"w":6}},{"type":"Feature","geometry":{"type":"Point","coordinates":[35.22975,31.78575]},"properties":{"w":6}},{"type":"Feature","geometry":{"type":"Point","coordinates":[36.31875,33.50925]},"properties":{"w":6}},{"type":"Feature","geometry":{"type":"Point","coordinates":[48.29325,38.24325]},"properties":{"w":6}},{"type":"Feature","geometry":{"type":"Point","coordinates":[51.42225,35.68425]},"properties":{"w":6}},{"type":"Feature","geometry":{"type":"Point","coordinates":[36.20775,33.99825]},"properties":{"w":6}},{"type":"Feature","geometry":{"type":"Point","coordinates":[35.10525,31.52625]},"properties":{"w":6}},{"type":"Feature","geometry":{"type":"Point","coordinates":[36.37275,32.32275]},"properties":{"w":6}},{"type":"Feature","geometry":{"type":"Point","coordinates":[35.82825,34.42725]},"properties":{"w":6}},{"type":"Feature","geometry":{"type":"Point","coordinates":[39.18825,21.49275]},"properties":{"w":6}},{"type":"Feature","geometry":{"type":"Point","coordinates":[35.43975,31.87125]},"properties":{"w":6}},{"type":"Feature","geometry":{"type":"Point","coordinates":[37.15275,36.20475]},"properties":{"w":6}},{"type":"Feature","geometry":{"type":"Point","coordinates":[35.21325,31.71375]},"properties":{"w":6}},{"type":"Feature","geometry":{"type":"Point","coordinates":[35.34525,31.31625]},"properties":{"w":6}},{"type":"Feature","geometry":{"type":"Point","coordinates":[35.21025,31.71075]},"properties":{"w":6}},{"type":"Feature","geometry":{"type":"Point","coordinates":[51.41475,35.69175]},"properties":{"w":6}},{"type":"Feature","geometry":{"type":"Point","coordinates":[31.23975,30.01575]},"properties":{"w":6}},{"type":"Feature","geometry":{"type":"Point","coordinates":[35.82525,34.43775]},"properties":{"w":6}},{"type":"Feature","geometry":{"type":"Point","coordinates":[44.01225,36.20625]},"properties":{"w":6}},{"type":"Feature","geometry":{"type":"Point","coordinates":[35.12025,32.70375]},"properties":{"w":6}},{"type":"Feature","geometry":{"type":"Point","coordinates":[35.64825,34.13025]},"properties":{"w":6}},{"type":"Feature","geometry":{"type":"Point","coordinates":[48.30075,38.25225]},"properties":{"w":6}},{"type":"Feature","geometry":{"type":"Point","coordinates":[59.37375,22.69725]},"properties":{"w":6}},{"type":"Feature","geometry":{"type":"Point","coordinates":[35.72325,32.04675]},"properties":{"w":6}},{"type":"Feature","geometry":{"type":"Point","coordinates":[35.72475,32.04825]},"properties":{"w":6}},{"type":"Feature","geometry":{"type":"Point","coordinates":[35.93175,33.73125]},"properties":{"w":6}},{"type":"Feature","geometry":{"type":"Point","coordinates":[35.23275,31.76775]},"properties":{"w":6}},{"type":"Feature","geometry":{"type":"Point","coordinates":[35.19825,33.27375]},"properties":{"w":6}},{"type":"Feature","geometry":{"type":"Point","coordinates":[35.82675,34.44675]},"properties":{"w":6}},{"type":"Feature","geometry":{"type":"Point","coordinates":[36.20025,34.00725]},"properties":{"w":6}},{"type":"Feature","geometry":{"type":"Point","coordinates":[35.82825,34.43775]},"properties":{"w":6}},{"type":"Feature","geometry":{"type":"Point","coordinates":[35.73675,32.03625]},"properties":{"w":6}},{"type":"Feature","geometry":{"type":"Point","coordinates":[50.61525,26.25375]},"properties":{"w":6}},{"type":"Feature","geometry":{"type":"Point","coordinates":[35.72625,32.03325]},"properties":{"w":6}},{"type":"Feature","geometry":{"type":"Point","coordinates":[47.44425,34.39425]},"properties":{"w":6}},{"type":"Feature","geometry":{"type":"Point","coordinates":[34.37775,31.44825]},"properties":{"w":6}},{"type":"Feature","geometry":{"type":"Point","coordinates":[34.98825,32.81475]},"properties":{"w":6}},{"type":"Feature","geometry":{"type":"Point","coordinates":[31.62375,22.33725]},"properties":{"w":6}},{"type":"Feature","geometry":{"type":"Point","coordinates":[44.41725,32.54325]},"properties":{"w":6}},{"type":"Feature","geometry":{"type":"Point","coordinates":[52.53375,29.62875]},"properties":{"w":6}},{"type":"Feature","geometry":{"type":"Point","coordinates":[51.41625,35.68575]},"properties":{"w":6}},{"type":"Feature","geometry":{"type":"Point","coordinates":[36.37275,32.32425]},"properties":{"w":6}},{"type":"Feature","geometry":{"type":"Point","coordinates":[51.67275,32.65725]},"properties":{"w":6}},{"type":"Feature","geometry":{"type":"Point","coordinates":[35.65125,34.11225]},"properties":{"w":6}},{"type":"Feature","geometry":{"type":"Point","coordinates":[36.20175,34.00275]},"properties":{"w":6}},{"type":"Feature","geometry":{"type":"Point","coordinates":[54.05175,17.03175]},"properties":{"w":6}},{"type":"Feature","geometry":{"type":"Point","coordinates":[51.41325,35.68275]},"properties":{"w":6}},{"type":"Feature","geometry":{"type":"Point","coordinates":[34.37475,31.44075]},"properties":{"w":6}},{"type":"Feature","geometry":{"type":"Point","coordinates":[35.10375,31.53525]},"properties":{"w":6}},{"type":"Feature","geometry":{"type":"Point","coordinates":[51.39825,35.66025]},"properties":{"w":6}},{"type":"Feature","geometry":{"type":"Point","coordinates":[52.53375,29.62725]},"properties":{"w":6}},{"type":"Feature","geometry":{"type":"Point","coordinates":[51.40575,35.65275]},"properties":{"w":6}},{"type":"Feature","geometry":{"type":"Point","coordinates":[34.37175,31.45875]},"properties":{"w":6}},{"type":"Feature","geometry":{"type":"Point","coordinates":[52.53375,29.63025]},"properties":{"w":6}},{"type":"Feature","geometry":{"type":"Point","coordinates":[36.30975,33.50325]},"properties":{"w":6}},{"type":"Feature","geometry":{"type":"Point","coordinates":[34.76625,32.07825]},"properties":{"w":6}},{"type":"Feature","geometry":{"type":"Point","coordinates":[51.42375,35.68275]},"properties":{"w":6}},{"type":"Feature","geometry":{"type":"Point","coordinates":[46.30275,38.07375]},"properties":{"w":6}},{"type":"Feature","geometry":{"type":"Point","coordinates":[51.41475,35.69025]},"properties":{"w":6}},{"type":"Feature","geometry":{"type":"Point","coordinates":[34.98075,32.81775]},"properties":{"w":6}},{"type":"Feature","geometry":{"type":"Point","coordinates":[35.82975,34.42875]},"properties":{"w":6}},{"type":"Feature","geometry":{"type":"Point","coordinates":[51.41775,35.69025]},"properties":{"w":6}},{"type":"Feature","geometry":{"type":"Point","coordinates":[36.30225,33.50925]},"properties":{"w":6}},{"type":"Feature","geometry":{"type":"Point","coordinates":[48.29925,38.24475]},"properties":{"w":6}},{"type":"Feature","geometry":{"type":"Point","coordinates":[35.82675,34.43175]},"properties":{"w":6}},{"type":"Feature","geometry":{"type":"Point","coordinates":[35.24175,31.77225]},"properties":{"w":6}},{"type":"Feature","geometry":{"type":"Point","coordinates":[35.82375,34.43025]},"properties":{"w":6}},{"type":"Feature","geometry":{"type":"Point","coordinates":[35.82075,34.42575]},"properties":{"w":6}},{"type":"Feature","geometry":{"type":"Point","coordinates":[35.20725,31.71675]},"properties":{"w":6}},{"type":"Feature","geometry":{"type":"Point","coordinates":[35.21325,31.70925]},"properties":{"w":6}},{"type":"Feature","geometry":{"type":"Point","coordinates":[34.99575,32.80575]},"properties":{"w":6}},{"type":"Feature","geometry":{"type":"Point","coordinates":[35.22675,31.78725]},"properties":{"w":6}},{"type":"Feature","geometry":{"type":"Point","coordinates":[36.20025,34.01025]},"properties":{"w":6}},{"type":"Feature","geometry":{"type":"Point","coordinates":[48.51525,34.80075]},"properties":{"w":6}},{"type":"Feature","geometry":{"type":"Point","coordinates":[35.72025,32.04975]},"properties":{"w":6}},{"type":"Feature","geometry":{"type":"Point","coordinates":[35.73075,32.04675]},"properties":{"w":6}},{"type":"Feature","geometry":{"type":"Point","coordinates":[48.29175,38.24325]},"properties":{"w":6}},{"type":"Feature","geometry":{"type":"Point","coordinates":[31.23825,30.00675]},"properties":{"w":6}},{"type":"Feature","geometry":{"type":"Point","coordinates":[36.36525,32.33475]},"properties":{"w":6}},{"type":"Feature","geometry":{"type":"Point","coordinates":[39.18675,21.48975]},"properties":{"w":6}},{"type":"Feature","geometry":{"type":"Point","coordinates":[48.24675,32.19075]},"properties":{"w":6}},{"type":"Feature","geometry":{"type":"Point","coordinates":[46.57575,24.73575]},"properties":{"w":6}},{"type":"Feature","geometry":{"type":"Point","coordinates":[35.19225,33.26925]},"properties":{"w":6}},{"type":"Feature","geometry":{"type":"Point","coordinates":[44.00175,36.18825]},"properties":{"w":6}},{"type":"Feature","geometry":{"type":"Point","coordinates":[51.41625,35.66775]},"properties":{"w":6}},{"type":"Feature","geometry":{"type":"Point","coordinates":[36.29925,33.51375]},"properties":{"w":6}},{"type":"Feature","geometry":{"type":"Point","coordinates":[36.37425,32.32575]},"properties":{"w":6}},{"type":"Feature","geometry":{"type":"Point","coordinates":[44.01675,36.19875]},"properties":{"w":6}},{"type":"Feature","geometry":{"type":"Point","coordinates":[35.64675,34.12425]},"properties":{"w":6}},{"type":"Feature","geometry":{"type":"Point","coordinates":[51.67575,32.65725]},"properties":{"w":6}},{"type":"Feature","geometry":{"type":"Point","coordinates":[36.28725,34.74825]},"properties":{"w":6}},{"type":"Feature","geometry":{"type":"Point","coordinates":[36.28875,34.74825]},"properties":{"w":6}},{"type":"Feature","geometry":{"type":"Point","coordinates":[37.15725,36.18675]},"properties":{"w":6}},{"type":"Feature","geometry":{"type":"Point","coordinates":[51.66975,32.65725]},"properties":{"w":6}},{"type":"Feature","geometry":{"type":"Point","coordinates":[31.23225,30.01425]},"properties":{"w":6}},{"type":"Feature","geometry":{"type":"Point","coordinates":[32.64525,25.69575]},"properties":{"w":6}},{"type":"Feature","geometry":{"type":"Point","coordinates":[35.65575,34.11675]},"properties":{"w":6}},{"type":"Feature","geometry":{"type":"Point","coordinates":[48.52125,34.80375]},"properties":{"w":6}},{"type":"Feature","geometry":{"type":"Point","coordinates":[34.90275,31.60275]},"properties":{"w":6}},{"type":"Feature","geometry":{"type":"Point","coordinates":[32.64975,25.69575]},"properties":{"w":6}},{"type":"Feature","geometry":{"type":"Point","coordinates":[32.64675,25.70625]},"properties":{"w":6}},{"type":"Feature","geometry":{"type":"Point","coordinates":[35.82675,34.44075]},"properties":{"w":6}},{"type":"Feature","geometry":{"type":"Point","coordinates":[46.30425,38.07225]},"properties":{"w":6}},{"type":"Feature","geometry":{"type":"Point","coordinates":[35.22975,31.78425]},"properties":{"w":6}},{"type":"Feature","geometry":{"type":"Point","coordinates":[36.05325,34.24875]},"properties":{"w":6}},{"type":"Feature","geometry":{"type":"Point","coordinates":[32.63925,25.70175]},"properties":{"w":6}},{"type":"Feature","geometry":{"type":"Point","coordinates":[35.72175,32.05275]},"properties":{"w":6}},{"type":"Feature","geometry":{"type":"Point","coordinates":[35.22225,31.77225]},"properties":{"w":6}},{"type":"Feature","geometry":{"type":"Point","coordinates":[35.83425,34.43775]},"properties":{"w":6}},{"type":"Feature","geometry":{"type":"Point","coordinates":[34.35825,31.44525]},"properties":{"w":6}},{"type":"Feature","geometry":{"type":"Point","coordinates":[35.65125,34.11075]},"properties":{"w":6}},{"type":"Feature","geometry":{"type":"Point","coordinates":[35.45325,30.33525]},"properties":{"w":6}},{"type":"Feature","geometry":{"type":"Point","coordinates":[35.83425,34.44075]},"properties":{"w":6}},{"type":"Feature","geometry":{"type":"Point","coordinates":[48.50925,34.80975]},"properties":{"w":6}},{"type":"Feature","geometry":{"type":"Point","coordinates":[36.36525,32.32425]},"properties":{"w":6}},{"type":"Feature","geometry":{"type":"Point","coordinates":[36.19725,34.00875]},"properties":{"w":6}},{"type":"Feature","geometry":{"type":"Point","coordinates":[36.31425,33.50175]},"properties":{"w":6}},{"type":"Feature","geometry":{"type":"Point","coordinates":[35.22675,31.77525]},"properties":{"w":6}},{"type":"Feature","geometry":{"type":"Point","coordinates":[36.36225,32.32575]},"properties":{"w":6}},{"type":"Feature","geometry":{"type":"Point","coordinates":[46.56675,24.73575]},"properties":{"w":6}},{"type":"Feature","geometry":{"type":"Point","coordinates":[46.56375,24.73725]},"properties":{"w":6}},{"type":"Feature","geometry":{"type":"Point","coordinates":[36.36225,32.32425]},"properties":{"w":6}},{"type":"Feature","geometry":{"type":"Point","coordinates":[35.07225,32.92275]},"properties":{"w":6}},{"type":"Feature","geometry":{"type":"Point","coordinates":[34.98525,32.81925]},"properties":{"w":6}},{"type":"Feature","geometry":{"type":"Point","coordinates":[34.98525,32.82375]},"properties":{"w":6}},{"type":"Feature","geometry":{"type":"Point","coordinates":[39.18825,21.49125]},"properties":{"w":6}},{"type":"Feature","geometry":{"type":"Point","coordinates":[36.19875,34.00725]},"properties":{"w":6}},{"type":"Feature","geometry":{"type":"Point","coordinates":[34.98225,32.82525]},"properties":{"w":6}},{"type":"Feature","geometry":{"type":"Point","coordinates":[47.44575,34.39575]},"properties":{"w":6}},{"type":"Feature","geometry":{"type":"Point","coordinates":[35.92425,33.73575]},"properties":{"w":6}},{"type":"Feature","geometry":{"type":"Point","coordinates":[36.28875,34.75125]},"properties":{"w":6}},{"type":"Feature","geometry":{"type":"Point","coordinates":[36.19725,34.01025]},"properties":{"w":6}},{"type":"Feature","geometry":{"type":"Point","coordinates":[36.30075,33.51825]},"properties":{"w":6}},{"type":"Feature","geometry":{"type":"Point","coordinates":[36.36975,32.32725]},"properties":{"w":6}},{"type":"Feature","geometry":{"type":"Point","coordinates":[35.07225,32.92125]},"properties":{"w":6}},{"type":"Feature","geometry":{"type":"Point","coordinates":[48.29025,38.24175]},"properties":{"w":6}},{"type":"Feature","geometry":{"type":"Point","coordinates":[37.95225,26.79225]},"properties":{"w":5}},{"type":"Feature","geometry":{"type":"Point","coordinates":[48.51975,34.79025]},"properties":{"w":5}},{"type":"Feature","geometry":{"type":"Point","coordinates":[34.36725,31.45575]},"properties":{"w":5}},{"type":"Feature","geometry":{"type":"Point","coordinates":[35.21325,31.70475]},"properties":{"w":5}},{"type":"Feature","geometry":{"type":"Point","coordinates":[36.20175,34.00725]},"properties":{"w":5}},{"type":"Feature","geometry":{"type":"Point","coordinates":[36.19425,34.00725]},"properties":{"w":5}},{"type":"Feature","geometry":{"type":"Point","coordinates":[36.36375,32.33025]},"properties":{"w":5}},{"type":"Feature","geometry":{"type":"Point","coordinates":[51.41925,35.67825]},"properties":{"w":5}},{"type":"Feature","geometry":{"type":"Point","coordinates":[34.98975,32.82525]},"properties":{"w":5}},{"type":"Feature","geometry":{"type":"Point","coordinates":[34.89525,31.61175]},"properties":{"w":5}},{"type":"Feature","geometry":{"type":"Point","coordinates":[48.28275,38.24175]},"properties":{"w":5}},{"type":"Feature","geometry":{"type":"Point","coordinates":[44.42325,32.54475]},"properties":{"w":5}},{"type":"Feature","geometry":{"type":"Point","coordinates":[46.57125,24.73425]},"properties":{"w":5}},{"type":"Feature","geometry":{"type":"Point","coordinates":[34.89225,31.60425]},"properties":{"w":5}},{"type":"Feature","geometry":{"type":"Point","coordinates":[48.80175,36.42675]},"properties":{"w":5}},{"type":"Feature","geometry":{"type":"Point","coordinates":[46.29675,38.06925]},"properties":{"w":5}},{"type":"Feature","geometry":{"type":"Point","coordinates":[51.39825,35.67225]},"properties":{"w":5}},{"type":"Feature","geometry":{"type":"Point","coordinates":[36.31575,33.50625]},"properties":{"w":5}},{"type":"Feature","geometry":{"type":"Point","coordinates":[34.89375,31.61025]},"properties":{"w":5}},{"type":"Feature","geometry":{"type":"Point","coordinates":[35.11125,31.53075]},"properties":{"w":5}},{"type":"Feature","geometry":{"type":"Point","coordinates":[51.40125,35.65275]},"properties":{"w":5}},{"type":"Feature","geometry":{"type":"Point","coordinates":[36.29475,34.75725]},"properties":{"w":5}},{"type":"Feature","geometry":{"type":"Point","coordinates":[46.29075,38.07675]},"properties":{"w":5}},{"type":"Feature","geometry":{"type":"Point","coordinates":[58.36125,29.10825]},"properties":{"w":5}},{"type":"Feature","geometry":{"type":"Point","coordinates":[44.41425,32.54025]},"properties":{"w":5}},{"type":"Feature","geometry":{"type":"Point","coordinates":[35.73375,32.03325]},"properties":{"w":5}},{"type":"Feature","geometry":{"type":"Point","coordinates":[35.82525,34.42575]},"properties":{"w":5}},{"type":"Feature","geometry":{"type":"Point","coordinates":[48.29925,38.24175]},"properties":{"w":5}},{"type":"Feature","geometry":{"type":"Point","coordinates":[36.20025,34.00425]},"properties":{"w":5}},{"type":"Feature","geometry":{"type":"Point","coordinates":[51.42075,35.69175]},"properties":{"w":5}},{"type":"Feature","geometry":{"type":"Point","coordinates":[47.44575,34.39125]},"properties":{"w":5}},{"type":"Feature","geometry":{"type":"Point","coordinates":[61.33425,30.58725]},"properties":{"w":5}},{"type":"Feature","geometry":{"type":"Point","coordinates":[35.73075,32.04225]},"properties":{"w":5}},{"type":"Feature","geometry":{"type":"Point","coordinates":[52.52325,29.62875]},"properties":{"w":5}},{"type":"Feature","geometry":{"type":"Point","coordinates":[48.52125,34.80825]},"properties":{"w":5}},{"type":"Feature","geometry":{"type":"Point","coordinates":[34.36125,31.44975]},"properties":{"w":5}},{"type":"Feature","geometry":{"type":"Point","coordinates":[35.22375,31.77675]},"properties":{"w":5}},{"type":"Feature","geometry":{"type":"Point","coordinates":[35.10525,31.52325]},"properties":{"w":5}},{"type":"Feature","geometry":{"type":"Point","coordinates":[51.40425,35.66625]},"properties":{"w":5}},{"type":"Feature","geometry":{"type":"Point","coordinates":[46.57575,24.74175]},"properties":{"w":5}},{"type":"Feature","geometry":{"type":"Point","coordinates":[32.63625,25.69725]},"properties":{"w":5}},{"type":"Feature","geometry":{"type":"Point","coordinates":[35.93775,33.74025]},"properties":{"w":5}},{"type":"Feature","geometry":{"type":"Point","coordinates":[35.20725,31.69575]},"properties":{"w":5}},{"type":"Feature","geometry":{"type":"Point","coordinates":[35.44575,30.32925]},"properties":{"w":5}},{"type":"Feature","geometry":{"type":"Point","coordinates":[54.37725,27.20475]},"properties":{"w":5}},{"type":"Feature","geometry":{"type":"Point","coordinates":[35.44125,30.32775]},"properties":{"w":5}},{"type":"Feature","geometry":{"type":"Point","coordinates":[34.98525,32.80125]},"properties":{"w":5}},{"type":"Feature","geometry":{"type":"Point","coordinates":[36.19575,34.01025]},"properties":{"w":5}},{"type":"Feature","geometry":{"type":"Point","coordinates":[35.07825,32.92425]},"properties":{"w":5}},{"type":"Feature","geometry":{"type":"Point","coordinates":[48.29475,38.24475]},"properties":{"w":5}},{"type":"Feature","geometry":{"type":"Point","coordinates":[51.41475,35.69325]},"properties":{"w":5}},{"type":"Feature","geometry":{"type":"Point","coordinates":[52.53225,29.62875]},"properties":{"w":5}},{"type":"Feature","geometry":{"type":"Point","coordinates":[35.20425,31.71225]},"properties":{"w":5}},{"type":"Feature","geometry":{"type":"Point","coordinates":[48.34275,33.44025]},"properties":{"w":5}},{"type":"Feature","geometry":{"type":"Point","coordinates":[50.50725,26.23275]},"properties":{"w":5}},{"type":"Feature","geometry":{"type":"Point","coordinates":[35.43975,31.86525]},"properties":{"w":5}},{"type":"Feature","geometry":{"type":"Point","coordinates":[52.52775,29.62875]},"properties":{"w":5}},{"type":"Feature","geometry":{"type":"Point","coordinates":[36.20325,33.99525]},"properties":{"w":5}},{"type":"Feature","geometry":{"type":"Point","coordinates":[35.73525,32.03625]},"properties":{"w":5}},{"type":"Feature","geometry":{"type":"Point","coordinates":[34.99425,32.80425]},"properties":{"w":5}},{"type":"Feature","geometry":{"type":"Point","coordinates":[35.92575,33.72825]},"properties":{"w":5}},{"type":"Feature","geometry":{"type":"Point","coordinates":[35.94075,33.73275]},"properties":{"w":5}},{"type":"Feature","geometry":{"type":"Point","coordinates":[35.11125,31.52025]},"properties":{"w":5}},{"type":"Feature","geometry":{"type":"Point","coordinates":[51.67425,32.65875]},"properties":{"w":5}},{"type":"Feature","geometry":{"type":"Point","coordinates":[36.04875,34.24875]},"properties":{"w":5}},{"type":"Feature","geometry":{"type":"Point","coordinates":[36.04875,34.25025]},"properties":{"w":5}},{"type":"Feature","geometry":{"type":"Point","coordinates":[35.83125,34.43325]},"properties":{"w":5}},{"type":"Feature","geometry":{"type":"Point","coordinates":[35.82975,34.43025]},"properties":{"w":5}},{"type":"Feature","geometry":{"type":"Point","coordinates":[36.04725,34.25025]},"properties":{"w":5}},{"type":"Feature","geometry":{"type":"Point","coordinates":[37.16775,36.19725]},"properties":{"w":5}},{"type":"Feature","geometry":{"type":"Point","coordinates":[51.41625,35.68725]},"properties":{"w":5}},{"type":"Feature","geometry":{"type":"Point","coordinates":[46.30275,38.08425]},"properties":{"w":5}},{"type":"Feature","geometry":{"type":"Point","coordinates":[36.30075,33.50775]},"properties":{"w":5}},{"type":"Feature","geometry":{"type":"Point","coordinates":[37.16625,36.21225]},"properties":{"w":5}},{"type":"Feature","geometry":{"type":"Point","coordinates":[35.11875,31.52775]},"properties":{"w":5}},{"type":"Feature","geometry":{"type":"Point","coordinates":[36.20925,33.99825]},"properties":{"w":5}},{"type":"Feature","geometry":{"type":"Point","coordinates":[31.23375,30.00825]},"properties":{"w":5}},{"type":"Feature","geometry":{"type":"Point","coordinates":[31.23675,30.01875]},"properties":{"w":5}},{"type":"Feature","geometry":{"type":"Point","coordinates":[36.30375,33.51375]},"properties":{"w":5}},{"type":"Feature","geometry":{"type":"Point","coordinates":[31.23825,30.01275]},"properties":{"w":5}},{"type":"Feature","geometry":{"type":"Point","coordinates":[31.24275,30.01275]},"properties":{"w":5}},{"type":"Feature","geometry":{"type":"Point","coordinates":[35.72175,32.03925]},"properties":{"w":5}},{"type":"Feature","geometry":{"type":"Point","coordinates":[35.20725,31.71225]},"properties":{"w":5}},{"type":"Feature","geometry":{"type":"Point","coordinates":[48.28875,38.24175]},"properties":{"w":5}},{"type":"Feature","geometry":{"type":"Point","coordinates":[35.22675,31.76925]},"properties":{"w":5}},{"type":"Feature","geometry":{"type":"Point","coordinates":[35.23125,31.77075]},"properties":{"w":5}},{"type":"Feature","geometry":{"type":"Point","coordinates":[48.29625,38.24925]},"properties":{"w":5}},{"type":"Feature","geometry":{"type":"Point","coordinates":[34.76925,32.08575]},"properties":{"w":5}},{"type":"Feature","geometry":{"type":"Point","coordinates":[34.77975,32.07225]},"properties":{"w":5}},{"type":"Feature","geometry":{"type":"Point","coordinates":[51.41475,35.68875]},"properties":{"w":5}},{"type":"Feature","geometry":{"type":"Point","coordinates":[33.97275,28.54425]},"properties":{"w":5}},{"type":"Feature","geometry":{"type":"Point","coordinates":[51.40725,35.65275]},"properties":{"w":5}},{"type":"Feature","geometry":{"type":"Point","coordinates":[58.38825,29.08425]},"properties":{"w":5}},{"type":"Feature","geometry":{"type":"Point","coordinates":[32.64675,25.69125]},"properties":{"w":5}},{"type":"Feature","geometry":{"type":"Point","coordinates":[34.78275,32.06925]},"properties":{"w":5}},{"type":"Feature","geometry":{"type":"Point","coordinates":[36.36225,32.33175]},"properties":{"w":5}},{"type":"Feature","geometry":{"type":"Point","coordinates":[35.22075,31.77525]},"properties":{"w":5}},{"type":"Feature","geometry":{"type":"Point","coordinates":[31.62225,22.33875]},"properties":{"w":5}},{"type":"Feature","geometry":{"type":"Point","coordinates":[36.37275,32.32575]},"properties":{"w":5}},{"type":"Feature","geometry":{"type":"Point","coordinates":[34.98525,32.81025]},"properties":{"w":5}},{"type":"Feature","geometry":{"type":"Point","coordinates":[34.36725,31.44525]},"properties":{"w":5}},{"type":"Feature","geometry":{"type":"Point","coordinates":[34.35825,31.44375]},"properties":{"w":5}},{"type":"Feature","geometry":{"type":"Point","coordinates":[35.82375,34.42875]},"properties":{"w":5}},{"type":"Feature","geometry":{"type":"Point","coordinates":[50.50425,26.06325]},"properties":{"w":5}},{"type":"Feature","geometry":{"type":"Point","coordinates":[55.79775,24.07425]},"properties":{"w":5}},{"type":"Feature","geometry":{"type":"Point","coordinates":[35.64375,34.12425]},"properties":{"w":5}},{"type":"Feature","geometry":{"type":"Point","coordinates":[35.64525,34.11975]},"properties":{"w":5}},{"type":"Feature","geometry":{"type":"Point","coordinates":[53.16825,30.19575]},"properties":{"w":5}},{"type":"Feature","geometry":{"type":"Point","coordinates":[53.16675,30.19425]},"properties":{"w":5}},{"type":"Feature","geometry":{"type":"Point","coordinates":[54.04275,17.00475]},"properties":{"w":5}},{"type":"Feature","geometry":{"type":"Point","coordinates":[51.68025,32.65425]},"properties":{"w":5}},{"type":"Feature","geometry":{"type":"Point","coordinates":[44.01825,36.18225]},"properties":{"w":5}},{"type":"Feature","geometry":{"type":"Point","coordinates":[46.57125,24.74025]},"properties":{"w":5}},{"type":"Feature","geometry":{"type":"Point","coordinates":[51.67425,32.66325]},"properties":{"w":5}},{"type":"Feature","geometry":{"type":"Point","coordinates":[51.66825,32.66175]},"properties":{"w":5}},{"type":"Feature","geometry":{"type":"Point","coordinates":[36.20475,34.01775]},"properties":{"w":5}},{"type":"Feature","geometry":{"type":"Point","coordinates":[44.00325,36.17775]},"properties":{"w":5}},{"type":"Feature","geometry":{"type":"Point","coordinates":[46.56525,24.73875]},"properties":{"w":5}},{"type":"Feature","geometry":{"type":"Point","coordinates":[46.56675,24.73875]},"properties":{"w":5}},{"type":"Feature","geometry":{"type":"Point","coordinates":[36.21525,34.01025]},"properties":{"w":5}},{"type":"Feature","geometry":{"type":"Point","coordinates":[35.22225,31.77075]},"properties":{"w":5}},{"type":"Feature","geometry":{"type":"Point","coordinates":[46.56675,24.73425]},"properties":{"w":5}},{"type":"Feature","geometry":{"type":"Point","coordinates":[35.10225,31.53525]},"properties":{"w":5}},{"type":"Feature","geometry":{"type":"Point","coordinates":[37.16625,36.21075]},"properties":{"w":5}},{"type":"Feature","geometry":{"type":"Point","coordinates":[52.52175,29.62875]},"properties":{"w":5}},{"type":"Feature","geometry":{"type":"Point","coordinates":[34.89675,31.61325]},"properties":{"w":5}},{"type":"Feature","geometry":{"type":"Point","coordinates":[31.23675,30.00975]},"properties":{"w":5}},{"type":"Feature","geometry":{"type":"Point","coordinates":[48.28725,38.24925]},"properties":{"w":5}},{"type":"Feature","geometry":{"type":"Point","coordinates":[36.37425,32.32275]},"properties":{"w":5}},{"type":"Feature","geometry":{"type":"Point","coordinates":[43.99875,36.19275]},"properties":{"w":5}},{"type":"Feature","geometry":{"type":"Point","coordinates":[50.52825,26.24025]},"properties":{"w":5}},{"type":"Feature","geometry":{"type":"Point","coordinates":[35.73225,32.03925]},"properties":{"w":5}},{"type":"Feature","geometry":{"type":"Point","coordinates":[50.60625,26.25375]},"properties":{"w":5}},{"type":"Feature","geometry":{"type":"Point","coordinates":[34.89675,31.61025]},"properties":{"w":5}},{"type":"Feature","geometry":{"type":"Point","coordinates":[46.57275,24.73575]},"properties":{"w":5}},{"type":"Feature","geometry":{"type":"Point","coordinates":[48.51225,34.79775]},"properties":{"w":5}},{"type":"Feature","geometry":{"type":"Point","coordinates":[36.37125,32.33325]},"properties":{"w":5}},{"type":"Feature","geometry":{"type":"Point","coordinates":[46.57575,24.72225]},"properties":{"w":5}},{"type":"Feature","geometry":{"type":"Point","coordinates":[35.11725,31.53075]},"properties":{"w":5}},{"type":"Feature","geometry":{"type":"Point","coordinates":[31.23525,29.99925]},"properties":{"w":5}},{"type":"Feature","geometry":{"type":"Point","coordinates":[48.29475,38.24025]},"properties":{"w":5}},{"type":"Feature","geometry":{"type":"Point","coordinates":[51.41925,35.68275]},"properties":{"w":5}},{"type":"Feature","geometry":{"type":"Point","coordinates":[31.23975,30.00975]},"properties":{"w":5}},{"type":"Feature","geometry":{"type":"Point","coordinates":[55.16925,37.25775]},"properties":{"w":5}},{"type":"Feature","geometry":{"type":"Point","coordinates":[35.92725,33.72375]},"properties":{"w":5}},{"type":"Feature","geometry":{"type":"Point","coordinates":[35.72325,32.05125]},"properties":{"w":5}},{"type":"Feature","geometry":{"type":"Point","coordinates":[52.52925,29.62875]},"properties":{"w":5}},{"type":"Feature","geometry":{"type":"Point","coordinates":[35.92425,33.73125]},"properties":{"w":5}},{"type":"Feature","geometry":{"type":"Point","coordinates":[35.92575,33.72975]},"properties":{"w":5}},{"type":"Feature","geometry":{"type":"Point","coordinates":[38.27475,34.55475]},"properties":{"w":5}},{"type":"Feature","geometry":{"type":"Point","coordinates":[35.93475,33.73575]},"properties":{"w":5}},{"type":"Feature","geometry":{"type":"Point","coordinates":[52.52775,29.62725]},"properties":{"w":5}},{"type":"Feature","geometry":{"type":"Point","coordinates":[35.72025,32.03925]},"properties":{"w":5}},{"type":"Feature","geometry":{"type":"Point","coordinates":[48.28725,38.24775]},"properties":{"w":5}},{"type":"Feature","geometry":{"type":"Point","coordinates":[52.52325,29.62425]},"properties":{"w":5}},{"type":"Feature","geometry":{"type":"Point","coordinates":[51.41475,35.68425]},"properties":{"w":5}},{"type":"Feature","geometry":{"type":"Point","coordinates":[39.18825,21.48075]},"properties":{"w":5}},{"type":"Feature","geometry":{"type":"Point","coordinates":[35.92875,33.74325]},"properties":{"w":5}},{"type":"Feature","geometry":{"type":"Point","coordinates":[51.67725,32.65425]},"properties":{"w":5}},{"type":"Feature","geometry":{"type":"Point","coordinates":[39.18375,21.48525]},"properties":{"w":5}},{"type":"Feature","geometry":{"type":"Point","coordinates":[50.61675,26.25225]},"properties":{"w":5}},{"type":"Feature","geometry":{"type":"Point","coordinates":[44.42175,32.54175]},"properties":{"w":5}},{"type":"Feature","geometry":{"type":"Point","coordinates":[54.05325,17.01525]},"properties":{"w":5}},{"type":"Feature","geometry":{"type":"Point","coordinates":[35.82525,34.44825]},"properties":{"w":5}},{"type":"Feature","geometry":{"type":"Point","coordinates":[48.29475,38.25675]},"properties":{"w":5}},{"type":"Feature","geometry":{"type":"Point","coordinates":[36.31275,33.50775]},"properties":{"w":5}},{"type":"Feature","geometry":{"type":"Point","coordinates":[35.20725,31.70625]},"properties":{"w":5}},{"type":"Feature","geometry":{"type":"Point","coordinates":[36.31575,33.50175]},"properties":{"w":5}},{"type":"Feature","geometry":{"type":"Point","coordinates":[35.83275,34.43775]},"properties":{"w":5}},{"type":"Feature","geometry":{"type":"Point","coordinates":[32.64675,25.70475]},"properties":{"w":5}},{"type":"Feature","geometry":{"type":"Point","coordinates":[35.83275,34.43325]},"properties":{"w":5}},{"type":"Feature","geometry":{"type":"Point","coordinates":[36.30075,33.51075]},"properties":{"w":5}},{"type":"Feature","geometry":{"type":"Point","coordinates":[35.12175,32.70825]},"properties":{"w":5}},{"type":"Feature","geometry":{"type":"Point","coordinates":[36.30825,33.51225]},"properties":{"w":5}},{"type":"Feature","geometry":{"type":"Point","coordinates":[46.29825,38.07375]},"properties":{"w":5}},{"type":"Feature","geometry":{"type":"Point","coordinates":[35.21025,31.69575]},"properties":{"w":5}},{"type":"Feature","geometry":{"type":"Point","coordinates":[35.21175,31.69425]},"properties":{"w":5}},{"type":"Feature","geometry":{"type":"Point","coordinates":[35.21175,31.69275]},"properties":{"w":5}},{"type":"Feature","geometry":{"type":"Point","coordinates":[35.20125,31.69875]},"properties":{"w":5}},{"type":"Feature","geometry":{"type":"Point","coordinates":[35.82975,34.43325]},"properties":{"w":5}},{"type":"Feature","geometry":{"type":"Point","coordinates":[35.06775,32.92125]},"properties":{"w":5}},{"type":"Feature","geometry":{"type":"Point","coordinates":[35.23425,31.76775]},"properties":{"w":5}},{"type":"Feature","geometry":{"type":"Point","coordinates":[51.42375,35.69325]},"properties":{"w":5}},{"type":"Feature","geometry":{"type":"Point","coordinates":[34.35825,31.44675]},"properties":{"w":5}},{"type":"Feature","geometry":{"type":"Point","coordinates":[46.56225,24.73725]},"properties":{"w":5}},{"type":"Feature","geometry":{"type":"Point","coordinates":[35.22075,31.77975]},"properties":{"w":5}},{"type":"Feature","geometry":{"type":"Point","coordinates":[36.28875,34.75275]},"properties":{"w":5}},{"type":"Feature","geometry":{"type":"Point","coordinates":[49.57725,25.36875]},"properties":{"w":5}},{"type":"Feature","geometry":{"type":"Point","coordinates":[35.22375,31.78125]},"properties":{"w":5}},{"type":"Feature","geometry":{"type":"Point","coordinates":[44.00625,36.19125]},"properties":{"w":5}},{"type":"Feature","geometry":{"type":"Point","coordinates":[48.29925,38.24925]},"properties":{"w":5}},{"type":"Feature","geometry":{"type":"Point","coordinates":[35.64375,34.13175]},"properties":{"w":5}},{"type":"Feature","geometry":{"type":"Point","coordinates":[46.57125,24.72675]},"properties":{"w":5}},{"type":"Feature","geometry":{"type":"Point","coordinates":[35.15325,31.71675]},"properties":{"w":5}},{"type":"Feature","geometry":{"type":"Point","coordinates":[34.77975,32.08125]},"properties":{"w":5}},{"type":"Feature","geometry":{"type":"Point","coordinates":[51.39675,35.65425]},"properties":{"w":5}},{"type":"Feature","geometry":{"type":"Point","coordinates":[35.72475,32.03175]},"properties":{"w":5}},{"type":"Feature","geometry":{"type":"Point","coordinates":[46.57275,24.73425]},"properties":{"w":5}},{"type":"Feature","geometry":{"type":"Point","coordinates":[46.57875,24.73725]},"properties":{"w":5}},{"type":"Feature","geometry":{"type":"Point","coordinates":[48.52125,34.80525]},"properties":{"w":5}},{"type":"Feature","geometry":{"type":"Point","coordinates":[35.24025,31.78425]},"properties":{"w":5}},{"type":"Feature","geometry":{"type":"Point","coordinates":[48.34725,33.44925]},"properties":{"w":5}},{"type":"Feature","geometry":{"type":"Point","coordinates":[52.88925,29.93625]},"properties":{"w":5}},{"type":"Feature","geometry":{"type":"Point","coordinates":[52.89375,29.93325]},"properties":{"w":5}},{"type":"Feature","geometry":{"type":"Point","coordinates":[51.40725,35.65125]},"properties":{"w":5}},{"type":"Feature","geometry":{"type":"Point","coordinates":[36.36375,32.32425]},"properties":{"w":5}},{"type":"Feature","geometry":{"type":"Point","coordinates":[36.29325,34.75425]},"properties":{"w":5}},{"type":"Feature","geometry":{"type":"Point","coordinates":[34.99275,32.80575]},"properties":{"w":5}},{"type":"Feature","geometry":{"type":"Point","coordinates":[35.15175,31.71075]},"properties":{"w":5}},{"type":"Feature","geometry":{"type":"Point","coordinates":[47.44575,34.39275]},"properties":{"w":5}},{"type":"Feature","geometry":{"type":"Point","coordinates":[46.57425,24.74325]},"properties":{"w":5}},{"type":"Feature","geometry":{"type":"Point","coordinates":[35.21775,31.70625]},"properties":{"w":5}},{"type":"Feature","geometry":{"type":"Point","coordinates":[51.40275,35.66475]},"properties":{"w":5}},{"type":"Feature","geometry":{"type":"Point","coordinates":[35.72175,32.03475]},"properties":{"w":5}},{"type":"Feature","geometry":{"type":"Point","coordinates":[35.11575,31.52775]},"properties":{"w":5}},{"type":"Feature","geometry":{"type":"Point","coordinates":[38.27475,34.54725]},"properties":{"w":5}},{"type":"Feature","geometry":{"type":"Point","coordinates":[51.40575,35.65575]},"properties":{"w":5}},{"type":"Feature","geometry":{"type":"Point","coordinates":[35.07075,32.93175]},"properties":{"w":5}},{"type":"Feature","geometry":{"type":"Point","coordinates":[39.18375,21.48375]},"properties":{"w":5}},{"type":"Feature","geometry":{"type":"Point","coordinates":[39.18525,21.48525]},"properties":{"w":5}},{"type":"Feature","geometry":{"type":"Point","coordinates":[35.19975,33.27225]},"properties":{"w":5}},{"type":"Feature","geometry":{"type":"Point","coordinates":[35.45175,30.32175]},"properties":{"w":5}},{"type":"Feature","geometry":{"type":"Point","coordinates":[35.94375,33.72975]},"properties":{"w":5}},{"type":"Feature","geometry":{"type":"Point","coordinates":[35.92275,33.73275]},"properties":{"w":5}},{"type":"Feature","geometry":{"type":"Point","coordinates":[51.69525,32.67375]},"properties":{"w":5}},{"type":"Feature","geometry":{"type":"Point","coordinates":[39.18825,21.48675]},"properties":{"w":5}},{"type":"Feature","geometry":{"type":"Point","coordinates":[35.13075,32.71425]},"properties":{"w":5}},{"type":"Feature","geometry":{"type":"Point","coordinates":[39.19275,21.48525]},"properties":{"w":5}},{"type":"Feature","geometry":{"type":"Point","coordinates":[47.43525,34.38375]},"properties":{"w":5}},{"type":"Feature","geometry":{"type":"Point","coordinates":[44.00175,36.18675]},"properties":{"w":5}},{"type":"Feature","geometry":{"type":"Point","coordinates":[34.37625,31.44225]},"properties":{"w":5}},{"type":"Feature","geometry":{"type":"Point","coordinates":[46.57575,24.74475]},"properties":{"w":5}},{"type":"Feature","geometry":{"type":"Point","coordinates":[47.23425,36.60525]},"properties":{"w":5}},{"type":"Feature","geometry":{"type":"Point","coordinates":[52.51875,29.62575]},"properties":{"w":5}},{"type":"Feature","geometry":{"type":"Point","coordinates":[34.76775,32.08275]},"properties":{"w":5}},{"type":"Feature","geometry":{"type":"Point","coordinates":[48.28575,38.25075]},"properties":{"w":5}},{"type":"Feature","geometry":{"type":"Point","coordinates":[46.56825,24.73575]},"properties":{"w":5}},{"type":"Feature","geometry":{"type":"Point","coordinates":[45.57225,38.97525]},"properties":{"w":5}},{"type":"Feature","geometry":{"type":"Point","coordinates":[36.31425,33.50325]},"properties":{"w":5}},{"type":"Feature","geometry":{"type":"Point","coordinates":[36.31275,33.50025]},"properties":{"w":5}},{"type":"Feature","geometry":{"type":"Point","coordinates":[36.19725,34.01175]},"properties":{"w":5}},{"type":"Feature","geometry":{"type":"Point","coordinates":[35.22975,31.78725]},"properties":{"w":5}},{"type":"Feature","geometry":{"type":"Point","coordinates":[35.72475,32.05125]},"properties":{"w":5}},{"type":"Feature","geometry":{"type":"Point","coordinates":[36.30825,33.49725]},"properties":{"w":5}},{"type":"Feature","geometry":{"type":"Point","coordinates":[35.43975,31.87275]},"properties":{"w":5}},{"type":"Feature","geometry":{"type":"Point","coordinates":[35.44425,31.87125]},"properties":{"w":5}},{"type":"Feature","geometry":{"type":"Point","coordinates":[48.28575,38.23575]},"properties":{"w":5}},{"type":"Feature","geometry":{"type":"Point","coordinates":[32.63025,25.70025]},"properties":{"w":5}},{"type":"Feature","geometry":{"type":"Point","coordinates":[51.39675,35.65725]},"properties":{"w":5}},{"type":"Feature","geometry":{"type":"Point","coordinates":[54.37725,27.20625]},"properties":{"w":5}},{"type":"Feature","geometry":{"type":"Point","coordinates":[32.64675,25.69275]},"properties":{"w":5}},{"type":"Feature","geometry":{"type":"Point","coordinates":[44.42625,32.54325]},"properties":{"w":5}},{"type":"Feature","geometry":{"type":"Point","coordinates":[35.22375,31.77375]},"properties":{"w":5}},{"type":"Feature","geometry":{"type":"Point","coordinates":[35.22375,31.77525]},"properties":{"w":5}},{"type":"Feature","geometry":{"type":"Point","coordinates":[29.66925,30.84225]},"properties":{"w":4}},{"type":"Feature","geometry":{"type":"Point","coordinates":[51.42225,35.68725]},"properties":{"w":4}},{"type":"Feature","geometry":{"type":"Point","coordinates":[48.28875,38.24025]},"properties":{"w":4}},{"type":"Feature","geometry":{"type":"Point","coordinates":[58.36875,29.11275]},"properties":{"w":4}},{"type":"Feature","geometry":{"type":"Point","coordinates":[32.64075,25.69575]},"properties":{"w":4}},{"type":"Feature","geometry":{"type":"Point","coordinates":[46.29825,38.06625]},"properties":{"w":4}},{"type":"Feature","geometry":{"type":"Point","coordinates":[34.37025,31.45875]},"properties":{"w":4}},{"type":"Feature","geometry":{"type":"Point","coordinates":[35.22225,31.78425]},"properties":{"w":4}},{"type":"Feature","geometry":{"type":"Point","coordinates":[54.36975,31.89375]},"properties":{"w":4}},{"type":"Feature","geometry":{"type":"Point","coordinates":[61.33425,30.59625]},"properties":{"w":4}},{"type":"Feature","geometry":{"type":"Point","coordinates":[36.29475,34.75575]},"properties":{"w":4}},{"type":"Feature","geometry":{"type":"Point","coordinates":[32.63925,25.69725]},"properties":{"w":4}},{"type":"Feature","geometry":{"type":"Point","coordinates":[35.20875,31.70325]},"properties":{"w":4}},{"type":"Feature","geometry":{"type":"Point","coordinates":[35.21325,31.70625]},"properties":{"w":4}},{"type":"Feature","geometry":{"type":"Point","coordinates":[38.27325,34.55475]},"properties":{"w":4}},{"type":"Feature","geometry":{"type":"Point","coordinates":[31.23225,30.00225]},"properties":{"w":4}},{"type":"Feature","geometry":{"type":"Point","coordinates":[31.23975,30.01725]},"properties":{"w":4}},{"type":"Feature","geometry":{"type":"Point","coordinates":[52.51875,29.62275]},"properties":{"w":4}},{"type":"Feature","geometry":{"type":"Point","coordinates":[36.30975,33.52425]},"properties":{"w":4}},{"type":"Feature","geometry":{"type":"Point","coordinates":[38.27175,34.55325]},"properties":{"w":4}},{"type":"Feature","geometry":{"type":"Point","coordinates":[44.20275,15.36075]},"properties":{"w":4}},{"type":"Feature","geometry":{"type":"Point","coordinates":[31.23825,30.00525]},"properties":{"w":4}},{"type":"Feature","geometry":{"type":"Point","coordinates":[36.19875,34.01175]},"properties":{"w":4}},{"type":"Feature","geometry":{"type":"Point","coordinates":[31.22925,30.01875]},"properties":{"w":4}},{"type":"Feature","geometry":{"type":"Point","coordinates":[36.03825,34.24275]},"properties":{"w":4}},{"type":"Feature","geometry":{"type":"Point","coordinates":[36.29625,34.75425]},"properties":{"w":4}},{"type":"Feature","geometry":{"type":"Point","coordinates":[35.65125,34.12275]},"properties":{"w":4}},{"type":"Feature","geometry":{"type":"Point","coordinates":[35.82675,34.43025]},"properties":{"w":4}},{"type":"Feature","geometry":{"type":"Point","coordinates":[35.64975,34.10775]},"properties":{"w":4}},{"type":"Feature","geometry":{"type":"Point","coordinates":[36.20025,34.01925]},"properties":{"w":4}},{"type":"Feature","geometry":{"type":"Point","coordinates":[46.57275,24.73725]},"properties":{"w":4}},{"type":"Feature","geometry":{"type":"Point","coordinates":[31.62075,22.33575]},"properties":{"w":4}},{"type":"Feature","geometry":{"type":"Point","coordinates":[35.82825,34.42575]},"properties":{"w":4}},{"type":"Feature","geometry":{"type":"Point","coordinates":[35.44875,30.32625]},"properties":{"w":4}},{"type":"Feature","geometry":{"type":"Point","coordinates":[35.44425,30.33225]},"properties":{"w":4}},{"type":"Feature","geometry":{"type":"Point","coordinates":[35.43975,30.32775]},"properties":{"w":4}},{"type":"Feature","geometry":{"type":"Point","coordinates":[51.68025,32.65275]},"properties":{"w":4}},{"type":"Feature","geometry":{"type":"Point","coordinates":[36.36675,32.32725]},"properties":{"w":4}},{"type":"Feature","geometry":{"type":"Point","coordinates":[51.67125,32.64525]},"properties":{"w":4}},{"type":"Feature","geometry":{"type":"Point","coordinates":[48.84075,32.03175]},"properties":{"w":4}},{"type":"Feature","geometry":{"type":"Point","coordinates":[48.84075,32.03325]},"properties":{"w":4}},{"type":"Feature","geometry":{"type":"Point","coordinates":[48.34725,33.44475]},"properties":{"w":4}},{"type":"Feature","geometry":{"type":"Point","coordinates":[35.82975,34.43475]},"properties":{"w":4}},{"type":"Feature","geometry":{"type":"Point","coordinates":[37.95825,26.77575]},"properties":{"w":4}},{"type":"Feature","geometry":{"type":"Point","coordinates":[48.51975,32.00925]},"properties":{"w":4}},{"type":"Feature","geometry":{"type":"Point","coordinates":[48.51675,34.80525]},"properties":{"w":4}},{"type":"Feature","geometry":{"type":"Point","coordinates":[46.29825,38.08575]},"properties":{"w":4}},{"type":"Feature","geometry":{"type":"Point","coordinates":[51.42675,35.67225]},"properties":{"w":4}},{"type":"Feature","geometry":{"type":"Point","coordinates":[44.42175,32.53575]},"properties":{"w":4}},{"type":"Feature","geometry":{"type":"Point","coordinates":[44.42775,32.54175]},"properties":{"w":4}},{"type":"Feature","geometry":{"type":"Point","coordinates":[37.95375,26.79075]},"properties":{"w":4}},{"type":"Feature","geometry":{"type":"Point","coordinates":[34.85025,31.25025]},"properties":{"w":4}},{"type":"Feature","geometry":{"type":"Point","coordinates":[57.30375,22.96425]},"properties":{"w":4}},{"type":"Feature","geometry":{"type":"Point","coordinates":[37.95975,26.79375]},"properties":{"w":4}},{"type":"Feature","geometry":{"type":"Point","coordinates":[51.68175,32.66475]},"properties":{"w":4}},{"type":"Feature","geometry":{"type":"Point","coordinates":[52.89525,29.93325]},"properties":{"w":4}},{"type":"Feature","geometry":{"type":"Point","coordinates":[52.89075,29.93175]},"properties":{"w":4}},{"type":"Feature","geometry":{"type":"Point","coordinates":[46.56975,24.73125]},"properties":{"w":4}},{"type":"Feature","geometry":{"type":"Point","coordinates":[46.58025,24.73125]},"properties":{"w":4}},{"type":"Feature","geometry":{"type":"Point","coordinates":[35.22975,31.76925]},"properties":{"w":4}},{"type":"Feature","geometry":{"type":"Point","coordinates":[52.88325,29.93175]},"properties":{"w":4}},{"type":"Feature","geometry":{"type":"Point","coordinates":[35.36325,31.31325]},"properties":{"w":4}},{"type":"Feature","geometry":{"type":"Point","coordinates":[35.12325,32.70075]},"properties":{"w":4}},{"type":"Feature","geometry":{"type":"Point","coordinates":[51.42225,35.67225]},"properties":{"w":4}},{"type":"Feature","geometry":{"type":"Point","coordinates":[43.91625,34.07325]},"properties":{"w":4}},{"type":"Feature","geometry":{"type":"Point","coordinates":[51.41925,35.69475]},"properties":{"w":4}},{"type":"Feature","geometry":{"type":"Point","coordinates":[51.39075,35.65725]},"properties":{"w":4}},{"type":"Feature","geometry":{"type":"Point","coordinates":[43.91325,34.08075]},"properties":{"w":4}},{"type":"Feature","geometry":{"type":"Point","coordinates":[59.37825,22.69575]},"properties":{"w":4}},{"type":"Feature","geometry":{"type":"Point","coordinates":[43.91175,34.08225]},"properties":{"w":4}},{"type":"Feature","geometry":{"type":"Point","coordinates":[35.10075,31.51575]},"properties":{"w":4}},{"type":"Feature","geometry":{"type":"Point","coordinates":[43.91775,34.08975]},"properties":{"w":4}},{"type":"Feature","geometry":{"type":"Point","coordinates":[33.97125,28.55175]},"properties":{"w":4}},{"type":"Feature","geometry":{"type":"Point","coordinates":[34.89825,31.59825]},"properties":{"w":4}},{"type":"Feature","geometry":{"type":"Point","coordinates":[43.26525,35.45625]},"properties":{"w":4}},{"type":"Feature","geometry":{"type":"Point","coordinates":[34.90425,31.59525]},"properties":{"w":4}},{"type":"Feature","geometry":{"type":"Point","coordinates":[48.29775,38.25375]},"properties":{"w":4}},{"type":"Feature","geometry":{"type":"Point","coordinates":[36.19425,34.00125]},"properties":{"w":4}},{"type":"Feature","geometry":{"type":"Point","coordinates":[35.44425,30.32025]},"properties":{"w":4}},{"type":"Feature","geometry":{"type":"Point","coordinates":[43.26075,35.45475]},"properties":{"w":4}},{"type":"Feature","geometry":{"type":"Point","coordinates":[42.71775,35.58525]},"properties":{"w":4}},{"type":"Feature","geometry":{"type":"Point","coordinates":[35.92275,33.73425]},"properties":{"w":4}},{"type":"Feature","geometry":{"type":"Point","coordinates":[54.05025,17.03025]},"properties":{"w":4}},{"type":"Feature","geometry":{"type":"Point","coordinates":[35.07525,32.93025]},"properties":{"w":4}},{"type":"Feature","geometry":{"type":"Point","coordinates":[50.60775,26.24775]},"properties":{"w":4}},{"type":"Feature","geometry":{"type":"Point","coordinates":[35.55075,31.83525]},"properties":{"w":4}},{"type":"Feature","geometry":{"type":"Point","coordinates":[54.37725,31.87575]},"properties":{"w":4}},{"type":"Feature","geometry":{"type":"Point","coordinates":[35.73375,32.03475]},"properties":{"w":4}},{"type":"Feature","geometry":{"type":"Point","coordinates":[35.73525,32.03475]},"properties":{"w":4}},{"type":"Feature","geometry":{"type":"Point","coordinates":[50.52825,26.23125]},"properties":{"w":4}},{"type":"Feature","geometry":{"type":"Point","coordinates":[51.42225,35.69025]},"properties":{"w":4}},{"type":"Feature","geometry":{"type":"Point","coordinates":[35.06925,32.92425]},"properties":{"w":4}},{"type":"Feature","geometry":{"type":"Point","coordinates":[44.00175,36.20325]},"properties":{"w":4}},{"type":"Feature","geometry":{"type":"Point","coordinates":[34.98375,32.82675]},"properties":{"w":4}},{"type":"Feature","geometry":{"type":"Point","coordinates":[34.98375,32.82075]},"properties":{"w":4}},{"type":"Feature","geometry":{"type":"Point","coordinates":[46.57125,24.73875]},"properties":{"w":4}},{"type":"Feature","geometry":{"type":"Point","coordinates":[35.20575,31.71525]},"properties":{"w":4}},{"type":"Feature","geometry":{"type":"Point","coordinates":[32.63475,25.69125]},"properties":{"w":4}},{"type":"Feature","geometry":{"type":"Point","coordinates":[36.31875,33.51075]},"properties":{"w":4}},{"type":"Feature","geometry":{"type":"Point","coordinates":[35.82225,34.44975]},"properties":{"w":4}},{"type":"Feature","geometry":{"type":"Point","coordinates":[34.98675,32.80575]},"properties":{"w":4}},{"type":"Feature","geometry":{"type":"Point","coordinates":[39.19125,21.48375]},"properties":{"w":4}},{"type":"Feature","geometry":{"type":"Point","coordinates":[50.61075,26.24475]},"properties":{"w":4}},{"type":"Feature","geometry":{"type":"Point","coordinates":[35.24025,31.76925]},"properties":{"w":4}},{"type":"Feature","geometry":{"type":"Point","coordinates":[51.39825,35.64825]},"properties":{"w":4}},{"type":"Feature","geometry":{"type":"Point","coordinates":[35.44275,31.87725]},"properties":{"w":4}},{"type":"Feature","geometry":{"type":"Point","coordinates":[51.42075,35.68275]},"properties":{"w":4}},{"type":"Feature","geometry":{"type":"Point","coordinates":[50.49675,26.08125]},"properties":{"w":4}},{"type":"Feature","geometry":{"type":"Point","coordinates":[43.25625,35.45775]},"properties":{"w":4}},{"type":"Feature","geometry":{"type":"Point","coordinates":[44.21475,15.35925]},"properties":{"w":4}},{"type":"Feature","geometry":{"type":"Point","coordinates":[61.33275,30.59475]},"properties":{"w":4}},{"type":"Feature","geometry":{"type":"Point","coordinates":[61.32825,30.59925]},"properties":{"w":4}},{"type":"Feature","geometry":{"type":"Point","coordinates":[32.64825,25.70625]},"properties":{"w":4}},{"type":"Feature","geometry":{"type":"Point","coordinates":[32.64525,25.70925]},"properties":{"w":4}},{"type":"Feature","geometry":{"type":"Point","coordinates":[34.84125,31.24575]},"properties":{"w":4}},{"type":"Feature","geometry":{"type":"Point","coordinates":[36.56925,35.67075]},"properties":{"w":4}},{"type":"Feature","geometry":{"type":"Point","coordinates":[38.26725,34.55925]},"properties":{"w":4}},{"type":"Feature","geometry":{"type":"Point","coordinates":[38.27325,34.56075]},"properties":{"w":4}},{"type":"Feature","geometry":{"type":"Point","coordinates":[35.93175,33.73425]},"properties":{"w":4}},{"type":"Feature","geometry":{"type":"Point","coordinates":[38.27025,34.55625]},"properties":{"w":4}},{"type":"Feature","geometry":{"type":"Point","coordinates":[44.01675,36.19725]},"properties":{"w":4}},{"type":"Feature","geometry":{"type":"Point","coordinates":[32.64525,25.69275]},"properties":{"w":4}},{"type":"Feature","geometry":{"type":"Point","coordinates":[38.26875,34.55325]},"properties":{"w":4}},{"type":"Feature","geometry":{"type":"Point","coordinates":[43.25325,35.46075]},"properties":{"w":4}},{"type":"Feature","geometry":{"type":"Point","coordinates":[35.20125,33.27225]},"properties":{"w":4}},{"type":"Feature","geometry":{"type":"Point","coordinates":[43.91475,34.08825]},"properties":{"w":4}},{"type":"Feature","geometry":{"type":"Point","coordinates":[37.95525,26.78175]},"properties":{"w":4}},{"type":"Feature","geometry":{"type":"Point","coordinates":[44.01075,36.18075]},"properties":{"w":4}},{"type":"Feature","geometry":{"type":"Point","coordinates":[37.96125,26.77425]},"properties":{"w":4}},{"type":"Feature","geometry":{"type":"Point","coordinates":[45.16875,19.75425]},"properties":{"w":4}},{"type":"Feature","geometry":{"type":"Point","coordinates":[38.26425,34.55175]},"properties":{"w":4}},{"type":"Feature","geometry":{"type":"Point","coordinates":[35.35425,31.31625]},"properties":{"w":4}},{"type":"Feature","geometry":{"type":"Point","coordinates":[38.25975,34.55325]},"properties":{"w":4}},{"type":"Feature","geometry":{"type":"Point","coordinates":[35.35125,31.31175]},"properties":{"w":4}},{"type":"Feature","geometry":{"type":"Point","coordinates":[35.35275,31.30875]},"properties":{"w":4}},{"type":"Feature","geometry":{"type":"Point","coordinates":[43.91625,34.08075]},"properties":{"w":4}},{"type":"Feature","geometry":{"type":"Point","coordinates":[38.25675,34.55325]},"properties":{"w":4}},{"type":"Feature","geometry":{"type":"Point","coordinates":[52.52025,29.64075]},"properties":{"w":4}},{"type":"Feature","geometry":{"type":"Point","coordinates":[38.27325,34.54725]},"properties":{"w":4}},{"type":"Feature","geometry":{"type":"Point","coordinates":[36.30375,33.50175]},"properties":{"w":4}},{"type":"Feature","geometry":{"type":"Point","coordinates":[36.30375,33.50325]},"properties":{"w":4}},{"type":"Feature","geometry":{"type":"Point","coordinates":[38.27325,34.55025]},"properties":{"w":4}},{"type":"Feature","geometry":{"type":"Point","coordinates":[35.07525,32.92275]},"properties":{"w":4}},{"type":"Feature","geometry":{"type":"Point","coordinates":[35.07375,32.93325]},"properties":{"w":4}},{"type":"Feature","geometry":{"type":"Point","coordinates":[35.82375,34.44225]},"properties":{"w":4}},{"type":"Feature","geometry":{"type":"Point","coordinates":[51.67125,32.65125]},"properties":{"w":4}},{"type":"Feature","geometry":{"type":"Point","coordinates":[36.20775,34.00125]},"properties":{"w":4}},{"type":"Feature","geometry":{"type":"Point","coordinates":[35.83125,34.42875]},"properties":{"w":4}},{"type":"Feature","geometry":{"type":"Point","coordinates":[36.31725,33.50775]},"properties":{"w":4}},{"type":"Feature","geometry":{"type":"Point","coordinates":[35.92425,33.73275]},"properties":{"w":4}},{"type":"Feature","geometry":{"type":"Point","coordinates":[34.98075,32.82525]},"properties":{"w":4}},{"type":"Feature","geometry":{"type":"Point","coordinates":[33.96975,28.54875]},"properties":{"w":4}},{"type":"Feature","geometry":{"type":"Point","coordinates":[36.36375,32.32125]},"properties":{"w":4}},{"type":"Feature","geometry":{"type":"Point","coordinates":[35.54775,31.83075]},"properties":{"w":4}},{"type":"Feature","geometry":{"type":"Point","coordinates":[36.04725,34.24875]},"properties":{"w":4}},{"type":"Feature","geometry":{"type":"Point","coordinates":[34.89525,31.59975]},"properties":{"w":4}},{"type":"Feature","geometry":{"type":"Point","coordinates":[35.73375,32.03625]},"properties":{"w":4}},{"type":"Feature","geometry":{"type":"Point","coordinates":[34.89075,31.60425]},"properties":{"w":4}},{"type":"Feature","geometry":{"type":"Point","coordinates":[35.72625,32.03175]},"properties":{"w":4}},{"type":"Feature","geometry":{"type":"Point","coordinates":[36.36825,32.32875]},"properties":{"w":4}},{"type":"Feature","geometry":{"type":"Point","coordinates":[35.72025,32.03625]},"properties":{"w":4}},{"type":"Feature","geometry":{"type":"Point","coordinates":[35.92425,33.72375]},"properties":{"w":4}},{"type":"Feature","geometry":{"type":"Point","coordinates":[34.89225,31.60575]},"properties":{"w":4}},{"type":"Feature","geometry":{"type":"Point","coordinates":[31.61625,22.34175]},"properties":{"w":4}},{"type":"Feature","geometry":{"type":"Point","coordinates":[35.10975,31.52175]},"properties":{"w":4}},{"type":"Feature","geometry":{"type":"Point","coordinates":[54.37575,27.20625]},"properties":{"w":4}},{"type":"Feature","geometry":{"type":"Point","coordinates":[34.78125,32.06775]},"properties":{"w":4}},{"type":"Feature","geometry":{"type":"Point","coordinates":[35.10525,31.52025]},"properties":{"w":4}},{"type":"Feature","geometry":{"type":"Point","coordinates":[58.38975,29.08425]},"properties":{"w":4}},{"type":"Feature","geometry":{"type":"Point","coordinates":[39.18075,21.49275]},"properties":{"w":4}},{"type":"Feature","geometry":{"type":"Point","coordinates":[35.15175,31.72275]},"properties":{"w":4}},{"type":"Feature","geometry":{"type":"Point","coordinates":[46.57425,24.74025]},"properties":{"w":4}},{"type":"Feature","geometry":{"type":"Point","coordinates":[46.57875,24.73575]},"properties":{"w":4}},{"type":"Feature","geometry":{"type":"Point","coordinates":[34.84725,31.24875]},"properties":{"w":4}},{"type":"Feature","geometry":{"type":"Point","coordinates":[51.39525,35.65875]},"properties":{"w":4}},{"type":"Feature","geometry":{"type":"Point","coordinates":[33.97575,28.54725]},"properties":{"w":4}},{"type":"Feature","geometry":{"type":"Point","coordinates":[59.37375,22.69425]},"properties":{"w":4}},{"type":"Feature","geometry":{"type":"Point","coordinates":[46.57275,24.72975]},"properties":{"w":4}},{"type":"Feature","geometry":{"type":"Point","coordinates":[35.22075,31.77375]},"properties":{"w":4}},{"type":"Feature","geometry":{"type":"Point","coordinates":[43.25775,35.45625]},"properties":{"w":4}},{"type":"Feature","geometry":{"type":"Point","coordinates":[46.29375,38.07375]},"properties":{"w":4}},{"type":"Feature","geometry":{"type":"Point","coordinates":[43.26075,35.45775]},"properties":{"w":4}},{"type":"Feature","geometry":{"type":"Point","coordinates":[43.26075,35.45925]},"properties":{"w":4}},{"type":"Feature","geometry":{"type":"Point","coordinates":[43.31775,14.18925]},"properties":{"w":4}},{"type":"Feature","geometry":{"type":"Point","coordinates":[35.64675,34.11525]},"properties":{"w":4}},{"type":"Feature","geometry":{"type":"Point","coordinates":[54.05625,17.01675]},"properties":{"w":4}},{"type":"Feature","geometry":{"type":"Point","coordinates":[46.57575,24.74025]},"properties":{"w":4}},{"type":"Feature","geometry":{"type":"Point","coordinates":[51.41775,35.68275]},"properties":{"w":4}},{"type":"Feature","geometry":{"type":"Point","coordinates":[50.50575,26.07525]},"properties":{"w":4}},{"type":"Feature","geometry":{"type":"Point","coordinates":[35.20275,31.71075]},"properties":{"w":4}},{"type":"Feature","geometry":{"type":"Point","coordinates":[51.41325,35.68575]},"properties":{"w":4}},{"type":"Feature","geometry":{"type":"Point","coordinates":[56.74275,23.25825]},"properties":{"w":4}},{"type":"Feature","geometry":{"type":"Point","coordinates":[51.41025,35.68575]},"properties":{"w":4}},{"type":"Feature","geometry":{"type":"Point","coordinates":[52.52925,29.63025]},"properties":{"w":4}},{"type":"Feature","geometry":{"type":"Point","coordinates":[51.39375,35.66775]},"properties":{"w":4}},{"type":"Feature","geometry":{"type":"Point","coordinates":[52.52475,29.63325]},"properties":{"w":4}},{"type":"Feature","geometry":{"type":"Point","coordinates":[50.61825,26.25525]},"properties":{"w":4}},{"type":"Feature","geometry":{"type":"Point","coordinates":[48.51975,34.80825]},"properties":{"w":4}},{"type":"Feature","geometry":{"type":"Point","coordinates":[56.74725,23.27475]},"properties":{"w":4}},{"type":"Feature","geometry":{"type":"Point","coordinates":[51.41775,35.69325]},"properties":{"w":4}},{"type":"Feature","geometry":{"type":"Point","coordinates":[57.29925,22.95225]},"properties":{"w":4}},{"type":"Feature","geometry":{"type":"Point","coordinates":[44.42325,32.53125]},"properties":{"w":4}},{"type":"Feature","geometry":{"type":"Point","coordinates":[44.42175,32.53275]},"properties":{"w":4}},{"type":"Feature","geometry":{"type":"Point","coordinates":[48.29625,38.24625]},"properties":{"w":4}},{"type":"Feature","geometry":{"type":"Point","coordinates":[35.22675,31.76775]},"properties":{"w":4}},{"type":"Feature","geometry":{"type":"Point","coordinates":[46.29825,38.07675]},"properties":{"w":4}},{"type":"Feature","geometry":{"type":"Point","coordinates":[47.43075,34.38975]},"properties":{"w":4}},{"type":"Feature","geometry":{"type":"Point","coordinates":[48.28575,38.23725]},"properties":{"w":4}},{"type":"Feature","geometry":{"type":"Point","coordinates":[54.05925,17.00775]},"properties":{"w":4}},{"type":"Feature","geometry":{"type":"Point","coordinates":[35.34825,31.31775]},"properties":{"w":4}},{"type":"Feature","geometry":{"type":"Point","coordinates":[48.29325,38.24175]},"properties":{"w":4}},{"type":"Feature","geometry":{"type":"Point","coordinates":[35.13375,32.70825]},"properties":{"w":4}},{"type":"Feature","geometry":{"type":"Point","coordinates":[48.52725,32.00775]},"properties":{"w":4}},{"type":"Feature","geometry":{"type":"Point","coordinates":[48.53025,32.00775]},"properties":{"w":4}},{"type":"Feature","geometry":{"type":"Point","coordinates":[48.24975,32.19225]},"properties":{"w":4}},{"type":"Feature","geometry":{"type":"Point","coordinates":[35.43825,30.32925]},"properties":{"w":4}},{"type":"Feature","geometry":{"type":"Point","coordinates":[46.29975,38.07375]},"properties":{"w":4}},{"type":"Feature","geometry":{"type":"Point","coordinates":[46.29675,38.07525]},"properties":{"w":4}},{"type":"Feature","geometry":{"type":"Point","coordinates":[46.29825,38.07825]},"properties":{"w":4}},{"type":"Feature","geometry":{"type":"Point","coordinates":[35.43825,30.32025]},"properties":{"w":4}},{"type":"Feature","geometry":{"type":"Point","coordinates":[35.44575,30.32325]},"properties":{"w":4}},{"type":"Feature","geometry":{"type":"Point","coordinates":[35.20875,31.71375]},"properties":{"w":4}},{"type":"Feature","geometry":{"type":"Point","coordinates":[35.45025,30.33075]},"properties":{"w":4}},{"type":"Feature","geometry":{"type":"Point","coordinates":[37.16475,36.19125]},"properties":{"w":4}},{"type":"Feature","geometry":{"type":"Point","coordinates":[35.21175,31.70325]},"properties":{"w":4}},{"type":"Feature","geometry":{"type":"Point","coordinates":[36.29025,34.75725]},"properties":{"w":4}},{"type":"Feature","geometry":{"type":"Point","coordinates":[36.30675,33.52125]},"properties":{"w":4}},{"type":"Feature","geometry":{"type":"Point","coordinates":[35.16525,31.71225]},"properties":{"w":4}},{"type":"Feature","geometry":{"type":"Point","coordinates":[31.24125,30.00675]},"properties":{"w":4}},{"type":"Feature","geometry":{"type":"Point","coordinates":[31.24425,30.00375]},"properties":{"w":4}},{"type":"Feature","geometry":{"type":"Point","coordinates":[48.29775,38.25225]},"properties":{"w":4}},{"type":"Feature","geometry":{"type":"Point","coordinates":[54.05475,17.01675]},"properties":{"w":4}},{"type":"Feature","geometry":{"type":"Point","coordinates":[38.26875,34.54725]},"properties":{"w":4}},{"type":"Feature","geometry":{"type":"Point","coordinates":[48.29625,38.25225]},"properties":{"w":4}},{"type":"Feature","geometry":{"type":"Point","coordinates":[36.21225,34.01625]},"properties":{"w":4}},{"type":"Feature","geometry":{"type":"Point","coordinates":[44.01225,36.18675]},"properties":{"w":4}},{"type":"Feature","geometry":{"type":"Point","coordinates":[46.29675,38.08425]},"properties":{"w":4}},{"type":"Feature","geometry":{"type":"Point","coordinates":[58.36875,29.11125]},"properties":{"w":4}},{"type":"Feature","geometry":{"type":"Point","coordinates":[36.04125,34.24275]},"properties":{"w":4}},{"type":"Feature","geometry":{"type":"Point","coordinates":[61.32975,30.59925]},"properties":{"w":4}},{"type":"Feature","geometry":{"type":"Point","coordinates":[33.97275,28.54575]},"properties":{"w":4}},{"type":"Feature","geometry":{"type":"Point","coordinates":[55.80975,24.06525]},"properties":{"w":4}},{"type":"Feature","geometry":{"type":"Point","coordinates":[61.32525,30.59625]},"properties":{"w":4}},{"type":"Feature","geometry":{"type":"Point","coordinates":[51.42375,35.67375]},"properties":{"w":4}},{"type":"Feature","geometry":{"type":"Point","coordinates":[51.39675,35.65875]},"properties":{"w":4}},{"type":"Feature","geometry":{"type":"Point","coordinates":[35.23425,31.76475]},"properties":{"w":4}},{"type":"Feature","geometry":{"type":"Point","coordinates":[36.30825,33.50325]},"properties":{"w":4}},{"type":"Feature","geometry":{"type":"Point","coordinates":[48.29775,38.24775]},"properties":{"w":4}},{"type":"Feature","geometry":{"type":"Point","coordinates":[35.82975,34.42725]},"properties":{"w":4}},{"type":"Feature","geometry":{"type":"Point","coordinates":[34.98825,32.82825]},"properties":{"w":4}},{"type":"Feature","geometry":{"type":"Point","coordinates":[34.84275,31.24575]},"properties":{"w":4}},{"type":"Feature","geometry":{"type":"Point","coordinates":[38.27175,34.55625]},"properties":{"w":4}},{"type":"Feature","geometry":{"type":"Point","coordinates":[34.89525,31.60725]},"properties":{"w":4}},{"type":"Feature","geometry":{"type":"Point","coordinates":[52.52325,29.64075]},"properties":{"w":4}},{"type":"Feature","geometry":{"type":"Point","coordinates":[43.31625,14.19975]},"properties":{"w":4}},{"type":"Feature","geometry":{"type":"Point","coordinates":[46.56975,24.73425]},"properties":{"w":4}},{"type":"Feature","geometry":{"type":"Point","coordinates":[35.20425,31.69725]},"properties":{"w":4}},{"type":"Feature","geometry":{"type":"Point","coordinates":[51.41925,35.69175]},"properties":{"w":4}},{"type":"Feature","geometry":{"type":"Point","coordinates":[51.40275,35.66625]},"properties":{"w":4}},{"type":"Feature","geometry":{"type":"Point","coordinates":[35.12775,32.70975]},"properties":{"w":4}},{"type":"Feature","geometry":{"type":"Point","coordinates":[34.36575,31.45125]},"properties":{"w":4}},{"type":"Feature","geometry":{"type":"Point","coordinates":[51.02625,25.97925]},"properties":{"w":4}},{"type":"Feature","geometry":{"type":"Point","coordinates":[35.64975,34.11075]},"properties":{"w":4}},{"type":"Feature","geometry":{"type":"Point","coordinates":[38.26425,34.55625]},"properties":{"w":4}},{"type":"Feature","geometry":{"type":"Point","coordinates":[35.83425,34.44375]},"properties":{"w":4}},{"type":"Feature","geometry":{"type":"Point","coordinates":[51.02475,25.97475]},"properties":{"w":4}},{"type":"Feature","geometry":{"type":"Point","coordinates":[51.41475,35.68725]},"properties":{"w":4}},{"type":"Feature","geometry":{"type":"Point","coordinates":[56.74425,23.26875]},"properties":{"w":4}},{"type":"Feature","geometry":{"type":"Point","coordinates":[52.52325,29.63775]},"properties":{"w":4}},{"type":"Feature","geometry":{"type":"Point","coordinates":[38.26125,34.55775]},"properties":{"w":4}},{"type":"Feature","geometry":{"type":"Point","coordinates":[44.42625,32.52975]},"properties":{"w":4}},{"type":"Feature","geometry":{"type":"Point","coordinates":[44.42175,32.53425]},"properties":{"w":4}},{"type":"Feature","geometry":{"type":"Point","coordinates":[39.18525,21.48225]},"properties":{"w":4}},{"type":"Feature","geometry":{"type":"Point","coordinates":[42.71625,35.58675]},"properties":{"w":4}},{"type":"Feature","geometry":{"type":"Point","coordinates":[43.91775,34.08675]},"properties":{"w":4}},{"type":"Feature","geometry":{"type":"Point","coordinates":[43.91475,34.09125]},"properties":{"w":4}},{"type":"Feature","geometry":{"type":"Point","coordinates":[34.89525,31.61025]},"properties":{"w":4}},{"type":"Feature","geometry":{"type":"Point","coordinates":[43.91175,34.07775]},"properties":{"w":4}},{"type":"Feature","geometry":{"type":"Point","coordinates":[39.18975,21.48225]},"properties":{"w":4}},{"type":"Feature","geometry":{"type":"Point","coordinates":[35.16675,31.72575]},"properties":{"w":4}},{"type":"Feature","geometry":{"type":"Point","coordinates":[36.31275,33.52425]},"properties":{"w":4}},{"type":"Feature","geometry":{"type":"Point","coordinates":[36.20025,34.01175]},"properties":{"w":4}},{"type":"Feature","geometry":{"type":"Point","coordinates":[43.91775,34.08075]},"properties":{"w":4}},{"type":"Feature","geometry":{"type":"Point","coordinates":[31.24125,30.01275]},"properties":{"w":4}},{"type":"Feature","geometry":{"type":"Point","coordinates":[58.39725,29.07075]},"properties":{"w":4}},{"type":"Feature","geometry":{"type":"Point","coordinates":[35.44425,30.32775]},"properties":{"w":4}},{"type":"Feature","geometry":{"type":"Point","coordinates":[46.31175,38.07825]},"properties":{"w":4}},{"type":"Feature","geometry":{"type":"Point","coordinates":[38.26575,34.56825]},"properties":{"w":4}},{"type":"Feature","geometry":{"type":"Point","coordinates":[36.29775,34.75425]},"properties":{"w":4}},{"type":"Feature","geometry":{"type":"Point","coordinates":[58.38825,29.08725]},"properties":{"w":4}},{"type":"Feature","geometry":{"type":"Point","coordinates":[36.29925,34.76025]},"properties":{"w":4}},{"type":"Feature","geometry":{"type":"Point","coordinates":[38.25675,34.55025]},"properties":{"w":4}},{"type":"Feature","geometry":{"type":"Point","coordinates":[29.66325,30.84075]},"properties":{"w":4}},{"type":"Feature","geometry":{"type":"Point","coordinates":[39.18525,21.49425]},"properties":{"w":4}},{"type":"Feature","geometry":{"type":"Point","coordinates":[35.92575,33.73275]},"properties":{"w":4}},{"type":"Feature","geometry":{"type":"Point","coordinates":[36.29025,34.75125]},"properties":{"w":4}},{"type":"Feature","geometry":{"type":"Point","coordinates":[38.25825,34.55025]},"properties":{"w":4}},{"type":"Feature","geometry":{"type":"Point","coordinates":[31.24275,30.00825]},"properties":{"w":4}},{"type":"Feature","geometry":{"type":"Point","coordinates":[36.28725,34.75425]},"properties":{"w":4}},{"type":"Feature","geometry":{"type":"Point","coordinates":[35.35275,31.31325]},"properties":{"w":4}},{"type":"Feature","geometry":{"type":"Point","coordinates":[37.95825,26.78925]},"properties":{"w":4}},{"type":"Feature","geometry":{"type":"Point","coordinates":[35.35425,31.32225]},"properties":{"w":4}},{"type":"Feature","geometry":{"type":"Point","coordinates":[44.00625,36.18075]},"properties":{"w":4}},{"type":"Feature","geometry":{"type":"Point","coordinates":[36.30675,33.50625]},"properties":{"w":4}},{"type":"Feature","geometry":{"type":"Point","coordinates":[48.51375,34.79025]},"properties":{"w":4}},{"type":"Feature","geometry":{"type":"Point","coordinates":[51.42075,35.67975]},"properties":{"w":4}},{"type":"Feature","geometry":{"type":"Point","coordinates":[46.29525,38.08425]},"properties":{"w":4}},{"type":"Feature","geometry":{"type":"Point","coordinates":[48.29025,38.24025]},"properties":{"w":4}},{"type":"Feature","geometry":{"type":"Point","coordinates":[48.52425,34.79625]},"properties":{"w":4}},{"type":"Feature","geometry":{"type":"Point","coordinates":[48.52725,32.00475]},"properties":{"w":4}},{"type":"Feature","geometry":{"type":"Point","coordinates":[35.20275,33.27225]},"properties":{"w":4}},{"type":"Feature","geometry":{"type":"Point","coordinates":[48.25275,32.19075]},"properties":{"w":4}},{"type":"Feature","geometry":{"type":"Point","coordinates":[51.68625,32.65425]},"properties":{"w":4}},{"type":"Feature","geometry":{"type":"Point","coordinates":[35.73225,32.04825]},"properties":{"w":4}},{"type":"Feature","geometry":{"type":"Point","coordinates":[35.43375,30.33375]},"properties":{"w":4}},{"type":"Feature","geometry":{"type":"Point","coordinates":[48.28725,38.23725]},"properties":{"w":4}},{"type":"Feature","geometry":{"type":"Point","coordinates":[35.44575,30.33675]},"properties":{"w":4}},{"type":"Feature","geometry":{"type":"Point","coordinates":[35.43825,30.33525]},"properties":{"w":4}},{"type":"Feature","geometry":{"type":"Point","coordinates":[50.52675,26.23425]},"properties":{"w":4}},{"type":"Feature","geometry":{"type":"Point","coordinates":[48.29175,38.25075]},"properties":{"w":4}},{"type":"Feature","geometry":{"type":"Point","coordinates":[38.27625,34.55175]},"properties":{"w":4}},{"type":"Feature","geometry":{"type":"Point","coordinates":[50.51325,26.23125]},"properties":{"w":4}},{"type":"Feature","geometry":{"type":"Point","coordinates":[35.45175,30.33075]},"properties":{"w":4}},{"type":"Feature","geometry":{"type":"Point","coordinates":[34.98825,32.81625]},"properties":{"w":4}},{"type":"Feature","geometry":{"type":"Point","coordinates":[37.94775,26.77425]},"properties":{"w":4}},{"type":"Feature","geometry":{"type":"Point","coordinates":[37.95225,26.78925]},"properties":{"w":4}},{"type":"Feature","geometry":{"type":"Point","coordinates":[36.19725,34.00275]},"properties":{"w":4}},{"type":"Feature","geometry":{"type":"Point","coordinates":[44.21025,15.34875]},"properties":{"w":4}},{"type":"Feature","geometry":{"type":"Point","coordinates":[35.22225,31.78275]},"properties":{"w":4}},{"type":"Feature","geometry":{"type":"Point","coordinates":[46.56825,24.73875]},"properties":{"w":4}},{"type":"Feature","geometry":{"type":"Point","coordinates":[37.94625,26.78625]},"properties":{"w":4}},{"type":"Feature","geometry":{"type":"Point","coordinates":[35.22375,31.78725]},"properties":{"w":4}},{"type":"Feature","geometry":{"type":"Point","coordinates":[31.22925,30.00825]},"properties":{"w":4}},{"type":"Feature","geometry":{"type":"Point","coordinates":[37.95825,26.79525]},"properties":{"w":4}},{"type":"Feature","geometry":{"type":"Point","coordinates":[44.42775,32.54475]},"properties":{"w":4}},{"type":"Feature","geometry":{"type":"Point","coordinates":[51.69075,32.67075]},"properties":{"w":4}},{"type":"Feature","geometry":{"type":"Point","coordinates":[51.41775,35.67525]},"properties":{"w":4}},{"type":"Feature","geometry":{"type":"Point","coordinates":[55.80375,25.09125]},"properties":{"w":4}},{"type":"Feature","geometry":{"type":"Point","coordinates":[46.57425,24.74625]},"properties":{"w":4}},{"type":"Feature","geometry":{"type":"Point","coordinates":[51.41475,35.66625]},"properties":{"w":4}},{"type":"Feature","geometry":{"type":"Point","coordinates":[51.68175,32.66325]},"properties":{"w":4}},{"type":"Feature","geometry":{"type":"Point","coordinates":[34.76925,32.08725]},"properties":{"w":4}},{"type":"Feature","geometry":{"type":"Point","coordinates":[51.67575,32.65275]},"properties":{"w":4}},{"type":"Feature","geometry":{"type":"Point","coordinates":[44.43075,32.54325]},"properties":{"w":4}},{"type":"Feature","geometry":{"type":"Point","coordinates":[35.72175,32.03325]},"properties":{"w":4}},{"type":"Feature","geometry":{"type":"Point","coordinates":[35.71875,32.03625]},"properties":{"w":4}},{"type":"Feature","geometry":{"type":"Point","coordinates":[50.52075,26.23425]},"properties":{"w":4}},{"type":"Feature","geometry":{"type":"Point","coordinates":[35.64975,34.12425]},"properties":{"w":4}},{"type":"Feature","geometry":{"type":"Point","coordinates":[46.57125,24.73275]},"properties":{"w":4}},{"type":"Feature","geometry":{"type":"Point","coordinates":[34.77075,32.06475]},"properties":{"w":4}},{"type":"Feature","geometry":{"type":"Point","coordinates":[46.56675,24.74625]},"properties":{"w":4}},{"type":"Feature","geometry":{"type":"Point","coordinates":[35.64525,34.11825]},"properties":{"w":4}},{"type":"Feature","geometry":{"type":"Point","coordinates":[36.04875,34.24575]},"properties":{"w":4}},{"type":"Feature","geometry":{"type":"Point","coordinates":[32.63475,25.70475]},"properties":{"w":4}},{"type":"Feature","geometry":{"type":"Point","coordinates":[35.16225,31.72575]},"properties":{"w":4}},{"type":"Feature","geometry":{"type":"Point","coordinates":[35.16375,31.71825]},"properties":{"w":4}},{"type":"Feature","geometry":{"type":"Point","coordinates":[36.05025,34.24575]},"properties":{"w":4}},{"type":"Feature","geometry":{"type":"Point","coordinates":[46.30275,38.07225]},"properties":{"w":4}},{"type":"Feature","geometry":{"type":"Point","coordinates":[35.10825,31.52625]},"properties":{"w":4}},{"type":"Feature","geometry":{"type":"Point","coordinates":[57.29925,22.95375]},"properties":{"w":4}},{"type":"Feature","geometry":{"type":"Point","coordinates":[34.89375,31.59975]},"properties":{"w":4}},{"type":"Feature","geometry":{"type":"Point","coordinates":[34.89525,31.59375]},"properties":{"w":4}},{"type":"Feature","geometry":{"type":"Point","coordinates":[32.63025,25.70175]},"properties":{"w":4}},{"type":"Feature","geometry":{"type":"Point","coordinates":[31.25925,29.85375]},"properties":{"w":4}},{"type":"Feature","geometry":{"type":"Point","coordinates":[34.78425,32.07825]},"properties":{"w":4}},{"type":"Feature","geometry":{"type":"Point","coordinates":[36.31125,33.51225]},"properties":{"w":4}},{"type":"Feature","geometry":{"type":"Point","coordinates":[36.20775,33.99975]},"properties":{"w":4}},{"type":"Feature","geometry":{"type":"Point","coordinates":[32.63775,25.69425]},"properties":{"w":4}},{"type":"Feature","geometry":{"type":"Point","coordinates":[52.52475,29.63625]},"properties":{"w":4}},{"type":"Feature","geometry":{"type":"Point","coordinates":[35.43675,31.87425]},"properties":{"w":4}},{"type":"Feature","geometry":{"type":"Point","coordinates":[35.72925,32.04375]},"properties":{"w":4}},{"type":"Feature","geometry":{"type":"Point","coordinates":[32.64675,25.70925]},"properties":{"w":4}},{"type":"Feature","geometry":{"type":"Point","coordinates":[51.39975,35.65125]},"properties":{"w":4}},{"type":"Feature","geometry":{"type":"Point","coordinates":[42.71925,35.58525]},"properties":{"w":4}},{"type":"Feature","geometry":{"type":"Point","coordinates":[33.96975,28.55325]},"properties":{"w":4}},{"type":"Feature","geometry":{"type":"Point","coordinates":[33.97725,28.55625]},"properties":{"w":4}},{"type":"Feature","geometry":{"type":"Point","coordinates":[51.42825,35.67225]},"properties":{"w":4}},{"type":"Feature","geometry":{"type":"Point","coordinates":[48.29025,38.26125]},"properties":{"w":4}},{"type":"Feature","geometry":{"type":"Point","coordinates":[35.82975,34.43625]},"properties":{"w":4}},{"type":"Feature","geometry":{"type":"Point","coordinates":[35.20425,31.69875]},"properties":{"w":4}},{"type":"Feature","geometry":{"type":"Point","coordinates":[46.30275,38.08275]},"properties":{"w":4}},{"type":"Feature","geometry":{"type":"Point","coordinates":[34.99725,32.81025]},"properties":{"w":4}},{"type":"Feature","geometry":{"type":"Point","coordinates":[36.31425,33.50475]},"properties":{"w":4}},{"type":"Feature","geometry":{"type":"Point","coordinates":[35.82375,34.44975]},"properties":{"w":4}},{"type":"Feature","geometry":{"type":"Point","coordinates":[46.57125,24.74925]},"properties":{"w":4}},{"type":"Feature","geometry":{"type":"Point","coordinates":[35.64675,34.11825]},"properties":{"w":4}},{"type":"Feature","geometry":{"type":"Point","coordinates":[35.82525,34.44975]},"properties":{"w":4}},{"type":"Feature","geometry":{"type":"Point","coordinates":[52.53375,29.62425]},"properties":{"w":4}},{"type":"Feature","geometry":{"type":"Point","coordinates":[31.23525,30.00825]},"properties":{"w":4}},{"type":"Feature","geometry":{"type":"Point","coordinates":[48.52725,32.00925]},"properties":{"w":4}},{"type":"Feature","geometry":{"type":"Point","coordinates":[48.52275,32.00775]},"properties":{"w":4}},{"type":"Feature","geometry":{"type":"Point","coordinates":[51.42225,35.69175]},"properties":{"w":4}},{"type":"Feature","geometry":{"type":"Point","coordinates":[36.20175,34.01175]},"properties":{"w":4}},{"type":"Feature","geometry":{"type":"Point","coordinates":[35.20125,31.69725]},"properties":{"w":4}},{"type":"Feature","geometry":{"type":"Point","coordinates":[35.43825,30.33075]},"properties":{"w":4}},{"type":"Feature","geometry":{"type":"Point","coordinates":[35.07975,32.92275]},"properties":{"w":4}},{"type":"Feature","geometry":{"type":"Point","coordinates":[35.44425,30.32625]},"properties":{"w":4}},{"type":"Feature","geometry":{"type":"Point","coordinates":[35.20425,33.26475]},"properties":{"w":4}},{"type":"Feature","geometry":{"type":"Point","coordinates":[44.21625,15.35475]},"properties":{"w":4}},{"type":"Feature","geometry":{"type":"Point","coordinates":[35.07825,32.92575]},"properties":{"w":4}},{"type":"Feature","geometry":{"type":"Point","coordinates":[35.44275,30.33075]},"properties":{"w":4}},{"type":"Feature","geometry":{"type":"Point","coordinates":[51.68475,32.66475]},"properties":{"w":4}},{"type":"Feature","geometry":{"type":"Point","coordinates":[35.07375,32.92125]},"properties":{"w":4}},{"type":"Feature","geometry":{"type":"Point","coordinates":[35.55525,31.83225]},"properties":{"w":4}},{"type":"Feature","geometry":{"type":"Point","coordinates":[35.22825,31.78275]},"properties":{"w":4}},{"type":"Feature","geometry":{"type":"Point","coordinates":[35.44875,30.32025]},"properties":{"w":4}},{"type":"Feature","geometry":{"type":"Point","coordinates":[51.67575,32.66025]},"properties":{"w":4}},{"type":"Feature","geometry":{"type":"Point","coordinates":[37.16625,36.19125]},"properties":{"w":4}},{"type":"Feature","geometry":{"type":"Point","coordinates":[36.19575,34.01475]},"properties":{"w":4}},{"type":"Feature","geometry":{"type":"Point","coordinates":[37.16325,36.21225]},"properties":{"w":4}},{"type":"Feature","geometry":{"type":"Point","coordinates":[51.40275,35.65575]},"properties":{"w":4}},{"type":"Feature","geometry":{"type":"Point","coordinates":[34.99125,32.82525]},"properties":{"w":4}},{"type":"Feature","geometry":{"type":"Point","coordinates":[37.94475,26.78325]},"properties":{"w":4}},{"type":"Feature","geometry":{"type":"Point","coordinates":[31.22925,30.00975]},"properties":{"w":4}},{"type":"Feature","geometry":{"type":"Point","coordinates":[37.94625,26.78475]},"properties":{"w":4}},{"type":"Feature","geometry":{"type":"Point","coordinates":[36.47325,32.52375]},"properties":{"w":4}},{"type":"Feature","geometry":{"type":"Point","coordinates":[36.31725,33.51375]},"properties":{"w":4}},{"type":"Feature","geometry":{"type":"Point","coordinates":[37.95075,26.77425]},"properties":{"w":4}},{"type":"Feature","geometry":{"type":"Point","coordinates":[38.25825,34.55775]},"properties":{"w":4}},{"type":"Feature","geometry":{"type":"Point","coordinates":[36.36525,32.32275]},"properties":{"w":4}},{"type":"Feature","geometry":{"type":"Point","coordinates":[37.96425,26.79225]},"properties":{"w":4}},{"type":"Feature","geometry":{"type":"Point","coordinates":[38.25975,34.55475]},"properties":{"w":4}},{"type":"Feature","geometry":{"type":"Point","coordinates":[38.25525,34.55325]},"properties":{"w":4}},{"type":"Feature","geometry":{"type":"Point","coordinates":[51.41475,35.69475]},"properties":{"w":4}},{"type":"Feature","geometry":{"type":"Point","coordinates":[31.23225,30.00975]},"properties":{"w":4}},{"type":"Feature","geometry":{"type":"Point","coordinates":[47.44275,34.39125]},"properties":{"w":4}},{"type":"Feature","geometry":{"type":"Point","coordinates":[37.95975,26.79225]},"properties":{"w":4}},{"type":"Feature","geometry":{"type":"Point","coordinates":[37.96275,26.79225]},"properties":{"w":4}},{"type":"Feature","geometry":{"type":"Point","coordinates":[51.69375,32.66925]},"properties":{"w":4}},{"type":"Feature","geometry":{"type":"Point","coordinates":[51.69375,32.67375]},"properties":{"w":4}},{"type":"Feature","geometry":{"type":"Point","coordinates":[51.68475,32.67075]},"properties":{"w":4}},{"type":"Feature","geometry":{"type":"Point","coordinates":[35.55675,31.83375]},"properties":{"w":4}},{"type":"Feature","geometry":{"type":"Point","coordinates":[52.52325,29.63925]},"properties":{"w":4}},{"type":"Feature","geometry":{"type":"Point","coordinates":[52.88625,29.93925]},"properties":{"w":4}},{"type":"Feature","geometry":{"type":"Point","coordinates":[48.33675,33.44775]},"properties":{"w":4}},{"type":"Feature","geometry":{"type":"Point","coordinates":[38.26275,34.55925]},"properties":{"w":4}},{"type":"Feature","geometry":{"type":"Point","coordinates":[34.97625,32.81325]},"properties":{"w":4}},{"type":"Feature","geometry":{"type":"Point","coordinates":[38.26275,34.55775]},"properties":{"w":4}},{"type":"Feature","geometry":{"type":"Point","coordinates":[35.01225,30.57525]},"properties":{"w":4}},{"type":"Feature","geometry":{"type":"Point","coordinates":[34.97925,32.81775]},"properties":{"w":4}},{"type":"Feature","geometry":{"type":"Point","coordinates":[54.36825,31.88775]},"properties":{"w":4}},{"type":"Feature","geometry":{"type":"Point","coordinates":[52.53375,28.85325]},"properties":{"w":4}},{"type":"Feature","geometry":{"type":"Point","coordinates":[51.41775,35.67975]},"properties":{"w":4}},{"type":"Feature","geometry":{"type":"Point","coordinates":[35.36175,31.31325]},"properties":{"w":4}},{"type":"Feature","geometry":{"type":"Point","coordinates":[51.42375,35.68125]},"properties":{"w":4}},{"type":"Feature","geometry":{"type":"Point","coordinates":[36.36525,32.32575]},"properties":{"w":4}},{"type":"Feature","geometry":{"type":"Point","coordinates":[54.37575,31.90125]},"properties":{"w":4}},{"type":"Feature","geometry":{"type":"Point","coordinates":[58.36875,29.11575]},"properties":{"w":4}},{"type":"Feature","geometry":{"type":"Point","coordinates":[35.36175,31.31475]},"properties":{"w":4}},{"type":"Feature","geometry":{"type":"Point","coordinates":[46.57875,24.73275]},"properties":{"w":4}},{"type":"Feature","geometry":{"type":"Point","coordinates":[35.07225,32.91825]},"properties":{"w":4}},{"type":"Feature","geometry":{"type":"Point","coordinates":[46.57425,24.73425]},"properties":{"w":4}},{"type":"Feature","geometry":{"type":"Point","coordinates":[39.18975,21.48075]},"properties":{"w":4}},{"type":"Feature","geometry":{"type":"Point","coordinates":[50.52525,26.23875]},"properties":{"w":4}},{"type":"Feature","geometry":{"type":"Point","coordinates":[31.61475,22.33875]},"properties":{"w":4}},{"type":"Feature","geometry":{"type":"Point","coordinates":[31.61625,22.33875]},"properties":{"w":4}},{"type":"Feature","geometry":{"type":"Point","coordinates":[43.31025,14.19525]},"properties":{"w":4}},{"type":"Feature","geometry":{"type":"Point","coordinates":[35.12475,32.70075]},"properties":{"w":4}},{"type":"Feature","geometry":{"type":"Point","coordinates":[43.31925,14.19525]},"properties":{"w":4}},{"type":"Feature","geometry":{"type":"Point","coordinates":[35.16225,31.72425]},"properties":{"w":4}},{"type":"Feature","geometry":{"type":"Point","coordinates":[44.20575,15.34875]},"properties":{"w":4}},{"type":"Feature","geometry":{"type":"Point","coordinates":[44.20875,15.34725]},"properties":{"w":4}},{"type":"Feature","geometry":{"type":"Point","coordinates":[43.91625,34.08525]},"properties":{"w":4}},{"type":"Feature","geometry":{"type":"Point","coordinates":[43.26075,35.45625]},"properties":{"w":4}},{"type":"Feature","geometry":{"type":"Point","coordinates":[50.50425,26.06475]},"properties":{"w":4}},{"type":"Feature","geometry":{"type":"Point","coordinates":[31.24425,30.00675]},"properties":{"w":4}},{"type":"Feature","geometry":{"type":"Point","coordinates":[36.20325,34.01775]},"properties":{"w":4}},{"type":"Feature","geometry":{"type":"Point","coordinates":[48.28425,38.24625]},"properties":{"w":3}},{"type":"Feature","geometry":{"type":"Point","coordinates":[31.62525,22.33875]},"properties":{"w":3}},{"type":"Feature","geometry":{"type":"Point","coordinates":[51.39825,35.64375]},"properties":{"w":3}},{"type":"Feature","geometry":{"type":"Point","coordinates":[52.52925,29.64075]},"properties":{"w":3}},{"type":"Feature","geometry":{"type":"Point","coordinates":[35.82825,34.43175]},"properties":{"w":3}},{"type":"Feature","geometry":{"type":"Point","coordinates":[48.28725,38.23575]},"properties":{"w":3}},{"type":"Feature","geometry":{"type":"Point","coordinates":[46.29375,38.07225]},"properties":{"w":3}},{"type":"Feature","geometry":{"type":"Point","coordinates":[36.37725,32.32425]},"properties":{"w":3}},{"type":"Feature","geometry":{"type":"Point","coordinates":[36.37725,32.32575]},"properties":{"w":3}},{"type":"Feature","geometry":{"type":"Point","coordinates":[50.50125,26.06925]},"properties":{"w":3}},{"type":"Feature","geometry":{"type":"Point","coordinates":[46.29675,38.07225]},"properties":{"w":3}},{"type":"Feature","geometry":{"type":"Point","coordinates":[32.63475,25.69425]},"properties":{"w":3}},{"type":"Feature","geometry":{"type":"Point","coordinates":[46.30275,38.08575]},"properties":{"w":3}},{"type":"Feature","geometry":{"type":"Point","coordinates":[35.20875,31.70175]},"properties":{"w":3}},{"type":"Feature","geometry":{"type":"Point","coordinates":[51.41325,35.67975]},"properties":{"w":3}},{"type":"Feature","geometry":{"type":"Point","coordinates":[54.04725,17.01225]},"properties":{"w":3}},{"type":"Feature","geometry":{"type":"Point","coordinates":[36.36675,32.32425]},"properties":{"w":3}},{"type":"Feature","geometry":{"type":"Point","coordinates":[32.63325,25.69125]},"properties":{"w":3}},{"type":"Feature","geometry":{"type":"Point","coordinates":[36.36225,32.33025]},"properties":{"w":3}},{"type":"Feature","geometry":{"type":"Point","coordinates":[35.15175,31.70925]},"properties":{"w":3}},{"type":"Feature","geometry":{"type":"Point","coordinates":[36.36225,32.31975]},"properties":{"w":3}},{"type":"Feature","geometry":{"type":"Point","coordinates":[36.36075,32.32575]},"properties":{"w":3}},{"type":"Feature","geometry":{"type":"Point","coordinates":[31.24275,30.00375]},"properties":{"w":3}},{"type":"Feature","geometry":{"type":"Point","coordinates":[35.11725,32.70225]},"properties":{"w":3}},{"type":"Feature","geometry":{"type":"Point","coordinates":[35.23125,31.76775]},"properties":{"w":3}},{"type":"Feature","geometry":{"type":"Point","coordinates":[35.73225,32.04375]},"properties":{"w":3}},{"type":"Feature","geometry":{"type":"Point","coordinates":[32.64825,25.70175]},"properties":{"w":3}},{"type":"Feature","geometry":{"type":"Point","coordinates":[36.30825,33.52425]},"properties":{"w":3}},{"type":"Feature","geometry":{"type":"Point","coordinates":[35.23875,31.78875]},"properties":{"w":3}},{"type":"Feature","geometry":{"type":"Point","coordinates":[35.72625,32.05575]},"properties":{"w":3}},{"type":"Feature","geometry":{"type":"Point","coordinates":[35.23875,31.78125]},"properties":{"w":3}},{"type":"Feature","geometry":{"type":"Point","coordinates":[44.01375,36.18525]},"properties":{"w":3}},{"type":"Feature","geometry":{"type":"Point","coordinates":[32.64675,25.70325]},"properties":{"w":3}},{"type":"Feature","geometry":{"type":"Point","coordinates":[36.29025,34.74675]},"properties":{"w":3}},{"type":"Feature","geometry":{"type":"Point","coordinates":[39.18525,21.48975]},"properties":{"w":3}},{"type":"Feature","geometry":{"type":"Point","coordinates":[36.31575,33.50775]},"properties":{"w":3}},{"type":"Feature","geometry":{"type":"Point","coordinates":[50.62125,26.25375]},"properties":{"w":3}},{"type":"Feature","geometry":{"type":"Point","coordinates":[34.78125,32.08875]},"properties":{"w":3}},{"type":"Feature","geometry":{"type":"Point","coordinates":[31.62225,22.34025]},"properties":{"w":3}},{"type":"Feature","geometry":{"type":"Point","coordinates":[36.20625,34.01925]},"properties":{"w":3}},{"type":"Feature","geometry":{"type":"Point","coordinates":[51.40275,35.65125]},"properties":{"w":3}},{"type":"Feature","geometry":{"type":"Point","coordinates":[31.23375,29.99925]},"properties":{"w":3}},{"type":"Feature","geometry":{"type":"Point","coordinates":[35.64825,34.13175]},"properties":{"w":3}},{"type":"Feature","geometry":{"type":"Point","coordinates":[51.67425,32.66025]},"properties":{"w":3}},{"type":"Feature","geometry":{"type":"Point","coordinates":[35.20275,31.70625]},"properties":{"w":3}},{"type":"Feature","geometry":{"type":"Point","coordinates":[52.51425,29.63475]},"properties":{"w":3}},{"type":"Feature","geometry":{"type":"Point","coordinates":[47.44275,34.39725]},"properties":{"w":3}},{"type":"Feature","geometry":{"type":"Point","coordinates":[48.34875,33.44925]},"properties":{"w":3}},{"type":"Feature","geometry":{"type":"Point","coordinates":[44.43075,32.54175]},"properties":{"w":3}},{"type":"Feature","geometry":{"type":"Point","coordinates":[37.16475,36.19875]},"properties":{"w":3}},{"type":"Feature","geometry":{"type":"Point","coordinates":[35.81925,34.44975]},"properties":{"w":3}},{"type":"Feature","geometry":{"type":"Point","coordinates":[35.20875,31.71675]},"properties":{"w":3}},{"type":"Feature","geometry":{"type":"Point","coordinates":[46.29525,38.08725]},"properties":{"w":3}},{"type":"Feature","geometry":{"type":"Point","coordinates":[35.72025,32.03475]},"properties":{"w":3}},{"type":"Feature","geometry":{"type":"Point","coordinates":[36.20925,33.99675]},"properties":{"w":3}},{"type":"Feature","geometry":{"type":"Point","coordinates":[44.00325,36.18075]},"properties":{"w":3}},{"type":"Feature","geometry":{"type":"Point","coordinates":[36.20625,33.99525]},"properties":{"w":3}},{"type":"Feature","geometry":{"type":"Point","coordinates":[44.01075,36.17925]},"properties":{"w":3}},{"type":"Feature","geometry":{"type":"Point","coordinates":[35.94225,33.73125]},"properties":{"w":3}},{"type":"Feature","geometry":{"type":"Point","coordinates":[43.26375,35.45775]},"properties":{"w":3}},{"type":"Feature","geometry":{"type":"Point","coordinates":[35.93925,33.73425]},"properties":{"w":3}},{"type":"Feature","geometry":{"type":"Point","coordinates":[50.51925,26.22375]},"properties":{"w":3}},{"type":"Feature","geometry":{"type":"Point","coordinates":[51.39975,35.64675]},"properties":{"w":3}},{"type":"Feature","geometry":{"type":"Point","coordinates":[35.72925,32.03025]},"properties":{"w":3}},{"type":"Feature","geometry":{"type":"Point","coordinates":[35.92275,33.73125]},"properties":{"w":3}},{"type":"Feature","geometry":{"type":"Point","coordinates":[35.43975,30.33075]},"properties":{"w":3}},{"type":"Feature","geometry":{"type":"Point","coordinates":[31.24125,30.00825]},"properties":{"w":3}},{"type":"Feature","geometry":{"type":"Point","coordinates":[36.36525,32.32125]},"properties":{"w":3}},{"type":"Feature","geometry":{"type":"Point","coordinates":[35.16825,31.72275]},"properties":{"w":3}},{"type":"Feature","geometry":{"type":"Point","coordinates":[35.11425,31.53075]},"properties":{"w":3}},{"type":"Feature","geometry":{"type":"Point","coordinates":[36.29925,33.51525]},"properties":{"w":3}},{"type":"Feature","geometry":{"type":"Point","coordinates":[35.11875,31.52925]},"properties":{"w":3}},{"type":"Feature","geometry":{"type":"Point","coordinates":[36.29175,34.75275]},"properties":{"w":3}},{"type":"Feature","geometry":{"type":"Point","coordinates":[36.28725,34.74675]},"properties":{"w":3}},{"type":"Feature","geometry":{"type":"Point","coordinates":[35.21325,31.70775]},"properties":{"w":3}},{"type":"Feature","geometry":{"type":"Point","coordinates":[50.51325,26.22975]},"properties":{"w":3}},{"type":"Feature","geometry":{"type":"Point","coordinates":[46.29825,38.08125]},"properties":{"w":3}},{"type":"Feature","geometry":{"type":"Point","coordinates":[46.30275,38.08125]},"properties":{"w":3}},{"type":"Feature","geometry":{"type":"Point","coordinates":[35.20875,31.70025]},"properties":{"w":3}},{"type":"Feature","geometry":{"type":"Point","coordinates":[50.52675,26.24025]},"properties":{"w":3}},{"type":"Feature","geometry":{"type":"Point","coordinates":[48.29775,38.24175]},"properties":{"w":3}},{"type":"Feature","geometry":{"type":"Point","coordinates":[35.44875,31.87425]},"properties":{"w":3}},{"type":"Feature","geometry":{"type":"Point","coordinates":[35.22825,31.79025]},"properties":{"w":3}},{"type":"Feature","geometry":{"type":"Point","coordinates":[31.23675,30.00375]},"properties":{"w":3}},{"type":"Feature","geometry":{"type":"Point","coordinates":[35.07825,32.92875]},"properties":{"w":3}},{"type":"Feature","geometry":{"type":"Point","coordinates":[35.13225,32.70525]},"properties":{"w":3}},{"type":"Feature","geometry":{"type":"Point","coordinates":[35.12775,32.70675]},"properties":{"w":3}},{"type":"Feature","geometry":{"type":"Point","coordinates":[35.12325,32.70225]},"properties":{"w":3}},{"type":"Feature","geometry":{"type":"Point","coordinates":[35.11875,32.71125]},"properties":{"w":3}},{"type":"Feature","geometry":{"type":"Point","coordinates":[35.23275,31.76925]},"properties":{"w":3}},{"type":"Feature","geometry":{"type":"Point","coordinates":[48.29625,38.25825]},"properties":{"w":3}},{"type":"Feature","geometry":{"type":"Point","coordinates":[34.37025,31.45275]},"properties":{"w":3}},{"type":"Feature","geometry":{"type":"Point","coordinates":[48.29325,38.25525]},"properties":{"w":3}},{"type":"Feature","geometry":{"type":"Point","coordinates":[51.41775,35.69175]},"properties":{"w":3}},{"type":"Feature","geometry":{"type":"Point","coordinates":[51.41325,35.69025]},"properties":{"w":3}},{"type":"Feature","geometry":{"type":"Point","coordinates":[51.39975,35.67225]},"properties":{"w":3}},{"type":"Feature","geometry":{"type":"Point","coordinates":[51.41325,35.68725]},"properties":{"w":3}},{"type":"Feature","geometry":{"type":"Point","coordinates":[52.52175,29.63925]},"properties":{"w":3}},{"type":"Feature","geometry":{"type":"Point","coordinates":[51.41325,35.68425]},"properties":{"w":3}},{"type":"Feature","geometry":{"type":"Point","coordinates":[54.05475,17.01975]},"properties":{"w":3}},{"type":"Feature","geometry":{"type":"Point","coordinates":[54.06075,17.01525]},"properties":{"w":3}},{"type":"Feature","geometry":{"type":"Point","coordinates":[51.41625,35.67225]},"properties":{"w":3}},{"type":"Feature","geometry":{"type":"Point","coordinates":[51.41925,35.67075]},"properties":{"w":3}},{"type":"Feature","geometry":{"type":"Point","coordinates":[44.42025,32.54175]},"properties":{"w":3}},{"type":"Feature","geometry":{"type":"Point","coordinates":[51.40425,35.65425]},"properties":{"w":3}},{"type":"Feature","geometry":{"type":"Point","coordinates":[46.56825,24.73725]},"properties":{"w":3}},{"type":"Feature","geometry":{"type":"Point","coordinates":[58.36575,29.10225]},"properties":{"w":3}},{"type":"Feature","geometry":{"type":"Point","coordinates":[35.22525,31.77075]},"properties":{"w":3}},{"type":"Feature","geometry":{"type":"Point","coordinates":[36.37275,32.32875]},"properties":{"w":3}},{"type":"Feature","geometry":{"type":"Point","coordinates":[51.67425,32.65725]},"properties":{"w":3}},{"type":"Feature","geometry":{"type":"Point","coordinates":[34.99725,32.82075]},"properties":{"w":3}},{"type":"Feature","geometry":{"type":"Point","coordinates":[51.67725,32.66025]},"properties":{"w":3}},{"type":"Feature","geometry":{"type":"Point","coordinates":[34.99575,32.82225]},"properties":{"w":3}},{"type":"Feature","geometry":{"type":"Point","coordinates":[36.36825,32.32575]},"properties":{"w":3}},{"type":"Feature","geometry":{"type":"Point","coordinates":[37.16475,36.18525]},"properties":{"w":3}},{"type":"Feature","geometry":{"type":"Point","coordinates":[36.36825,32.32425]},"properties":{"w":3}},{"type":"Feature","geometry":{"type":"Point","coordinates":[36.36225,32.32125]},"properties":{"w":3}},{"type":"Feature","geometry":{"type":"Point","coordinates":[35.92725,33.72075]},"properties":{"w":3}},{"type":"Feature","geometry":{"type":"Point","coordinates":[35.07375,32.92425]},"properties":{"w":3}},{"type":"Feature","geometry":{"type":"Point","coordinates":[36.05025,34.24875]},"properties":{"w":3}},{"type":"Feature","geometry":{"type":"Point","coordinates":[36.20625,33.99675]},"properties":{"w":3}},{"type":"Feature","geometry":{"type":"Point","coordinates":[35.65275,34.11375]},"properties":{"w":3}},{"type":"Feature","geometry":{"type":"Point","coordinates":[34.97925,32.82375]},"properties":{"w":3}},{"type":"Feature","geometry":{"type":"Point","coordinates":[36.31725,33.50625]},"properties":{"w":3}},{"type":"Feature","geometry":{"type":"Point","coordinates":[36.20475,33.99375]},"properties":{"w":3}},{"type":"Feature","geometry":{"type":"Point","coordinates":[34.98975,32.82675]},"properties":{"w":3}},{"type":"Feature","geometry":{"type":"Point","coordinates":[35.10525,31.52475]},"properties":{"w":3}},{"type":"Feature","geometry":{"type":"Point","coordinates":[36.30975,33.51675]},"properties":{"w":3}},{"type":"Feature","geometry":{"type":"Point","coordinates":[35.64675,34.11675]},"properties":{"w":3}},{"type":"Feature","geometry":{"type":"Point","coordinates":[35.10375,31.53675]},"properties":{"w":3}},{"type":"Feature","geometry":{"type":"Point","coordinates":[35.07975,32.92425]},"properties":{"w":3}},{"type":"Feature","geometry":{"type":"Point","coordinates":[53.16975,30.19275]},"properties":{"w":3}},{"type":"Feature","geometry":{"type":"Point","coordinates":[35.07525,32.92125]},"properties":{"w":3}},{"type":"Feature","geometry":{"type":"Point","coordinates":[48.28575,38.24925]},"properties":{"w":3}},{"type":"Feature","geometry":{"type":"Point","coordinates":[44.01525,36.19725]},"properties":{"w":3}},{"type":"Feature","geometry":{"type":"Point","coordinates":[46.29975,38.07825]},"properties":{"w":3}},{"type":"Feature","geometry":{"type":"Point","coordinates":[51.40725,35.66775]},"properties":{"w":3}},{"type":"Feature","geometry":{"type":"Point","coordinates":[48.29025,38.25375]},"properties":{"w":3}},{"type":"Feature","geometry":{"type":"Point","coordinates":[51.42075,35.67825]},"properties":{"w":3}},{"type":"Feature","geometry":{"type":"Point","coordinates":[44.00175,36.18525]},"properties":{"w":3}},{"type":"Feature","geometry":{"type":"Point","coordinates":[48.29025,38.25075]},"properties":{"w":3}},{"type":"Feature","geometry":{"type":"Point","coordinates":[39.18675,21.49275]},"properties":{"w":3}},{"type":"Feature","geometry":{"type":"Point","coordinates":[44.01975,36.18525]},"properties":{"w":3}},{"type":"Feature","geometry":{"type":"Point","coordinates":[35.72325,32.03475]},"properties":{"w":3}},{"type":"Feature","geometry":{"type":"Point","coordinates":[35.81475,34.44375]},"properties":{"w":3}},{"type":"Feature","geometry":{"type":"Point","coordinates":[48.29175,38.24025]},"properties":{"w":3}},{"type":"Feature","geometry":{"type":"Point","coordinates":[46.29075,38.07225]},"properties":{"w":3}},{"type":"Feature","geometry":{"type":"Point","coordinates":[48.29025,38.23425]},"properties":{"w":3}},{"type":"Feature","geometry":{"type":"Point","coordinates":[48.29175,38.23575]},"properties":{"w":3}},{"type":"Feature","geometry":{"type":"Point","coordinates":[35.92875,33.73275]},"properties":{"w":3}},{"type":"Feature","geometry":{"type":"Point","coordinates":[35.72775,32.04825]},"properties":{"w":3}},{"type":"Feature","geometry":{"type":"Point","coordinates":[48.50775,34.80375]},"properties":{"w":3}},{"type":"Feature","geometry":{"type":"Point","coordinates":[31.24275,30.01425]},"properties":{"w":3}},{"type":"Feature","geometry":{"type":"Point","coordinates":[48.33375,33.45075]},"properties":{"w":3}},{"type":"Feature","geometry":{"type":"Point","coordinates":[36.29775,34.75275]},"properties":{"w":3}},{"type":"Feature","geometry":{"type":"Point","coordinates":[48.28725,38.26275]},"properties":{"w":3}},{"type":"Feature","geometry":{"type":"Point","coordinates":[32.62875,25.69725]},"properties":{"w":3}},{"type":"Feature","geometry":{"type":"Point","coordinates":[51.67275,32.67225]},"properties":{"w":3}},{"type":"Feature","geometry":{"type":"Point","coordinates":[36.30975,33.50475]},"properties":{"w":3}},{"type":"Feature","geometry":{"type":"Point","coordinates":[35.16825,31.72425]},"properties":{"w":3}},{"type":"Feature","geometry":{"type":"Point","coordinates":[34.97625,32.81625]},"properties":{"w":3}},{"type":"Feature","geometry":{"type":"Point","coordinates":[35.64825,34.11525]},"properties":{"w":3}},{"type":"Feature","geometry":{"type":"Point","coordinates":[35.93025,33.73725]},"properties":{"w":3}},{"type":"Feature","geometry":{"type":"Point","coordinates":[39.18225,21.48075]},"properties":{"w":3}},{"type":"Feature","geometry":{"type":"Point","coordinates":[32.63175,25.70475]},"properties":{"w":3}},{"type":"Feature","geometry":{"type":"Point","coordinates":[51.68175,32.65575]},"properties":{"w":3}},{"type":"Feature","geometry":{"type":"Point","coordinates":[51.67575,32.65875]},"properties":{"w":3}},{"type":"Feature","geometry":{"type":"Point","coordinates":[34.97775,32.80725]},"properties":{"w":3}},{"type":"Feature","geometry":{"type":"Point","coordinates":[51.68325,32.66025]},"properties":{"w":3}},{"type":"Feature","geometry":{"type":"Point","coordinates":[32.63325,25.70625]},"properties":{"w":3}},{"type":"Feature","geometry":{"type":"Point","coordinates":[51.42075,35.69475]},"properties":{"w":3}},{"type":"Feature","geometry":{"type":"Point","coordinates":[46.29975,38.06475]},"properties":{"w":3}},{"type":"Feature","geometry":{"type":"Point","coordinates":[35.82525,34.43025]},"properties":{"w":3}},{"type":"Feature","geometry":{"type":"Point","coordinates":[35.81625,34.44675]},"properties":{"w":3}},{"type":"Feature","geometry":{"type":"Point","coordinates":[46.30125,38.08275]},"properties":{"w":3}},{"type":"Feature","geometry":{"type":"Point","coordinates":[32.64675,25.70025]},"properties":{"w":3}},{"type":"Feature","geometry":{"type":"Point","coordinates":[34.36275,31.44675]},"properties":{"w":3}},{"type":"Feature","geometry":{"type":"Point","coordinates":[51.40575,35.66625]},"properties":{"w":3}},{"type":"Feature","geometry":{"type":"Point","coordinates":[34.99275,32.80275]},"properties":{"w":3}},{"type":"Feature","geometry":{"type":"Point","coordinates":[34.98975,32.80125]},"properties":{"w":3}},{"type":"Feature","geometry":{"type":"Point","coordinates":[51.41925,35.69325]},"properties":{"w":3}},{"type":"Feature","geometry":{"type":"Point","coordinates":[35.23575,31.78425]},"properties":{"w":3}},{"type":"Feature","geometry":{"type":"Point","coordinates":[35.12775,32.70525]},"properties":{"w":3}},{"type":"Feature","geometry":{"type":"Point","coordinates":[34.98075,32.81025]},"properties":{"w":3}},{"type":"Feature","geometry":{"type":"Point","coordinates":[32.64825,25.70325]},"properties":{"w":3}},{"type":"Feature","geometry":{"type":"Point","coordinates":[35.24025,31.77525]},"properties":{"w":3}},{"type":"Feature","geometry":{"type":"Point","coordinates":[35.93625,33.73725]},"properties":{"w":3}},{"type":"Feature","geometry":{"type":"Point","coordinates":[52.51875,29.64225]},"properties":{"w":3}},{"type":"Feature","geometry":{"type":"Point","coordinates":[52.51875,29.64075]},"properties":{"w":3}},{"type":"Feature","geometry":{"type":"Point","coordinates":[35.19675,31.70625]},"properties":{"w":3}},{"type":"Feature","geometry":{"type":"Point","coordinates":[35.19675,31.70475]},"properties":{"w":3}},{"type":"Feature","geometry":{"type":"Point","coordinates":[34.97925,32.82225]},"properties":{"w":3}},{"type":"Feature","geometry":{"type":"Point","coordinates":[46.30725,38.07675]},"properties":{"w":3}},{"type":"Feature","geometry":{"type":"Point","coordinates":[52.52475,29.64225]},"properties":{"w":3}},{"type":"Feature","geometry":{"type":"Point","coordinates":[34.98675,32.82825]},"properties":{"w":3}},{"type":"Feature","geometry":{"type":"Point","coordinates":[35.22525,31.78875]},"properties":{"w":3}},{"type":"Feature","geometry":{"type":"Point","coordinates":[36.30825,33.51825]},"properties":{"w":3}},{"type":"Feature","geometry":{"type":"Point","coordinates":[35.06775,32.92275]},"properties":{"w":3}},{"type":"Feature","geometry":{"type":"Point","coordinates":[32.63475,25.69275]},"properties":{"w":3}},{"type":"Feature","geometry":{"type":"Point","coordinates":[35.07375,32.93025]},"properties":{"w":3}},{"type":"Feature","geometry":{"type":"Point","coordinates":[46.30275,38.07525]},"properties":{"w":3}},{"type":"Feature","geometry":{"type":"Point","coordinates":[50.51775,26.22075]},"properties":{"w":3}},{"type":"Feature","geometry":{"type":"Point","coordinates":[51.42375,35.68875]},"properties":{"w":3}},{"type":"Feature","geometry":{"type":"Point","coordinates":[35.07825,32.92125]},"properties":{"w":3}},{"type":"Feature","geometry":{"type":"Point","coordinates":[35.13225,32.70075]},"properties":{"w":3}},{"type":"Feature","geometry":{"type":"Point","coordinates":[51.41625,35.69175]},"properties":{"w":3}},{"type":"Feature","geometry":{"type":"Point","coordinates":[46.29675,38.07675]},"properties":{"w":3}},{"type":"Feature","geometry":{"type":"Point","coordinates":[48.29775,38.25825]},"properties":{"w":3}},{"type":"Feature","geometry":{"type":"Point","coordinates":[34.76475,32.07375]},"properties":{"w":3}},{"type":"Feature","geometry":{"type":"Point","coordinates":[35.43675,31.86225]},"properties":{"w":3}},{"type":"Feature","geometry":{"type":"Point","coordinates":[51.40425,35.65125]},"properties":{"w":3}},{"type":"Feature","geometry":{"type":"Point","coordinates":[34.35675,31.44375]},"properties":{"w":3}},{"type":"Feature","geometry":{"type":"Point","coordinates":[35.44875,30.32325]},"properties":{"w":3}},{"type":"Feature","geometry":{"type":"Point","coordinates":[35.44425,31.85775]},"properties":{"w":3}},{"type":"Feature","geometry":{"type":"Point","coordinates":[51.41625,35.68875]},"properties":{"w":3}},{"type":"Feature","geometry":{"type":"Point","coordinates":[46.30275,38.07975]},"properties":{"w":3}},{"type":"Feature","geometry":{"type":"Point","coordinates":[35.11125,31.53225]},"properties":{"w":3}},{"type":"Feature","geometry":{"type":"Point","coordinates":[34.37175,31.43625]},"properties":{"w":3}},{"type":"Feature","geometry":{"type":"Point","coordinates":[48.29025,38.25975]},"properties":{"w":3}},{"type":"Feature","geometry":{"type":"Point","coordinates":[51.39675,35.64375]},"properties":{"w":3}},{"type":"Feature","geometry":{"type":"Point","coordinates":[35.09775,31.52775]},"properties":{"w":3}},{"type":"Feature","geometry":{"type":"Point","coordinates":[51.39375,35.67225]},"properties":{"w":3}},{"type":"Feature","geometry":{"type":"Point","coordinates":[31.62075,22.33875]},"properties":{"w":3}},{"type":"Feature","geometry":{"type":"Point","coordinates":[51.66975,32.66475]},"properties":{"w":3}},{"type":"Feature","geometry":{"type":"Point","coordinates":[34.98825,32.80875]},"properties":{"w":3}},{"type":"Feature","geometry":{"type":"Point","coordinates":[35.15475,31.71525]},"properties":{"w":3}},{"type":"Feature","geometry":{"type":"Point","coordinates":[46.29675,38.08575]},"properties":{"w":3}},{"type":"Feature","geometry":{"type":"Point","coordinates":[50.49525,26.07825]},"properties":{"w":3}},{"type":"Feature","geometry":{"type":"Point","coordinates":[36.03825,34.23975]},"properties":{"w":3}},{"type":"Feature","geometry":{"type":"Point","coordinates":[36.03975,34.24125]},"properties":{"w":3}},{"type":"Feature","geometry":{"type":"Point","coordinates":[46.56975,24.74625]},"properties":{"w":3}},{"type":"Feature","geometry":{"type":"Point","coordinates":[31.24125,30.00525]},"properties":{"w":3}},{"type":"Feature","geometry":{"type":"Point","coordinates":[31.23675,30.00075]},"properties":{"w":3}},{"type":"Feature","geometry":{"type":"Point","coordinates":[36.28575,34.75425]},"properties":{"w":3}},{"type":"Feature","geometry":{"type":"Point","coordinates":[36.28425,34.75425]},"properties":{"w":3}},{"type":"Feature","geometry":{"type":"Point","coordinates":[35.65275,34.11075]},"properties":{"w":3}},{"type":"Feature","geometry":{"type":"Point","coordinates":[35.45325,31.86675]},"properties":{"w":3}},{"type":"Feature","geometry":{"type":"Point","coordinates":[48.28275,38.24625]},"properties":{"w":3}},{"type":"Feature","geometry":{"type":"Point","coordinates":[35.44275,31.86825]},"properties":{"w":3}},{"type":"Feature","geometry":{"type":"Point","coordinates":[37.16475,36.21225]},"properties":{"w":3}},{"type":"Feature","geometry":{"type":"Point","coordinates":[39.18375,21.48225]},"properties":{"w":3}},{"type":"Feature","geometry":{"type":"Point","coordinates":[48.29475,38.25525]},"properties":{"w":3}},{"type":"Feature","geometry":{"type":"Point","coordinates":[51.41775,35.69475]},"properties":{"w":3}},{"type":"Feature","geometry":{"type":"Point","coordinates":[51.68325,32.65725]},"properties":{"w":3}},{"type":"Feature","geometry":{"type":"Point","coordinates":[36.04875,34.25325]},"properties":{"w":3}},{"type":"Feature","geometry":{"type":"Point","coordinates":[31.62375,22.34175]},"properties":{"w":3}},{"type":"Feature","geometry":{"type":"Point","coordinates":[35.12775,32.71575]},"properties":{"w":3}},{"type":"Feature","geometry":{"type":"Point","coordinates":[36.05475,34.24725]},"properties":{"w":3}},{"type":"Feature","geometry":{"type":"Point","coordinates":[35.13375,32.70675]},"properties":{"w":3}},{"type":"Feature","geometry":{"type":"Point","coordinates":[35.13075,32.71125]},"properties":{"w":3}},{"type":"Feature","geometry":{"type":"Point","coordinates":[35.93475,33.73125]},"properties":{"w":3}},{"type":"Feature","geometry":{"type":"Point","coordinates":[36.19425,34.01175]},"properties":{"w":3}},{"type":"Feature","geometry":{"type":"Point","coordinates":[51.38925,35.66775]},"properties":{"w":3}},{"type":"Feature","geometry":{"type":"Point","coordinates":[36.36975,32.32575]},"properties":{"w":3}},{"type":"Feature","geometry":{"type":"Point","coordinates":[36.19425,34.01025]},"properties":{"w":3}},{"type":"Feature","geometry":{"type":"Point","coordinates":[36.31725,33.50325]},"properties":{"w":3}},{"type":"Feature","geometry":{"type":"Point","coordinates":[51.42075,35.68575]},"properties":{"w":3}},{"type":"Feature","geometry":{"type":"Point","coordinates":[51.42225,35.68275]},"properties":{"w":3}},{"type":"Feature","geometry":{"type":"Point","coordinates":[32.64375,25.70325]},"properties":{"w":3}},{"type":"Feature","geometry":{"type":"Point","coordinates":[36.36525,32.32875]},"properties":{"w":3}},{"type":"Feature","geometry":{"type":"Point","coordinates":[32.64225,25.70025]},"properties":{"w":3}},{"type":"Feature","geometry":{"type":"Point","coordinates":[36.36675,32.33325]},"properties":{"w":3}},{"type":"Feature","geometry":{"type":"Point","coordinates":[51.42675,35.68275]},"properties":{"w":3}},{"type":"Feature","geometry":{"type":"Point","coordinates":[36.36375,32.32725]},"properties":{"w":3}},{"type":"Feature","geometry":{"type":"Point","coordinates":[35.82075,34.44525]},"properties":{"w":3}},{"type":"Feature","geometry":{"type":"Point","coordinates":[46.57125,24.73725]},"properties":{"w":3}},{"type":"Feature","geometry":{"type":"Point","coordinates":[32.63775,25.69725]},"properties":{"w":3}},{"type":"Feature","geometry":{"type":"Point","coordinates":[48.50925,34.80225]},"properties":{"w":3}},{"type":"Feature","geometry":{"type":"Point","coordinates":[46.57425,24.72525]},"properties":{"w":3}},{"type":"Feature","geometry":{"type":"Point","coordinates":[34.36425,31.43475]},"properties":{"w":3}},{"type":"Feature","geometry":{"type":"Point","coordinates":[51.39525,35.66025]},"properties":{"w":3}},{"type":"Feature","geometry":{"type":"Point","coordinates":[44.01225,36.17925]},"properties":{"w":3}},{"type":"Feature","geometry":{"type":"Point","coordinates":[35.92275,33.72975]},"properties":{"w":3}},{"type":"Feature","geometry":{"type":"Point","coordinates":[36.03975,34.24575]},"properties":{"w":3}},{"type":"Feature","geometry":{"type":"Point","coordinates":[35.82675,34.42725]},"properties":{"w":3}},{"type":"Feature","geometry":{"type":"Point","coordinates":[35.72925,32.03175]},"properties":{"w":3}},{"type":"Feature","geometry":{"type":"Point","coordinates":[35.73825,32.03775]},"properties":{"w":3}},{"type":"Feature","geometry":{"type":"Point","coordinates":[35.72775,32.03025]},"properties":{"w":3}},{"type":"Feature","geometry":{"type":"Point","coordinates":[34.77075,32.08875]},"properties":{"w":3}},{"type":"Feature","geometry":{"type":"Point","coordinates":[46.30275,38.08875]},"properties":{"w":3}},{"type":"Feature","geometry":{"type":"Point","coordinates":[52.52475,29.63025]},"properties":{"w":3}},{"type":"Feature","geometry":{"type":"Point","coordinates":[35.11725,32.70825]},"properties":{"w":3}},{"type":"Feature","geometry":{"type":"Point","coordinates":[35.11875,32.70675]},"properties":{"w":3}},{"type":"Feature","geometry":{"type":"Point","coordinates":[35.72325,32.03625]},"properties":{"w":3}},{"type":"Feature","geometry":{"type":"Point","coordinates":[44.01975,36.18675]},"properties":{"w":3}},{"type":"Feature","geometry":{"type":"Point","coordinates":[34.78425,32.07675]},"properties":{"w":3}},{"type":"Feature","geometry":{"type":"Point","coordinates":[35.07675,32.92125]},"properties":{"w":3}},{"type":"Feature","geometry":{"type":"Point","coordinates":[35.07375,32.92275]},"properties":{"w":3}},{"type":"Feature","geometry":{"type":"Point","coordinates":[51.68175,32.66175]},"properties":{"w":3}},{"type":"Feature","geometry":{"type":"Point","coordinates":[34.76625,32.06775]},"properties":{"w":3}},{"type":"Feature","geometry":{"type":"Point","coordinates":[51.39525,35.64675]},"properties":{"w":2}},{"type":"Feature","geometry":{"type":"Point","coordinates":[48.28875,38.25075]},"properties":{"w":2}},{"type":"Feature","geometry":{"type":"Point","coordinates":[36.20625,33.99825]},"properties":{"w":2}},{"type":"Feature","geometry":{"type":"Point","coordinates":[51.39375,35.66025]},"properties":{"w":2}},{"type":"Feature","geometry":{"type":"Point","coordinates":[35.54325,31.83675]},"properties":{"w":2}},{"type":"Feature","geometry":{"type":"Point","coordinates":[51.39525,35.65425]},"properties":{"w":2}},{"type":"Feature","geometry":{"type":"Point","coordinates":[35.92875,33.73575]},"properties":{"w":2}},{"type":"Feature","geometry":{"type":"Point","coordinates":[44.00325,36.20475]},"properties":{"w":2}},{"type":"Feature","geometry":{"type":"Point","coordinates":[35.92725,33.73575]},"properties":{"w":2}},{"type":"Feature","geometry":{"type":"Point","coordinates":[35.71875,32.04975]},"properties":{"w":2}},{"type":"Feature","geometry":{"type":"Point","coordinates":[51.40725,35.65575]},"properties":{"w":2}},{"type":"Feature","geometry":{"type":"Point","coordinates":[48.79275,36.43275]},"properties":{"w":2}},{"type":"Feature","geometry":{"type":"Point","coordinates":[35.93025,33.74175]},"properties":{"w":2}},{"type":"Feature","geometry":{"type":"Point","coordinates":[48.29775,38.25675]},"properties":{"w":2}},{"type":"Feature","geometry":{"type":"Point","coordinates":[35.20275,31.71675]},"properties":{"w":2}},{"type":"Feature","geometry":{"type":"Point","coordinates":[35.72475,32.03025]},"properties":{"w":2}},{"type":"Feature","geometry":{"type":"Point","coordinates":[35.10975,31.52625]},"properties":{"w":2}},{"type":"Feature","geometry":{"type":"Point","coordinates":[50.51775,26.22375]},"properties":{"w":2}},{"type":"Feature","geometry":{"type":"Point","coordinates":[51.39225,35.66775]},"properties":{"w":2}},{"type":"Feature","geometry":{"type":"Point","coordinates":[36.20775,33.99525]},"properties":{"w":2}},{"type":"Feature","geometry":{"type":"Point","coordinates":[51.40575,35.65125]},"properties":{"w":2}},{"type":"Feature","geometry":{"type":"Point","coordinates":[36.20325,33.99375]},"properties":{"w":2}},{"type":"Feature","geometry":{"type":"Point","coordinates":[36.20325,33.99675]},"properties":{"w":2}},{"type":"Feature","geometry":{"type":"Point","coordinates":[35.72325,32.04975]},"properties":{"w":2}},{"type":"Feature","geometry":{"type":"Point","coordinates":[36.20175,33.99675]},"properties":{"w":2}},{"type":"Feature","geometry":{"type":"Point","coordinates":[46.29075,38.08125]},"properties":{"w":2}},{"type":"Feature","geometry":{"type":"Point","coordinates":[36.05175,34.24725]},"properties":{"w":2}},{"type":"Feature","geometry":{"type":"Point","coordinates":[35.72025,32.05125]},"properties":{"w":2}},{"type":"Feature","geometry":{"type":"Point","coordinates":[35.54925,31.83675]},"properties":{"w":2}},{"type":"Feature","geometry":{"type":"Point","coordinates":[36.05175,34.24875]},"properties":{"w":2}},{"type":"Feature","geometry":{"type":"Point","coordinates":[36.05175,34.25025]},"properties":{"w":2}},{"type":"Feature","geometry":{"type":"Point","coordinates":[51.40725,35.65425]},"properties":{"w":2}},{"type":"Feature","geometry":{"type":"Point","coordinates":[36.04575,34.25175]},"properties":{"w":2}},{"type":"Feature","geometry":{"type":"Point","coordinates":[36.19575,34.01625]},"properties":{"w":2}},{"type":"Feature","geometry":{"type":"Point","coordinates":[36.30825,33.50775]},"properties":{"w":2}},{"type":"Feature","geometry":{"type":"Point","coordinates":[51.40425,35.65875]},"properties":{"w":2}},{"type":"Feature","geometry":{"type":"Point","coordinates":[36.04275,34.24125]},"properties":{"w":2}},{"type":"Feature","geometry":{"type":"Point","coordinates":[48.51975,34.80075]},"properties":{"w":2}},{"type":"Feature","geometry":{"type":"Point","coordinates":[51.40125,35.65875]},"properties":{"w":2}},{"type":"Feature","geometry":{"type":"Point","coordinates":[51.39825,35.65875]},"properties":{"w":2}},{"type":"Feature","geometry":{"type":"Point","coordinates":[51.39525,35.65575]},"properties":{"w":2}},{"type":"Feature","geometry":{"type":"Point","coordinates":[52.89075,29.93625]},"properties":{"w":2}},{"type":"Feature","geometry":{"type":"Point","coordinates":[44.42925,32.54175]},"properties":{"w":2}},{"type":"Feature","geometry":{"type":"Point","coordinates":[47.44275,34.39575]},"properties":{"w":2}},{"type":"Feature","geometry":{"type":"Point","coordinates":[52.51725,29.62875]},"properties":{"w":2}},{"type":"Feature","geometry":{"type":"Point","coordinates":[54.36975,31.89675]},"properties":{"w":2}},{"type":"Feature","geometry":{"type":"Point","coordinates":[48.52125,32.00325]},"properties":{"w":2}},{"type":"Feature","geometry":{"type":"Point","coordinates":[51.68025,32.67825]},"properties":{"w":2}},{"type":"Feature","geometry":{"type":"Point","coordinates":[35.36175,31.31175]},"properties":{"w":2}},{"type":"Feature","geometry":{"type":"Point","coordinates":[35.44875,31.86225]},"properties":{"w":2}},{"type":"Feature","geometry":{"type":"Point","coordinates":[51.67125,32.66025]},"properties":{"w":2}},{"type":"Feature","geometry":{"type":"Point","coordinates":[35.19375,33.27675]},"properties":{"w":2}},{"type":"Feature","geometry":{"type":"Point","coordinates":[51.68325,32.65575]},"properties":{"w":2}},{"type":"Feature","geometry":{"type":"Point","coordinates":[52.52175,29.63775]},"properties":{"w":2}},{"type":"Feature","geometry":{"type":"Point","coordinates":[34.89675,31.61175]},"properties":{"w":2}},{"type":"Feature","geometry":{"type":"Point","coordinates":[51.68625,32.65275]},"properties":{"w":2}},{"type":"Feature","geometry":{"type":"Point","coordinates":[35.44875,31.86525]},"properties":{"w":2}},{"type":"Feature","geometry":{"type":"Point","coordinates":[36.21525,34.00425]},"properties":{"w":2}},{"type":"Feature","geometry":{"type":"Point","coordinates":[35.93475,33.72225]},"properties":{"w":2}},{"type":"Feature","geometry":{"type":"Point","coordinates":[35.93175,33.73575]},"properties":{"w":2}},{"type":"Feature","geometry":{"type":"Point","coordinates":[35.81775,34.44525]},"properties":{"w":2}},{"type":"Feature","geometry":{"type":"Point","coordinates":[36.31725,33.51525]},"properties":{"w":2}},{"type":"Feature","geometry":{"type":"Point","coordinates":[39.18675,21.48225]},"properties":{"w":2}},{"type":"Feature","geometry":{"type":"Point","coordinates":[35.44425,31.86975]},"properties":{"w":2}},{"type":"Feature","geometry":{"type":"Point","coordinates":[39.19125,21.48225]},"properties":{"w":2}},{"type":"Feature","geometry":{"type":"Point","coordinates":[46.57875,24.73425]},"properties":{"w":2}},{"type":"Feature","geometry":{"type":"Point","coordinates":[35.21625,31.71225]},"properties":{"w":2}},{"type":"Feature","geometry":{"type":"Point","coordinates":[35.56125,31.83525]},"properties":{"w":2}},{"type":"Feature","geometry":{"type":"Point","coordinates":[31.61925,22.33425]},"properties":{"w":2}},{"type":"Feature","geometry":{"type":"Point","coordinates":[37.17075,36.20775]},"properties":{"w":2}},{"type":"Feature","geometry":{"type":"Point","coordinates":[50.51475,26.22075]},"properties":{"w":2}},{"type":"Feature","geometry":{"type":"Point","coordinates":[35.65575,34.12425]},"properties":{"w":2}},{"type":"Feature","geometry":{"type":"Point","coordinates":[35.44725,31.87425]},"properties":{"w":2}},{"type":"Feature","geometry":{"type":"Point","coordinates":[36.29325,34.74975]},"properties":{"w":2}},{"type":"Feature","geometry":{"type":"Point","coordinates":[52.52025,29.63925]},"properties":{"w":2}},{"type":"Feature","geometry":{"type":"Point","coordinates":[52.52175,29.64075]},"properties":{"w":2}},{"type":"Feature","geometry":{"type":"Point","coordinates":[52.52625,29.64375]},"properties":{"w":2}},{"type":"Feature","geometry":{"type":"Point","coordinates":[58.35825,29.10975]},"properties":{"w":2}},{"type":"Feature","geometry":{"type":"Point","coordinates":[36.30075,33.51675]},"properties":{"w":2}},{"type":"Feature","geometry":{"type":"Point","coordinates":[36.30525,33.52275]},"properties":{"w":2}},{"type":"Feature","geometry":{"type":"Point","coordinates":[58.36725,29.10675]},"properties":{"w":2}},{"type":"Feature","geometry":{"type":"Point","coordinates":[35.24175,31.77375]},"properties":{"w":2}},{"type":"Feature","geometry":{"type":"Point","coordinates":[35.15475,31.72725]},"properties":{"w":2}},{"type":"Feature","geometry":{"type":"Point","coordinates":[35.16075,31.72425]},"properties":{"w":2}},{"type":"Feature","geometry":{"type":"Point","coordinates":[35.43525,31.87425]},"properties":{"w":2}},{"type":"Feature","geometry":{"type":"Point","coordinates":[35.16975,31.71825]},"properties":{"w":2}},{"type":"Feature","geometry":{"type":"Point","coordinates":[52.52025,29.62575]},"properties":{"w":2}},{"type":"Feature","geometry":{"type":"Point","coordinates":[51.40575,35.66925]},"properties":{"w":2}},{"type":"Feature","geometry":{"type":"Point","coordinates":[48.29925,38.25225]},"properties":{"w":2}},{"type":"Feature","geometry":{"type":"Point","coordinates":[36.36075,32.32875]},"properties":{"w":2}},{"type":"Feature","geometry":{"type":"Point","coordinates":[35.11125,31.53525]},"properties":{"w":2}},{"type":"Feature","geometry":{"type":"Point","coordinates":[48.29025,38.24775]},"properties":{"w":2}},{"type":"Feature","geometry":{"type":"Point","coordinates":[33.96975,28.56075]},"properties":{"w":2}},{"type":"Feature","geometry":{"type":"Point","coordinates":[35.11875,31.52625]},"properties":{"w":2}},{"type":"Feature","geometry":{"type":"Point","coordinates":[35.11725,31.53225]},"properties":{"w":2}},{"type":"Feature","geometry":{"type":"Point","coordinates":[44.00325,36.18675]},"properties":{"w":2}},{"type":"Feature","geometry":{"type":"Point","coordinates":[34.37475,31.43925]},"properties":{"w":2}},{"type":"Feature","geometry":{"type":"Point","coordinates":[35.20725,31.70925]},"properties":{"w":2}},{"type":"Feature","geometry":{"type":"Point","coordinates":[35.13825,32.70075]},"properties":{"w":2}},{"type":"Feature","geometry":{"type":"Point","coordinates":[35.12625,32.71575]},"properties":{"w":2}},{"type":"Feature","geometry":{"type":"Point","coordinates":[35.19975,31.71375]},"properties":{"w":2}},{"type":"Feature","geometry":{"type":"Point","coordinates":[46.30125,38.08125]},"properties":{"w":2}},{"type":"Feature","geometry":{"type":"Point","coordinates":[35.19975,31.71075]},"properties":{"w":2}},{"type":"Feature","geometry":{"type":"Point","coordinates":[54.05025,17.00325]},"properties":{"w":2}},{"type":"Feature","geometry":{"type":"Point","coordinates":[46.29675,38.08725]},"properties":{"w":2}},{"type":"Feature","geometry":{"type":"Point","coordinates":[36.36975,32.33025]},"properties":{"w":2}},{"type":"Feature","geometry":{"type":"Point","coordinates":[46.30425,38.08575]},"properties":{"w":2}},{"type":"Feature","geometry":{"type":"Point","coordinates":[54.04425,17.00325]},"properties":{"w":2}},{"type":"Feature","geometry":{"type":"Point","coordinates":[46.31025,38.07825]},"properties":{"w":2}},{"type":"Feature","geometry":{"type":"Point","coordinates":[51.42225,35.68575]},"properties":{"w":2}},{"type":"Feature","geometry":{"type":"Point","coordinates":[51.42225,35.67675]},"properties":{"w":2}},{"type":"Feature","geometry":{"type":"Point","coordinates":[34.76625,32.07975]},"properties":{"w":2}},{"type":"Feature","geometry":{"type":"Point","coordinates":[46.30575,38.07225]},"properties":{"w":2}},{"type":"Feature","geometry":{"type":"Point","coordinates":[46.30125,38.05875]},"properties":{"w":2}},{"type":"Feature","geometry":{"type":"Point","coordinates":[51.42225,35.67525]},"properties":{"w":2}},{"type":"Feature","geometry":{"type":"Point","coordinates":[32.64525,25.70475]},"properties":{"w":2}},{"type":"Feature","geometry":{"type":"Point","coordinates":[46.29975,38.06775]},"properties":{"w":2}},{"type":"Feature","geometry":{"type":"Point","coordinates":[46.29675,38.06775]},"properties":{"w":2}},{"type":"Feature","geometry":{"type":"Point","coordinates":[46.29375,38.06775]},"properties":{"w":2}},{"type":"Feature","geometry":{"type":"Point","coordinates":[46.29525,38.06775]},"properties":{"w":2}},{"type":"Feature","geometry":{"type":"Point","coordinates":[54.37875,27.20175]},"properties":{"w":2}},{"type":"Feature","geometry":{"type":"Point","coordinates":[46.29075,38.07825]},"properties":{"w":2}},{"type":"Feature","geometry":{"type":"Point","coordinates":[34.35975,31.44225]},"properties":{"w":2}},{"type":"Feature","geometry":{"type":"Point","coordinates":[48.29775,38.24025]},"properties":{"w":2}},{"type":"Feature","geometry":{"type":"Point","coordinates":[35.43975,31.86825]},"properties":{"w":2}},{"type":"Feature","geometry":{"type":"Point","coordinates":[32.63625,25.69425]},"properties":{"w":2}},{"type":"Feature","geometry":{"type":"Point","coordinates":[48.29475,38.23725]},"properties":{"w":2}},{"type":"Feature","geometry":{"type":"Point","coordinates":[48.28875,38.23875]},"properties":{"w":2}},{"type":"Feature","geometry":{"type":"Point","coordinates":[51.42975,35.68725]},"properties":{"w":2}},{"type":"Feature","geometry":{"type":"Point","coordinates":[48.28725,38.23875]},"properties":{"w":2}},{"type":"Feature","geometry":{"type":"Point","coordinates":[51.42975,35.68425]},"properties":{"w":2}},{"type":"Feature","geometry":{"type":"Point","coordinates":[35.22525,31.76775]},"properties":{"w":2}},{"type":"Feature","geometry":{"type":"Point","coordinates":[48.28275,38.25225]},"properties":{"w":2}},{"type":"Feature","geometry":{"type":"Point","coordinates":[36.20475,34.01925]},"properties":{"w":2}},{"type":"Feature","geometry":{"type":"Point","coordinates":[35.65125,34.11375]},"properties":{"w":2}},{"type":"Feature","geometry":{"type":"Point","coordinates":[46.30575,38.07375]},"properties":{"w":2}},{"type":"Feature","geometry":{"type":"Point","coordinates":[35.93475,33.73875]},"properties":{"w":2}},{"type":"Feature","geometry":{"type":"Point","coordinates":[51.39525,35.67225]},"properties":{"w":2}},{"type":"Feature","geometry":{"type":"Point","coordinates":[34.97925,32.80575]},"properties":{"w":2}},{"type":"Feature","geometry":{"type":"Point","coordinates":[32.63175,25.68975]},"properties":{"w":2}},{"type":"Feature","geometry":{"type":"Point","coordinates":[32.64825,25.69275]},"properties":{"w":2}},{"type":"Feature","geometry":{"type":"Point","coordinates":[33.97575,28.54425]},"properties":{"w":2}},{"type":"Feature","geometry":{"type":"Point","coordinates":[35.94225,33.73575]},"properties":{"w":2}},{"type":"Feature","geometry":{"type":"Point","coordinates":[35.19375,33.26775]},"properties":{"w":2}},{"type":"Feature","geometry":{"type":"Point","coordinates":[52.53075,29.62125]},"properties":{"w":2}},{"type":"Feature","geometry":{"type":"Point","coordinates":[52.53075,29.62875]},"properties":{"w":2}},{"type":"Feature","geometry":{"type":"Point","coordinates":[52.51875,29.64675]},"properties":{"w":2}},{"type":"Feature","geometry":{"type":"Point","coordinates":[53.16825,30.19275]},"properties":{"w":2}},{"type":"Feature","geometry":{"type":"Point","coordinates":[35.65125,34.10775]},"properties":{"w":2}},{"type":"Feature","geometry":{"type":"Point","coordinates":[35.81625,34.43625]},"properties":{"w":2}},{"type":"Feature","geometry":{"type":"Point","coordinates":[35.81775,34.44375]},"properties":{"w":2}},{"type":"Feature","geometry":{"type":"Point","coordinates":[35.82225,34.44825]},"properties":{"w":2}},{"type":"Feature","geometry":{"type":"Point","coordinates":[35.82075,34.44975]},"properties":{"w":2}},{"type":"Feature","geometry":{"type":"Point","coordinates":[36.30975,33.51525]},"properties":{"w":2}},{"type":"Feature","geometry":{"type":"Point","coordinates":[36.30975,33.50025]},"properties":{"w":2}},{"type":"Feature","geometry":{"type":"Point","coordinates":[36.30225,33.50775]},"properties":{"w":2}},{"type":"Feature","geometry":{"type":"Point","coordinates":[35.82525,34.42725]},"properties":{"w":2}},{"type":"Feature","geometry":{"type":"Point","coordinates":[51.68175,32.65275]},"properties":{"w":2}},{"type":"Feature","geometry":{"type":"Point","coordinates":[51.68175,32.65125]},"properties":{"w":2}},{"type":"Feature","geometry":{"type":"Point","coordinates":[36.20175,33.99825]},"properties":{"w":2}},{"type":"Feature","geometry":{"type":"Point","coordinates":[36.31875,33.51375]},"properties":{"w":2}},{"type":"Feature","geometry":{"type":"Point","coordinates":[36.20175,34.00425]},"properties":{"w":2}},{"type":"Feature","geometry":{"type":"Point","coordinates":[36.04725,34.24425]},"properties":{"w":2}},{"type":"Feature","geometry":{"type":"Point","coordinates":[36.05025,34.24725]},"properties":{"w":2}},{"type":"Feature","geometry":{"type":"Point","coordinates":[36.05625,34.24575]},"properties":{"w":2}},{"type":"Feature","geometry":{"type":"Point","coordinates":[36.05775,34.24875]},"properties":{"w":2}},{"type":"Feature","geometry":{"type":"Point","coordinates":[36.20925,34.01925]},"properties":{"w":2}},{"type":"Feature","geometry":{"type":"Point","coordinates":[35.72475,32.04975]},"properties":{"w":2}},{"type":"Feature","geometry":{"type":"Point","coordinates":[36.05025,34.25025]},"properties":{"w":2}},{"type":"Feature","geometry":{"type":"Point","coordinates":[34.98675,32.81475]},"properties":{"w":2}},{"type":"Feature","geometry":{"type":"Point","coordinates":[36.36675,32.33475]},"properties":{"w":2}},{"type":"Feature","geometry":{"type":"Point","coordinates":[36.36825,32.32725]},"properties":{"w":2}},{"type":"Feature","geometry":{"type":"Point","coordinates":[36.03825,34.24575]},"properties":{"w":2}},{"type":"Feature","geometry":{"type":"Point","coordinates":[35.54775,31.83225]},"properties":{"w":2}},{"type":"Feature","geometry":{"type":"Point","coordinates":[35.56275,31.83525]},"properties":{"w":2}},{"type":"Feature","geometry":{"type":"Point","coordinates":[35.73675,32.03775]},"properties":{"w":2}},{"type":"Feature","geometry":{"type":"Point","coordinates":[35.73375,32.03775]},"properties":{"w":2}},{"type":"Feature","geometry":{"type":"Point","coordinates":[35.93325,33.72375]},"properties":{"w":2}},{"type":"Feature","geometry":{"type":"Point","coordinates":[44.00025,36.18525]},"properties":{"w":2}},{"type":"Feature","geometry":{"type":"Point","coordinates":[51.68475,32.66325]},"properties":{"w":2}},{"type":"Feature","geometry":{"type":"Point","coordinates":[51.67875,32.65875]},"properties":{"w":2}},{"type":"Feature","geometry":{"type":"Point","coordinates":[44.42475,32.54175]},"properties":{"w":2}},{"type":"Feature","geometry":{"type":"Point","coordinates":[51.68025,32.66025]},"properties":{"w":2}},{"type":"Feature","geometry":{"type":"Point","coordinates":[51.67875,32.65725]},"properties":{"w":2}},{"type":"Feature","geometry":{"type":"Point","coordinates":[51.67425,32.65275]},"properties":{"w":2}},{"type":"Feature","geometry":{"type":"Point","coordinates":[36.37875,32.32425]},"properties":{"w":2}},{"type":"Feature","geometry":{"type":"Point","coordinates":[31.25475,29.84925]},"properties":{"w":2}},{"type":"Feature","geometry":{"type":"Point","coordinates":[52.52775,29.63475]},"properties":{"w":2}},{"type":"Feature","geometry":{"type":"Point","coordinates":[50.61675,26.24325]},"properties":{"w":2}},{"type":"Feature","geometry":{"type":"Point","coordinates":[51.67125,32.65725]},"properties":{"w":2}},{"type":"Feature","geometry":{"type":"Point","coordinates":[35.22375,31.76925]},"properties":{"w":2}},{"type":"Feature","geometry":{"type":"Point","coordinates":[35.24175,31.78425]},"properties":{"w":2}},{"type":"Feature","geometry":{"type":"Point","coordinates":[36.37125,32.32425]},"properties":{"w":2}},{"type":"Feature","geometry":{"type":"Point","coordinates":[35.22075,31.78125]},"properties":{"w":2}},{"type":"Feature","geometry":{"type":"Point","coordinates":[34.78425,32.07375]},"properties":{"w":2}},{"type":"Feature","geometry":{"type":"Point","coordinates":[46.56525,24.73725]},"properties":{"w":2}},{"type":"Feature","geometry":{"type":"Point","coordinates":[46.56975,24.74925]},"properties":{"w":2}},{"type":"Feature","geometry":{"type":"Point","coordinates":[51.38925,35.65725]},"properties":{"w":2}},{"type":"Feature","geometry":{"type":"Point","coordinates":[57.30075,22.96275]},"properties":{"w":2}},{"type":"Feature","geometry":{"type":"Point","coordinates":[50.61825,26.24925]},"properties":{"w":2}},{"type":"Feature","geometry":{"type":"Point","coordinates":[55.80375,25.08975]},"properties":{"w":2}},{"type":"Feature","geometry":{"type":"Point","coordinates":[51.39075,35.66175]},"properties":{"w":2}},{"type":"Feature","geometry":{"type":"Point","coordinates":[35.21475,31.70775]},"properties":{"w":2}},{"type":"Feature","geometry":{"type":"Point","coordinates":[51.39675,35.66325]},"properties":{"w":2}},{"type":"Feature","geometry":{"type":"Point","coordinates":[51.39825,35.65725]},"properties":{"w":2}},{"type":"Feature","geometry":{"type":"Point","coordinates":[36.29175,34.75425]},"properties":{"w":2}},{"type":"Feature","geometry":{"type":"Point","coordinates":[51.39975,35.65875]},"properties":{"w":2}},{"type":"Feature","geometry":{"type":"Point","coordinates":[36.29025,34.75575]},"properties":{"w":2}},{"type":"Feature","geometry":{"type":"Point","coordinates":[50.49675,26.07075]},"properties":{"w":2}},{"type":"Feature","geometry":{"type":"Point","coordinates":[51.40425,35.65575]},"properties":{"w":2}},{"type":"Feature","geometry":{"type":"Point","coordinates":[51.39825,35.64675]},"properties":{"w":2}},{"type":"Feature","geometry":{"type":"Point","coordinates":[31.23675,30.01125]},"properties":{"w":2}},{"type":"Feature","geometry":{"type":"Point","coordinates":[51.42525,35.69025]},"properties":{"w":2}},{"type":"Feature","geometry":{"type":"Point","coordinates":[51.42525,35.68725]},"properties":{"w":2}},{"type":"Feature","geometry":{"type":"Point","coordinates":[50.49675,26.07525]},"properties":{"w":2}},{"type":"Feature","geometry":{"type":"Point","coordinates":[50.49525,26.07525]},"properties":{"w":2}},{"type":"Feature","geometry":{"type":"Point","coordinates":[35.14875,31.71375]},"properties":{"w":2}},{"type":"Feature","geometry":{"type":"Point","coordinates":[51.42225,35.67975]},"properties":{"w":2}},{"type":"Feature","geometry":{"type":"Point","coordinates":[48.83025,32.00625]},"properties":{"w":2}},{"type":"Feature","geometry":{"type":"Point","coordinates":[51.41925,35.68575]},"properties":{"w":2}},{"type":"Feature","geometry":{"type":"Point","coordinates":[51.41625,35.68425]},"properties":{"w":2}},{"type":"Feature","geometry":{"type":"Point","coordinates":[35.16675,31.71225]},"properties":{"w":2}},{"type":"Feature","geometry":{"type":"Point","coordinates":[48.34575,33.44475]},"properties":{"w":2}},{"type":"Feature","geometry":{"type":"Point","coordinates":[35.20275,31.71525]},"properties":{"w":2}},{"type":"Feature","geometry":{"type":"Point","coordinates":[54.05325,17.03025]},"properties":{"w":2}},{"type":"Feature","geometry":{"type":"Point","coordinates":[32.63175,25.69875]},"properties":{"w":2}},{"type":"Feature","geometry":{"type":"Point","coordinates":[51.40575,35.66775]},"properties":{"w":2}},{"type":"Feature","geometry":{"type":"Point","coordinates":[48.29775,38.25525]},"properties":{"w":2}},{"type":"Feature","geometry":{"type":"Point","coordinates":[48.30075,38.25525]},"properties":{"w":2}},{"type":"Feature","geometry":{"type":"Point","coordinates":[34.35825,31.44075]},"properties":{"w":2}},{"type":"Feature","geometry":{"type":"Point","coordinates":[48.52275,34.79775]},"properties":{"w":2}},{"type":"Feature","geometry":{"type":"Point","coordinates":[48.29625,38.24775]},"properties":{"w":2}},{"type":"Feature","geometry":{"type":"Point","coordinates":[48.51375,34.78875]},"properties":{"w":2}},{"type":"Feature","geometry":{"type":"Point","coordinates":[48.29325,38.25225]},"properties":{"w":2}},{"type":"Feature","geometry":{"type":"Point","coordinates":[48.28275,38.25075]},"properties":{"w":2}},{"type":"Feature","geometry":{"type":"Point","coordinates":[35.13525,32.70225]},"properties":{"w":2}},{"type":"Feature","geometry":{"type":"Point","coordinates":[48.28725,38.24175]},"properties":{"w":2}},{"type":"Feature","geometry":{"type":"Point","coordinates":[35.19825,31.71225]},"properties":{"w":2}},{"type":"Feature","geometry":{"type":"Point","coordinates":[46.31175,38.07375]},"properties":{"w":2}},{"type":"Feature","geometry":{"type":"Point","coordinates":[35.21475,31.71375]},"properties":{"w":2}},{"type":"Feature","geometry":{"type":"Point","coordinates":[46.29225,38.08425]},"properties":{"w":2}},{"type":"Feature","geometry":{"type":"Point","coordinates":[35.44575,31.87275]},"properties":{"w":2}},{"type":"Feature","geometry":{"type":"Point","coordinates":[48.30075,38.24175]},"properties":{"w":2}},{"type":"Feature","geometry":{"type":"Point","coordinates":[35.20875,31.71525]},"properties":{"w":2}},{"type":"Feature","geometry":{"type":"Point","coordinates":[48.51825,34.80825]},"properties":{"w":2}},{"type":"Feature","geometry":{"type":"Point","coordinates":[35.20875,31.69875]},"properties":{"w":2}},{"type":"Feature","geometry":{"type":"Point","coordinates":[46.30875,38.07975]},"properties":{"w":2}},{"type":"Feature","geometry":{"type":"Point","coordinates":[46.30725,38.07525]},"properties":{"w":2}},{"type":"Feature","geometry":{"type":"Point","coordinates":[46.30425,38.07825]},"properties":{"w":2}},{"type":"Feature","geometry":{"type":"Point","coordinates":[46.29375,38.07525]},"properties":{"w":2}},{"type":"Feature","geometry":{"type":"Point","coordinates":[50.52825,26.23425]},"properties":{"w":2}},{"type":"Feature","geometry":{"type":"Point","coordinates":[46.29225,38.06475]},"properties":{"w":2}},{"type":"Feature","geometry":{"type":"Point","coordinates":[46.29675,38.06325]},"properties":{"w":2}},{"type":"Feature","geometry":{"type":"Point","coordinates":[46.30275,38.05875]},"properties":{"w":2}},{"type":"Feature","geometry":{"type":"Point","coordinates":[50.52075,26.22525]},"properties":{"w":2}},{"type":"Feature","geometry":{"type":"Point","coordinates":[46.29675,38.07375]},"properties":{"w":2}},{"type":"Feature","geometry":{"type":"Point","coordinates":[31.24425,30.00525]},"properties":{"w":2}},{"type":"Feature","geometry":{"type":"Point","coordinates":[48.29175,38.25375]},"properties":{"w":2}},{"type":"Feature","geometry":{"type":"Point","coordinates":[48.29475,38.25375]},"properties":{"w":2}},{"type":"Feature","geometry":{"type":"Point","coordinates":[34.37025,31.43475]},"properties":{"w":2}},{"type":"Feature","geometry":{"type":"Point","coordinates":[51.39825,35.65125]},"properties":{"w":2}},{"type":"Feature","geometry":{"type":"Point","coordinates":[58.36425,29.10225]},"properties":{"w":2}},{"type":"Feature","geometry":{"type":"Point","coordinates":[51.40275,35.65275]},"properties":{"w":2}},{"type":"Feature","geometry":{"type":"Point","coordinates":[50.61225,26.24175]},"properties":{"w":2}},{"type":"Feature","geometry":{"type":"Point","coordinates":[35.07075,32.91975]},"properties":{"w":2}},{"type":"Feature","geometry":{"type":"Point","coordinates":[51.40125,35.66025]},"properties":{"w":2}},{"type":"Feature","geometry":{"type":"Point","coordinates":[50.51775,26.22225]},"properties":{"w":2}},{"type":"Feature","geometry":{"type":"Point","coordinates":[34.89825,31.61325]},"properties":{"w":2}},{"type":"Feature","geometry":{"type":"Point","coordinates":[51.42525,35.68875]},"properties":{"w":2}},{"type":"Feature","geometry":{"type":"Point","coordinates":[35.22825,31.76475]},"properties":{"w":2}},{"type":"Feature","geometry":{"type":"Point","coordinates":[35.06925,32.92725]},"properties":{"w":2}},{"type":"Feature","geometry":{"type":"Point","coordinates":[51.39225,35.65575]},"properties":{"w":2}},{"type":"Feature","geometry":{"type":"Point","coordinates":[35.65275,34.11225]},"properties":{"w":2}},{"type":"Feature","geometry":{"type":"Point","coordinates":[51.42675,35.68125]},"properties":{"w":2}},{"type":"Feature","geometry":{"type":"Point","coordinates":[35.20125,31.71075]},"properties":{"w":2}},{"type":"Feature","geometry":{"type":"Point","coordinates":[35.20125,31.71525]},"properties":{"w":2}},{"type":"Feature","geometry":{"type":"Point","coordinates":[51.39675,35.66175]},"properties":{"w":2}},{"type":"Feature","geometry":{"type":"Point","coordinates":[51.38775,35.65875]},"properties":{"w":2}},{"type":"Feature","geometry":{"type":"Point","coordinates":[51.42525,35.66775]},"properties":{"w":2}},{"type":"Feature","geometry":{"type":"Point","coordinates":[35.21775,31.70775]},"properties":{"w":2}},{"type":"Feature","geometry":{"type":"Point","coordinates":[35.11575,31.52625]},"properties":{"w":2}},{"type":"Feature","geometry":{"type":"Point","coordinates":[46.57575,24.72075]},"properties":{"w":2}},{"type":"Feature","geometry":{"type":"Point","coordinates":[34.83825,31.25625]},"properties":{"w":2}},{"type":"Feature","geometry":{"type":"Point","coordinates":[46.57425,24.72225]},"properties":{"w":2}},{"type":"Feature","geometry":{"type":"Point","coordinates":[46.57725,24.73425]},"properties":{"w":2}},{"type":"Feature","geometry":{"type":"Point","coordinates":[35.15325,31.71525]},"properties":{"w":2}},{"type":"Feature","geometry":{"type":"Point","coordinates":[35.15625,31.70925]},"properties":{"w":2}},{"type":"Feature","geometry":{"type":"Point","coordinates":[58.35975,29.10975]},"properties":{"w":2}},{"type":"Feature","geometry":{"type":"Point","coordinates":[36.30225,33.52125]},"properties":{"w":2}},{"type":"Feature","geometry":{"type":"Point","coordinates":[46.58025,24.73875]},"properties":{"w":2}},{"type":"Feature","geometry":{"type":"Point","coordinates":[36.35925,32.32575]},"properties":{"w":2}},{"type":"Feature","geometry":{"type":"Point","coordinates":[34.37625,31.45425]},"properties":{"w":2}},{"type":"Feature","geometry":{"type":"Point","coordinates":[54.38025,27.20475]},"properties":{"w":2}},{"type":"Feature","geometry":{"type":"Point","coordinates":[34.77075,32.09025]},"properties":{"w":2}},{"type":"Feature","geometry":{"type":"Point","coordinates":[54.37275,31.88175]},"properties":{"w":2}},{"type":"Feature","geometry":{"type":"Point","coordinates":[56.74575,23.26575]},"properties":{"w":2}},{"type":"Feature","geometry":{"type":"Point","coordinates":[51.41625,35.67375]},"properties":{"w":2}},{"type":"Feature","geometry":{"type":"Point","coordinates":[54.37125,31.89675]},"properties":{"w":2}},{"type":"Feature","geometry":{"type":"Point","coordinates":[50.50275,26.06475]},"properties":{"w":2}},{"type":"Feature","geometry":{"type":"Point","coordinates":[31.22925,30.00675]},"properties":{"w":2}},{"type":"Feature","geometry":{"type":"Point","coordinates":[46.56375,24.74025]},"properties":{"w":2}},{"type":"Feature","geometry":{"type":"Point","coordinates":[50.50425,26.07075]},"properties":{"w":2}},{"type":"Feature","geometry":{"type":"Point","coordinates":[46.56975,24.73875]},"properties":{"w":2}},{"type":"Feature","geometry":{"type":"Point","coordinates":[50.49675,26.07675]},"properties":{"w":2}},{"type":"Feature","geometry":{"type":"Point","coordinates":[50.49525,26.07675]},"properties":{"w":2}},{"type":"Feature","geometry":{"type":"Point","coordinates":[31.62825,22.33725]},"properties":{"w":2}},{"type":"Feature","geometry":{"type":"Point","coordinates":[34.98825,32.81175]},"properties":{"w":2}},{"type":"Feature","geometry":{"type":"Point","coordinates":[31.61775,22.33725]},"properties":{"w":2}},{"type":"Feature","geometry":{"type":"Point","coordinates":[36.37425,32.32875]},"properties":{"w":2}},{"type":"Feature","geometry":{"type":"Point","coordinates":[50.52825,26.23275]},"properties":{"w":2}},{"type":"Feature","geometry":{"type":"Point","coordinates":[46.29375,38.08425]},"properties":{"w":2}},{"type":"Feature","geometry":{"type":"Point","coordinates":[36.35925,32.32425]},"properties":{"w":2}},{"type":"Feature","geometry":{"type":"Point","coordinates":[48.51375,34.79475]},"properties":{"w":2}},{"type":"Feature","geometry":{"type":"Point","coordinates":[51.41775,35.68575]},"properties":{"w":2}},{"type":"Feature","geometry":{"type":"Point","coordinates":[51.41775,35.68725]},"properties":{"w":2}},{"type":"Feature","geometry":{"type":"Point","coordinates":[48.51525,34.79775]},"properties":{"w":2}},{"type":"Feature","geometry":{"type":"Point","coordinates":[48.51375,34.79775]},"properties":{"w":2}},{"type":"Feature","geometry":{"type":"Point","coordinates":[51.68475,32.66625]},"properties":{"w":2}},{"type":"Feature","geometry":{"type":"Point","coordinates":[48.50775,34.80225]},"properties":{"w":2}},{"type":"Feature","geometry":{"type":"Point","coordinates":[31.26975,29.86125]},"properties":{"w":2}},{"type":"Feature","geometry":{"type":"Point","coordinates":[51.41475,35.68575]},"properties":{"w":2}},{"type":"Feature","geometry":{"type":"Point","coordinates":[51.41775,35.68425]},"properties":{"w":2}},{"type":"Feature","geometry":{"type":"Point","coordinates":[34.98675,32.81175]},"properties":{"w":2}},{"type":"Feature","geometry":{"type":"Point","coordinates":[36.03975,34.23825]},"properties":{"w":2}},{"type":"Feature","geometry":{"type":"Point","coordinates":[51.67425,32.65575]},"properties":{"w":2}},{"type":"Feature","geometry":{"type":"Point","coordinates":[39.18375,21.48075]},"properties":{"w":2}},{"type":"Feature","geometry":{"type":"Point","coordinates":[51.67275,32.65575]},"properties":{"w":2}},{"type":"Feature","geometry":{"type":"Point","coordinates":[36.04125,34.23825]},"properties":{"w":2}},{"type":"Feature","geometry":{"type":"Point","coordinates":[51.42525,35.69175]},"properties":{"w":2}},{"type":"Feature","geometry":{"type":"Point","coordinates":[35.82225,34.42725]},"properties":{"w":2}},{"type":"Feature","geometry":{"type":"Point","coordinates":[36.19875,34.00425]},"properties":{"w":2}},{"type":"Feature","geometry":{"type":"Point","coordinates":[51.66975,32.65275]},"properties":{"w":2}},{"type":"Feature","geometry":{"type":"Point","coordinates":[46.29975,38.08425]},"properties":{"w":2}},{"type":"Feature","geometry":{"type":"Point","coordinates":[51.66975,32.65125]},"properties":{"w":2}},{"type":"Feature","geometry":{"type":"Point","coordinates":[46.30125,38.08875]},"properties":{"w":2}},{"type":"Feature","geometry":{"type":"Point","coordinates":[36.31425,33.51075]},"properties":{"w":2}},{"type":"Feature","geometry":{"type":"Point","coordinates":[51.39675,35.67225]},"properties":{"w":2}},{"type":"Feature","geometry":{"type":"Point","coordinates":[51.66825,32.65425]},"properties":{"w":2}},{"type":"Feature","geometry":{"type":"Point","coordinates":[52.89075,29.93325]},"properties":{"w":2}},{"type":"Feature","geometry":{"type":"Point","coordinates":[46.30875,38.07675]},"properties":{"w":2}},{"type":"Feature","geometry":{"type":"Point","coordinates":[36.30075,33.50925]},"properties":{"w":2}},{"type":"Feature","geometry":{"type":"Point","coordinates":[51.39975,35.66775]},"properties":{"w":2}},{"type":"Feature","geometry":{"type":"Point","coordinates":[35.82825,34.43025]},"properties":{"w":2}},{"type":"Feature","geometry":{"type":"Point","coordinates":[52.53375,29.63925]},"properties":{"w":2}},{"type":"Feature","geometry":{"type":"Point","coordinates":[36.04275,34.24425]},"properties":{"w":2}},{"type":"Feature","geometry":{"type":"Point","coordinates":[46.29675,38.07825]},"properties":{"w":2}},{"type":"Feature","geometry":{"type":"Point","coordinates":[36.04575,34.23825]},"properties":{"w":2}},{"type":"Feature","geometry":{"type":"Point","coordinates":[35.19525,33.26775]},"properties":{"w":2}},{"type":"Feature","geometry":{"type":"Point","coordinates":[35.94075,33.73125]},"properties":{"w":2}},{"type":"Feature","geometry":{"type":"Point","coordinates":[35.93925,33.74025]},"properties":{"w":2}},{"type":"Feature","geometry":{"type":"Point","coordinates":[36.31275,33.50625]},"properties":{"w":2}},{"type":"Feature","geometry":{"type":"Point","coordinates":[32.63625,25.68825]},"properties":{"w":2}},{"type":"Feature","geometry":{"type":"Point","coordinates":[32.63925,25.69275]},"properties":{"w":2}},{"type":"Feature","geometry":{"type":"Point","coordinates":[46.30125,38.07225]},"properties":{"w":2}},{"type":"Feature","geometry":{"type":"Point","coordinates":[32.63925,25.68825]},"properties":{"w":2}},{"type":"Feature","geometry":{"type":"Point","coordinates":[32.64225,25.68825]},"properties":{"w":2}},{"type":"Feature","geometry":{"type":"Point","coordinates":[46.29825,38.06325]},"properties":{"w":2}},{"type":"Feature","geometry":{"type":"Point","coordinates":[35.93175,33.74175]},"properties":{"w":2}},{"type":"Feature","geometry":{"type":"Point","coordinates":[35.82375,34.44825]},"properties":{"w":2}},{"type":"Feature","geometry":{"type":"Point","coordinates":[46.30125,38.06775]},"properties":{"w":2}},{"type":"Feature","geometry":{"type":"Point","coordinates":[48.28875,38.26275]},"properties":{"w":2}},{"type":"Feature","geometry":{"type":"Point","coordinates":[35.82225,34.44225]},"properties":{"w":2}},{"type":"Feature","geometry":{"type":"Point","coordinates":[32.62875,25.69875]},"properties":{"w":2}},{"type":"Feature","geometry":{"type":"Point","coordinates":[38.25975,34.54725]},"properties":{"w":2}},{"type":"Feature","geometry":{"type":"Point","coordinates":[46.29375,38.07675]},"properties":{"w":2}},{"type":"Feature","geometry":{"type":"Point","coordinates":[35.82375,34.43925]},"properties":{"w":2}},{"type":"Feature","geometry":{"type":"Point","coordinates":[48.28575,38.26125]},"properties":{"w":2}},{"type":"Feature","geometry":{"type":"Point","coordinates":[48.29475,38.23425]},"properties":{"w":2}},{"type":"Feature","geometry":{"type":"Point","coordinates":[35.82525,34.43925]},"properties":{"w":2}},{"type":"Feature","geometry":{"type":"Point","coordinates":[35.43375,29.63925]},"properties":{"w":2}},{"type":"Feature","geometry":{"type":"Point","coordinates":[35.43525,29.63925]},"properties":{"w":2}},{"type":"Feature","geometry":{"type":"Point","coordinates":[35.20125,33.26625]},"properties":{"w":2}},{"type":"Feature","geometry":{"type":"Point","coordinates":[35.54625,31.83225]},"properties":{"w":2}},{"type":"Feature","geometry":{"type":"Point","coordinates":[35.54775,31.83675]},"properties":{"w":2}},{"type":"Feature","geometry":{"type":"Point","coordinates":[48.28425,38.24325]},"properties":{"w":2}},{"type":"Feature","geometry":{"type":"Point","coordinates":[48.28275,38.24475]},"properties":{"w":2}},{"type":"Feature","geometry":{"type":"Point","coordinates":[35.55225,31.83675]},"properties":{"w":2}},{"type":"Feature","geometry":{"type":"Point","coordinates":[35.55825,31.83075]},"properties":{"w":2}},{"type":"Feature","geometry":{"type":"Point","coordinates":[48.28875,38.24775]},"properties":{"w":2}},{"type":"Feature","geometry":{"type":"Point","coordinates":[35.19675,33.26775]},"properties":{"w":2}},{"type":"Feature","geometry":{"type":"Point","coordinates":[35.34525,31.31475]},"properties":{"w":2}},{"type":"Feature","geometry":{"type":"Point","coordinates":[44.43075,32.54475]},"properties":{"w":2}},{"type":"Feature","geometry":{"type":"Point","coordinates":[48.29475,38.25075]},"properties":{"w":2}},{"type":"Feature","geometry":{"type":"Point","coordinates":[44.42925,32.54475]},"properties":{"w":2}},{"type":"Feature","geometry":{"type":"Point","coordinates":[52.52025,29.63325]},"properties":{"w":2}},{"type":"Feature","geometry":{"type":"Point","coordinates":[39.19125,21.47325]},"properties":{"w":2}},{"type":"Feature","geometry":{"type":"Point","coordinates":[52.51875,29.63775]},"properties":{"w":2}},{"type":"Feature","geometry":{"type":"Point","coordinates":[48.29025,38.24325]},"properties":{"w":2}},{"type":"Feature","geometry":{"type":"Point","coordinates":[48.29625,38.24175]},"properties":{"w":2}},{"type":"Feature","geometry":{"type":"Point","coordinates":[52.52775,29.63025]},"properties":{"w":2}},{"type":"Feature","geometry":{"type":"Point","coordinates":[35.11875,32.70225]},"properties":{"w":2}},{"type":"Feature","geometry":{"type":"Point","coordinates":[48.30075,38.24775]},"properties":{"w":2}},{"type":"Feature","geometry":{"type":"Point","coordinates":[48.29775,38.24925]},"properties":{"w":2}},{"type":"Feature","geometry":{"type":"Point","coordinates":[35.20575,31.71225]},"properties":{"w":2}},{"type":"Feature","geometry":{"type":"Point","coordinates":[35.44575,31.86825]},"properties":{"w":2}},{"type":"Feature","geometry":{"type":"Point","coordinates":[48.29175,38.25975]},"properties":{"w":2}},{"type":"Feature","geometry":{"type":"Point","coordinates":[35.22525,31.77525]},"properties":{"w":2}},{"type":"Feature","geometry":{"type":"Point","coordinates":[39.18225,21.48525]},"properties":{"w":2}},{"type":"Feature","geometry":{"type":"Point","coordinates":[46.30275,38.08725]},"properties":{"w":2}},{"type":"Feature","geometry":{"type":"Point","coordinates":[52.52775,29.64075]},"properties":{"w":2}},{"type":"Feature","geometry":{"type":"Point","coordinates":[51.67275,32.65425]},"properties":{"w":2}},{"type":"Feature","geometry":{"type":"Point","coordinates":[51.67425,32.65425]},"properties":{"w":2}},{"type":"Feature","geometry":{"type":"Point","coordinates":[48.34275,33.44175]},"properties":{"w":2}},{"type":"Feature","geometry":{"type":"Point","coordinates":[52.51875,29.63025]},"properties":{"w":2}},{"type":"Feature","geometry":{"type":"Point","coordinates":[51.67125,32.66175]},"properties":{"w":2}},{"type":"Feature","geometry":{"type":"Point","coordinates":[35.20425,31.71075]},"properties":{"w":2}},{"type":"Feature","geometry":{"type":"Point","coordinates":[52.51875,29.63175]},"properties":{"w":2}},{"type":"Feature","geometry":{"type":"Point","coordinates":[51.68475,32.66025]},"properties":{"w":2}},{"type":"Feature","geometry":{"type":"Point","coordinates":[52.51725,29.63025]},"properties":{"w":2}},{"type":"Feature","geometry":{"type":"Point","coordinates":[52.52325,29.63175]},"properties":{"w":2}},{"type":"Feature","geometry":{"type":"Point","coordinates":[52.51725,29.63175]},"properties":{"w":2}},{"type":"Feature","geometry":{"type":"Point","coordinates":[52.51725,29.63925]},"properties":{"w":2}},{"type":"Feature","geometry":{"type":"Point","coordinates":[52.51875,29.63925]},"properties":{"w":2}},{"type":"Feature","geometry":{"type":"Point","coordinates":[44.42025,32.54325]},"properties":{"w":2}},{"type":"Feature","geometry":{"type":"Point","coordinates":[52.52625,29.63025]},"properties":{"w":2}},{"type":"Feature","geometry":{"type":"Point","coordinates":[44.41575,32.54025]},"properties":{"w":2}},{"type":"Feature","geometry":{"type":"Point","coordinates":[47.44575,34.39725]},"properties":{"w":2}},{"type":"Feature","geometry":{"type":"Point","coordinates":[35.72175,32.03175]},"properties":{"w":2}},{"type":"Feature","geometry":{"type":"Point","coordinates":[52.52325,29.63025]},"properties":{"w":2}},{"type":"Feature","geometry":{"type":"Point","coordinates":[52.52775,29.64225]},"properties":{"w":2}},{"type":"Feature","geometry":{"type":"Point","coordinates":[47.43825,34.38975]},"properties":{"w":2}},{"type":"Feature","geometry":{"type":"Point","coordinates":[35.19825,31.70775]},"properties":{"w":2}},{"type":"Feature","geometry":{"type":"Point","coordinates":[47.44125,34.39875]},"properties":{"w":2}},{"type":"Feature","geometry":{"type":"Point","coordinates":[35.83425,34.43325]},"properties":{"w":2}},{"type":"Feature","geometry":{"type":"Point","coordinates":[36.36075,32.33025]},"properties":{"w":2}},{"type":"Feature","geometry":{"type":"Point","coordinates":[54.05925,17.02425]},"properties":{"w":2}},{"type":"Feature","geometry":{"type":"Point","coordinates":[35.82975,34.43175]},"properties":{"w":2}},{"type":"Feature","geometry":{"type":"Point","coordinates":[35.83125,34.44675]},"properties":{"w":2}},{"type":"Feature","geometry":{"type":"Point","coordinates":[34.98525,32.80575]},"properties":{"w":2}},{"type":"Feature","geometry":{"type":"Point","coordinates":[34.85175,31.24725]},"properties":{"w":2}},{"type":"Feature","geometry":{"type":"Point","coordinates":[44.01525,36.17775]},"properties":{"w":2}},{"type":"Feature","geometry":{"type":"Point","coordinates":[51.39825,35.66325]},"properties":{"w":2}},{"type":"Feature","geometry":{"type":"Point","coordinates":[35.55525,31.83375]},"properties":{"w":2}},{"type":"Feature","geometry":{"type":"Point","coordinates":[51.39375,35.65725]},"properties":{"w":2}},{"type":"Feature","geometry":{"type":"Point","coordinates":[34.97925,32.81025]},"properties":{"w":2}},{"type":"Feature","geometry":{"type":"Point","coordinates":[44.00475,36.18225]},"properties":{"w":2}},{"type":"Feature","geometry":{"type":"Point","coordinates":[48.33075,33.44475]},"properties":{"w":2}},{"type":"Feature","geometry":{"type":"Point","coordinates":[51.40875,35.65125]},"properties":{"w":2}},{"type":"Feature","geometry":{"type":"Point","coordinates":[36.30075,33.51375]},"properties":{"w":2}},{"type":"Feature","geometry":{"type":"Point","coordinates":[46.57425,24.72375]},"properties":{"w":2}},{"type":"Feature","geometry":{"type":"Point","coordinates":[46.57575,24.72375]},"properties":{"w":2}},{"type":"Feature","geometry":{"type":"Point","coordinates":[34.98675,32.80875]},"properties":{"w":2}},{"type":"Feature","geometry":{"type":"Point","coordinates":[51.39525,35.65125]},"properties":{"w":2}},{"type":"Feature","geometry":{"type":"Point","coordinates":[35.92725,33.73875]},"properties":{"w":2}},{"type":"Feature","geometry":{"type":"Point","coordinates":[35.92875,33.73875]},"properties":{"w":2}},{"type":"Feature","geometry":{"type":"Point","coordinates":[54.37725,31.87275]},"properties":{"w":2}},{"type":"Feature","geometry":{"type":"Point","coordinates":[51.42675,35.66775]},"properties":{"w":2}},{"type":"Feature","geometry":{"type":"Point","coordinates":[51.41925,35.66925]},"properties":{"w":2}},{"type":"Feature","geometry":{"type":"Point","coordinates":[51.41625,35.66925]},"properties":{"w":2}},{"type":"Feature","geometry":{"type":"Point","coordinates":[36.32025,33.51525]},"properties":{"w":2}},{"type":"Feature","geometry":{"type":"Point","coordinates":[32.64225,25.70475]},"properties":{"w":2}},{"type":"Feature","geometry":{"type":"Point","coordinates":[35.93925,33.73275]},"properties":{"w":2}},{"type":"Feature","geometry":{"type":"Point","coordinates":[51.41925,35.68125]},"properties":{"w":2}},{"type":"Feature","geometry":{"type":"Point","coordinates":[54.36675,31.88175]},"properties":{"w":2}},{"type":"Feature","geometry":{"type":"Point","coordinates":[46.57425,24.73875]},"properties":{"w":2}},{"type":"Feature","geometry":{"type":"Point","coordinates":[36.36525,32.32725]},"properties":{"w":2}},{"type":"Feature","geometry":{"type":"Point","coordinates":[35.94075,33.73575]},"properties":{"w":2}},{"type":"Feature","geometry":{"type":"Point","coordinates":[35.12175,32.69925]},"properties":{"w":2}},{"type":"Feature","geometry":{"type":"Point","coordinates":[51.39525,35.66925]},"properties":{"w":2}},{"type":"Feature","geometry":{"type":"Point","coordinates":[35.94375,33.73275]},"properties":{"w":2}},{"type":"Feature","geometry":{"type":"Point","coordinates":[46.29525,38.08575]},"properties":{"w":2}},{"type":"Feature","geometry":{"type":"Point","coordinates":[35.94225,33.73275]},"properties":{"w":2}},{"type":"Feature","geometry":{"type":"Point","coordinates":[35.94225,33.72975]},"properties":{"w":2}},{"type":"Feature","geometry":{"type":"Point","coordinates":[54.05325,17.01675]},"properties":{"w":2}},{"type":"Feature","geometry":{"type":"Point","coordinates":[35.19825,31.71075]},"properties":{"w":2}},{"type":"Feature","geometry":{"type":"Point","coordinates":[36.04725,34.24575]},"properties":{"w":2}},{"type":"Feature","geometry":{"type":"Point","coordinates":[35.93625,33.72075]},"properties":{"w":2}},{"type":"Feature","geometry":{"type":"Point","coordinates":[36.05325,34.24725]},"properties":{"w":2}},{"type":"Feature","geometry":{"type":"Point","coordinates":[35.64975,34.10925]},"properties":{"w":2}},{"type":"Feature","geometry":{"type":"Point","coordinates":[48.28575,38.25975]},"properties":{"w":2}},{"type":"Feature","geometry":{"type":"Point","coordinates":[35.20575,31.69575]},"properties":{"w":2}},{"type":"Feature","geometry":{"type":"Point","coordinates":[39.18825,21.49425]},"properties":{"w":2}},{"type":"Feature","geometry":{"type":"Point","coordinates":[35.44275,31.87875]},"properties":{"w":2}},{"type":"Feature","geometry":{"type":"Point","coordinates":[39.18225,21.48675]},"properties":{"w":2}},{"type":"Feature","geometry":{"type":"Point","coordinates":[48.29925,38.25825]},"properties":{"w":2}},{"type":"Feature","geometry":{"type":"Point","coordinates":[39.18225,21.48225]},"properties":{"w":2}},{"type":"Feature","geometry":{"type":"Point","coordinates":[39.18825,21.48225]},"properties":{"w":2}},{"type":"Feature","geometry":{"type":"Point","coordinates":[35.20875,31.69425]},"properties":{"w":2}},{"type":"Feature","geometry":{"type":"Point","coordinates":[39.18525,21.48075]},"properties":{"w":2}},{"type":"Feature","geometry":{"type":"Point","coordinates":[36.20175,34.01025]},"properties":{"w":2}},{"type":"Feature","geometry":{"type":"Point","coordinates":[35.44125,31.87725]},"properties":{"w":2}},{"type":"Feature","geometry":{"type":"Point","coordinates":[35.21025,31.69275]},"properties":{"w":2}},{"type":"Feature","geometry":{"type":"Point","coordinates":[48.28275,38.24925]},"properties":{"w":2}},{"type":"Feature","geometry":{"type":"Point","coordinates":[37.95225,26.79375]},"properties":{"w":2}},{"type":"Feature","geometry":{"type":"Point","coordinates":[54.04725,17.00175]},"properties":{"w":2}},{"type":"Feature","geometry":{"type":"Point","coordinates":[48.29625,38.24025]},"properties":{"w":2}},{"type":"Feature","geometry":{"type":"Point","coordinates":[35.45025,31.86975]},"properties":{"w":2}},{"type":"Feature","geometry":{"type":"Point","coordinates":[54.04725,17.00475]},"properties":{"w":2}},{"type":"Feature","geometry":{"type":"Point","coordinates":[31.23825,30.00975]},"properties":{"w":2}},{"type":"Feature","geometry":{"type":"Point","coordinates":[46.30575,38.08575]},"properties":{"w":2}},{"type":"Feature","geometry":{"type":"Point","coordinates":[50.50725,26.06325]},"properties":{"w":2}},{"type":"Feature","geometry":{"type":"Point","coordinates":[36.28725,34.75125]},"properties":{"w":2}},{"type":"Feature","geometry":{"type":"Point","coordinates":[46.30125,38.07975]},"properties":{"w":2}},{"type":"Feature","geometry":{"type":"Point","coordinates":[31.24125,30.00225]},"properties":{"w":2}},{"type":"Feature","geometry":{"type":"Point","coordinates":[46.30275,38.06775]},"properties":{"w":2}},{"type":"Feature","geometry":{"type":"Point","coordinates":[46.30875,38.07075]},"properties":{"w":2}},{"type":"Feature","geometry":{"type":"Point","coordinates":[46.29075,38.07525]},"properties":{"w":2}},{"type":"Feature","geometry":{"type":"Point","coordinates":[46.30575,38.07075]},"properties":{"w":2}},{"type":"Feature","geometry":{"type":"Point","coordinates":[36.29925,34.75575]},"properties":{"w":2}},{"type":"Feature","geometry":{"type":"Point","coordinates":[35.44425,31.85925]},"properties":{"w":2}},{"type":"Feature","geometry":{"type":"Point","coordinates":[36.30375,34.75125]},"properties":{"w":2}},{"type":"Feature","geometry":{"type":"Point","coordinates":[50.51025,26.08575]},"properties":{"w":2}},{"type":"Feature","geometry":{"type":"Point","coordinates":[46.29975,38.06625]},"properties":{"w":2}},{"type":"Feature","geometry":{"type":"Point","coordinates":[46.29825,38.08275]},"properties":{"w":2}},{"type":"Feature","geometry":{"type":"Point","coordinates":[46.29975,38.08575]},"properties":{"w":2}},{"type":"Feature","geometry":{"type":"Point","coordinates":[52.52625,29.63925]},"properties":{"w":2}},{"type":"Feature","geometry":{"type":"Point","coordinates":[46.29825,38.08725]},"properties":{"w":2}},{"type":"Feature","geometry":{"type":"Point","coordinates":[52.51725,29.62725]},"properties":{"w":2}},{"type":"Feature","geometry":{"type":"Point","coordinates":[54.03975,17.02425]},"properties":{"w":1}},{"type":"Feature","geometry":{"type":"Point","coordinates":[52.52925,29.64225]},"properties":{"w":1}},{"type":"Feature","geometry":{"type":"Point","coordinates":[48.28875,38.23575]},"properties":{"w":1}},{"type":"Feature","geometry":{"type":"Point","coordinates":[48.28875,38.23425]},"properties":{"w":1}},{"type":"Feature","geometry":{"type":"Point","coordinates":[48.28575,38.24475]},"properties":{"w":1}},{"type":"Feature","geometry":{"type":"Point","coordinates":[48.28725,38.24325]},"properties":{"w":1}},{"type":"Feature","geometry":{"type":"Point","coordinates":[46.30275,38.06625]},"properties":{"w":1}},{"type":"Feature","geometry":{"type":"Point","coordinates":[48.28425,38.24925]},"properties":{"w":1}},{"type":"Feature","geometry":{"type":"Point","coordinates":[46.29225,38.07075]},"properties":{"w":1}},{"type":"Feature","geometry":{"type":"Point","coordinates":[48.28725,38.25075]},"properties":{"w":1}},{"type":"Feature","geometry":{"type":"Point","coordinates":[48.29325,38.24025]},"properties":{"w":1}},{"type":"Feature","geometry":{"type":"Point","coordinates":[48.30075,38.24025]},"properties":{"w":1}},{"type":"Feature","geometry":{"type":"Point","coordinates":[31.27125,29.85375]},"properties":{"w":1}},{"type":"Feature","geometry":{"type":"Point","coordinates":[46.29675,38.06175]},"properties":{"w":1}},{"type":"Feature","geometry":{"type":"Point","coordinates":[46.30875,38.08275]},"properties":{"w":1}},{"type":"Feature","geometry":{"type":"Point","coordinates":[46.29975,38.08875]},"properties":{"w":1}},{"type":"Feature","geometry":{"type":"Point","coordinates":[46.29975,38.08275]},"properties":{"w":1}},{"type":"Feature","geometry":{"type":"Point","coordinates":[36.19275,34.00725]},"properties":{"w":1}},{"type":"Feature","geometry":{"type":"Point","coordinates":[31.26975,29.86275]},"properties":{"w":1}},{"type":"Feature","geometry":{"type":"Point","coordinates":[48.30075,38.25075]},"properties":{"w":1}},{"type":"Feature","geometry":{"type":"Point","coordinates":[31.23975,30.01275]},"properties":{"w":1}},{"type":"Feature","geometry":{"type":"Point","coordinates":[31.24125,30.00975]},"properties":{"w":1}},{"type":"Feature","geometry":{"type":"Point","coordinates":[35.72625,32.04525]},"properties":{"w":1}},{"type":"Feature","geometry":{"type":"Point","coordinates":[48.30075,38.25375]},"properties":{"w":1}},{"type":"Feature","geometry":{"type":"Point","coordinates":[35.11125,31.52325]},"properties":{"w":1}},{"type":"Feature","geometry":{"type":"Point","coordinates":[48.30075,38.25675]},"properties":{"w":1}},{"type":"Feature","geometry":{"type":"Point","coordinates":[48.29025,38.26275]},"properties":{"w":1}},{"type":"Feature","geometry":{"type":"Point","coordinates":[48.29475,38.25825]},"properties":{"w":1}},{"type":"Feature","geometry":{"type":"Point","coordinates":[48.29325,38.25375]},"properties":{"w":1}},{"type":"Feature","geometry":{"type":"Point","coordinates":[48.29325,38.25675]},"properties":{"w":1}},{"type":"Feature","geometry":{"type":"Point","coordinates":[48.29025,38.25825]},"properties":{"w":1}},{"type":"Feature","geometry":{"type":"Point","coordinates":[48.28725,38.25675]},"properties":{"w":1}},{"type":"Feature","geometry":{"type":"Point","coordinates":[48.28875,38.25375]},"properties":{"w":1}},{"type":"Feature","geometry":{"type":"Point","coordinates":[48.28275,38.25525]},"properties":{"w":1}},{"type":"Feature","geometry":{"type":"Point","coordinates":[48.28125,38.25525]},"properties":{"w":1}},{"type":"Feature","geometry":{"type":"Point","coordinates":[48.28875,38.25975]},"properties":{"w":1}},{"type":"Feature","geometry":{"type":"Point","coordinates":[35.10975,31.53075]},"properties":{"w":1}},{"type":"Feature","geometry":{"type":"Point","coordinates":[48.79725,36.43275]},"properties":{"w":1}},{"type":"Feature","geometry":{"type":"Point","coordinates":[48.79575,36.41925]},"properties":{"w":1}},{"type":"Feature","geometry":{"type":"Point","coordinates":[51.42225,35.69625]},"properties":{"w":1}},{"type":"Feature","geometry":{"type":"Point","coordinates":[35.10825,31.53375]},"properties":{"w":1}},{"type":"Feature","geometry":{"type":"Point","coordinates":[35.11575,32.70225]},"properties":{"w":1}},{"type":"Feature","geometry":{"type":"Point","coordinates":[35.07825,32.91975]},"properties":{"w":1}},{"type":"Feature","geometry":{"type":"Point","coordinates":[35.06775,32.92425]},"properties":{"w":1}},{"type":"Feature","geometry":{"type":"Point","coordinates":[51.41625,35.69475]},"properties":{"w":1}},{"type":"Feature","geometry":{"type":"Point","coordinates":[34.99875,32.81475]},"properties":{"w":1}},{"type":"Feature","geometry":{"type":"Point","coordinates":[51.39675,35.66925]},"properties":{"w":1}},{"type":"Feature","geometry":{"type":"Point","coordinates":[34.96575,32.67075]},"properties":{"w":1}},{"type":"Feature","geometry":{"type":"Point","coordinates":[34.97775,32.81925]},"properties":{"w":1}},{"type":"Feature","geometry":{"type":"Point","coordinates":[48.52275,34.80825]},"properties":{"w":1}},{"type":"Feature","geometry":{"type":"Point","coordinates":[35.91375,31.49625]},"properties":{"w":1}},{"type":"Feature","geometry":{"type":"Point","coordinates":[51.40125,35.67225]},"properties":{"w":1}},{"type":"Feature","geometry":{"type":"Point","coordinates":[36.36675,32.32275]},"properties":{"w":1}},{"type":"Feature","geometry":{"type":"Point","coordinates":[54.05925,17.00625]},"properties":{"w":1}},{"type":"Feature","geometry":{"type":"Point","coordinates":[54.04575,17.00325]},"properties":{"w":1}},{"type":"Feature","geometry":{"type":"Point","coordinates":[57.29175,22.95675]},"properties":{"w":1}},{"type":"Feature","geometry":{"type":"Point","coordinates":[51.41475,35.68125]},"properties":{"w":1}},{"type":"Feature","geometry":{"type":"Point","coordinates":[51.41775,35.68125]},"properties":{"w":1}},{"type":"Feature","geometry":{"type":"Point","coordinates":[51.41625,35.67825]},"properties":{"w":1}},{"type":"Feature","geometry":{"type":"Point","coordinates":[51.41625,35.67975]},"properties":{"w":1}},{"type":"Feature","geometry":{"type":"Point","coordinates":[57.29325,22.95525]},"properties":{"w":1}},{"type":"Feature","geometry":{"type":"Point","coordinates":[51.41175,35.67375]},"properties":{"w":1}},{"type":"Feature","geometry":{"type":"Point","coordinates":[51.41775,35.66925]},"properties":{"w":1}},{"type":"Feature","geometry":{"type":"Point","coordinates":[51.42225,35.66625]},"properties":{"w":1}},{"type":"Feature","geometry":{"type":"Point","coordinates":[51.42675,35.66625]},"properties":{"w":1}},{"type":"Feature","geometry":{"type":"Point","coordinates":[51.42225,35.67075]},"properties":{"w":1}},{"type":"Feature","geometry":{"type":"Point","coordinates":[55.81275,25.06875]},"properties":{"w":1}},{"type":"Feature","geometry":{"type":"Point","coordinates":[51.42675,35.67525]},"properties":{"w":1}},{"type":"Feature","geometry":{"type":"Point","coordinates":[51.42975,35.67675]},"properties":{"w":1}},{"type":"Feature","geometry":{"type":"Point","coordinates":[50.50275,26.06925]},"properties":{"w":1}},{"type":"Feature","geometry":{"type":"Point","coordinates":[51.43125,35.68125]},"properties":{"w":1}},{"type":"Feature","geometry":{"type":"Point","coordinates":[50.50425,26.07825]},"properties":{"w":1}},{"type":"Feature","geometry":{"type":"Point","coordinates":[51.42525,35.67825]},"properties":{"w":1}},{"type":"Feature","geometry":{"type":"Point","coordinates":[51.42375,35.67825]},"properties":{"w":1}},{"type":"Feature","geometry":{"type":"Point","coordinates":[50.49525,26.08125]},"properties":{"w":1}},{"type":"Feature","geometry":{"type":"Point","coordinates":[51.42675,35.68575]},"properties":{"w":1}},{"type":"Feature","geometry":{"type":"Point","coordinates":[51.42825,35.69175]},"properties":{"w":1}},{"type":"Feature","geometry":{"type":"Point","coordinates":[51.42525,35.69475]},"properties":{"w":1}},{"type":"Feature","geometry":{"type":"Point","coordinates":[50.50575,26.08425]},"properties":{"w":1}},{"type":"Feature","geometry":{"type":"Point","coordinates":[50.50875,26.06925]},"properties":{"w":1}},{"type":"Feature","geometry":{"type":"Point","coordinates":[50.51025,26.06475]},"properties":{"w":1}},{"type":"Feature","geometry":{"type":"Point","coordinates":[51.39375,35.65125]},"properties":{"w":1}},{"type":"Feature","geometry":{"type":"Point","coordinates":[50.50575,26.06475]},"properties":{"w":1}},{"type":"Feature","geometry":{"type":"Point","coordinates":[51.39675,35.65125]},"properties":{"w":1}},{"type":"Feature","geometry":{"type":"Point","coordinates":[51.39975,35.64975]},"properties":{"w":1}},{"type":"Feature","geometry":{"type":"Point","coordinates":[50.50575,26.06175]},"properties":{"w":1}},{"type":"Feature","geometry":{"type":"Point","coordinates":[51.02625,25.97325]},"properties":{"w":1}},{"type":"Feature","geometry":{"type":"Point","coordinates":[50.50875,26.23575]},"properties":{"w":1}},{"type":"Feature","geometry":{"type":"Point","coordinates":[51.40425,35.65275]},"properties":{"w":1}},{"type":"Feature","geometry":{"type":"Point","coordinates":[50.51925,26.22525]},"properties":{"w":1}},{"type":"Feature","geometry":{"type":"Point","coordinates":[51.40425,35.64825]},"properties":{"w":1}},{"type":"Feature","geometry":{"type":"Point","coordinates":[50.51625,26.22375]},"properties":{"w":1}},{"type":"Feature","geometry":{"type":"Point","coordinates":[50.51775,26.22525]},"properties":{"w":1}},{"type":"Feature","geometry":{"type":"Point","coordinates":[51.40875,35.65425]},"properties":{"w":1}},{"type":"Feature","geometry":{"type":"Point","coordinates":[51.40875,35.65575]},"properties":{"w":1}},{"type":"Feature","geometry":{"type":"Point","coordinates":[50.51625,26.22975]},"properties":{"w":1}},{"type":"Feature","geometry":{"type":"Point","coordinates":[51.40725,35.66475]},"properties":{"w":1}},{"type":"Feature","geometry":{"type":"Point","coordinates":[51.40575,35.66025]},"properties":{"w":1}},{"type":"Feature","geometry":{"type":"Point","coordinates":[50.52675,26.22525]},"properties":{"w":1}},{"type":"Feature","geometry":{"type":"Point","coordinates":[51.39975,35.65575]},"properties":{"w":1}},{"type":"Feature","geometry":{"type":"Point","coordinates":[51.39975,35.65425]},"properties":{"w":1}},{"type":"Feature","geometry":{"type":"Point","coordinates":[48.51825,34.79025]},"properties":{"w":1}},{"type":"Feature","geometry":{"type":"Point","coordinates":[48.33975,33.44925]},"properties":{"w":1}},{"type":"Feature","geometry":{"type":"Point","coordinates":[48.51825,34.81425]},"properties":{"w":1}},{"type":"Feature","geometry":{"type":"Point","coordinates":[48.51525,34.80975]},"properties":{"w":1}},{"type":"Feature","geometry":{"type":"Point","coordinates":[51.39525,35.65725]},"properties":{"w":1}},{"type":"Feature","geometry":{"type":"Point","coordinates":[48.50925,34.80825]},"properties":{"w":1}},{"type":"Feature","geometry":{"type":"Point","coordinates":[51.39075,35.66475]},"properties":{"w":1}},{"type":"Feature","geometry":{"type":"Point","coordinates":[48.34275,33.44325]},"properties":{"w":1}},{"type":"Feature","geometry":{"type":"Point","coordinates":[51.39075,35.65575]},"properties":{"w":1}},{"type":"Feature","geometry":{"type":"Point","coordinates":[51.39075,35.64675]},"properties":{"w":1}},{"type":"Feature","geometry":{"type":"Point","coordinates":[55.16775,37.25775]},"properties":{"w":1}},{"type":"Feature","geometry":{"type":"Point","coordinates":[52.52175,29.62425]},"properties":{"w":1}},{"type":"Feature","geometry":{"type":"Point","coordinates":[47.43675,34.38675]},"properties":{"w":1}},{"type":"Feature","geometry":{"type":"Point","coordinates":[54.36675,31.89525]},"properties":{"w":1}},{"type":"Feature","geometry":{"type":"Point","coordinates":[48.83925,32.03325]},"properties":{"w":1}},{"type":"Feature","geometry":{"type":"Point","coordinates":[51.68625,32.67825]},"properties":{"w":1}},{"type":"Feature","geometry":{"type":"Point","coordinates":[51.68925,32.67975]},"properties":{"w":1}},{"type":"Feature","geometry":{"type":"Point","coordinates":[51.68925,32.67825]},"properties":{"w":1}},{"type":"Feature","geometry":{"type":"Point","coordinates":[51.68475,32.68275]},"properties":{"w":1}},{"type":"Feature","geometry":{"type":"Point","coordinates":[51.67725,32.66625]},"properties":{"w":1}},{"type":"Feature","geometry":{"type":"Point","coordinates":[46.29375,38.06175]},"properties":{"w":1}},{"type":"Feature","geometry":{"type":"Point","coordinates":[51.67275,32.66025]},"properties":{"w":1}},{"type":"Feature","geometry":{"type":"Point","coordinates":[51.66825,32.65875]},"properties":{"w":1}},{"type":"Feature","geometry":{"type":"Point","coordinates":[51.68025,32.65875]},"properties":{"w":1}},{"type":"Feature","geometry":{"type":"Point","coordinates":[51.67575,32.66175]},"properties":{"w":1}},{"type":"Feature","geometry":{"type":"Point","coordinates":[51.68475,32.66175]},"properties":{"w":1}},{"type":"Feature","geometry":{"type":"Point","coordinates":[51.68925,32.66925]},"properties":{"w":1}},{"type":"Feature","geometry":{"type":"Point","coordinates":[51.68325,32.67225]},"properties":{"w":1}},{"type":"Feature","geometry":{"type":"Point","coordinates":[51.68775,32.67525]},"properties":{"w":1}},{"type":"Feature","geometry":{"type":"Point","coordinates":[51.69525,32.67225]},"properties":{"w":1}},{"type":"Feature","geometry":{"type":"Point","coordinates":[51.66825,32.65125]},"properties":{"w":1}},{"type":"Feature","geometry":{"type":"Point","coordinates":[51.66825,32.65275]},"properties":{"w":1}},{"type":"Feature","geometry":{"type":"Point","coordinates":[51.66825,32.65725]},"properties":{"w":1}},{"type":"Feature","geometry":{"type":"Point","coordinates":[51.66675,32.66175]},"properties":{"w":1}},{"type":"Feature","geometry":{"type":"Point","coordinates":[53.17125,30.18975]},"properties":{"w":1}},{"type":"Feature","geometry":{"type":"Point","coordinates":[52.89225,29.93475]},"properties":{"w":1}},{"type":"Feature","geometry":{"type":"Point","coordinates":[52.88625,29.93625]},"properties":{"w":1}},{"type":"Feature","geometry":{"type":"Point","coordinates":[52.88625,29.92875]},"properties":{"w":1}},{"type":"Feature","geometry":{"type":"Point","coordinates":[52.51575,29.64525]},"properties":{"w":1}},{"type":"Feature","geometry":{"type":"Point","coordinates":[52.51875,29.64375]},"properties":{"w":1}},{"type":"Feature","geometry":{"type":"Point","coordinates":[54.04125,17.01525]},"properties":{"w":1}},{"type":"Feature","geometry":{"type":"Point","coordinates":[52.53075,29.63325]},"properties":{"w":1}},{"type":"Feature","geometry":{"type":"Point","coordinates":[31.22925,29.99775]},"properties":{"w":1}},{"type":"Feature","geometry":{"type":"Point","coordinates":[35.82375,34.43175]},"properties":{"w":1}},{"type":"Feature","geometry":{"type":"Point","coordinates":[32.63025,25.69575]},"properties":{"w":1}},{"type":"Feature","geometry":{"type":"Point","coordinates":[34.77825,32.06475]},"properties":{"w":1}},{"type":"Feature","geometry":{"type":"Point","coordinates":[35.82525,34.43175]},"properties":{"w":1}},{"type":"Feature","geometry":{"type":"Point","coordinates":[32.63625,25.68975]},"properties":{"w":1}},{"type":"Feature","geometry":{"type":"Point","coordinates":[32.63475,25.68975]},"properties":{"w":1}},{"type":"Feature","geometry":{"type":"Point","coordinates":[32.63475,25.69575]},"properties":{"w":1}},{"type":"Feature","geometry":{"type":"Point","coordinates":[32.64075,25.69425]},"properties":{"w":1}},{"type":"Feature","geometry":{"type":"Point","coordinates":[32.63925,25.69425]},"properties":{"w":1}},{"type":"Feature","geometry":{"type":"Point","coordinates":[32.63925,25.69125]},"properties":{"w":1}},{"type":"Feature","geometry":{"type":"Point","coordinates":[32.64375,25.69275]},"properties":{"w":1}},{"type":"Feature","geometry":{"type":"Point","coordinates":[32.64975,25.70475]},"properties":{"w":1}},{"type":"Feature","geometry":{"type":"Point","coordinates":[32.64975,25.70175]},"properties":{"w":1}},{"type":"Feature","geometry":{"type":"Point","coordinates":[32.64525,25.70025]},"properties":{"w":1}},{"type":"Feature","geometry":{"type":"Point","coordinates":[31.62375,22.34025]},"properties":{"w":1}},{"type":"Feature","geometry":{"type":"Point","coordinates":[35.93625,33.72225]},"properties":{"w":1}},{"type":"Feature","geometry":{"type":"Point","coordinates":[37.15425,36.19275]},"properties":{"w":1}},{"type":"Feature","geometry":{"type":"Point","coordinates":[44.00475,36.18075]},"properties":{"w":1}},{"type":"Feature","geometry":{"type":"Point","coordinates":[44.00775,36.18075]},"properties":{"w":1}},{"type":"Feature","geometry":{"type":"Point","coordinates":[37.16475,36.18975]},"properties":{"w":1}},{"type":"Feature","geometry":{"type":"Point","coordinates":[54.37875,31.89225]},"properties":{"w":1}},{"type":"Feature","geometry":{"type":"Point","coordinates":[54.37725,31.87875]},"properties":{"w":1}},{"type":"Feature","geometry":{"type":"Point","coordinates":[35.43675,31.87275]},"properties":{"w":1}},{"type":"Feature","geometry":{"type":"Point","coordinates":[35.20575,31.71075]},"properties":{"w":1}},{"type":"Feature","geometry":{"type":"Point","coordinates":[35.20425,31.70925]},"properties":{"w":1}},{"type":"Feature","geometry":{"type":"Point","coordinates":[34.99425,32.82375]},"properties":{"w":1}},{"type":"Feature","geometry":{"type":"Point","coordinates":[35.54325,31.83825]},"properties":{"w":1}},{"type":"Feature","geometry":{"type":"Point","coordinates":[35.43825,31.86075]},"properties":{"w":1}},{"type":"Feature","geometry":{"type":"Point","coordinates":[35.45025,31.86225]},"properties":{"w":1}},{"type":"Feature","geometry":{"type":"Point","coordinates":[35.45025,31.87125]},"properties":{"w":1}},{"type":"Feature","geometry":{"type":"Point","coordinates":[54.37725,31.87425]},"properties":{"w":1}},{"type":"Feature","geometry":{"type":"Point","coordinates":[35.43525,31.87575]},"properties":{"w":1}},{"type":"Feature","geometry":{"type":"Point","coordinates":[35.12925,32.71575]},"properties":{"w":1}},{"type":"Feature","geometry":{"type":"Point","coordinates":[46.56675,24.74025]},"properties":{"w":1}},{"type":"Feature","geometry":{"type":"Point","coordinates":[58.35975,29.10825]},"properties":{"w":1}},{"type":"Feature","geometry":{"type":"Point","coordinates":[58.35825,29.12325]},"properties":{"w":1}},{"type":"Feature","geometry":{"type":"Point","coordinates":[35.82675,34.44825]},"properties":{"w":1}},{"type":"Feature","geometry":{"type":"Point","coordinates":[34.98525,32.81325]},"properties":{"w":1}},{"type":"Feature","geometry":{"type":"Point","coordinates":[39.18975,21.48975]},"properties":{"w":1}},{"type":"Feature","geometry":{"type":"Point","coordinates":[50.61825,26.24475]},"properties":{"w":1}},{"type":"Feature","geometry":{"type":"Point","coordinates":[39.18525,21.49575]},"properties":{"w":1}},{"type":"Feature","geometry":{"type":"Point","coordinates":[39.18675,21.49725]},"properties":{"w":1}},{"type":"Feature","geometry":{"type":"Point","coordinates":[39.17925,21.48375]},"properties":{"w":1}},{"type":"Feature","geometry":{"type":"Point","coordinates":[54.37725,31.86825]},"properties":{"w":1}},{"type":"Feature","geometry":{"type":"Point","coordinates":[52.52475,29.63475]},"properties":{"w":1}},{"type":"Feature","geometry":{"type":"Point","coordinates":[52.51725,29.63475]},"properties":{"w":1}},{"type":"Feature","geometry":{"type":"Point","coordinates":[52.52625,28.85625]},"properties":{"w":1}},{"type":"Feature","geometry":{"type":"Point","coordinates":[52.53375,28.85175]},"properties":{"w":1}},{"type":"Feature","geometry":{"type":"Point","coordinates":[44.41875,32.54475]},"properties":{"w":1}},{"type":"Feature","geometry":{"type":"Point","coordinates":[44.41425,32.54175]},"properties":{"w":1}},{"type":"Feature","geometry":{"type":"Point","coordinates":[36.31425,33.50025]},"properties":{"w":1}},{"type":"Feature","geometry":{"type":"Point","coordinates":[36.29925,33.50775]},"properties":{"w":1}},{"type":"Feature","geometry":{"type":"Point","coordinates":[44.41725,32.52975]},"properties":{"w":1}},{"type":"Feature","geometry":{"type":"Point","coordinates":[35.82075,34.44825]},"properties":{"w":1}},{"type":"Feature","geometry":{"type":"Point","coordinates":[44.01975,36.19725]},"properties":{"w":1}},{"type":"Feature","geometry":{"type":"Point","coordinates":[37.95525,26.79525]},"properties":{"w":1}},{"type":"Feature","geometry":{"type":"Point","coordinates":[46.56825,24.74025]},"properties":{"w":1}},{"type":"Feature","geometry":{"type":"Point","coordinates":[35.94375,33.73425]},"properties":{"w":1}},{"type":"Feature","geometry":{"type":"Point","coordinates":[35.73375,32.03175]},"properties":{"w":1}},{"type":"Feature","geometry":{"type":"Point","coordinates":[35.71875,32.04075]},"properties":{"w":1}},{"type":"Feature","geometry":{"type":"Point","coordinates":[36.30675,33.51825]},"properties":{"w":1}},{"type":"Feature","geometry":{"type":"Point","coordinates":[35.44725,30.32775]},"properties":{"w":1}},{"type":"Feature","geometry":{"type":"Point","coordinates":[35.93625,33.74175]},"properties":{"w":1}},{"type":"Feature","geometry":{"type":"Point","coordinates":[36.04275,34.25325]},"properties":{"w":1}},{"type":"Feature","geometry":{"type":"Point","coordinates":[35.82375,34.44375]},"properties":{"w":1}},{"type":"Feature","geometry":{"type":"Point","coordinates":[36.04725,34.25175]},"properties":{"w":1}},{"type":"Feature","geometry":{"type":"Point","coordinates":[35.15025,31.71225]},"properties":{"w":1}},{"type":"Feature","geometry":{"type":"Point","coordinates":[35.82075,34.43925]},"properties":{"w":1}},{"type":"Feature","geometry":{"type":"Point","coordinates":[37.16325,36.18975]},"properties":{"w":1}},{"type":"Feature","geometry":{"type":"Point","coordinates":[35.81625,34.44525]},"properties":{"w":1}},{"type":"Feature","geometry":{"type":"Point","coordinates":[46.57575,24.72675]},"properties":{"w":1}},{"type":"Feature","geometry":{"type":"Point","coordinates":[46.57725,24.72825]},"properties":{"w":1}},{"type":"Feature","geometry":{"type":"Point","coordinates":[46.57725,24.72975]},"properties":{"w":1}},{"type":"Feature","geometry":{"type":"Point","coordinates":[49.58625,25.37475]},"properties":{"w":1}},{"type":"Feature","geometry":{"type":"Point","coordinates":[49.56825,25.36575]},"properties":{"w":1}},{"type":"Feature","geometry":{"type":"Point","coordinates":[38.25975,34.54575]},"properties":{"w":1}},{"type":"Feature","geometry":{"type":"Point","coordinates":[36.28875,34.75725]},"properties":{"w":1}},{"type":"Feature","geometry":{"type":"Point","coordinates":[36.30075,34.75875]},"properties":{"w":1}},{"type":"Feature","geometry":{"type":"Point","coordinates":[38.27325,34.55925]},"properties":{"w":1}},{"type":"Feature","geometry":{"type":"Point","coordinates":[38.27325,34.55625]},"properties":{"w":1}},{"type":"Feature","geometry":{"type":"Point","coordinates":[36.30225,34.75875]},"properties":{"w":1}},{"type":"Feature","geometry":{"type":"Point","coordinates":[38.27625,34.56075]},"properties":{"w":1}},{"type":"Feature","geometry":{"type":"Point","coordinates":[36.30075,34.75275]},"properties":{"w":1}},{"type":"Feature","geometry":{"type":"Point","coordinates":[36.29625,34.75275]},"properties":{"w":1}},{"type":"Feature","geometry":{"type":"Point","coordinates":[36.30225,33.51675]},"properties":{"w":1}},{"type":"Feature","geometry":{"type":"Point","coordinates":[36.30225,33.51525]},"properties":{"w":1}},{"type":"Feature","geometry":{"type":"Point","coordinates":[36.30075,33.51975]},"properties":{"w":1}},{"type":"Feature","geometry":{"type":"Point","coordinates":[35.16825,31.72125]},"properties":{"w":1}},{"type":"Feature","geometry":{"type":"Point","coordinates":[35.15775,31.70775]},"properties":{"w":1}},{"type":"Feature","geometry":{"type":"Point","coordinates":[34.37325,31.43625]},"properties":{"w":1}},{"type":"Feature","geometry":{"type":"Point","coordinates":[35.19675,31.70925]},"properties":{"w":1}},{"type":"Feature","geometry":{"type":"Point","coordinates":[50.61075,26.22675]},"properties":{"w":1}},{"type":"Feature","geometry":{"type":"Point","coordinates":[54.06075,17.01825]},"properties":{"w":1}},{"type":"Feature","geometry":{"type":"Point","coordinates":[50.51475,26.22225]},"properties":{"w":1}},{"type":"Feature","geometry":{"type":"Point","coordinates":[54.05025,17.02875]},"properties":{"w":1}},{"type":"Feature","geometry":{"type":"Point","coordinates":[52.52925,29.64525]},"properties":{"w":1}},{"type":"Feature","geometry":{"type":"Point","coordinates":[51.67425,32.66475]},"properties":{"w":1}},{"type":"Feature","geometry":{"type":"Point","coordinates":[54.37725,31.89675]},"properties":{"w":1}},{"type":"Feature","geometry":{"type":"Point","coordinates":[35.72625,32.05275]},"properties":{"w":1}},{"type":"Feature","geometry":{"type":"Point","coordinates":[35.36475,31.31175]},"properties":{"w":1}},{"type":"Feature","geometry":{"type":"Point","coordinates":[48.52125,34.81725]},"properties":{"w":1}},{"type":"Feature","geometry":{"type":"Point","coordinates":[46.29975,38.06025]},"properties":{"w":1}},{"type":"Feature","geometry":{"type":"Point","coordinates":[46.29975,38.07525]},"properties":{"w":1}},{"type":"Feature","geometry":{"type":"Point","coordinates":[46.29825,38.06475]},"properties":{"w":1}},{"type":"Feature","geometry":{"type":"Point","coordinates":[46.29975,38.06325]},"properties":{"w":1}},{"type":"Feature","geometry":{"type":"Point","coordinates":[46.30125,38.06625]},"properties":{"w":1}},{"type":"Feature","geometry":{"type":"Point","coordinates":[50.52075,26.22375]},"properties":{"w":1}},{"type":"Feature","geometry":{"type":"Point","coordinates":[46.29525,38.07525]},"properties":{"w":1}},{"type":"Feature","geometry":{"type":"Point","coordinates":[50.51475,26.22675]},"properties":{"w":1}},{"type":"Feature","geometry":{"type":"Point","coordinates":[46.29225,38.07675]},"properties":{"w":1}},{"type":"Feature","geometry":{"type":"Point","coordinates":[46.30725,38.07975]},"properties":{"w":1}},{"type":"Feature","geometry":{"type":"Point","coordinates":[50.51025,26.22675]},"properties":{"w":1}},{"type":"Feature","geometry":{"type":"Point","coordinates":[54.05625,17.02275]},"properties":{"w":1}},{"type":"Feature","geometry":{"type":"Point","coordinates":[35.44125,31.87125]},"properties":{"w":1}},{"type":"Feature","geometry":{"type":"Point","coordinates":[50.52675,26.23875]},"properties":{"w":1}},{"type":"Feature","geometry":{"type":"Point","coordinates":[48.29925,38.24025]},"properties":{"w":1}},{"type":"Feature","geometry":{"type":"Point","coordinates":[35.20875,31.71075]},"properties":{"w":1}},{"type":"Feature","geometry":{"type":"Point","coordinates":[35.43675,31.88025]},"properties":{"w":1}},{"type":"Feature","geometry":{"type":"Point","coordinates":[35.21475,31.71525]},"properties":{"w":1}},{"type":"Feature","geometry":{"type":"Point","coordinates":[48.28275,38.24025]},"properties":{"w":1}},{"type":"Feature","geometry":{"type":"Point","coordinates":[48.28125,38.25075]},"properties":{"w":1}},{"type":"Feature","geometry":{"type":"Point","coordinates":[35.13825,32.70225]},"properties":{"w":1}},{"type":"Feature","geometry":{"type":"Point","coordinates":[48.28575,38.24625]},"properties":{"w":1}},{"type":"Feature","geometry":{"type":"Point","coordinates":[47.23725,36.60225]},"properties":{"w":1}},{"type":"Feature","geometry":{"type":"Point","coordinates":[33.97425,28.55625]},"properties":{"w":1}},{"type":"Feature","geometry":{"type":"Point","coordinates":[33.96825,28.56225]},"properties":{"w":1}},{"type":"Feature","geometry":{"type":"Point","coordinates":[33.96825,28.54725]},"properties":{"w":1}},{"type":"Feature","geometry":{"type":"Point","coordinates":[48.52275,34.79475]},"properties":{"w":1}},{"type":"Feature","geometry":{"type":"Point","coordinates":[50.51775,26.23275]},"properties":{"w":1}},{"type":"Feature","geometry":{"type":"Point","coordinates":[48.51375,34.79925]},"properties":{"w":1}},{"type":"Feature","geometry":{"type":"Point","coordinates":[35.15925,31.70625]},"properties":{"w":1}},{"type":"Feature","geometry":{"type":"Point","coordinates":[48.29025,38.24475]},"properties":{"w":1}},{"type":"Feature","geometry":{"type":"Point","coordinates":[50.51625,26.23275]},"properties":{"w":1}},{"type":"Feature","geometry":{"type":"Point","coordinates":[48.29925,38.24325]},"properties":{"w":1}},{"type":"Feature","geometry":{"type":"Point","coordinates":[48.30225,38.24325]},"properties":{"w":1}},{"type":"Feature","geometry":{"type":"Point","coordinates":[48.30225,38.25075]},"properties":{"w":1}},{"type":"Feature","geometry":{"type":"Point","coordinates":[48.29925,38.25075]},"properties":{"w":1}},{"type":"Feature","geometry":{"type":"Point","coordinates":[31.23975,30.01125]},"properties":{"w":1}},{"type":"Feature","geometry":{"type":"Point","coordinates":[35.15775,31.70625]},"properties":{"w":1}},{"type":"Feature","geometry":{"type":"Point","coordinates":[48.29925,38.25675]},"properties":{"w":1}},{"type":"Feature","geometry":{"type":"Point","coordinates":[48.29325,38.26125]},"properties":{"w":1}},{"type":"Feature","geometry":{"type":"Point","coordinates":[48.51525,34.81275]},"properties":{"w":1}},{"type":"Feature","geometry":{"type":"Point","coordinates":[48.51675,34.81275]},"properties":{"w":1}},{"type":"Feature","geometry":{"type":"Point","coordinates":[48.28875,38.25525]},"properties":{"w":1}},{"type":"Feature","geometry":{"type":"Point","coordinates":[48.28275,38.25675]},"properties":{"w":1}},{"type":"Feature","geometry":{"type":"Point","coordinates":[48.28725,38.26125]},"properties":{"w":1}},{"type":"Feature","geometry":{"type":"Point","coordinates":[48.51375,34.81125]},"properties":{"w":1}},{"type":"Feature","geometry":{"type":"Point","coordinates":[48.51675,34.81125]},"properties":{"w":1}},{"type":"Feature","geometry":{"type":"Point","coordinates":[48.24525,32.19375]},"properties":{"w":1}},{"type":"Feature","geometry":{"type":"Point","coordinates":[51.41775,35.68875]},"properties":{"w":1}},{"type":"Feature","geometry":{"type":"Point","coordinates":[54.04275,17.02425]},"properties":{"w":1}},{"type":"Feature","geometry":{"type":"Point","coordinates":[51.41625,35.69025]},"properties":{"w":1}},{"type":"Feature","geometry":{"type":"Point","coordinates":[54.04275,17.02575]},"properties":{"w":1}},{"type":"Feature","geometry":{"type":"Point","coordinates":[54.04425,17.02725]},"properties":{"w":1}},{"type":"Feature","geometry":{"type":"Point","coordinates":[48.51075,34.80975]},"properties":{"w":1}},{"type":"Feature","geometry":{"type":"Point","coordinates":[51.39075,35.67075]},"properties":{"w":1}},{"type":"Feature","geometry":{"type":"Point","coordinates":[48.51225,34.81275]},"properties":{"w":1}},{"type":"Feature","geometry":{"type":"Point","coordinates":[50.52225,26.23575]},"properties":{"w":1}},{"type":"Feature","geometry":{"type":"Point","coordinates":[50.50575,26.06325]},"properties":{"w":1}},{"type":"Feature","geometry":{"type":"Point","coordinates":[46.30875,38.07375]},"properties":{"w":1}},{"type":"Feature","geometry":{"type":"Point","coordinates":[46.31025,38.07075]},"properties":{"w":1}},{"type":"Feature","geometry":{"type":"Point","coordinates":[46.30275,38.07825]},"properties":{"w":1}},{"type":"Feature","geometry":{"type":"Point","coordinates":[48.52275,34.81725]},"properties":{"w":1}},{"type":"Feature","geometry":{"type":"Point","coordinates":[48.33525,33.45075]},"properties":{"w":1}},{"type":"Feature","geometry":{"type":"Point","coordinates":[50.50575,26.06625]},"properties":{"w":1}},{"type":"Feature","geometry":{"type":"Point","coordinates":[50.51325,26.06925]},"properties":{"w":1}},{"type":"Feature","geometry":{"type":"Point","coordinates":[50.51025,26.07375]},"properties":{"w":1}},{"type":"Feature","geometry":{"type":"Point","coordinates":[48.34575,33.44025]},"properties":{"w":1}},{"type":"Feature","geometry":{"type":"Point","coordinates":[31.23675,30.00525]},"properties":{"w":1}},{"type":"Feature","geometry":{"type":"Point","coordinates":[35.20275,31.70775]},"properties":{"w":1}},{"type":"Feature","geometry":{"type":"Point","coordinates":[51.41925,35.68425]},"properties":{"w":1}},{"type":"Feature","geometry":{"type":"Point","coordinates":[51.42075,35.68125]},"properties":{"w":1}},{"type":"Feature","geometry":{"type":"Point","coordinates":[51.41475,35.68275]},"properties":{"w":1}},{"type":"Feature","geometry":{"type":"Point","coordinates":[48.34575,33.43875]},"properties":{"w":1}},{"type":"Feature","geometry":{"type":"Point","coordinates":[51.41775,35.67375]},"properties":{"w":1}},{"type":"Feature","geometry":{"type":"Point","coordinates":[47.44575,34.39875]},"properties":{"w":1}},{"type":"Feature","geometry":{"type":"Point","coordinates":[51.41625,35.67525]},"properties":{"w":1}},{"type":"Feature","geometry":{"type":"Point","coordinates":[51.41325,35.67225]},"properties":{"w":1}},{"type":"Feature","geometry":{"type":"Point","coordinates":[50.51625,26.07225]},"properties":{"w":1}},{"type":"Feature","geometry":{"type":"Point","coordinates":[51.41625,35.66625]},"properties":{"w":1}},{"type":"Feature","geometry":{"type":"Point","coordinates":[51.41775,35.66775]},"properties":{"w":1}},{"type":"Feature","geometry":{"type":"Point","coordinates":[51.41625,35.67075]},"properties":{"w":1}},{"type":"Feature","geometry":{"type":"Point","coordinates":[48.82875,32.00625]},"properties":{"w":1}},{"type":"Feature","geometry":{"type":"Point","coordinates":[51.42075,35.66925]},"properties":{"w":1}},{"type":"Feature","geometry":{"type":"Point","coordinates":[51.42525,35.66625]},"properties":{"w":1}},{"type":"Feature","geometry":{"type":"Point","coordinates":[51.42825,35.66925]},"properties":{"w":1}},{"type":"Feature","geometry":{"type":"Point","coordinates":[51.42375,35.67525]},"properties":{"w":1}},{"type":"Feature","geometry":{"type":"Point","coordinates":[51.42225,35.67825]},"properties":{"w":1}},{"type":"Feature","geometry":{"type":"Point","coordinates":[35.16225,31.72875]},"properties":{"w":1}},{"type":"Feature","geometry":{"type":"Point","coordinates":[36.29925,34.75275]},"properties":{"w":1}},{"type":"Feature","geometry":{"type":"Point","coordinates":[36.30075,34.75125]},"properties":{"w":1}},{"type":"Feature","geometry":{"type":"Point","coordinates":[51.42375,35.69025]},"properties":{"w":1}},{"type":"Feature","geometry":{"type":"Point","coordinates":[51.42225,35.69475]},"properties":{"w":1}},{"type":"Feature","geometry":{"type":"Point","coordinates":[36.29925,34.75875]},"properties":{"w":1}},{"type":"Feature","geometry":{"type":"Point","coordinates":[51.40125,35.64975]},"properties":{"w":1}},{"type":"Feature","geometry":{"type":"Point","coordinates":[49.56825,25.37025]},"properties":{"w":1}},{"type":"Feature","geometry":{"type":"Point","coordinates":[51.39975,35.64825]},"properties":{"w":1}},{"type":"Feature","geometry":{"type":"Point","coordinates":[51.39975,35.64375]},"properties":{"w":1}},{"type":"Feature","geometry":{"type":"Point","coordinates":[51.40875,35.65875]},"properties":{"w":1}},{"type":"Feature","geometry":{"type":"Point","coordinates":[46.56975,24.71925]},"properties":{"w":1}},{"type":"Feature","geometry":{"type":"Point","coordinates":[51.40575,35.66325]},"properties":{"w":1}},{"type":"Feature","geometry":{"type":"Point","coordinates":[48.83175,32.03325]},"properties":{"w":1}},{"type":"Feature","geometry":{"type":"Point","coordinates":[36.29925,34.75425]},"properties":{"w":1}},{"type":"Feature","geometry":{"type":"Point","coordinates":[51.40125,35.65425]},"properties":{"w":1}},{"type":"Feature","geometry":{"type":"Point","coordinates":[50.49975,26.07225]},"properties":{"w":1}},{"type":"Feature","geometry":{"type":"Point","coordinates":[51.69075,32.68275]},"properties":{"w":1}},{"type":"Feature","geometry":{"type":"Point","coordinates":[50.51025,26.22825]},"properties":{"w":1}},{"type":"Feature","geometry":{"type":"Point","coordinates":[51.39825,35.65575]},"properties":{"w":1}},{"type":"Feature","geometry":{"type":"Point","coordinates":[51.39525,35.66175]},"properties":{"w":1}},{"type":"Feature","geometry":{"type":"Point","coordinates":[36.28875,34.74675]},"properties":{"w":1}},{"type":"Feature","geometry":{"type":"Point","coordinates":[37.16025,36.18525]},"properties":{"w":1}},{"type":"Feature","geometry":{"type":"Point","coordinates":[59.37525,22.69875]},"properties":{"w":1}},{"type":"Feature","geometry":{"type":"Point","coordinates":[51.38925,35.65575]},"properties":{"w":1}},{"type":"Feature","geometry":{"type":"Point","coordinates":[55.16625,37.25325]},"properties":{"w":1}},{"type":"Feature","geometry":{"type":"Point","coordinates":[55.16475,37.25325]},"properties":{"w":1}},{"type":"Feature","geometry":{"type":"Point","coordinates":[55.16625,37.24575]},"properties":{"w":1}},{"type":"Feature","geometry":{"type":"Point","coordinates":[55.17825,37.25325]},"properties":{"w":1}},{"type":"Feature","geometry":{"type":"Point","coordinates":[54.36825,31.89525]},"properties":{"w":1}},{"type":"Feature","geometry":{"type":"Point","coordinates":[51.69375,32.66175]},"properties":{"w":1}},{"type":"Feature","geometry":{"type":"Point","coordinates":[34.84725,31.25025]},"properties":{"w":1}},{"type":"Feature","geometry":{"type":"Point","coordinates":[46.30875,38.07525]},"properties":{"w":1}},{"type":"Feature","geometry":{"type":"Point","coordinates":[35.93625,33.74025]},"properties":{"w":1}},{"type":"Feature","geometry":{"type":"Point","coordinates":[46.57425,24.72825]},"properties":{"w":1}},{"type":"Feature","geometry":{"type":"Point","coordinates":[46.57275,24.72825]},"properties":{"w":1}},{"type":"Feature","geometry":{"type":"Point","coordinates":[46.58025,24.73725]},"properties":{"w":1}},{"type":"Feature","geometry":{"type":"Point","coordinates":[51.68475,32.68425]},"properties":{"w":1}},{"type":"Feature","geometry":{"type":"Point","coordinates":[51.67875,32.66775]},"properties":{"w":1}},{"type":"Feature","geometry":{"type":"Point","coordinates":[46.57275,24.74025]},"properties":{"w":1}},{"type":"Feature","geometry":{"type":"Point","coordinates":[59.37375,22.69575]},"properties":{"w":1}},{"type":"Feature","geometry":{"type":"Point","coordinates":[51.67875,32.66625]},"properties":{"w":1}},{"type":"Feature","geometry":{"type":"Point","coordinates":[54.04575,17.00475]},"properties":{"w":1}},{"type":"Feature","geometry":{"type":"Point","coordinates":[37.95675,26.79525]},"properties":{"w":1}},{"type":"Feature","geometry":{"type":"Point","coordinates":[37.95375,26.79375]},"properties":{"w":1}},{"type":"Feature","geometry":{"type":"Point","coordinates":[39.18375,21.47925]},"properties":{"w":1}},{"type":"Feature","geometry":{"type":"Point","coordinates":[51.66975,32.66325]},"properties":{"w":1}},{"type":"Feature","geometry":{"type":"Point","coordinates":[51.66825,32.66475]},"properties":{"w":1}},{"type":"Feature","geometry":{"type":"Point","coordinates":[58.35675,29.11275]},"properties":{"w":1}},{"type":"Feature","geometry":{"type":"Point","coordinates":[54.05025,17.00475]},"properties":{"w":1}},{"type":"Feature","geometry":{"type":"Point","coordinates":[58.36125,29.10525]},"properties":{"w":1}},{"type":"Feature","geometry":{"type":"Point","coordinates":[58.35825,29.10675]},"properties":{"w":1}},{"type":"Feature","geometry":{"type":"Point","coordinates":[51.67575,32.66325]},"properties":{"w":1}},{"type":"Feature","geometry":{"type":"Point","coordinates":[35.45025,31.87575]},"properties":{"w":1}},{"type":"Feature","geometry":{"type":"Point","coordinates":[51.67125,32.65875]},"properties":{"w":1}},{"type":"Feature","geometry":{"type":"Point","coordinates":[54.36375,31.87875]},"properties":{"w":1}},{"type":"Feature","geometry":{"type":"Point","coordinates":[54.37125,31.88025]},"properties":{"w":1}},{"type":"Feature","geometry":{"type":"Point","coordinates":[34.78425,32.08425]},"properties":{"w":1}},{"type":"Feature","geometry":{"type":"Point","coordinates":[54.37125,31.88325]},"properties":{"w":1}},{"type":"Feature","geometry":{"type":"Point","coordinates":[54.36975,31.88175]},"properties":{"w":1}},{"type":"Feature","geometry":{"type":"Point","coordinates":[54.36675,31.88925]},"properties":{"w":1}},{"type":"Feature","geometry":{"type":"Point","coordinates":[54.36375,31.89075]},"properties":{"w":1}},{"type":"Feature","geometry":{"type":"Point","coordinates":[54.36525,31.88925]},"properties":{"w":1}},{"type":"Feature","geometry":{"type":"Point","coordinates":[54.37725,31.89375]},"properties":{"w":1}},{"type":"Feature","geometry":{"type":"Point","coordinates":[54.37725,31.87125]},"properties":{"w":1}},{"type":"Feature","geometry":{"type":"Point","coordinates":[54.05925,17.00925]},"properties":{"w":1}},{"type":"Feature","geometry":{"type":"Point","coordinates":[54.37875,31.89525]},"properties":{"w":1}},{"type":"Feature","geometry":{"type":"Point","coordinates":[35.13075,32.70075]},"properties":{"w":1}},{"type":"Feature","geometry":{"type":"Point","coordinates":[31.23075,30.00075]},"properties":{"w":1}},{"type":"Feature","geometry":{"type":"Point","coordinates":[35.24025,31.78275]},"properties":{"w":1}},{"type":"Feature","geometry":{"type":"Point","coordinates":[35.72325,32.03025]},"properties":{"w":1}},{"type":"Feature","geometry":{"type":"Point","coordinates":[35.22525,31.76625]},"properties":{"w":1}},{"type":"Feature","geometry":{"type":"Point","coordinates":[31.22775,30.00525]},"properties":{"w":1}},{"type":"Feature","geometry":{"type":"Point","coordinates":[31.22925,30.01275]},"properties":{"w":1}},{"type":"Feature","geometry":{"type":"Point","coordinates":[31.22775,30.01575]},"properties":{"w":1}},{"type":"Feature","geometry":{"type":"Point","coordinates":[31.22475,30.01275]},"properties":{"w":1}},{"type":"Feature","geometry":{"type":"Point","coordinates":[52.51725,29.63325]},"properties":{"w":1}},{"type":"Feature","geometry":{"type":"Point","coordinates":[51.66975,32.65575]},"properties":{"w":1}},{"type":"Feature","geometry":{"type":"Point","coordinates":[52.51875,29.63325]},"properties":{"w":1}},{"type":"Feature","geometry":{"type":"Point","coordinates":[36.37875,32.32575]},"properties":{"w":1}},{"type":"Feature","geometry":{"type":"Point","coordinates":[51.67275,32.65275]},"properties":{"w":1}},{"type":"Feature","geometry":{"type":"Point","coordinates":[52.52175,29.63175]},"properties":{"w":1}},{"type":"Feature","geometry":{"type":"Point","coordinates":[36.37125,32.32275]},"properties":{"w":1}},{"type":"Feature","geometry":{"type":"Point","coordinates":[36.37125,32.32575]},"properties":{"w":1}},{"type":"Feature","geometry":{"type":"Point","coordinates":[44.42625,32.54175]},"properties":{"w":1}},{"type":"Feature","geometry":{"type":"Point","coordinates":[35.23575,31.76475]},"properties":{"w":1}},{"type":"Feature","geometry":{"type":"Point","coordinates":[50.50425,26.06925]},"properties":{"w":1}},{"type":"Feature","geometry":{"type":"Point","coordinates":[44.01825,36.19875]},"properties":{"w":1}},{"type":"Feature","geometry":{"type":"Point","coordinates":[43.99875,36.18525]},"properties":{"w":1}},{"type":"Feature","geometry":{"type":"Point","coordinates":[36.04425,34.25175]},"properties":{"w":1}},{"type":"Feature","geometry":{"type":"Point","coordinates":[36.04575,34.25025]},"properties":{"w":1}},{"type":"Feature","geometry":{"type":"Point","coordinates":[51.68475,32.67225]},"properties":{"w":1}},{"type":"Feature","geometry":{"type":"Point","coordinates":[51.69225,32.67225]},"properties":{"w":1}},{"type":"Feature","geometry":{"type":"Point","coordinates":[35.93775,33.74325]},"properties":{"w":1}},{"type":"Feature","geometry":{"type":"Point","coordinates":[35.15625,31.70775]},"properties":{"w":1}},{"type":"Feature","geometry":{"type":"Point","coordinates":[32.63775,25.68825]},"properties":{"w":1}},{"type":"Feature","geometry":{"type":"Point","coordinates":[36.47775,32.51475]},"properties":{"w":1}},{"type":"Feature","geometry":{"type":"Point","coordinates":[35.92725,33.73425]},"properties":{"w":1}},{"type":"Feature","geometry":{"type":"Point","coordinates":[51.68175,32.64675]},"properties":{"w":1}},{"type":"Feature","geometry":{"type":"Point","coordinates":[35.92575,33.73425]},"properties":{"w":1}},{"type":"Feature","geometry":{"type":"Point","coordinates":[35.82375,34.42725]},"properties":{"w":1}},{"type":"Feature","geometry":{"type":"Point","coordinates":[35.01075,30.57075]},"properties":{"w":1}},{"type":"Feature","geometry":{"type":"Point","coordinates":[36.19725,33.99525]},"properties":{"w":1}},{"type":"Feature","geometry":{"type":"Point","coordinates":[36.21075,33.99675]},"properties":{"w":1}},{"type":"Feature","geometry":{"type":"Point","coordinates":[36.31425,33.50775]},"properties":{"w":1}},{"type":"Feature","geometry":{"type":"Point","coordinates":[36.20925,33.99525]},"properties":{"w":1}},{"type":"Feature","geometry":{"type":"Point","coordinates":[35.82525,34.42875]},"properties":{"w":1}},{"type":"Feature","geometry":{"type":"Point","coordinates":[36.31575,33.50025]},"properties":{"w":1}},{"type":"Feature","geometry":{"type":"Point","coordinates":[36.20775,33.99675]},"properties":{"w":1}},{"type":"Feature","geometry":{"type":"Point","coordinates":[36.30075,33.50625]},"properties":{"w":1}},{"type":"Feature","geometry":{"type":"Point","coordinates":[35.82225,34.43025]},"properties":{"w":1}},{"type":"Feature","geometry":{"type":"Point","coordinates":[36.30675,33.49725]},"properties":{"w":1}},{"type":"Feature","geometry":{"type":"Point","coordinates":[35.93325,33.74325]},"properties":{"w":1}},{"type":"Feature","geometry":{"type":"Point","coordinates":[36.31125,33.50625]},"properties":{"w":1}},{"type":"Feature","geometry":{"type":"Point","coordinates":[35.82825,34.42875]},"properties":{"w":1}},{"type":"Feature","geometry":{"type":"Point","coordinates":[51.68025,32.64975]},"properties":{"w":1}},{"type":"Feature","geometry":{"type":"Point","coordinates":[35.83125,34.42725]},"properties":{"w":1}},{"type":"Feature","geometry":{"type":"Point","coordinates":[36.30825,33.51525]},"properties":{"w":1}},{"type":"Feature","geometry":{"type":"Point","coordinates":[35.11125,31.52175]},"properties":{"w":1}},{"type":"Feature","geometry":{"type":"Point","coordinates":[51.67275,32.65125]},"properties":{"w":1}},{"type":"Feature","geometry":{"type":"Point","coordinates":[35.82675,34.43475]},"properties":{"w":1}},{"type":"Feature","geometry":{"type":"Point","coordinates":[35.82675,34.44975]},"properties":{"w":1}},{"type":"Feature","geometry":{"type":"Point","coordinates":[35.82975,34.44825]},"properties":{"w":1}},{"type":"Feature","geometry":{"type":"Point","coordinates":[36.20775,33.99375]},"properties":{"w":1}},{"type":"Feature","geometry":{"type":"Point","coordinates":[35.10525,31.52175]},"properties":{"w":1}},{"type":"Feature","geometry":{"type":"Point","coordinates":[35.06925,32.92875]},"properties":{"w":1}},{"type":"Feature","geometry":{"type":"Point","coordinates":[51.67425,32.65125]},"properties":{"w":1}},{"type":"Feature","geometry":{"type":"Point","coordinates":[35.82375,34.43775]},"properties":{"w":1}},{"type":"Feature","geometry":{"type":"Point","coordinates":[35.81775,34.43625]},"properties":{"w":1}},{"type":"Feature","geometry":{"type":"Point","coordinates":[35.93475,33.74025]},"properties":{"w":1}},{"type":"Feature","geometry":{"type":"Point","coordinates":[35.81625,34.44375]},"properties":{"w":1}},{"type":"Feature","geometry":{"type":"Point","coordinates":[35.10525,31.52925]},"properties":{"w":1}},{"type":"Feature","geometry":{"type":"Point","coordinates":[51.66825,32.64975]},"properties":{"w":1}},{"type":"Feature","geometry":{"type":"Point","coordinates":[38.25975,34.54875]},"properties":{"w":1}},{"type":"Feature","geometry":{"type":"Point","coordinates":[35.10825,31.53225]},"properties":{"w":1}},{"type":"Feature","geometry":{"type":"Point","coordinates":[38.26875,34.56525]},"properties":{"w":1}},{"type":"Feature","geometry":{"type":"Point","coordinates":[38.27025,34.55475]},"properties":{"w":1}},{"type":"Feature","geometry":{"type":"Point","coordinates":[38.27625,34.55775]},"properties":{"w":1}},{"type":"Feature","geometry":{"type":"Point","coordinates":[38.27625,34.55625]},"properties":{"w":1}},{"type":"Feature","geometry":{"type":"Point","coordinates":[52.88925,29.93325]},"properties":{"w":1}},{"type":"Feature","geometry":{"type":"Point","coordinates":[52.88925,29.93475]},"properties":{"w":1}},{"type":"Feature","geometry":{"type":"Point","coordinates":[36.20325,33.99825]},"properties":{"w":1}},{"type":"Feature","geometry":{"type":"Point","coordinates":[52.52025,29.64225]},"properties":{"w":1}},{"type":"Feature","geometry":{"type":"Point","coordinates":[52.52775,29.64375]},"properties":{"w":1}},{"type":"Feature","geometry":{"type":"Point","coordinates":[35.07225,32.93325]},"properties":{"w":1}},{"type":"Feature","geometry":{"type":"Point","coordinates":[35.10975,31.52925]},"properties":{"w":1}},{"type":"Feature","geometry":{"type":"Point","coordinates":[44.01375,36.18675]},"properties":{"w":1}},{"type":"Feature","geometry":{"type":"Point","coordinates":[35.07225,32.92425]},"properties":{"w":1}},{"type":"Feature","geometry":{"type":"Point","coordinates":[35.93925,33.73575]},"properties":{"w":1}},{"type":"Feature","geometry":{"type":"Point","coordinates":[32.64375,25.70475]},"properties":{"w":1}},{"type":"Feature","geometry":{"type":"Point","coordinates":[35.93925,33.73725]},"properties":{"w":1}},{"type":"Feature","geometry":{"type":"Point","coordinates":[32.64075,25.70325]},"properties":{"w":1}},{"type":"Feature","geometry":{"type":"Point","coordinates":[35.11575,32.70075]},"properties":{"w":1}},{"type":"Feature","geometry":{"type":"Point","coordinates":[36.04575,34.24875]},"properties":{"w":1}},{"type":"Feature","geometry":{"type":"Point","coordinates":[51.67875,32.64225]},"properties":{"w":1}},{"type":"Feature","geometry":{"type":"Point","coordinates":[46.57425,24.72975]},"properties":{"w":1}},{"type":"Feature","geometry":{"type":"Point","coordinates":[35.44425,31.86825]},"properties":{"w":1}},{"type":"Feature","geometry":{"type":"Point","coordinates":[46.57125,24.72825]},"properties":{"w":1}},{"type":"Feature","geometry":{"type":"Point","coordinates":[48.28425,38.23875]},"properties":{"w":1}},{"type":"Feature","geometry":{"type":"Point","coordinates":[48.28425,38.25075]},"properties":{"w":1}},{"type":"Feature","geometry":{"type":"Point","coordinates":[58.38975,29.08725]},"properties":{"w":1}},{"type":"Feature","geometry":{"type":"Point","coordinates":[48.28425,38.24025]},"properties":{"w":1}},{"type":"Feature","geometry":{"type":"Point","coordinates":[48.28575,38.24175]},"properties":{"w":1}},{"type":"Feature","geometry":{"type":"Point","coordinates":[48.29775,38.24625]},"properties":{"w":1}},{"type":"Feature","geometry":{"type":"Point","coordinates":[48.29175,38.23875]},"properties":{"w":1}},{"type":"Feature","geometry":{"type":"Point","coordinates":[48.28875,38.25825]},"properties":{"w":1}},{"type":"Feature","geometry":{"type":"Point","coordinates":[48.28425,38.25375]},"properties":{"w":1}},{"type":"Feature","geometry":{"type":"Point","coordinates":[46.30875,38.08125]},"properties":{"w":1}},{"type":"Feature","geometry":{"type":"Point","coordinates":[48.29775,38.23725]},"properties":{"w":1}},{"type":"Feature","geometry":{"type":"Point","coordinates":[46.29225,38.07375]},"properties":{"w":1}},{"type":"Feature","geometry":{"type":"Point","coordinates":[48.79275,36.43125]},"properties":{"w":1}},{"type":"Feature","geometry":{"type":"Point","coordinates":[46.29075,38.06775]},"properties":{"w":1}},{"type":"Feature","geometry":{"type":"Point","coordinates":[46.30275,38.06325]},"properties":{"w":1}},{"type":"Feature","geometry":{"type":"Point","coordinates":[46.29825,38.06025]},"properties":{"w":1}},{"type":"Feature","geometry":{"type":"Point","coordinates":[46.30725,38.06475]},"properties":{"w":1}},{"type":"Feature","geometry":{"type":"Point","coordinates":[39.18525,21.49725]},"properties":{"w":1}},{"type":"Feature","geometry":{"type":"Point","coordinates":[46.29825,38.07525]},"properties":{"w":1}},{"type":"Feature","geometry":{"type":"Point","coordinates":[46.29825,38.07975]},"properties":{"w":1}},{"type":"Feature","geometry":{"type":"Point","coordinates":[51.41325,35.69325]},"properties":{"w":1}},{"type":"Feature","geometry":{"type":"Point","coordinates":[51.41325,35.68875]},"properties":{"w":1}},{"type":"Feature","geometry":{"type":"Point","coordinates":[51.39075,35.66775]},"properties":{"w":1}},{"type":"Feature","geometry":{"type":"Point","coordinates":[51.39375,35.67075]},"properties":{"w":1}},{"type":"Feature","geometry":{"type":"Point","coordinates":[46.30425,38.07975]},"properties":{"w":1}},{"type":"Feature","geometry":{"type":"Point","coordinates":[46.30575,38.07825]},"properties":{"w":1}},{"type":"Feature","geometry":{"type":"Point","coordinates":[46.30725,38.07825]},"properties":{"w":1}},{"type":"Feature","geometry":{"type":"Point","coordinates":[46.30875,38.07825]},"properties":{"w":1}},{"type":"Feature","geometry":{"type":"Point","coordinates":[46.31025,38.08275]},"properties":{"w":1}},{"type":"Feature","geometry":{"type":"Point","coordinates":[51.41025,35.68275]},"properties":{"w":1}},{"type":"Feature","geometry":{"type":"Point","coordinates":[37.95075,26.79375]},"properties":{"w":1}},{"type":"Feature","geometry":{"type":"Point","coordinates":[46.29975,38.08125]},"properties":{"w":1}},{"type":"Feature","geometry":{"type":"Point","coordinates":[33.96675,28.54725]},"properties":{"w":1}},{"type":"Feature","geometry":{"type":"Point","coordinates":[33.96975,28.54725]},"properties":{"w":1}},{"type":"Feature","geometry":{"type":"Point","coordinates":[31.26825,29.84775]},"properties":{"w":1}},{"type":"Feature","geometry":{"type":"Point","coordinates":[31.24275,30.00675]},"properties":{"w":1}},{"type":"Feature","geometry":{"type":"Point","coordinates":[39.18975,21.48375]},"properties":{"w":1}},{"type":"Feature","geometry":{"type":"Point","coordinates":[31.23525,29.99625]},"properties":{"w":1}},{"type":"Feature","geometry":{"type":"Point","coordinates":[51.41775,35.67675]},"properties":{"w":1}},{"type":"Feature","geometry":{"type":"Point","coordinates":[31.23825,30.00825]},"properties":{"w":1}},{"type":"Feature","geometry":{"type":"Point","coordinates":[58.37325,29.10975]},"properties":{"w":1}},{"type":"Feature","geometry":{"type":"Point","coordinates":[35.07975,32.92575]},"properties":{"w":1}},{"type":"Feature","geometry":{"type":"Point","coordinates":[46.56975,24.74475]},"properties":{"w":1}},{"type":"Feature","geometry":{"type":"Point","coordinates":[46.56525,24.74325]},"properties":{"w":1}},{"type":"Feature","geometry":{"type":"Point","coordinates":[51.41325,35.66775]},"properties":{"w":1}},{"type":"Feature","geometry":{"type":"Point","coordinates":[39.18675,21.49575]},"properties":{"w":1}},{"type":"Feature","geometry":{"type":"Point","coordinates":[46.56825,24.74775]},"properties":{"w":1}},{"type":"Feature","geometry":{"type":"Point","coordinates":[51.41775,35.67075]},"properties":{"w":1}},{"type":"Feature","geometry":{"type":"Point","coordinates":[35.64975,34.13175]},"properties":{"w":1}},{"type":"Feature","geometry":{"type":"Point","coordinates":[51.42225,35.66925]},"properties":{"w":1}},{"type":"Feature","geometry":{"type":"Point","coordinates":[51.43125,35.67525]},"properties":{"w":1}},{"type":"Feature","geometry":{"type":"Point","coordinates":[51.43125,35.67675]},"properties":{"w":1}},{"type":"Feature","geometry":{"type":"Point","coordinates":[46.57875,24.72975]},"properties":{"w":1}},{"type":"Feature","geometry":{"type":"Point","coordinates":[35.43975,31.86975]},"properties":{"w":1}},{"type":"Feature","geometry":{"type":"Point","coordinates":[51.42225,35.68125]},"properties":{"w":1}},{"type":"Feature","geometry":{"type":"Point","coordinates":[49.57125,25.36575]},"properties":{"w":1}},{"type":"Feature","geometry":{"type":"Point","coordinates":[49.57575,25.36425]},"properties":{"w":1}},{"type":"Feature","geometry":{"type":"Point","coordinates":[50.51625,26.22225]},"properties":{"w":1}},{"type":"Feature","geometry":{"type":"Point","coordinates":[51.42525,35.69325]},"properties":{"w":1}},{"type":"Feature","geometry":{"type":"Point","coordinates":[51.42375,35.69175]},"properties":{"w":1}},{"type":"Feature","geometry":{"type":"Point","coordinates":[50.51925,26.22225]},"properties":{"w":1}},{"type":"Feature","geometry":{"type":"Point","coordinates":[35.09775,31.52925]},"properties":{"w":1}},{"type":"Feature","geometry":{"type":"Point","coordinates":[51.39375,35.64825]},"properties":{"w":1}},{"type":"Feature","geometry":{"type":"Point","coordinates":[54.05175,17.02725]},"properties":{"w":1}},{"type":"Feature","geometry":{"type":"Point","coordinates":[54.05475,17.02275]},"properties":{"w":1}},{"type":"Feature","geometry":{"type":"Point","coordinates":[51.39675,35.64825]},"properties":{"w":1}},{"type":"Feature","geometry":{"type":"Point","coordinates":[54.05775,17.02275]},"properties":{"w":1}},{"type":"Feature","geometry":{"type":"Point","coordinates":[34.35825,31.43775]},"properties":{"w":1}},{"type":"Feature","geometry":{"type":"Point","coordinates":[35.11725,32.70975]},"properties":{"w":1}},{"type":"Feature","geometry":{"type":"Point","coordinates":[36.29475,34.75425]},"properties":{"w":1}},{"type":"Feature","geometry":{"type":"Point","coordinates":[51.40575,35.65875]},"properties":{"w":1}},{"type":"Feature","geometry":{"type":"Point","coordinates":[46.57875,24.74025]},"properties":{"w":1}},{"type":"Feature","geometry":{"type":"Point","coordinates":[34.76775,32.08575]},"properties":{"w":1}},{"type":"Feature","geometry":{"type":"Point","coordinates":[51.39375,35.65875]},"properties":{"w":1}},{"type":"Feature","geometry":{"type":"Point","coordinates":[51.39375,35.66175]},"properties":{"w":1}},{"type":"Feature","geometry":{"type":"Point","coordinates":[34.98225,32.82675]},"properties":{"w":1}},{"type":"Feature","geometry":{"type":"Point","coordinates":[35.20875,31.70925]},"properties":{"w":1}},{"type":"Feature","geometry":{"type":"Point","coordinates":[35.21475,31.70925]},"properties":{"w":1}},{"type":"Feature","geometry":{"type":"Point","coordinates":[55.16625,37.24875]},"properties":{"w":1}},{"type":"Feature","geometry":{"type":"Point","coordinates":[54.36675,31.89675]},"properties":{"w":1}},{"type":"Feature","geometry":{"type":"Point","coordinates":[34.98375,32.80725]},"properties":{"w":1}},{"type":"Feature","geometry":{"type":"Point","coordinates":[34.84725,31.24725]},"properties":{"w":1}},{"type":"Feature","geometry":{"type":"Point","coordinates":[34.90275,31.58925]},"properties":{"w":1}},{"type":"Feature","geometry":{"type":"Point","coordinates":[35.15025,31.71075]},"properties":{"w":1}},{"type":"Feature","geometry":{"type":"Point","coordinates":[34.89225,31.61025]},"properties":{"w":1}},{"type":"Feature","geometry":{"type":"Point","coordinates":[34.89225,31.60725]},"properties":{"w":1}},{"type":"Feature","geometry":{"type":"Point","coordinates":[35.16225,31.71075]},"properties":{"w":1}},{"type":"Feature","geometry":{"type":"Point","coordinates":[34.89525,31.61325]},"properties":{"w":1}},{"type":"Feature","geometry":{"type":"Point","coordinates":[34.97625,32.81775]},"properties":{"w":1}},{"type":"Feature","geometry":{"type":"Point","coordinates":[35.16525,31.70625]},"properties":{"w":1}},{"type":"Feature","geometry":{"type":"Point","coordinates":[36.30075,34.75725]},"properties":{"w":1}},{"type":"Feature","geometry":{"type":"Point","coordinates":[34.89825,31.61025]},"properties":{"w":1}},{"type":"Feature","geometry":{"type":"Point","coordinates":[34.37775,31.44975]},"properties":{"w":1}},{"type":"Feature","geometry":{"type":"Point","coordinates":[37.15275,36.20625]},"properties":{"w":1}},{"type":"Feature","geometry":{"type":"Point","coordinates":[48.51975,34.80675]},"properties":{"w":1}},{"type":"Feature","geometry":{"type":"Point","coordinates":[54.37725,27.20325]},"properties":{"w":1}},{"type":"Feature","geometry":{"type":"Point","coordinates":[54.04725,17.01375]},"properties":{"w":1}},{"type":"Feature","geometry":{"type":"Point","coordinates":[54.04725,17.00325]},"properties":{"w":1}},{"type":"Feature","geometry":{"type":"Point","coordinates":[54.37575,27.20475]},"properties":{"w":1}},{"type":"Feature","geometry":{"type":"Point","coordinates":[54.04875,17.00475]},"properties":{"w":1}},{"type":"Feature","geometry":{"type":"Point","coordinates":[54.37725,27.20175]},"properties":{"w":1}},{"type":"Feature","geometry":{"type":"Point","coordinates":[56.73825,23.26575]},"properties":{"w":1}},{"type":"Feature","geometry":{"type":"Point","coordinates":[54.36675,31.88775]},"properties":{"w":1}},{"type":"Feature","geometry":{"type":"Point","coordinates":[54.36675,31.89375]},"properties":{"w":1}},{"type":"Feature","geometry":{"type":"Point","coordinates":[54.37725,31.88925]},"properties":{"w":1}},{"type":"Feature","geometry":{"type":"Point","coordinates":[54.37125,31.89825]},"properties":{"w":1}},{"type":"Feature","geometry":{"type":"Point","coordinates":[56.74575,23.26425]},"properties":{"w":1}},{"type":"Feature","geometry":{"type":"Point","coordinates":[54.36975,31.89525]},"properties":{"w":1}},{"type":"Feature","geometry":{"type":"Point","coordinates":[44.00925,36.18225]},"properties":{"w":1}},{"type":"Feature","geometry":{"type":"Point","coordinates":[35.21625,31.71375]},"properties":{"w":1}},{"type":"Feature","geometry":{"type":"Point","coordinates":[50.50425,26.06625]},"properties":{"w":1}},{"type":"Feature","geometry":{"type":"Point","coordinates":[31.22925,30.00075]},"properties":{"w":1}},{"type":"Feature","geometry":{"type":"Point","coordinates":[48.28725,38.24625]},"properties":{"w":1}},{"type":"Feature","geometry":{"type":"Point","coordinates":[50.50275,26.06775]},"properties":{"w":1}},{"type":"Feature","geometry":{"type":"Point","coordinates":[31.22475,30.00825]},"properties":{"w":1}},{"type":"Feature","geometry":{"type":"Point","coordinates":[50.49525,26.06925]},"properties":{"w":1}},{"type":"Feature","geometry":{"type":"Point","coordinates":[31.25625,29.85075]},"properties":{"w":1}},{"type":"Feature","geometry":{"type":"Point","coordinates":[50.49675,26.06925]},"properties":{"w":1}},{"type":"Feature","geometry":{"type":"Point","coordinates":[50.50875,26.08425]},"properties":{"w":1}},{"type":"Feature","geometry":{"type":"Point","coordinates":[31.62825,22.33875]},"properties":{"w":1}},{"type":"Feature","geometry":{"type":"Point","coordinates":[50.51175,26.07975]},"properties":{"w":1}},{"type":"Feature","geometry":{"type":"Point","coordinates":[31.62525,22.33575]},"properties":{"w":1}},{"type":"Feature","geometry":{"type":"Point","coordinates":[50.50875,26.06475]},"properties":{"w":1}},{"type":"Feature","geometry":{"type":"Point","coordinates":[50.50875,26.06775]},"properties":{"w":1}},{"type":"Feature","geometry":{"type":"Point","coordinates":[31.62075,22.33725]},"properties":{"w":1}},{"type":"Feature","geometry":{"type":"Point","coordinates":[31.61925,22.33725]},"properties":{"w":1}},{"type":"Feature","geometry":{"type":"Point","coordinates":[37.16775,36.21075]},"properties":{"w":1}},{"type":"Feature","geometry":{"type":"Point","coordinates":[51.02925,25.97625]},"properties":{"w":1}},{"type":"Feature","geometry":{"type":"Point","coordinates":[51.02625,25.97625]},"properties":{"w":1}},{"type":"Feature","geometry":{"type":"Point","coordinates":[31.61475,22.34025]},"properties":{"w":1}},{"type":"Feature","geometry":{"type":"Point","coordinates":[50.50725,26.23425]},"properties":{"w":1}},{"type":"Feature","geometry":{"type":"Point","coordinates":[36.37425,32.32725]},"properties":{"w":1}},{"type":"Feature","geometry":{"type":"Point","coordinates":[50.51025,26.22525]},"properties":{"w":1}},{"type":"Feature","geometry":{"type":"Point","coordinates":[50.52075,26.23125]},"properties":{"w":1}},{"type":"Feature","geometry":{"type":"Point","coordinates":[50.52675,26.23725]},"properties":{"w":1}},{"type":"Feature","geometry":{"type":"Point","coordinates":[48.51525,34.79025]},"properties":{"w":1}},{"type":"Feature","geometry":{"type":"Point","coordinates":[48.51675,34.79475]},"properties":{"w":1}},{"type":"Feature","geometry":{"type":"Point","coordinates":[48.51525,34.79475]},"properties":{"w":1}},{"type":"Feature","geometry":{"type":"Point","coordinates":[48.51975,34.80225]},"properties":{"w":1}},{"type":"Feature","geometry":{"type":"Point","coordinates":[35.72325,32.05275]},"properties":{"w":1}},{"type":"Feature","geometry":{"type":"Point","coordinates":[48.51975,34.80975]},"properties":{"w":1}},{"type":"Feature","geometry":{"type":"Point","coordinates":[48.51675,34.81425]},"properties":{"w":1}},{"type":"Feature","geometry":{"type":"Point","coordinates":[48.51525,34.81425]},"properties":{"w":1}},{"type":"Feature","geometry":{"type":"Point","coordinates":[51.68325,32.67075]},"properties":{"w":1}},{"type":"Feature","geometry":{"type":"Point","coordinates":[47.43375,34.38225]},"properties":{"w":1}},{"type":"Feature","geometry":{"type":"Point","coordinates":[51.69225,32.67825]},"properties":{"w":1}},{"type":"Feature","geometry":{"type":"Point","coordinates":[51.68925,32.67675]},"properties":{"w":1}},{"type":"Feature","geometry":{"type":"Point","coordinates":[36.31875,33.51975]},"properties":{"w":1}},{"type":"Feature","geometry":{"type":"Point","coordinates":[51.68175,32.67225]},"properties":{"w":1}},{"type":"Feature","geometry":{"type":"Point","coordinates":[36.31725,33.52125]},"properties":{"w":1}},{"type":"Feature","geometry":{"type":"Point","coordinates":[51.67875,32.67225]},"properties":{"w":1}},{"type":"Feature","geometry":{"type":"Point","coordinates":[51.66975,32.65875]},"properties":{"w":1}},{"type":"Feature","geometry":{"type":"Point","coordinates":[35.82675,34.42575]},"properties":{"w":1}},{"type":"Feature","geometry":{"type":"Point","coordinates":[35.82225,34.42875]},"properties":{"w":1}},{"type":"Feature","geometry":{"type":"Point","coordinates":[51.67875,32.65575]},"properties":{"w":1}},{"type":"Feature","geometry":{"type":"Point","coordinates":[51.68625,32.66175]},"properties":{"w":1}},{"type":"Feature","geometry":{"type":"Point","coordinates":[35.81925,34.42725]},"properties":{"w":1}},{"type":"Feature","geometry":{"type":"Point","coordinates":[51.68475,32.66925]},"properties":{"w":1}},{"type":"Feature","geometry":{"type":"Point","coordinates":[36.05025,34.24275]},"properties":{"w":1}},{"type":"Feature","geometry":{"type":"Point","coordinates":[51.68025,32.64825]},"properties":{"w":1}},{"type":"Feature","geometry":{"type":"Point","coordinates":[51.66825,32.64825]},"properties":{"w":1}},{"type":"Feature","geometry":{"type":"Point","coordinates":[52.88325,29.93475]},"properties":{"w":1}},{"type":"Feature","geometry":{"type":"Point","coordinates":[52.52025,29.64675]},"properties":{"w":1}},{"type":"Feature","geometry":{"type":"Point","coordinates":[52.51875,29.64525]},"properties":{"w":1}},{"type":"Feature","geometry":{"type":"Point","coordinates":[52.51725,29.64525]},"properties":{"w":1}},{"type":"Feature","geometry":{"type":"Point","coordinates":[52.51575,29.64375]},"properties":{"w":1}},{"type":"Feature","geometry":{"type":"Point","coordinates":[52.52475,29.64075]},"properties":{"w":1}},{"type":"Feature","geometry":{"type":"Point","coordinates":[36.30375,33.50025]},"properties":{"w":1}},{"type":"Feature","geometry":{"type":"Point","coordinates":[36.30525,33.50025]},"properties":{"w":1}},{"type":"Feature","geometry":{"type":"Point","coordinates":[52.53075,29.63925]},"properties":{"w":1}},{"type":"Feature","geometry":{"type":"Point","coordinates":[52.53225,29.63625]},"properties":{"w":1}},{"type":"Feature","geometry":{"type":"Point","coordinates":[52.53525,29.62875]},"properties":{"w":1}},{"type":"Feature","geometry":{"type":"Point","coordinates":[52.53225,29.63025]},"properties":{"w":1}},{"type":"Feature","geometry":{"type":"Point","coordinates":[35.93475,33.73725]},"properties":{"w":1}},{"type":"Feature","geometry":{"type":"Point","coordinates":[36.30825,33.50475]},"properties":{"w":1}},{"type":"Feature","geometry":{"type":"Point","coordinates":[35.94075,33.73425]},"properties":{"w":1}},{"type":"Feature","geometry":{"type":"Point","coordinates":[35.83425,34.43175]},"properties":{"w":1}},{"type":"Feature","geometry":{"type":"Point","coordinates":[32.62875,25.69575]},"properties":{"w":1}},{"type":"Feature","geometry":{"type":"Point","coordinates":[36.30525,33.51675]},"properties":{"w":1}},{"type":"Feature","geometry":{"type":"Point","coordinates":[32.63475,25.68825]},"properties":{"w":1}},{"type":"Feature","geometry":{"type":"Point","coordinates":[32.64075,25.69275]},"properties":{"w":1}},{"type":"Feature","geometry":{"type":"Point","coordinates":[36.30975,33.51225]},"properties":{"w":1}},{"type":"Feature","geometry":{"type":"Point","coordinates":[32.64075,25.68825]},"properties":{"w":1}},{"type":"Feature","geometry":{"type":"Point","coordinates":[35.94075,33.72825]},"properties":{"w":1}},{"type":"Feature","geometry":{"type":"Point","coordinates":[35.82675,34.43625]},"properties":{"w":1}},{"type":"Feature","geometry":{"type":"Point","coordinates":[32.64675,25.70175]},"properties":{"w":1}},{"type":"Feature","geometry":{"type":"Point","coordinates":[35.82675,34.45125]},"properties":{"w":1}},{"type":"Feature","geometry":{"type":"Point","coordinates":[35.82825,34.44825]},"properties":{"w":1}},{"type":"Feature","geometry":{"type":"Point","coordinates":[32.64225,25.70625]},"properties":{"w":1}},{"type":"Feature","geometry":{"type":"Point","coordinates":[32.63925,25.70925]},"properties":{"w":1}},{"type":"Feature","geometry":{"type":"Point","coordinates":[35.81925,34.44525]},"properties":{"w":1}},{"type":"Feature","geometry":{"type":"Point","coordinates":[35.81925,34.44075]},"properties":{"w":1}},{"type":"Feature","geometry":{"type":"Point","coordinates":[32.63475,25.70625]},"properties":{"w":1}},{"type":"Feature","geometry":{"type":"Point","coordinates":[35.82225,34.44075]},"properties":{"w":1}},{"type":"Feature","geometry":{"type":"Point","coordinates":[32.63325,25.70775]},"properties":{"w":1}},{"type":"Feature","geometry":{"type":"Point","coordinates":[33.97575,28.54275]},"properties":{"w":1}},{"type":"Feature","geometry":{"type":"Point","coordinates":[33.97725,28.54725]},"properties":{"w":1}},{"type":"Feature","geometry":{"type":"Point","coordinates":[33.98325,28.55475]},"properties":{"w":1}},{"type":"Feature","geometry":{"type":"Point","coordinates":[35.81775,34.43475]},"properties":{"w":1}},{"type":"Feature","geometry":{"type":"Point","coordinates":[35.93325,33.73425]},"properties":{"w":1}},{"type":"Feature","geometry":{"type":"Point","coordinates":[38.27775,34.55475]},"properties":{"w":1}},{"type":"Feature","geometry":{"type":"Point","coordinates":[38.27475,34.55625]},"properties":{"w":1}},{"type":"Feature","geometry":{"type":"Point","coordinates":[35.92725,33.74175]},"properties":{"w":1}},{"type":"Feature","geometry":{"type":"Point","coordinates":[35.44725,30.32025]},"properties":{"w":1}},{"type":"Feature","geometry":{"type":"Point","coordinates":[35.20725,33.26775]},"properties":{"w":1}},{"type":"Feature","geometry":{"type":"Point","coordinates":[35.45325,31.87425]},"properties":{"w":1}},{"type":"Feature","geometry":{"type":"Point","coordinates":[35.81325,34.44225]},"properties":{"w":1}},{"type":"Feature","geometry":{"type":"Point","coordinates":[44.42925,32.54325]},"properties":{"w":1}},{"type":"Feature","geometry":{"type":"Point","coordinates":[52.54125,28.85325]},"properties":{"w":1}},{"type":"Feature","geometry":{"type":"Point","coordinates":[52.51575,29.62875]},"properties":{"w":1}},{"type":"Feature","geometry":{"type":"Point","coordinates":[35.81325,34.44075]},"properties":{"w":1}},{"type":"Feature","geometry":{"type":"Point","coordinates":[52.51725,29.63775]},"properties":{"w":1}},{"type":"Feature","geometry":{"type":"Point","coordinates":[35.81475,34.43175]},"properties":{"w":1}},{"type":"Feature","geometry":{"type":"Point","coordinates":[52.52775,29.63175]},"properties":{"w":1}},{"type":"Feature","geometry":{"type":"Point","coordinates":[37.16625,36.18975]},"properties":{"w":1}},{"type":"Feature","geometry":{"type":"Point","coordinates":[37.16775,36.18975]},"properties":{"w":1}},{"type":"Feature","geometry":{"type":"Point","coordinates":[35.43825,31.86525]},"properties":{"w":1}},{"type":"Feature","geometry":{"type":"Point","coordinates":[35.44125,31.88025]},"properties":{"w":1}},{"type":"Feature","geometry":{"type":"Point","coordinates":[35.12925,32.70075]},"properties":{"w":1}},{"type":"Feature","geometry":{"type":"Point","coordinates":[35.44275,31.85925]},"properties":{"w":1}},{"type":"Feature","geometry":{"type":"Point","coordinates":[35.45025,31.86075]},"properties":{"w":1}},{"type":"Feature","geometry":{"type":"Point","coordinates":[35.44875,31.87275]},"properties":{"w":1}},{"type":"Feature","geometry":{"type":"Point","coordinates":[35.45175,31.87575]},"properties":{"w":1}},{"type":"Feature","geometry":{"type":"Point","coordinates":[49.56975,25.36425]},"properties":{"w":1}},{"type":"Feature","geometry":{"type":"Point","coordinates":[31.22475,30.00075]},"properties":{"w":1}},{"type":"Feature","geometry":{"type":"Point","coordinates":[48.28425,38.24175]},"properties":{"w":1}},{"type":"Feature","geometry":{"type":"Point","coordinates":[51.68325,32.66625]},"properties":{"w":1}},{"type":"Feature","geometry":{"type":"Point","coordinates":[31.24125,30.00375]},"properties":{"w":1}},{"type":"Feature","geometry":{"type":"Point","coordinates":[31.23975,30.00825]},"properties":{"w":1}},{"type":"Feature","geometry":{"type":"Point","coordinates":[31.24275,30.00975]},"properties":{"w":1}},{"type":"Feature","geometry":{"type":"Point","coordinates":[35.36325,31.31175]},"properties":{"w":1}},{"type":"Feature","geometry":{"type":"Point","coordinates":[35.36025,31.31175]},"properties":{"w":1}},{"type":"Feature","geometry":{"type":"Point","coordinates":[35.43675,31.86375]},"properties":{"w":1}},{"type":"Feature","geometry":{"type":"Point","coordinates":[35.82225,34.42575]},"properties":{"w":1}},{"type":"Feature","geometry":{"type":"Point","coordinates":[35.44275,31.85775]},"properties":{"w":1}},{"type":"Feature","geometry":{"type":"Point","coordinates":[46.30125,38.07525]},"properties":{"w":1}},{"type":"Feature","geometry":{"type":"Point","coordinates":[46.30425,38.06925]},"properties":{"w":1}},{"type":"Feature","geometry":{"type":"Point","coordinates":[46.31025,38.07525]},"properties":{"w":1}},{"type":"Feature","geometry":{"type":"Point","coordinates":[46.31025,38.07375]},"properties":{"w":1}},{"type":"Feature","geometry":{"type":"Point","coordinates":[46.30575,38.06625]},"properties":{"w":1}},{"type":"Feature","geometry":{"type":"Point","coordinates":[46.29675,38.06625]},"properties":{"w":1}},{"type":"Feature","geometry":{"type":"Point","coordinates":[46.29225,38.06775]},"properties":{"w":1}},{"type":"Feature","geometry":{"type":"Point","coordinates":[46.29375,38.07075]},"properties":{"w":1}},{"type":"Feature","geometry":{"type":"Point","coordinates":[37.95075,26.78925]},"properties":{"w":1}},{"type":"Feature","geometry":{"type":"Point","coordinates":[48.29925,38.23725]},"properties":{"w":1}},{"type":"Feature","geometry":{"type":"Point","coordinates":[35.20425,31.70775]},"properties":{"w":1}},{"type":"Feature","geometry":{"type":"Point","coordinates":[48.28575,38.23425]},"properties":{"w":1}},{"type":"Feature","geometry":{"type":"Point","coordinates":[36.19725,34.01775]},"properties":{"w":1}},{"type":"Feature","geometry":{"type":"Point","coordinates":[35.45175,31.87125]},"properties":{"w":1}},{"type":"Feature","geometry":{"type":"Point","coordinates":[48.29175,38.24175]},"properties":{"w":1}},{"type":"Feature","geometry":{"type":"Point","coordinates":[35.44725,31.87275]},"properties":{"w":1}},{"type":"Feature","geometry":{"type":"Point","coordinates":[48.28575,38.23875]},"properties":{"w":1}},{"type":"Feature","geometry":{"type":"Point","coordinates":[50.50125,26.07525]},"properties":{"w":1}},{"type":"Feature","geometry":{"type":"Point","coordinates":[48.28125,38.24775]},"properties":{"w":1}},{"type":"Feature","geometry":{"type":"Point","coordinates":[48.28575,38.24325]},"properties":{"w":1}},{"type":"Feature","geometry":{"type":"Point","coordinates":[48.28875,38.24475]},"properties":{"w":1}},{"type":"Feature","geometry":{"type":"Point","coordinates":[46.56375,24.74175]},"properties":{"w":1}},{"type":"Feature","geometry":{"type":"Point","coordinates":[37.95375,26.79675]},"properties":{"w":1}},{"type":"Feature","geometry":{"type":"Point","coordinates":[48.28275,38.24775]},"properties":{"w":1}},{"type":"Feature","geometry":{"type":"Point","coordinates":[48.28425,38.25225]},"properties":{"w":1}},{"type":"Feature","geometry":{"type":"Point","coordinates":[48.29475,38.25225]},"properties":{"w":1}},{"type":"Feature","geometry":{"type":"Point","coordinates":[39.18075,21.48225]},"properties":{"w":1}},{"type":"Feature","geometry":{"type":"Point","coordinates":[35.43675,31.86825]},"properties":{"w":1}},{"type":"Feature","geometry":{"type":"Point","coordinates":[35.43525,31.87275]},"properties":{"w":1}},{"type":"Feature","geometry":{"type":"Point","coordinates":[48.29775,38.24475]},"properties":{"w":1}},{"type":"Feature","geometry":{"type":"Point","coordinates":[35.82075,34.42725]},"properties":{"w":1}},{"type":"Feature","geometry":{"type":"Point","coordinates":[36.20175,34.00875]},"properties":{"w":1}},{"type":"Feature","geometry":{"type":"Point","coordinates":[35.19075,33.26775]},"properties":{"w":1}},{"type":"Feature","geometry":{"type":"Point","coordinates":[39.18375,21.49425]},"properties":{"w":1}},{"type":"Feature","geometry":{"type":"Point","coordinates":[48.29625,38.25375]},"properties":{"w":1}},{"type":"Feature","geometry":{"type":"Point","coordinates":[48.29175,38.25525]},"properties":{"w":1}},{"type":"Feature","geometry":{"type":"Point","coordinates":[48.29025,38.25525]},"properties":{"w":1}},{"type":"Feature","geometry":{"type":"Point","coordinates":[48.28575,38.25375]},"properties":{"w":1}},{"type":"Feature","geometry":{"type":"Point","coordinates":[39.18525,21.47775]},"properties":{"w":1}},{"type":"Feature","geometry":{"type":"Point","coordinates":[48.79425,36.43125]},"properties":{"w":1}},{"type":"Feature","geometry":{"type":"Point","coordinates":[58.36575,29.11275]},"properties":{"w":1}},{"type":"Feature","geometry":{"type":"Point","coordinates":[35.93025,33.72075]},"properties":{"w":1}},{"type":"Feature","geometry":{"type":"Point","coordinates":[35.93475,33.71925]},"properties":{"w":1}},{"type":"Feature","geometry":{"type":"Point","coordinates":[35.93775,33.72525]},"properties":{"w":1}},{"type":"Feature","geometry":{"type":"Point","coordinates":[58.35825,29.10525]},"properties":{"w":1}},{"type":"Feature","geometry":{"type":"Point","coordinates":[51.41175,35.69025]},"properties":{"w":1}},{"type":"Feature","geometry":{"type":"Point","coordinates":[35.72625,32.04825]},"properties":{"w":1}},{"type":"Feature","geometry":{"type":"Point","coordinates":[35.93325,33.73575]},"properties":{"w":1}},{"type":"Feature","geometry":{"type":"Point","coordinates":[51.40125,35.66775]},"properties":{"w":1}},{"type":"Feature","geometry":{"type":"Point","coordinates":[51.40425,35.66775]},"properties":{"w":1}},{"type":"Feature","geometry":{"type":"Point","coordinates":[51.41025,35.68125]},"properties":{"w":1}},{"type":"Feature","geometry":{"type":"Point","coordinates":[35.93775,33.73575]},"properties":{"w":1}},{"type":"Feature","geometry":{"type":"Point","coordinates":[35.24175,31.77975]},"properties":{"w":1}},{"type":"Feature","geometry":{"type":"Point","coordinates":[51.41175,35.68425]},"properties":{"w":1}},{"type":"Feature","geometry":{"type":"Point","coordinates":[46.57575,24.73875]},"properties":{"w":1}},{"type":"Feature","geometry":{"type":"Point","coordinates":[35.93625,33.73425]},"properties":{"w":1}},{"type":"Feature","geometry":{"type":"Point","coordinates":[58.36125,29.10675]},"properties":{"w":1}},{"type":"Feature","geometry":{"type":"Point","coordinates":[58.36875,29.10525]},"properties":{"w":1}},{"type":"Feature","geometry":{"type":"Point","coordinates":[32.63175,25.70625]},"properties":{"w":1}},{"type":"Feature","geometry":{"type":"Point","coordinates":[51.41475,35.67825]},"properties":{"w":1}},{"type":"Feature","geometry":{"type":"Point","coordinates":[51.41775,35.67825]},"properties":{"w":1}},{"type":"Feature","geometry":{"type":"Point","coordinates":[51.42075,35.67075]},"properties":{"w":1}},{"type":"Feature","geometry":{"type":"Point","coordinates":[51.41325,35.66925]},"properties":{"w":1}},{"type":"Feature","geometry":{"type":"Point","coordinates":[54.36525,31.88625]},"properties":{"w":1}},{"type":"Feature","geometry":{"type":"Point","coordinates":[32.64525,25.69875]},"properties":{"w":1}},{"type":"Feature","geometry":{"type":"Point","coordinates":[54.37575,31.89375]},"properties":{"w":1}},{"type":"Feature","geometry":{"type":"Point","coordinates":[51.42825,35.67075]},"properties":{"w":1}},{"type":"Feature","geometry":{"type":"Point","coordinates":[51.43125,35.67825]},"properties":{"w":1}},{"type":"Feature","geometry":{"type":"Point","coordinates":[51.42975,35.68275]},"properties":{"w":1}},{"type":"Feature","geometry":{"type":"Point","coordinates":[54.37725,31.87725]},"properties":{"w":1}},{"type":"Feature","geometry":{"type":"Point","coordinates":[32.64675,25.70775]},"properties":{"w":1}},{"type":"Feature","geometry":{"type":"Point","coordinates":[51.42525,35.68125]},"properties":{"w":1}},{"type":"Feature","geometry":{"type":"Point","coordinates":[51.42825,35.68725]},"properties":{"w":1}},{"type":"Feature","geometry":{"type":"Point","coordinates":[46.57725,24.73575]},"properties":{"w":1}},{"type":"Feature","geometry":{"type":"Point","coordinates":[51.39375,35.64675]},"properties":{"w":1}},{"type":"Feature","geometry":{"type":"Point","coordinates":[51.39225,35.64825]},"properties":{"w":1}},{"type":"Feature","geometry":{"type":"Point","coordinates":[54.37425,31.89375]},"properties":{"w":1}},{"type":"Feature","geometry":{"type":"Point","coordinates":[54.36825,31.89375]},"properties":{"w":1}},{"type":"Feature","geometry":{"type":"Point","coordinates":[51.39675,35.64975]},"properties":{"w":1}},{"type":"Feature","geometry":{"type":"Point","coordinates":[32.63775,25.69575]},"properties":{"w":1}},{"type":"Feature","geometry":{"type":"Point","coordinates":[46.57275,24.72375]},"properties":{"w":1}},{"type":"Feature","geometry":{"type":"Point","coordinates":[32.63775,25.68975]},"properties":{"w":1}},{"type":"Feature","geometry":{"type":"Point","coordinates":[46.57275,24.72525]},"properties":{"w":1}},{"type":"Feature","geometry":{"type":"Point","coordinates":[51.40575,35.64975]},"properties":{"w":1}},{"type":"Feature","geometry":{"type":"Point","coordinates":[51.40575,35.64675]},"properties":{"w":1}},{"type":"Feature","geometry":{"type":"Point","coordinates":[32.63925,25.68675]},"properties":{"w":1}},{"type":"Feature","geometry":{"type":"Point","coordinates":[50.61675,26.25525]},"properties":{"w":1}},{"type":"Feature","geometry":{"type":"Point","coordinates":[54.05475,17.01525]},"properties":{"w":1}},{"type":"Feature","geometry":{"type":"Point","coordinates":[44.00775,36.18225]},"properties":{"w":1}},{"type":"Feature","geometry":{"type":"Point","coordinates":[52.52025,29.63475]},"properties":{"w":1}},{"type":"Feature","geometry":{"type":"Point","coordinates":[51.66975,32.66025]},"properties":{"w":1}},{"type":"Feature","geometry":{"type":"Point","coordinates":[54.05925,17.01825]},"properties":{"w":1}},{"type":"Feature","geometry":{"type":"Point","coordinates":[51.39675,35.65575]},"properties":{"w":1}},{"type":"Feature","geometry":{"type":"Point","coordinates":[44.00325,36.18225]},"properties":{"w":1}},{"type":"Feature","geometry":{"type":"Point","coordinates":[44.01225,36.18525]},"properties":{"w":1}},{"type":"Feature","geometry":{"type":"Point","coordinates":[55.16925,37.25625]},"properties":{"w":1}},{"type":"Feature","geometry":{"type":"Point","coordinates":[55.16925,37.25325]},"properties":{"w":1}},{"type":"Feature","geometry":{"type":"Point","coordinates":[55.16925,37.24275]},"properties":{"w":1}},{"type":"Feature","geometry":{"type":"Point","coordinates":[55.17825,37.25025]},"properties":{"w":1}},{"type":"Feature","geometry":{"type":"Point","coordinates":[54.06075,17.01975]},"properties":{"w":1}},{"type":"Feature","geometry":{"type":"Point","coordinates":[54.05175,17.02875]},"properties":{"w":1}},{"type":"Feature","geometry":{"type":"Point","coordinates":[54.05175,17.03025]},"properties":{"w":1}},{"type":"Feature","geometry":{"type":"Point","coordinates":[34.83075,31.23975]},"properties":{"w":1}},{"type":"Feature","geometry":{"type":"Point","coordinates":[34.84575,31.24575]},"properties":{"w":1}},{"type":"Feature","geometry":{"type":"Point","coordinates":[35.82525,34.43475]},"properties":{"w":1}},{"type":"Feature","geometry":{"type":"Point","coordinates":[54.04875,17.02875]},"properties":{"w":1}},{"type":"Feature","geometry":{"type":"Point","coordinates":[46.56825,24.74625]},"properties":{"w":1}},{"type":"Feature","geometry":{"type":"Point","coordinates":[34.89975,31.60575]},"properties":{"w":1}},{"type":"Feature","geometry":{"type":"Point","coordinates":[54.05325,17.02575]},"properties":{"w":1}},{"type":"Feature","geometry":{"type":"Point","coordinates":[35.82675,34.43325]},"properties":{"w":1}},{"type":"Feature","geometry":{"type":"Point","coordinates":[35.82675,34.42875]},"properties":{"w":1}},{"type":"Feature","geometry":{"type":"Point","coordinates":[52.53075,29.62425]},"properties":{"w":1}},{"type":"Feature","geometry":{"type":"Point","coordinates":[35.82975,34.42575]},"properties":{"w":1}},{"type":"Feature","geometry":{"type":"Point","coordinates":[52.53225,29.63775]},"properties":{"w":1}},{"type":"Feature","geometry":{"type":"Point","coordinates":[35.10225,31.52025]},"properties":{"w":1}},{"type":"Feature","geometry":{"type":"Point","coordinates":[35.10375,31.52175]},"properties":{"w":1}},{"type":"Feature","geometry":{"type":"Point","coordinates":[52.53375,29.64225]},"properties":{"w":1}},{"type":"Feature","geometry":{"type":"Point","coordinates":[54.05925,17.02275]},"properties":{"w":1}},{"type":"Feature","geometry":{"type":"Point","coordinates":[34.36275,31.43475]},"properties":{"w":1}},{"type":"Feature","geometry":{"type":"Point","coordinates":[52.53075,29.64075]},"properties":{"w":1}},{"type":"Feature","geometry":{"type":"Point","coordinates":[51.66825,32.65575]},"properties":{"w":1}},{"type":"Feature","geometry":{"type":"Point","coordinates":[32.63625,25.71225]},"properties":{"w":1}},{"type":"Feature","geometry":{"type":"Point","coordinates":[52.52475,29.63925]},"properties":{"w":1}},{"type":"Feature","geometry":{"type":"Point","coordinates":[35.07975,32.92125]},"properties":{"w":1}},{"type":"Feature","geometry":{"type":"Point","coordinates":[35.44725,30.32325]},"properties":{"w":1}},{"type":"Feature","geometry":{"type":"Point","coordinates":[51.68325,32.65125]},"properties":{"w":1}},{"type":"Feature","geometry":{"type":"Point","coordinates":[34.78275,32.08575]},"properties":{"w":1}},{"type":"Feature","geometry":{"type":"Point","coordinates":[51.69525,32.66925]},"properties":{"w":1}},{"type":"Feature","geometry":{"type":"Point","coordinates":[51.68625,32.67225]},"properties":{"w":1}},{"type":"Feature","geometry":{"type":"Point","coordinates":[35.22225,31.78575]},"properties":{"w":1}},{"type":"Feature","geometry":{"type":"Point","coordinates":[52.52175,29.63325]},"properties":{"w":1}},{"type":"Feature","geometry":{"type":"Point","coordinates":[51.69075,32.66925]},"properties":{"w":1}},{"type":"Feature","geometry":{"type":"Point","coordinates":[51.68775,32.65275]},"properties":{"w":1}},{"type":"Feature","geometry":{"type":"Point","coordinates":[51.68625,32.66325]},"properties":{"w":1}},{"type":"Feature","geometry":{"type":"Point","coordinates":[51.66975,32.64975]},"properties":{"w":1}},{"type":"Feature","geometry":{"type":"Point","coordinates":[51.67725,32.65575]},"properties":{"w":1}},{"type":"Feature","geometry":{"type":"Point","coordinates":[35.06625,32.92125]},"properties":{"w":1}},{"type":"Feature","geometry":{"type":"Point","coordinates":[48.34425,33.44025]},"properties":{"w":1}},{"type":"Feature","geometry":{"type":"Point","coordinates":[51.69075,32.67825]},"properties":{"w":1}},{"type":"Feature","geometry":{"type":"Point","coordinates":[44.42925,32.54625]},"properties":{"w":1}},{"type":"Feature","geometry":{"type":"Point","coordinates":[51.69075,32.67975]},"properties":{"w":1}},{"type":"Feature","geometry":{"type":"Point","coordinates":[51.68625,32.67525]},"properties":{"w":1}},{"type":"Feature","geometry":{"type":"Point","coordinates":[44.01675,36.17925]},"properties":{"w":1}},{"type":"Feature","geometry":{"type":"Point","coordinates":[51.69375,32.67825]},"properties":{"w":1}},{"type":"Feature","geometry":{"type":"Point","coordinates":[31.22625,30.01125]},"properties":{"w":1}},{"type":"Feature","geometry":{"type":"Point","coordinates":[47.44725,34.39425]},"properties":{"w":1}},{"type":"Feature","geometry":{"type":"Point","coordinates":[34.98675,32.80125]},"properties":{"w":1}},{"type":"Feature","geometry":{"type":"Point","coordinates":[35.82825,34.44975]},"properties":{"w":1}},{"type":"Feature","geometry":{"type":"Point","coordinates":[35.72475,32.03325]},"properties":{"w":1}},{"type":"Feature","geometry":{"type":"Point","coordinates":[48.34425,33.43875]},"properties":{"w":1}},{"type":"Feature","geometry":{"type":"Point","coordinates":[35.71875,32.03775]},"properties":{"w":1}},{"type":"Feature","geometry":{"type":"Point","coordinates":[35.82225,34.44375]},"properties":{"w":1}},{"type":"Feature","geometry":{"type":"Point","coordinates":[34.98375,32.80125]},"properties":{"w":1}},{"type":"Feature","geometry":{"type":"Point","coordinates":[35.92275,33.72675]},"properties":{"w":1}},{"type":"Feature","geometry":{"type":"Point","coordinates":[35.43375,29.64225]},"properties":{"w":1}},{"type":"Feature","geometry":{"type":"Point","coordinates":[50.51625,26.22675]},"properties":{"w":1}},{"type":"Feature","geometry":{"type":"Point","coordinates":[48.33525,33.45375]},"properties":{"w":1}},{"type":"Feature","geometry":{"type":"Point","coordinates":[35.92575,33.74025]},"properties":{"w":1}},{"type":"Feature","geometry":{"type":"Point","coordinates":[34.98675,32.81325]},"properties":{"w":1}},{"type":"Feature","geometry":{"type":"Point","coordinates":[36.36225,32.32275]},"properties":{"w":1}},{"type":"Feature","geometry":{"type":"Point","coordinates":[48.51525,34.81575]},"properties":{"w":1}},{"type":"Feature","geometry":{"type":"Point","coordinates":[35.82225,34.45125]},"properties":{"w":1}},{"type":"Feature","geometry":{"type":"Point","coordinates":[48.50925,34.80375]},"properties":{"w":1}},{"type":"Feature","geometry":{"type":"Point","coordinates":[48.51825,34.81125]},"properties":{"w":1}},{"type":"Feature","geometry":{"type":"Point","coordinates":[35.82075,34.44225]},"properties":{"w":1}},{"type":"Feature","geometry":{"type":"Point","coordinates":[36.31425,33.51375]},"properties":{"w":1}},{"type":"Feature","geometry":{"type":"Point","coordinates":[35.82075,34.43775]},"properties":{"w":1}},{"type":"Feature","geometry":{"type":"Point","coordinates":[48.52125,34.80975]},"properties":{"w":1}},{"type":"Feature","geometry":{"type":"Point","coordinates":[36.31875,33.50625]},"properties":{"w":1}},{"type":"Feature","geometry":{"type":"Point","coordinates":[36.31725,33.50475]},"properties":{"w":1}},{"type":"Feature","geometry":{"type":"Point","coordinates":[35.93175,33.74025]},"properties":{"w":1}},{"type":"Feature","geometry":{"type":"Point","coordinates":[35.93325,33.73725]},"properties":{"w":1}},{"type":"Feature","geometry":{"type":"Point","coordinates":[35.24175,31.77075]},"properties":{"w":1}},{"type":"Feature","geometry":{"type":"Point","coordinates":[48.51975,34.78875]},"properties":{"w":1}},{"type":"Feature","geometry":{"type":"Point","coordinates":[48.51825,34.78875]},"properties":{"w":1}},{"type":"Feature","geometry":{"type":"Point","coordinates":[48.51225,34.79175]},"properties":{"w":1}},{"type":"Feature","geometry":{"type":"Point","coordinates":[36.30075,33.50325]},"properties":{"w":1}},{"type":"Feature","geometry":{"type":"Point","coordinates":[48.52875,34.80075]},"properties":{"w":1}},{"type":"Feature","geometry":{"type":"Point","coordinates":[50.61975,26.24925]},"properties":{"w":1}},{"type":"Feature","geometry":{"type":"Point","coordinates":[50.52825,26.23575]},"properties":{"w":1}},{"type":"Feature","geometry":{"type":"Point","coordinates":[36.19575,33.99675]},"properties":{"w":1}},{"type":"Feature","geometry":{"type":"Point","coordinates":[36.19275,34.00575]},"properties":{"w":1}},{"type":"Feature","geometry":{"type":"Point","coordinates":[36.04425,34.23825]},"properties":{"w":1}},{"type":"Feature","geometry":{"type":"Point","coordinates":[36.37575,32.32575]},"properties":{"w":1}},{"type":"Feature","geometry":{"type":"Point","coordinates":[36.58875,31.80375]},"properties":{"w":1}},{"type":"Feature","geometry":{"type":"Point","coordinates":[50.51925,26.23125]},"properties":{"w":1}},{"type":"Feature","geometry":{"type":"Point","coordinates":[36.05175,34.24275]},"properties":{"w":1}},{"type":"Feature","geometry":{"type":"Point","coordinates":[36.05475,34.24425]},"properties":{"w":1}},{"type":"Feature","geometry":{"type":"Point","coordinates":[36.05625,34.24875]},"properties":{"w":1}},{"type":"Feature","geometry":{"type":"Point","coordinates":[50.51625,26.23125]},"properties":{"w":1}},{"type":"Feature","geometry":{"type":"Point","coordinates":[50.51775,26.22825]},"properties":{"w":1}},{"type":"Feature","geometry":{"type":"Point","coordinates":[35.16525,31.71375]},"properties":{"w":1}},{"type":"Feature","geometry":{"type":"Point","coordinates":[50.51925,26.22675]},"properties":{"w":1}},{"type":"Feature","geometry":{"type":"Point","coordinates":[38.26125,34.54725]},"properties":{"w":1}},{"type":"Feature","geometry":{"type":"Point","coordinates":[35.21175,31.69575]},"properties":{"w":1}},{"type":"Feature","geometry":{"type":"Point","coordinates":[38.27175,34.56675]},"properties":{"w":1}},{"type":"Feature","geometry":{"type":"Point","coordinates":[31.22475,29.99925]},"properties":{"w":1}},{"type":"Feature","geometry":{"type":"Point","coordinates":[37.16925,36.20925]},"properties":{"w":1}},{"type":"Feature","geometry":{"type":"Point","coordinates":[31.22775,30.00075]},"properties":{"w":1}},{"type":"Feature","geometry":{"type":"Point","coordinates":[54.04875,17.01375]},"properties":{"w":1}},{"type":"Feature","geometry":{"type":"Point","coordinates":[35.21175,31.70925]},"properties":{"w":1}},{"type":"Feature","geometry":{"type":"Point","coordinates":[54.04875,17.00325]},"properties":{"w":1}},{"type":"Feature","geometry":{"type":"Point","coordinates":[59.37525,22.69725]},"properties":{"w":1}},{"type":"Feature","geometry":{"type":"Point","coordinates":[36.28575,34.74825]},"properties":{"w":1}},{"type":"Feature","geometry":{"type":"Point","coordinates":[57.29925,22.95975]},"properties":{"w":1}},{"type":"Feature","geometry":{"type":"Point","coordinates":[36.28575,34.75275]},"properties":{"w":1}},{"type":"Feature","geometry":{"type":"Point","coordinates":[56.74125,23.25825]},"properties":{"w":1}},{"type":"Feature","geometry":{"type":"Point","coordinates":[36.29175,34.75575]},"properties":{"w":1}},{"type":"Feature","geometry":{"type":"Point","coordinates":[36.29025,34.75875]},"properties":{"w":1}},{"type":"Feature","geometry":{"type":"Point","coordinates":[35.21775,31.70475]},"properties":{"w":1}},{"type":"Feature","geometry":{"type":"Point","coordinates":[50.50575,26.07225]},"properties":{"w":1}},{"type":"Feature","geometry":{"type":"Point","coordinates":[50.51175,26.07525]},"properties":{"w":1}},{"type":"Feature","geometry":{"type":"Point","coordinates":[50.49825,26.07375]},"properties":{"w":1}},{"type":"Feature","geometry":{"type":"Point","coordinates":[35.21625,31.70475]},"properties":{"w":1}},{"type":"Feature","geometry":{"type":"Point","coordinates":[35.11275,31.52625]},"properties":{"w":1}},{"type":"Feature","geometry":{"type":"Point","coordinates":[31.62675,22.33875]},"properties":{"w":1}},{"type":"Feature","geometry":{"type":"Point","coordinates":[35.16975,31.71525]},"properties":{"w":1}},{"type":"Feature","geometry":{"type":"Point","coordinates":[50.49975,26.07525]},"properties":{"w":1}},{"type":"Feature","geometry":{"type":"Point","coordinates":[51.68025,32.68425]},"properties":{"w":1}},{"type":"Feature","geometry":{"type":"Point","coordinates":[35.11425,31.53225]},"properties":{"w":1}},{"type":"Feature","geometry":{"type":"Point","coordinates":[35.73225,32.04675]},"properties":{"w":1}}]}