{"type":"FeatureCollection","metadata":{"layer":"pleiades"},"features":[{"type":"Feature","geometry":{"type":"Point","coordinates":[45.35599,15.40424]},"properties":{"title":"'Awām","types":"cemetery, temple-2","url":"https://pleiades.stoa.org/places/93794091"}},{"type":"Feature","geometry":{"type":"Point","coordinates":[35.38838,31.46845]},"properties":{"title":"'Ein Gedi","types":"temple-2","url":"https://pleiades.stoa.org/places/196074068"}},{"type":"Feature","geometry":{"type":"Point","coordinates":[35.23835,32.65999]},"properties":{"title":"'Ein-Shadud","types":"settlement","url":"https://pleiades.stoa.org/places/720628460"}},{"type":"Feature","geometry":{"type":"Point","coordinates":[35.09679,32.98707]},"properties":{"title":"'Evron","types":"church","url":"https://pleiades.stoa.org/places/678133"}},{"type":"Feature","geometry":{"type":"Point","coordinates":[35.2356,31.7727]},"properties":{"title":"'Ir David/Wadi Hilweh","types":"settlement, settlement-modern","url":"https://pleiades.stoa.org/places/714055238"}},{"type":"Feature","geometry":{"type":"Point","coordinates":[52.90944,29.98083]},"properties":{"title":"(I)Stakhr","types":"settlement","url":"https://pleiades.stoa.org/places/922662"}},{"type":"Feature","geometry":{"type":"Point","coordinates":[36.67253,35.72784]},"properties":{"title":"*Adana","types":"settlement","url":"https://pleiades.stoa.org/places/668179"}},{"type":"Feature","geometry":{"type":"Point","coordinates":[36.60052,35.66153]},"properties":{"title":"*Chasa","types":"settlement","url":"https://pleiades.stoa.org/places/668227"}},{"type":"Feature","geometry":{"type":"Point","coordinates":[36.57811,35.59399]},"properties":{"title":"*Magarataricha","types":"settlement","url":"https://pleiades.stoa.org/places/668302"}},{"type":"Feature","geometry":{"type":"Point","coordinates":[35.72336,34.16225]},"properties":{"title":"*Saarna","types":"settlement","url":"https://pleiades.stoa.org/places/668357"}},{"type":"Feature","geometry":{"type":"Point","coordinates":[35.97893,33.88144]},"properties":{"title":"*Thamaneita","types":"settlement","url":"https://pleiades.stoa.org/places/678421"}},{"type":"Feature","geometry":{"type":"Point","coordinates":[50.51848,26.14987]},"properties":{"title":"A'ali Mound Cemetery","types":"cemetery, archaeological-site, tumulus","url":"https://pleiades.stoa.org/places/574183541"}},{"type":"Feature","geometry":{"type":"Point","coordinates":[44.5,32.5]},"properties":{"title":"A068","types":"unknown","url":"https://pleiades.stoa.org/places/893923"}},{"type":"Feature","geometry":{"type":"Point","coordinates":[44.5,32.5]},"properties":{"title":"A079","types":"unknown","url":"https://pleiades.stoa.org/places/893924"}},{"type":"Feature","geometry":{"type":"Point","coordinates":[35.63541,31.85862]},"properties":{"title":"Abila","types":"settlement","url":"https://pleiades.stoa.org/places/697622"}},{"type":"Feature","geometry":{"type":"Point","coordinates":[31.12716,29.98184]},"properties":{"title":"Abu Bakr cemetery","types":"cemetery","url":"https://pleiades.stoa.org/places/302741925"}},{"type":"Feature","geometry":{"type":"Point","coordinates":[35.54817,30.29125]},"properties":{"title":"Abu Danna","types":"fort-2","url":"https://pleiades.stoa.org/places/697623"}},{"type":"Feature","geometry":{"type":"Point","coordinates":[50.50414,26.21704]},"properties":{"title":"Abu Saybi","types":"cemetery","url":"https://pleiades.stoa.org/places/932427"}},{"type":"Feature","geometry":{"type":"Point","coordinates":[31.62551,22.33723]},"properties":{"title":"Abu Simbel","types":"archaeological-site, temple-2","url":"https://pleiades.stoa.org/places/721417202"}},{"type":"Feature","geometry":{"type":"Point","coordinates":[31.20404,29.89612]},"properties":{"title":"Abu Sir","types":"cemetery","url":"https://pleiades.stoa.org/places/195443086"}},{"type":"Feature","geometry":{"type":"Point","coordinates":[31.20974,29.88323]},"properties":{"title":"Abusir South","types":"cemetery","url":"https://pleiades.stoa.org/places/442642787"}},{"type":"Feature","geometry":{"type":"Point","coordinates":[48.3164,32.0941]},"properties":{"title":"Abū Fanduwā","types":"findspot","url":"https://pleiades.stoa.org/places/235529944"}},{"type":"Feature","geometry":{"type":"Point","coordinates":[44.41136,32.52517]},"properties":{"title":"Adad Gate","types":"unlocated, city-gate","url":"https://pleiades.stoa.org/places/223954669"}},{"type":"Feature","geometry":{"type":"Point","coordinates":[44.00938,36.19132]},"properties":{"title":"Adiabene","types":"region, label","url":"https://pleiades.stoa.org/places/893935"}},{"type":"Feature","geometry":{"type":"Point","coordinates":[34.99924,31.65735]},"properties":{"title":"Adollam","types":"settlement","url":"https://pleiades.stoa.org/places/687809"}},{"type":"Feature","geometry":{"type":"Point","coordinates":[35.70805,34.07174]},"properties":{"title":"Adonis (river)","types":"river","url":"https://pleiades.stoa.org/places/668180"}},{"type":"Feature","geometry":{"type":"Point","coordinates":[35.02726,31.50658]},"properties":{"title":"Adora","types":"settlement","url":"https://pleiades.stoa.org/places/687810"}},{"type":"Feature","geometry":{"type":"Point","coordinates":[47.23487,36.60423]},"properties":{"title":"Adur Gushnasp/[Shiz]","types":"castle, settlement","url":"https://pleiades.stoa.org/places/884109"}},{"type":"Feature","geometry":{"type":"Point","coordinates":[44.5,32.5]},"properties":{"title":"Agade","types":"unlocated, settlement","url":"https://pleiades.stoa.org/places/63806066"}},{"type":"Feature","geometry":{"type":"Point","coordinates":[38.26718,34.55051]},"properties":{"title":"Agora of Palmyra","types":"agora","url":"https://pleiades.stoa.org/places/844139526"}},{"type":"Feature","geometry":{"type":"Point","coordinates":[35.26158,31.91668]},"properties":{"title":"Ai/Et-Tell","types":"settlement","url":"https://pleiades.stoa.org/places/665310877"}},{"type":"Feature","geometry":{"type":"Point","coordinates":[35.51552,30.22581]},"properties":{"title":"Ail","types":"fort","url":"https://pleiades.stoa.org/places/697627"}},{"type":"Feature","geometry":{"type":"Point","coordinates":[35.41273,29.57297]},"properties":{"title":"Ain Shellaly","types":"dam","url":"https://pleiades.stoa.org/places/746708"}},{"type":"Feature","geometry":{"type":"Point","coordinates":[35.38883,29.51455]},"properties":{"title":"Ain el-Qattar","types":"dam","url":"https://pleiades.stoa.org/places/746704"}},{"type":"Feature","geometry":{"type":"Point","coordinates":[35.07984,32.92129]},"properties":{"title":"Ake/Ptolemais","types":"settlement","url":"https://pleiades.stoa.org/places/678010"}},{"type":"Feature","geometry":{"type":"Point","coordinates":[52.94861,29.86553]},"properties":{"title":"Akhur-i Rustam","types":"cemetery","url":"https://pleiades.stoa.org/places/922612"}},{"type":"Feature","geometry":{"type":"Point","coordinates":[44.5,32.5]},"properties":{"title":"Akkad","types":"region","url":"https://pleiades.stoa.org/places/56567730"}},{"type":"Feature","geometry":{"type":"Point","coordinates":[44.5,32.5]},"properties":{"title":"Akkad Survey Area","types":"settlement","url":"https://pleiades.stoa.org/places/360094475"}},{"type":"Feature","geometry":{"type":"Point","coordinates":[31.62852,22.36777]},"properties":{"title":"Aksha","types":"settlement","url":"https://pleiades.stoa.org/places/795775"}},{"type":"Feature","geometry":{"type":"Point","coordinates":[44.42657,32.53063]},"properties":{"title":"Akītu of Šarrat-Nippuri","types":"temple-2","url":"https://pleiades.stoa.org/places/138926703"}},{"type":"Feature","geometry":{"type":"Point","coordinates":[32.61145,25.73426]},"properties":{"title":"Al-'Assāsīf","types":"tomb","url":"https://pleiades.stoa.org/places/21234998"}},{"type":"Feature","geometry":{"type":"Point","coordinates":[35.23559,31.77608]},"properties":{"title":"Al-Aqsa Mosque","types":"mosque","url":"https://pleiades.stoa.org/places/195824089"}},{"type":"Feature","geometry":{"type":"Point","coordinates":[50.5371,26.2184]},"properties":{"title":"Al-Bilād al-Qadīm","types":"findspot","url":"https://pleiades.stoa.org/places/324412039"}},{"type":"Feature","geometry":{"type":"Point","coordinates":[35.45157,30.32226]},"properties":{"title":"Al-Khazneh","types":"tomb, monument","url":"https://pleiades.stoa.org/places/794388242"}},{"type":"Feature","geometry":{"type":"Point","coordinates":[50.5112,26.2198]},"properties":{"title":"Al-Maqsha","types":"findspot, archaeological-site","url":"https://pleiades.stoa.org/places/735813351"}},{"type":"Feature","geometry":{"type":"Point","coordinates":[44.4361,32.4844]},"properties":{"title":"Al-Ḥilah","types":"findspot","url":"https://pleiades.stoa.org/places/77002491"}},{"type":"Feature","geometry":{"type":"Point","coordinates":[35.16833,33.16472]},"properties":{"title":"Album Pr.","types":"cape","url":"https://pleiades.stoa.org/places/678012"}},{"type":"Feature","geometry":{"type":"Point","coordinates":[35.17199,33.15566]},"properties":{"title":"Alexandroschene","types":"settlement","url":"https://pleiades.stoa.org/places/678013"}},{"type":"Feature","geometry":{"type":"Point","coordinates":[34.44988,31.45192]},"properties":{"title":"Altaqû","types":"settlement","url":"https://pleiades.stoa.org/places/498102722"}},{"type":"Feature","geometry":{"type":"Point","coordinates":[35.81588,34.29974]},"properties":{"title":"Amyun","types":"sanctuary","url":"https://pleiades.stoa.org/places/668186"}},{"type":"Feature","geometry":{"type":"Point","coordinates":[35.07295,31.37261]},"properties":{"title":"Anaia 2","types":"settlement","url":"https://pleiades.stoa.org/places/687824"}},{"type":"Feature","geometry":{"type":"Point","coordinates":[31.22301,29.87516]},"properties":{"title":"Anubieion at Saqqarah","types":"architecturalcomplex","url":"https://pleiades.stoa.org/places/892575223"}},{"type":"Feature","geometry":{"type":"Point","coordinates":[32.56567,25.65771]},"properties":{"title":"Apa Epiphanius, Mon.","types":"church","url":"https://pleiades.stoa.org/places/785969"}},{"type":"Feature","geometry":{"type":"Point","coordinates":[32.60652,25.73836]},"properties":{"title":"Apa Phoibammon (monastery)","types":"sanctuary, architecturalcomplex, monastery","url":"https://pleiades.stoa.org/places/785970"}},{"type":"Feature","geometry":{"type":"Point","coordinates":[52.8895,29.93512]},"properties":{"title":"Apadana Palace","types":"palace-complex, architecturalcomplex","url":"https://pleiades.stoa.org/places/774842748"}},{"type":"Feature","geometry":{"type":"Point","coordinates":[36.56667,32.60501]},"properties":{"title":"Aphetatha?","types":"settlement","url":"https://pleiades.stoa.org/places/678022"}},{"type":"Feature","geometry":{"type":"Point","coordinates":[34.81076,32.1964]},"properties":{"title":"Apollonia/Sozousa","types":"settlement","url":"https://pleiades.stoa.org/places/678025"}},{"type":"Feature","geometry":{"type":"Point","coordinates":[50.6445,26.26697]},"properties":{"title":"Arados/Tylos Minor?/Athrotradus? (island)","types":"island","url":"https://pleiades.stoa.org/places/932432"}},{"type":"Feature","geometry":{"type":"Point","coordinates":[35.41788,29.54609]},"properties":{"title":"Aramaua","types":"cultural-landscape, settlement","url":"https://pleiades.stoa.org/places/746712"}},{"type":"Feature","geometry":{"type":"Point","coordinates":[44.00938,36.19132]},"properties":{"title":"Arbela/Arba-ilu","types":"fortified-settlement, settlement, tell, settlement-modern","url":"https://pleiades.stoa.org/places/874341"}},{"type":"Feature","geometry":{"type":"Point","coordinates":[35.25,32.75]},"properties":{"title":"Arbēla","types":"settlement","url":"https://pleiades.stoa.org/places/510671523"}},{"type":"Feature","geometry":{"type":"Point","coordinates":[35.47298,31.96941]},"properties":{"title":"Archelais","types":"settlement","url":"https://pleiades.stoa.org/places/687831"}},{"type":"Feature","geometry":{"type":"Point","coordinates":[48.29505,38.24647]},"properties":{"title":"Ardabil","types":"settlement","url":"https://pleiades.stoa.org/places/884119"}},{"type":"Feature","geometry":{"type":"Point","coordinates":[52.53268,28.85286]},"properties":{"title":"Ardashir-Khurra/Gur/[Firuzabad]","types":"settlement","url":"https://pleiades.stoa.org/places/922617"}},{"type":"Feature","geometry":{"type":"Point","coordinates":[48.7335,15.9414]},"properties":{"title":"Are","types":"settlement","url":"https://pleiades.stoa.org/places/39292"}},{"type":"Feature","geometry":{"type":"Point","coordinates":[35.82192,31.47151]},"properties":{"title":"Aroes","types":"settlement","url":"https://pleiades.stoa.org/places/697635"}},{"type":"Feature","geometry":{"type":"Point","coordinates":[34.44486,31.38721]},"properties":{"title":"Arzâ ","types":"settlement, archaeological-site","url":"https://pleiades.stoa.org/places/309101265"}},{"type":"Feature","geometry":{"type":"Point","coordinates":[31.64269,22.33562]},"properties":{"title":"Ash-Shaukan","types":"settlement","url":"https://pleiades.stoa.org/places/795781"}},{"type":"Feature","geometry":{"type":"Point","coordinates":[51.67881,32.65107]},"properties":{"title":"Aspadana/(I)Spahan/Gay/Gabai?","types":"settlement","url":"https://pleiades.stoa.org/places/902990"}},{"type":"Feature","geometry":{"type":"Point","coordinates":[43.26211,35.46058]},"properties":{"title":"Assur Archive 15 (N 1)","types":"archive-repository","url":"https://pleiades.stoa.org/places/62104824"}},{"type":"Feature","geometry":{"type":"Point","coordinates":[43.26508,35.45583]},"properties":{"title":"Assur Archive 16","types":"archive-repository","url":"https://pleiades.stoa.org/places/459415385"}},{"type":"Feature","geometry":{"type":"Point","coordinates":[43.26005,35.45916]},"properties":{"title":"Assur Archive 17","types":"archive-repository","url":"https://pleiades.stoa.org/places/530793920"}},{"type":"Feature","geometry":{"type":"Point","coordinates":[43.26151,35.45955]},"properties":{"title":"Assur Archive 18","types":"archive-repository","url":"https://pleiades.stoa.org/places/62104825"}},{"type":"Feature","geometry":{"type":"Point","coordinates":[43.26339,35.45816]},"properties":{"title":"Assur Archive 19","types":"archive-repository","url":"https://pleiades.stoa.org/places/418089678"}},{"type":"Feature","geometry":{"type":"Point","coordinates":[43.26226,35.45664]},"properties":{"title":"Assur Archive 20","types":"archive-repository","url":"https://pleiades.stoa.org/places/306065806"}},{"type":"Feature","geometry":{"type":"Point","coordinates":[43.26236,35.45417]},"properties":{"title":"Assur Archive 21","types":"archive-repository","url":"https://pleiades.stoa.org/places/794311060"}},{"type":"Feature","geometry":{"type":"Point","coordinates":[43.25665,35.45494]},"properties":{"title":"Assur Archive 22","types":"archive-repository","url":"https://pleiades.stoa.org/places/240181514"}},{"type":"Feature","geometry":{"type":"Point","coordinates":[43.26109,35.45578]},"properties":{"title":"Assur Archive 23","types":"archive-repository","url":"https://pleiades.stoa.org/places/645045465"}},{"type":"Feature","geometry":{"type":"Point","coordinates":[43.25466,35.45908]},"properties":{"title":"Assur Archive 24","types":"archive-repository","url":"https://pleiades.stoa.org/places/741482501"}},{"type":"Feature","geometry":{"type":"Point","coordinates":[43.25466,35.45908]},"properties":{"title":"Assur Archive 25","types":"archive-repository","url":"https://pleiades.stoa.org/places/230588053"}},{"type":"Feature","geometry":{"type":"Point","coordinates":[43.25741,35.45813]},"properties":{"title":"Assur Archive 26","types":"archive-repository","url":"https://pleiades.stoa.org/places/621925238"}},{"type":"Feature","geometry":{"type":"Point","coordinates":[43.25741,35.45813]},"properties":{"title":"Assur Archive 27","types":"archive-repository","url":"https://pleiades.stoa.org/places/142665417"}},{"type":"Feature","geometry":{"type":"Point","coordinates":[43.25741,35.45813]},"properties":{"title":"Assur Archive 28","types":"archive-repository","url":"https://pleiades.stoa.org/places/755488463"}},{"type":"Feature","geometry":{"type":"Point","coordinates":[43.25662,35.45865]},"properties":{"title":"Assur Archive 29","types":"archive-repository","url":"https://pleiades.stoa.org/places/587704578"}},{"type":"Feature","geometry":{"type":"Point","coordinates":[43.25617,35.45813]},"properties":{"title":"Assur Archive 30","types":"archive-repository","url":"https://pleiades.stoa.org/places/386629672"}},{"type":"Feature","geometry":{"type":"Point","coordinates":[43.25617,35.45813]},"properties":{"title":"Assur Archive 31","types":"archive-repository","url":"https://pleiades.stoa.org/places/772486313"}},{"type":"Feature","geometry":{"type":"Point","coordinates":[43.25617,35.45813]},"properties":{"title":"Assur Archive 32","types":"archive-repository","url":"https://pleiades.stoa.org/places/772486314"}},{"type":"Feature","geometry":{"type":"Point","coordinates":[43.25617,35.45813]},"properties":{"title":"Assur Archive 33","types":"archive-repository","url":"https://pleiades.stoa.org/places/772486315"}},{"type":"Feature","geometry":{"type":"Point","coordinates":[43.25617,35.45813]},"properties":{"title":"Assur Archive 34","types":"archive-repository","url":"https://pleiades.stoa.org/places/739392374"}},{"type":"Feature","geometry":{"type":"Point","coordinates":[43.25617,35.45813]},"properties":{"title":"Assur Archive 35","types":"archive-repository","url":"https://pleiades.stoa.org/places/739392375"}},{"type":"Feature","geometry":{"type":"Point","coordinates":[43.25617,35.45813]},"properties":{"title":"Assur Archive 36","types":"archive-repository","url":"https://pleiades.stoa.org/places/716451807"}},{"type":"Feature","geometry":{"type":"Point","coordinates":[43.25617,35.45813]},"properties":{"title":"Assur Archive 37","types":"archive-repository","url":"https://pleiades.stoa.org/places/716451808"}},{"type":"Feature","geometry":{"type":"Point","coordinates":[43.25486,35.45731]},"properties":{"title":"Assur Archive 38","types":"archive-repository","url":"https://pleiades.stoa.org/places/696289200"}},{"type":"Feature","geometry":{"type":"Point","coordinates":[43.25473,35.45624]},"properties":{"title":"Assur Archive 39","types":"archive-repository","url":"https://pleiades.stoa.org/places/34026796"}},{"type":"Feature","geometry":{"type":"Point","coordinates":[43.25473,35.45624]},"properties":{"title":"Assur Archive 40","types":"archive-repository","url":"https://pleiades.stoa.org/places/146128415"}},{"type":"Feature","geometry":{"type":"Point","coordinates":[43.25665,35.45494]},"properties":{"title":"Assur Archive 41","types":"archive-repository","url":"https://pleiades.stoa.org/places/146128416"}},{"type":"Feature","geometry":{"type":"Point","coordinates":[43.25665,35.45494]},"properties":{"title":"Assur Archive 42","types":"archive-repository","url":"https://pleiades.stoa.org/places/868586791"}},{"type":"Feature","geometry":{"type":"Point","coordinates":[43.25665,35.45494]},"properties":{"title":"Assur Archive 43","types":"archive-repository","url":"https://pleiades.stoa.org/places/431953965"}},{"type":"Feature","geometry":{"type":"Point","coordinates":[43.25665,35.45494]},"properties":{"title":"Assur Archive 44","types":"archive-repository","url":"https://pleiades.stoa.org/places/39588356"}},{"type":"Feature","geometry":{"type":"Point","coordinates":[43.25837,35.45467]},"properties":{"title":"Assur Archive 45","types":"archive-repository","url":"https://pleiades.stoa.org/places/481246816"}},{"type":"Feature","geometry":{"type":"Point","coordinates":[43.25744,35.45723]},"properties":{"title":"Assur Archive 46","types":"archive-repository","url":"https://pleiades.stoa.org/places/481246817"}},{"type":"Feature","geometry":{"type":"Point","coordinates":[43.25938,35.45646]},"properties":{"title":"Assur Archive 47","types":"archive-repository","url":"https://pleiades.stoa.org/places/387051092"}},{"type":"Feature","geometry":{"type":"Point","coordinates":[43.25938,35.45646]},"properties":{"title":"Assur Archive 48","types":"archive-repository","url":"https://pleiades.stoa.org/places/919662719"}},{"type":"Feature","geometry":{"type":"Point","coordinates":[43.26047,35.45562]},"properties":{"title":"Assur Archive 49","types":"archive-repository","url":"https://pleiades.stoa.org/places/919662720"}},{"type":"Feature","geometry":{"type":"Point","coordinates":[43.26112,35.45465]},"properties":{"title":"Assur Archive 50","types":"archive-repository","url":"https://pleiades.stoa.org/places/943719502"}},{"type":"Feature","geometry":{"type":"Point","coordinates":[43.26151,35.45955]},"properties":{"title":"Assur Archive 51","types":"archive-repository","url":"https://pleiades.stoa.org/places/637947000"}},{"type":"Feature","geometry":{"type":"Point","coordinates":[43.25778,35.45569]},"properties":{"title":"Assur Archive 52a","types":"archive-repository","url":"https://pleiades.stoa.org/places/87246780"}},{"type":"Feature","geometry":{"type":"Point","coordinates":[43.25778,35.45569]},"properties":{"title":"Assur Archive 52b","types":"archive-repository","url":"https://pleiades.stoa.org/places/452563773"}},{"type":"Feature","geometry":{"type":"Point","coordinates":[43.26251,35.45041]},"properties":{"title":"Assur Archive 53","types":"archive-repository","url":"https://pleiades.stoa.org/places/758846965"}},{"type":"Feature","geometry":{"type":"Point","coordinates":[52.52202,28.89787]},"properties":{"title":"Ateshkade","types":"settlement","url":"https://pleiades.stoa.org/places/922618"}},{"type":"Feature","geometry":{"type":"Point","coordinates":[34.93515,32.71083]},"properties":{"title":"Atlit Yam","types":"settlement","url":"https://pleiades.stoa.org/places/97875559"}},{"type":"Feature","geometry":{"type":"Point","coordinates":[44.42369,32.54003]},"properties":{"title":"Ay-ibūr-šabû","types":"road","url":"https://pleiades.stoa.org/places/33309869"}},{"type":"Feature","geometry":{"type":"Point","coordinates":[34.80355,32.01849]},"properties":{"title":"Azor Cemetery Site","types":"settlement, cemetery","url":"https://pleiades.stoa.org/places/89680549"}},{"type":"Feature","geometry":{"type":"Point","coordinates":[34.80632,32.0243]},"properties":{"title":"Azuru","types":"settlement, settlement-modern","url":"https://pleiades.stoa.org/places/977603752"}},{"type":"Feature","geometry":{"type":"Point","coordinates":[32.60864,25.73789]},"properties":{"title":"Bab el-Gasous","types":"tomb","url":"https://pleiades.stoa.org/places/937942844"}},{"type":"Feature","geometry":{"type":"Point","coordinates":[31.22989,30.00592]},"properties":{"title":"Babylon Fortress","types":"fort-2","url":"https://pleiades.stoa.org/places/758514868"}},{"type":"Feature","geometry":{"type":"Point","coordinates":[31.23011,30.00578]},"properties":{"title":"Babylon/al-Fusṭāṭ/Old Cairo","types":"fortified-settlement, settlement","url":"https://pleiades.stoa.org/places/727082"}},{"type":"Feature","geometry":{"type":"Point","coordinates":[47.43596,34.39046]},"properties":{"title":"Bagistanus (mountain)","types":"mountain, monument","url":"https://pleiades.stoa.org/places/902996"}},{"type":"Feature","geometry":{"type":"Point","coordinates":[36.27096,34.65316]},"properties":{"title":"Bahluniye","types":"settlement","url":"https://pleiades.stoa.org/places/668204"}},{"type":"Feature","geometry":{"type":"Point","coordinates":[31.56667,22.26667]},"properties":{"title":"Ballana","types":"cemetery","url":"https://pleiades.stoa.org/places/795783"}},{"type":"Feature","geometry":{"type":"Point","coordinates":[52.84162,29.75809]},"properties":{"title":"Band-e Amīr/Tukrash?","types":"settlement, settlement-modern","url":"https://pleiades.stoa.org/places/922620"}},{"type":"Feature","geometry":{"type":"Point","coordinates":[48.8485,32.05332]},"properties":{"title":"Band-e Kaisar","types":"bridge, dam","url":"https://pleiades.stoa.org/places/581364526"}},{"type":"Feature","geometry":{"type":"Point","coordinates":[50.48413,26.22617]},"properties":{"title":"Barbar Temples","types":"temple-2","url":"https://pleiades.stoa.org/places/291184549"}},{"type":"Feature","geometry":{"type":"Point","coordinates":[38.27012,34.55073]},"properties":{"title":"Baths of Diocletian (Palmyra)","types":"bath","url":"https://pleiades.stoa.org/places/802044826"}},{"type":"Feature","geometry":{"type":"Point","coordinates":[36.56861,35.66972]},"properties":{"title":"Ba’uda","types":"settlement","url":"https://pleiades.stoa.org/places/488293484"}},{"type":"Feature","geometry":{"type":"Point","coordinates":[34.8408,31.24516]},"properties":{"title":"Beer Sheva/Berosaba","types":"settlement, archaeological-site","url":"https://pleiades.stoa.org/places/687846"}},{"type":"Feature","geometry":{"type":"Point","coordinates":[35.44758,30.37086]},"properties":{"title":"Beidha","types":"archaeological-site","url":"https://pleiades.stoa.org/places/525963321"}},{"type":"Feature","geometry":{"type":"Point","coordinates":[36.31209,33.50774]},"properties":{"title":"Beit Farhi","types":"townhouse","url":"https://pleiades.stoa.org/places/782099679"}},{"type":"Feature","geometry":{"type":"Point","coordinates":[35.23833,31.92833]},"properties":{"title":"Beitin","types":"settlement, settlement-modern","url":"https://pleiades.stoa.org/places/260940008"}},{"type":"Feature","geometry":{"type":"Point","coordinates":[35.10018,32.88256]},"properties":{"title":"Belus (river)","types":"river","url":"https://pleiades.stoa.org/places/678055"}},{"type":"Feature","geometry":{"type":"Point","coordinates":[37.25,36.25]},"properties":{"title":"Belus/Chalos? (river)","types":"river","url":"https://pleiades.stoa.org/places/658408"}},{"type":"Feature","geometry":{"type":"Point","coordinates":[34.81855,32.04404]},"properties":{"title":"Bene Beraq","types":"settlement","url":"https://pleiades.stoa.org/places/687847"}},{"type":"Feature","geometry":{"type":"Point","coordinates":[31.20947,29.79024]},"properties":{"title":"Bent Pyramid","types":"tomb, pyramid","url":"https://pleiades.stoa.org/places/412852518"}},{"type":"Feature","geometry":{"type":"Point","coordinates":[37.1629,36.19941]},"properties":{"title":"Beroia","types":"settlement, mosque, plaza","url":"https://pleiades.stoa.org/places/658409"}},{"type":"Feature","geometry":{"type":"Point","coordinates":[36.15321,33.94527]},"properties":{"title":"Berothe","types":"settlement","url":"https://pleiades.stoa.org/places/678057"}},{"type":"Feature","geometry":{"type":"Point","coordinates":[34.83204,32.0101]},"properties":{"title":"Beth Dagon","types":"settlement","url":"https://pleiades.stoa.org/places/687852"}},{"type":"Feature","geometry":{"type":"Point","coordinates":[34.89105,31.61425]},"properties":{"title":"Beth Govrin/Eleutheropolis","types":"settlement","url":"https://pleiades.stoa.org/places/687854"}},{"type":"Feature","geometry":{"type":"Point","coordinates":[35.10512,31.58056]},"properties":{"title":"Beth Zur/Bethsoura","types":"settlement","url":"https://pleiades.stoa.org/places/687859"}},{"type":"Feature","geometry":{"type":"Point","coordinates":[35.54769,31.83876]},"properties":{"title":"Bethabara","types":"church","url":"https://pleiades.stoa.org/places/697641"}},{"type":"Feature","geometry":{"type":"Point","coordinates":[35.25959,31.77315]},"properties":{"title":"Bethania","types":"settlement","url":"https://pleiades.stoa.org/places/156668177"}},{"type":"Feature","geometry":{"type":"Point","coordinates":[35.13555,31.73]},"properties":{"title":"Bethar","types":"fort-2, settlement, archaeological-site","url":"https://pleiades.stoa.org/places/687851"}},{"type":"Feature","geometry":{"type":"Point","coordinates":[35.61125,31.89092]},"properties":{"title":"Bethennabris","types":"settlement","url":"https://pleiades.stoa.org/places/697642"}},{"type":"Feature","geometry":{"type":"Point","coordinates":[35.20315,31.707]},"properties":{"title":"Bethlehem","types":"settlement, settlement-modern","url":"https://pleiades.stoa.org/places/687856"}},{"type":"Feature","geometry":{"type":"Point","coordinates":[34.99189,31.70682]},"properties":{"title":"Bethletepha","types":"settlement","url":"https://pleiades.stoa.org/places/687855"}},{"type":"Feature","geometry":{"type":"Point","coordinates":[44.45167,18.24861]},"properties":{"title":"Bir Hima Rock Petroglyphs and Inscriptions","types":"cultural-landscape","url":"https://pleiades.stoa.org/places/874799955"}},{"type":"Feature","geometry":{"type":"Point","coordinates":[35.3396,30.40359]},"properties":{"title":"Bir Madkhur","types":"station, fort","url":"https://pleiades.stoa.org/places/697644"}},{"type":"Feature","geometry":{"type":"Point","coordinates":[32.59461,25.7053]},"properties":{"title":"Birket Habu","types":"lake","url":"https://pleiades.stoa.org/places/691747970"}},{"type":"Feature","geometry":{"type":"Point","coordinates":[31.22391,29.79174]},"properties":{"title":"Black Pyramid","types":"pyramid","url":"https://pleiades.stoa.org/places/374122553"}},{"type":"Feature","geometry":{"type":"Point","coordinates":[44.3434,32.3924]},"properties":{"title":"Borsippa/Burs","types":"settlement, archaeological-site","url":"https://pleiades.stoa.org/places/893964"}},{"type":"Feature","geometry":{"type":"Point","coordinates":[35.65973,34.25356]},"properties":{"title":"Botrys","types":"settlement","url":"https://pleiades.stoa.org/places/668214"}},{"type":"Feature","geometry":{"type":"Point","coordinates":[32.54422,25.62211]},"properties":{"title":"Boucheion","types":"cemetery","url":"https://pleiades.stoa.org/places/786001"}},{"type":"Feature","geometry":{"type":"Point","coordinates":[34.9406,32.69521]},"properties":{"title":"Boukolonpolis","types":"settlement","url":"https://pleiades.stoa.org/places/678075"}},{"type":"Feature","geometry":{"type":"Point","coordinates":[35.46343,30.30829]},"properties":{"title":"Braq","types":"spring, ruin, sanctuary, archaeological-site","url":"https://pleiades.stoa.org/places/487519333"}},{"type":"Feature","geometry":{"type":"Point","coordinates":[35.81512,33.79745]},"properties":{"title":"Brochoi","types":"fort","url":"https://pleiades.stoa.org/places/678076"}},{"type":"Feature","geometry":{"type":"Point","coordinates":[43.96047,34.10361]},"properties":{"title":"Burj al-Qa'im","types":"temple","url":"https://pleiades.stoa.org/places/893965"}},{"type":"Feature","geometry":{"type":"Point","coordinates":[35.83003,34.27429]},"properties":{"title":"Bziza","types":"temple","url":"https://pleiades.stoa.org/places/668217"}},{"type":"Feature","geometry":{"type":"Point","coordinates":[44.41309,32.53815]},"properties":{"title":"Bāb-Lugalerra","types":"district","url":"https://pleiades.stoa.org/places/633091640"}},{"type":"Feature","geometry":{"type":"Point","coordinates":[38.26811,34.55103]},"properties":{"title":"Caesareum of Palmyra","types":"sanctuary","url":"https://pleiades.stoa.org/places/867812306"}},{"type":"Feature","geometry":{"type":"Point","coordinates":[37.19342,36.21779]},"properties":{"title":"Callicome","types":"station","url":"https://pleiades.stoa.org/places/658420"}},{"type":"Feature","geometry":{"type":"Point","coordinates":[38.26099,34.55493]},"properties":{"title":"Camp of Diocletian at Palmyra","types":"settlement, architecturalcomplex","url":"https://pleiades.stoa.org/places/238679519"}},{"type":"Feature","geometry":{"type":"Point","coordinates":[35.16414,31.51495]},"properties":{"title":"Caphar Baricha","types":"settlement","url":"https://pleiades.stoa.org/places/687869"}},{"type":"Feature","geometry":{"type":"Point","coordinates":[45.1501,19.78332]},"properties":{"title":"Cariati","types":"settlement","url":"https://pleiades.stoa.org/places/39323"}},{"type":"Feature","geometry":{"type":"Point","coordinates":[35.05005,32.7303]},"properties":{"title":"Carmel (mountain)","types":"mountain","url":"https://pleiades.stoa.org/places/678084"}},{"type":"Feature","geometry":{"type":"Point","coordinates":[35.92026,31.50013]},"properties":{"title":"Castra Mefaa","types":"fort","url":"https://pleiades.stoa.org/places/697646"}},{"type":"Feature","geometry":{"type":"Point","coordinates":[35.98116,31.33726]},"properties":{"title":"Castra Praetorii Mobeni","types":"fort-2, ruin","url":"https://pleiades.stoa.org/places/697647"}},{"type":"Feature","geometry":{"type":"Point","coordinates":[35.22914,31.77453]},"properties":{"title":"Cathedral of St. James, Jerusalem","types":"church-2","url":"https://pleiades.stoa.org/places/969121824"}},{"type":"Feature","geometry":{"type":"Point","coordinates":[35.34294,31.43267]},"properties":{"title":"Cave of Letters","types":"cave","url":"https://pleiades.stoa.org/places/363078283"}},{"type":"Feature","geometry":{"type":"Point","coordinates":[47.31779,36.46835]},"properties":{"title":"Chahar Taq","types":"settlement","url":"https://pleiades.stoa.org/places/884131"}},{"type":"Feature","geometry":{"type":"Point","coordinates":[36.24164,33.95773]},"properties":{"title":"Chalcis sub Libano","types":"settlement","url":"https://pleiades.stoa.org/places/678086"}},{"type":"Feature","geometry":{"type":"Point","coordinates":[36.21626,33.88361]},"properties":{"title":"Chamon","types":"settlement","url":"https://pleiades.stoa.org/places/678088"}},{"type":"Feature","geometry":{"type":"Point","coordinates":[32.65599,25.71877]},"properties":{"title":"Chapel of Hakor","types":"temple-2","url":"https://pleiades.stoa.org/places/885585406"}},{"type":"Feature","geometry":{"type":"Point","coordinates":[32.60939,25.72728]},"properties":{"title":"Chapel of Wadjmose","types":"archaeological-site, temple-2","url":"https://pleiades.stoa.org/places/336140750"}},{"type":"Feature","geometry":{"type":"Point","coordinates":[35.23594,31.65149]},"properties":{"title":"Chariton","types":"church","url":"https://pleiades.stoa.org/places/687874"}},{"type":"Feature","geometry":{"type":"Point","coordinates":[35.13273,31.42292]},"properties":{"title":"Chermela","types":"settlement, settlement-modern","url":"https://pleiades.stoa.org/places/687875"}},{"type":"Feature","geometry":{"type":"Point","coordinates":[35.41178,31.84408]},"properties":{"title":"Choziba","types":"monastery","url":"https://pleiades.stoa.org/places/687876"}},{"type":"Feature","geometry":{"type":"Point","coordinates":[36.2945,33.51413]},"properties":{"title":"Chrysoroas/Bardines (river)","types":"river","url":"https://pleiades.stoa.org/places/678095"}},{"type":"Feature","geometry":{"type":"Point","coordinates":[48.4862,32.1851]},"properties":{"title":"Chughā Pahn West","types":"archaeological-site","url":"https://pleiades.stoa.org/places/447650480"}},{"type":"Feature","geometry":{"type":"Point","coordinates":[35.23069,31.77812]},"properties":{"title":"Church of Saint Alexander Nevsky, Jerusalem","types":"church-2","url":"https://pleiades.stoa.org/places/811589743"}},{"type":"Feature","geometry":{"type":"Point","coordinates":[34.9138,32.54876]},"properties":{"title":"Crocodilon (river)","types":"river","url":"https://pleiades.stoa.org/places/678103"}},{"type":"Feature","geometry":{"type":"Point","coordinates":[43.26491,35.45588]},"properties":{"title":"Crown Prince's Palace at Assur","types":"palace","url":"https://pleiades.stoa.org/places/757392272"}},{"type":"Feature","geometry":{"type":"Point","coordinates":[48.56844,32.06643]},"properties":{"title":"Dah-i Nū","types":"archaeological-site","url":"https://pleiades.stoa.org/places/127620793"}},{"type":"Feature","geometry":{"type":"Point","coordinates":[31.26212,30.04994]},"properties":{"title":"Darb Qirmiz","types":"district","url":"https://pleiades.stoa.org/places/58379543"}},{"type":"Feature","geometry":{"type":"Point","coordinates":[34.75,31.25]},"properties":{"title":"Daroma","types":"region","url":"https://pleiades.stoa.org/places/687880"}},{"type":"Feature","geometry":{"type":"Point","coordinates":[52.91536,29.96008]},"properties":{"title":"Darre-ye Barre","types":"temple","url":"https://pleiades.stoa.org/places/922633"}},{"type":"Feature","geometry":{"type":"Point","coordinates":[53.27738,12.11832]},"properties":{"title":"Darsa (island)","types":"island","url":"https://pleiades.stoa.org/places/900159787"}},{"type":"Feature","geometry":{"type":"Point","coordinates":[55.22626,37.17198]},"properties":{"title":"Dasht Qal'eh","types":"settlement","url":"https://pleiades.stoa.org/places/942262"}},{"type":"Feature","geometry":{"type":"Point","coordinates":[52.89269,29.92862]},"properties":{"title":"Dasht-i Gohar/Takht-i Rustam","types":"settlement","url":"https://pleiades.stoa.org/places/922634"}},{"type":"Feature","geometry":{"type":"Point","coordinates":[48.85043,32.0433]},"properties":{"title":"Dastova","types":"settlement","url":"https://pleiades.stoa.org/places/912834"}},{"type":"Feature","geometry":{"type":"Point","coordinates":[47.44667,34.23486]},"properties":{"title":"Deh-i No/Sakavand","types":"cemetery","url":"https://pleiades.stoa.org/places/903011"}},{"type":"Feature","geometry":{"type":"Point","coordinates":[29.66705,30.84161]},"properties":{"title":"Deir Abou Menas","types":"sanctuary, bath, archaeological-site, church, settlement","url":"https://pleiades.stoa.org/places/727105"}},{"type":"Feature","geometry":{"type":"Point","coordinates":[31.2192,29.8664]},"properties":{"title":"Deir Apa Jeremiah","types":"abbey","url":"https://pleiades.stoa.org/places/989554833"}},{"type":"Feature","geometry":{"type":"Point","coordinates":[32.6075,25.73755]},"properties":{"title":"Deir el-Bahari","types":"cemetery, archaeological-site, architecturalcomplex","url":"https://pleiades.stoa.org/places/512504673"}},{"type":"Feature","geometry":{"type":"Point","coordinates":[32.59174,25.67604]},"properties":{"title":"Deir el-Bakhit","types":"church","url":"https://pleiades.stoa.org/places/786014"}},{"type":"Feature","geometry":{"type":"Point","coordinates":[32.60129,25.7284]},"properties":{"title":"Deir el-Medina","types":"settlement","url":"https://pleiades.stoa.org/places/864388873"}},{"type":"Feature","geometry":{"type":"Point","coordinates":[35.48168,31.27107]},"properties":{"title":"Deir el-Qattal el-Bizanti","types":"church","url":"https://pleiades.stoa.org/places/697652"}},{"type":"Feature","geometry":{"type":"Point","coordinates":[32.57875,25.69515]},"properties":{"title":"Deir el-Shelwit","types":"temple-2","url":"https://pleiades.stoa.org/places/477915982"}},{"type":"Feature","geometry":{"type":"Point","coordinates":[47.43973,34.58434]},"properties":{"title":"Denabaran/Dinawar","types":"settlement","url":"https://pleiades.stoa.org/places/903012"}},{"type":"Feature","geometry":{"type":"Point","coordinates":[45.14813,19.7819]},"properties":{"title":"Dhāt Kāhl","types":"settlement","url":"https://pleiades.stoa.org/places/45016677"}},{"type":"Feature","geometry":{"type":"Point","coordinates":[50.50615,26.11518]},"properties":{"title":"Dilmun Burial Mounds","types":"cultural-landscape","url":"https://pleiades.stoa.org/places/933683602"}},{"type":"Feature","geometry":{"type":"Point","coordinates":[50.48971,26.18364]},"properties":{"title":"Dilmun Temple at Saar","types":"temple-2","url":"https://pleiades.stoa.org/places/56036937"}},{"type":"Feature","geometry":{"type":"Point","coordinates":[32.63188,25.66478]},"properties":{"title":"Diospolis Magna/Thebai","types":"settlement","url":"https://pleiades.stoa.org/places/786017"}},{"type":"Feature","geometry":{"type":"Point","coordinates":[34.91712,32.6179]},"properties":{"title":"Dor(a)","types":"settlement","url":"https://pleiades.stoa.org/places/678121"}},{"type":"Feature","geometry":{"type":"Point","coordinates":[35.41542,31.87076]},"properties":{"title":"Douka","types":"fort","url":"https://pleiades.stoa.org/places/687884"}},{"type":"Feature","geometry":{"type":"Point","coordinates":[32.62144,25.7368]},"properties":{"title":"Dra' Abu el-Naga'","types":"cemetery","url":"https://pleiades.stoa.org/places/318069073"}},{"type":"Feature","geometry":{"type":"Point","coordinates":[44.42685,32.54258]},"properties":{"title":"Eandasaya","types":"unlocated, temple-2","url":"https://pleiades.stoa.org/places/576681908"}},{"type":"Feature","geometry":{"type":"Point","coordinates":[44.43875,32.55038]},"properties":{"title":"Eastern Outer Wall of Babylon","types":"city-wall","url":"https://pleiades.stoa.org/places/722340789"}},{"type":"Feature","geometry":{"type":"Point","coordinates":[44.41309,32.53815]},"properties":{"title":"Ebursasa","types":"unlocated, temple-2","url":"https://pleiades.stoa.org/places/452758808"}},{"type":"Feature","geometry":{"type":"Point","coordinates":[48.51641,34.80556]},"properties":{"title":"Ecbatana/Hagmatana/Achmeta/Epiphaneia/Ahmadan","types":"settlement, archaeological-site","url":"https://pleiades.stoa.org/places/903021"}},{"type":"Feature","geometry":{"type":"Point","coordinates":[44.41545,32.5328]},"properties":{"title":"Edikukalama","types":"unknown","url":"https://pleiades.stoa.org/places/419903060"}},{"type":"Feature","geometry":{"type":"Point","coordinates":[44.43412,32.53424]},"properties":{"title":"Edurkuga","types":"unlocated, shrine","url":"https://pleiades.stoa.org/places/883747310"}},{"type":"Feature","geometry":{"type":"Point","coordinates":[44.41536,32.53929]},"properties":{"title":"Egišhurankia","types":"unlocated, temple-2","url":"https://pleiades.stoa.org/places/452758807"}},{"type":"Feature","geometry":{"type":"Point","coordinates":[37.95235,26.79821]},"properties":{"title":"Egra/Meda'in Salih","types":"settlement, cemetery","url":"https://pleiades.stoa.org/places/814675"}},{"type":"Feature","geometry":{"type":"Point","coordinates":[44.42367,32.53965]},"properties":{"title":"Ehilikalamma","types":"temple-2","url":"https://pleiades.stoa.org/places/856859068"}},{"type":"Feature","geometry":{"type":"Point","coordinates":[44.42657,32.53063]},"properties":{"title":"Ehursagtilla","types":"temple-2","url":"https://pleiades.stoa.org/places/386664298"}},{"type":"Feature","geometry":{"type":"Point","coordinates":[35.1639,31.76764]},"properties":{"title":"Ein Karem","types":"settlement, settlement-modern","url":"https://pleiades.stoa.org/places/601633374"}},{"type":"Feature","geometry":{"type":"Point","coordinates":[44.41545,32.5328]},"properties":{"title":"Ekadima","types":"unlocated, temple-2","url":"https://pleiades.stoa.org/places/323375925"}},{"type":"Feature","geometry":{"type":"Point","coordinates":[44.43412,32.53424]},"properties":{"title":"Ekagula","types":"unlocated, shrine","url":"https://pleiades.stoa.org/places/764089567"}},{"type":"Feature","geometry":{"type":"Point","coordinates":[44.42149,32.53379]},"properties":{"title":"Ekarzagina","types":"unlocated, temple-2","url":"https://pleiades.stoa.org/places/923543650"}},{"type":"Feature","geometry":{"type":"Point","coordinates":[35.1084,33.04781]},"properties":{"title":"Ekdippa","types":"station","url":"https://pleiades.stoa.org/places/678128"}},{"type":"Feature","geometry":{"type":"Point","coordinates":[44.42104,32.52741]},"properties":{"title":"Ekitušgarza","types":"unlocated, temple-2","url":"https://pleiades.stoa.org/places/646547815"}},{"type":"Feature","geometry":{"type":"Point","coordinates":[44.42682,32.54261]},"properties":{"title":"Ekitušgirzal","types":"unlocated, temple-2","url":"https://pleiades.stoa.org/places/576681909"}},{"type":"Feature","geometry":{"type":"Point","coordinates":[44.42731,32.53669]},"properties":{"title":"Ekišnugal","types":"unlocated, temple-2","url":"https://pleiades.stoa.org/places/454450226"}},{"type":"Feature","geometry":{"type":"Point","coordinates":[36.23475,34.62024]},"properties":{"title":"Eleutheros (river)","types":"river","url":"https://pleiades.stoa.org/places/668241"}},{"type":"Feature","geometry":{"type":"Point","coordinates":[44.42325,32.54328]},"properties":{"title":"Emah","types":"temple-2","url":"https://pleiades.stoa.org/places/452038953"}},{"type":"Feature","geometry":{"type":"Point","coordinates":[44.42469,32.54018]},"properties":{"title":"Emašdari","types":"temple-2","url":"https://pleiades.stoa.org/places/213534097"}},{"type":"Feature","geometry":{"type":"Point","coordinates":[44.43119,32.54371]},"properties":{"title":"Emekiliburur","types":"unlocated, temple-2","url":"https://pleiades.stoa.org/places/454450225"}},{"type":"Feature","geometry":{"type":"Point","coordinates":[44.41545,32.5328]},"properties":{"title":"Emesikila","types":"unlocated, temple-2","url":"https://pleiades.stoa.org/places/607767545"}},{"type":"Feature","geometry":{"type":"Point","coordinates":[44.43412,32.53424]},"properties":{"title":"Emeurur","types":"unlocated, temple-2","url":"https://pleiades.stoa.org/places/189727829"}},{"type":"Feature","geometry":{"type":"Point","coordinates":[35.34811,31.21209]},"properties":{"title":"En Boqeq","types":"fort","url":"https://pleiades.stoa.org/places/687892"}},{"type":"Feature","geometry":{"type":"Point","coordinates":[34.85943,31.39437]},"properties":{"title":"En Rimmon","types":"settlement","url":"https://pleiades.stoa.org/places/687895"}},{"type":"Feature","geometry":{"type":"Point","coordinates":[44.41739,32.53195]},"properties":{"title":"Enamhe","types":"unlocated, temple-2","url":"https://pleiades.stoa.org/places/130405659"}},{"type":"Feature","geometry":{"type":"Point","coordinates":[44.4161,32.53458]},"properties":{"title":"Enamtila","types":"unlocated, temple-2","url":"https://pleiades.stoa.org/places/117946902"}},{"type":"Feature","geometry":{"type":"Point","coordinates":[35.38775,31.46269]},"properties":{"title":"Engaddai","types":"settlement","url":"https://pleiades.stoa.org/places/687893"}},{"type":"Feature","geometry":{"type":"Point","coordinates":[44.42337,32.53976]},"properties":{"title":"Eniggidrukalamasuma","types":"temple-2","url":"https://pleiades.stoa.org/places/568355929"}},{"type":"Feature","geometry":{"type":"Point","coordinates":[44.41639,32.53961]},"properties":{"title":"Enlil Gate","types":"unlocated, city-gate","url":"https://pleiades.stoa.org/places/704495840"}},{"type":"Feature","geometry":{"type":"Point","coordinates":[44.41309,32.53815]},"properties":{"title":"Enunmah","types":"unlocated, temple-2","url":"https://pleiades.stoa.org/places/699978029"}},{"type":"Feature","geometry":{"type":"Point","coordinates":[44.42108,32.53633]},"properties":{"title":"Eridu","types":"district","url":"https://pleiades.stoa.org/places/54136919"}},{"type":"Feature","geometry":{"type":"Point","coordinates":[44.41842,32.52849]},"properties":{"title":"Esabad","types":"unlocated, temple-2","url":"https://pleiades.stoa.org/places/646547814"}},{"type":"Feature","geometry":{"type":"Point","coordinates":[44.43119,32.54371]},"properties":{"title":"Esag","types":"unlocated, temple-2","url":"https://pleiades.stoa.org/places/863887719"}},{"type":"Feature","geometry":{"type":"Point","coordinates":[44.42149,32.53379]},"properties":{"title":"Esagila","types":"temple-2","url":"https://pleiades.stoa.org/places/251337021"}},{"type":"Feature","geometry":{"type":"Point","coordinates":[35.06491,31.39868]},"properties":{"title":"Eshthemoa","types":"settlement","url":"https://pleiades.stoa.org/places/687897"}},{"type":"Feature","geometry":{"type":"Point","coordinates":[44.42108,32.53633]},"properties":{"title":"Etemenanki","types":"temple-2, ziggurat","url":"https://pleiades.stoa.org/places/142907963"}},{"type":"Feature","geometry":{"type":"Point","coordinates":[50.54151,25.95919]},"properties":{"title":"Eualenoi","types":"label, people","url":"https://pleiades.stoa.org/places/932452"}},{"type":"Feature","geometry":{"type":"Point","coordinates":[44.43119,32.54371]},"properties":{"title":"Eurguba","types":"unlocated, temple-2","url":"https://pleiades.stoa.org/places/818994290"}},{"type":"Feature","geometry":{"type":"Point","coordinates":[44.34173,32.39177]},"properties":{"title":"Eurmeiminanki","types":"temple-2","url":"https://pleiades.stoa.org/places/777728190"}},{"type":"Feature","geometry":{"type":"Point","coordinates":[44.42685,32.54258]},"properties":{"title":"Eurunanam","types":"unlocated, shrine","url":"https://pleiades.stoa.org/places/189727830"}},{"type":"Feature","geometry":{"type":"Point","coordinates":[35.33629,31.79225]},"properties":{"title":"Euthymios","types":"archaeological-site, church","url":"https://pleiades.stoa.org/places/687898"}},{"type":"Feature","geometry":{"type":"Point","coordinates":[44.34253,32.39236]},"properties":{"title":"Ezida","types":"temple-2","url":"https://pleiades.stoa.org/places/184449166"}},{"type":"Feature","geometry":{"type":"Point","coordinates":[44.42423,32.53086]},"properties":{"title":"Ešasurra","types":"temple-2","url":"https://pleiades.stoa.org/places/358880029"}},{"type":"Feature","geometry":{"type":"Point","coordinates":[44.41842,32.52849]},"properties":{"title":"Ešiddukišara","types":"unlocated, temple-2","url":"https://pleiades.stoa.org/places/133324175"}},{"type":"Feature","geometry":{"type":"Point","coordinates":[44.41545,32.5328]},"properties":{"title":"Eʾesirkalama","types":"unlocated, temple-2","url":"https://pleiades.stoa.org/places/116348460"}},{"type":"Feature","geometry":{"type":"Point","coordinates":[44.41473,32.53235]},"properties":{"title":"Eʾešmah","types":"unlocated, temple-2","url":"https://pleiades.stoa.org/places/130405658"}},{"type":"Feature","geometry":{"type":"Point","coordinates":[34.05772,28.66428]},"properties":{"title":"Farsh el-Qasr","types":"church","url":"https://pleiades.stoa.org/places/746733"}},{"type":"Feature","geometry":{"type":"Point","coordinates":[52.5708,28.84387]},"properties":{"title":"Firuzabad","types":"bridge, settlement, settlement-modern, monument","url":"https://pleiades.stoa.org/places/922643"}},{"type":"Feature","geometry":{"type":"Point","coordinates":[52.89394,29.93373]},"properties":{"title":"Firuzi 2/Matezzish?/Humadeshu?/Uvadaichaya?","types":"settlement","url":"https://pleiades.stoa.org/places/922645"}},{"type":"Feature","geometry":{"type":"Point","coordinates":[55.24744,37.31818]},"properties":{"title":"Fort at Great Wall of Gorgan","types":"fort","url":"https://pleiades.stoa.org/places/963101053"}},{"type":"Feature","geometry":{"type":"Point","coordinates":[55.20947,37.27895]},"properties":{"title":"Fort at Great Wall of Gorgan","types":"fort","url":"https://pleiades.stoa.org/places/963101054"}},{"type":"Feature","geometry":{"type":"Point","coordinates":[55.29175,37.35109]},"properties":{"title":"Fort at Great Wall of Gorgan","types":"fort","url":"https://pleiades.stoa.org/places/963101056"}},{"type":"Feature","geometry":{"type":"Point","coordinates":[55.11438,37.24734]},"properties":{"title":"Fort at Great Wall of Gorgan","types":"fort","url":"https://pleiades.stoa.org/places/963101057"}},{"type":"Feature","geometry":{"type":"Point","coordinates":[55.10109,37.24449]},"properties":{"title":"Fort at Great Wall of Gorgan","types":"fort","url":"https://pleiades.stoa.org/places/963101058"}},{"type":"Feature","geometry":{"type":"Point","coordinates":[55.1609,37.25684]},"properties":{"title":"Fort at Great Wall of Gorgan","types":"fort","url":"https://pleiades.stoa.org/places/963101059"}},{"type":"Feature","geometry":{"type":"Point","coordinates":[55.0859,37.24354]},"properties":{"title":"Fort at Great Wall of Gorgan","types":"fort","url":"https://pleiades.stoa.org/places/963101079"}},{"type":"Feature","geometry":{"type":"Point","coordinates":[31.60857,22.36004]},"properties":{"title":"Forum Cambusis?","types":"sanctuary","url":"https://pleiades.stoa.org/places/795808"}},{"type":"Feature","geometry":{"type":"Point","coordinates":[32.60155,25.71882]},"properties":{"title":"Funerary chapel of Amenirdis I","types":"tomb, temple-2","url":"https://pleiades.stoa.org/places/202520973"}},{"type":"Feature","geometry":{"type":"Point","coordinates":[32.60142,25.71895]},"properties":{"title":"Funerary chapel of Ankhnesneferibre","types":"tomb, temple-2","url":"https://pleiades.stoa.org/places/489301610"}},{"type":"Feature","geometry":{"type":"Point","coordinates":[32.60162,25.71876]},"properties":{"title":"Funerary chapel of Shepenupet I","types":"tomb, temple-2","url":"https://pleiades.stoa.org/places/974950163"}},{"type":"Feature","geometry":{"type":"Point","coordinates":[32.60149,25.71889]},"properties":{"title":"Funerary chapel of Shepenupet II, Nitocris I and Mehytenweskhet","types":"tomb, temple-2","url":"https://pleiades.stoa.org/places/517028878"}},{"type":"Feature","geometry":{"type":"Point","coordinates":[32.61148,25.72872]},"properties":{"title":"Funerary temple of Amenhotep II","types":"temple-2","url":"https://pleiades.stoa.org/places/949519860"}},{"type":"Feature","geometry":{"type":"Point","coordinates":[32.6015,25.72145]},"properties":{"title":"Funerary temple of Ay and Horemheb","types":"temple-2","url":"https://pleiades.stoa.org/places/562617274"}},{"type":"Feature","geometry":{"type":"Point","coordinates":[32.62854,25.73249]},"properties":{"title":"Funerary temple of Seti I","types":"temple-2","url":"https://pleiades.stoa.org/places/92549399"}},{"type":"Feature","geometry":{"type":"Point","coordinates":[32.60737,25.72624]},"properties":{"title":"Funerary temple of Siptah and Twosret","types":"temple-2","url":"https://pleiades.stoa.org/places/514563053"}},{"type":"Feature","geometry":{"type":"Point","coordinates":[32.61327,25.73006]},"properties":{"title":"Funerary temple of Thutmose III","types":"temple-2","url":"https://pleiades.stoa.org/places/4316625"}},{"type":"Feature","geometry":{"type":"Point","coordinates":[32.60857,25.72708]},"properties":{"title":"Funerary temple of Thutmose IV","types":"temple-2","url":"https://pleiades.stoa.org/places/514563052"}},{"type":"Feature","geometry":{"type":"Point","coordinates":[35.93921,33.87013]},"properties":{"title":"Furzol","types":"temple","url":"https://pleiades.stoa.org/places/678135"}},{"type":"Feature","geometry":{"type":"Point","coordinates":[35.14459,32.61367]},"properties":{"title":"Gaba Philippi","types":"settlement","url":"https://pleiades.stoa.org/places/678138"}},{"type":"Feature","geometry":{"type":"Point","coordinates":[35.1069,32.73036]},"properties":{"title":"Gaba?","types":"settlement","url":"https://pleiades.stoa.org/places/678137"}},{"type":"Feature","geometry":{"type":"Point","coordinates":[35.18436,31.84906]},"properties":{"title":"Gabaon","types":"settlement","url":"https://pleiades.stoa.org/places/687900"}},{"type":"Feature","geometry":{"type":"Point","coordinates":[35.21865,32.67254]},"properties":{"title":"Gabatha","types":"settlement","url":"https://pleiades.stoa.org/places/678139"}},{"type":"Feature","geometry":{"type":"Point","coordinates":[53.1672,30.19392]},"properties":{"title":"Gabr-i Mader-i Soleiman","types":"tomb","url":"https://pleiades.stoa.org/places/922647"}},{"type":"Feature","geometry":{"type":"Point","coordinates":[35.71699,32.02234]},"properties":{"title":"Gadara","types":"settlement, settlement-modern","url":"https://pleiades.stoa.org/places/697665"}},{"type":"Feature","geometry":{"type":"Point","coordinates":[35.79086,32.09545]},"properties":{"title":"Gal'adi","types":"settlement","url":"https://pleiades.stoa.org/places/889522883"}},{"type":"Feature","geometry":{"type":"Point","coordinates":[35.25,32.75]},"properties":{"title":"Galilaea","types":"region, label","url":"https://pleiades.stoa.org/places/678145"}},{"type":"Feature","geometry":{"type":"Point","coordinates":[48.4373,34.7622]},"properties":{"title":"Ganj Nameh","types":"archaeological-site, monument","url":"https://pleiades.stoa.org/places/903032"}},{"type":"Feature","geometry":{"type":"Point","coordinates":[35.443,30.32862]},"properties":{"title":"Garden and Pool Complex at Petra","types":"garden-hortus, water-feature","url":"https://pleiades.stoa.org/places/511547525"}},{"type":"Feature","geometry":{"type":"Point","coordinates":[45.64296,38.93522]},"properties":{"title":"Gavur Qal'eh","types":"settlement","url":"https://pleiades.stoa.org/places/874480"}},{"type":"Feature","geometry":{"type":"Point","coordinates":[34.45172,31.52021]},"properties":{"title":"Gaza","types":"settlement, port","url":"https://pleiades.stoa.org/places/687902"}},{"type":"Feature","geometry":{"type":"Point","coordinates":[34.43316,31.53084]},"properties":{"title":"Gazaion Limen/Constantia/Neapolis","types":"settlement","url":"https://pleiades.stoa.org/places/687903"}},{"type":"Feature","geometry":{"type":"Point","coordinates":[35.25,33.25]},"properties":{"title":"Geato (river)","types":"river","url":"https://pleiades.stoa.org/places/678151"}},{"type":"Feature","geometry":{"type":"Point","coordinates":[31.63407,22.28001]},"properties":{"title":"Gebel Adda","types":"settlement","url":"https://pleiades.stoa.org/places/795812"}},{"type":"Feature","geometry":{"type":"Point","coordinates":[35.10037,32.81023]},"properties":{"title":"Gedru","types":"settlement","url":"https://pleiades.stoa.org/places/678152"}},{"type":"Feature","geometry":{"type":"Point","coordinates":[35.5014,31.82016]},"properties":{"title":"Gerasimos","types":"church","url":"https://pleiades.stoa.org/places/687908"}},{"type":"Feature","geometry":{"type":"Point","coordinates":[35.93833,33.73111]},"properties":{"title":"Gerra","types":"settlement, fort","url":"https://pleiades.stoa.org/places/678160"}},{"type":"Feature","geometry":{"type":"Point","coordinates":[34.01409,28.63552]},"properties":{"title":"Geth Rabbi","types":"church","url":"https://pleiades.stoa.org/places/746740"}},{"type":"Feature","geometry":{"type":"Point","coordinates":[34.8474,31.70198]},"properties":{"title":"Gimtu","types":"settlement, tell","url":"https://pleiades.stoa.org/places/889522884"}},{"type":"Feature","geometry":{"type":"Point","coordinates":[31.12668,29.97006]},"properties":{"title":"Giza","types":"sanctuary, cemetery, pyramid, tomb, settlement, architecturalcomplex","url":"https://pleiades.stoa.org/places/442962448"}},{"type":"Feature","geometry":{"type":"Point","coordinates":[44.45073,32.54098]},"properties":{"title":"Giššu Gate","types":"unlocated, city-gate","url":"https://pleiades.stoa.org/places/124694415"}},{"type":"Feature","geometry":{"type":"Point","coordinates":[45.59748,38.87834]},"properties":{"title":"Gol tepe","types":"settlement","url":"https://pleiades.stoa.org/places/874487"}},{"type":"Feature","geometry":{"type":"Point","coordinates":[38.26554,34.55342]},"properties":{"title":"Great Colonnade at Palmyra","types":"architecturalcomplex","url":"https://pleiades.stoa.org/places/867812308"}},{"type":"Feature","geometry":{"type":"Point","coordinates":[45.26817,15.40175]},"properties":{"title":"Great Dam of Ma'rib","types":"canal, dam","url":"https://pleiades.stoa.org/places/458819047"}},{"type":"Feature","geometry":{"type":"Point","coordinates":[37.15686,36.19933]},"properties":{"title":"Great Mosque of Aleppo","types":"plaza, mosque","url":"https://pleiades.stoa.org/places/964860496"}},{"type":"Feature","geometry":{"type":"Point","coordinates":[36.30661,33.51159]},"properties":{"title":"Great Mosque of the Umayyads","types":"mosque","url":"https://pleiades.stoa.org/places/833129569"}},{"type":"Feature","geometry":{"type":"Point","coordinates":[35.44235,30.32881]},"properties":{"title":"Great Temple of Petra","types":"temple-2","url":"https://pleiades.stoa.org/places/777218559"}},{"type":"Feature","geometry":{"type":"Point","coordinates":[43.26116,35.4597]},"properties":{"title":"Great Ziggurat of Aššur at Assur","types":"ziggurat","url":"https://pleiades.stoa.org/places/881209103"}},{"type":"Feature","geometry":{"type":"Point","coordinates":[32.60312,25.72916]},"properties":{"title":"Great pit","types":"pit","url":"https://pleiades.stoa.org/places/746584647"}},{"type":"Feature","geometry":{"type":"Point","coordinates":[44.42983,32.54258]},"properties":{"title":"Greek Theater","types":"theatre","url":"https://pleiades.stoa.org/places/293222275"}},{"type":"Feature","geometry":{"type":"Point","coordinates":[46.39691,37.99986]},"properties":{"title":"Gurqal'eh","types":"settlement","url":"https://pleiades.stoa.org/places/884159"}},{"type":"Feature","geometry":{"type":"Point","coordinates":[52.92621,29.97635]},"properties":{"title":"Hajjiabad","types":"temple","url":"https://pleiades.stoa.org/places/922656"}},{"type":"Feature","geometry":{"type":"Point","coordinates":[35.92102,33.67346]},"properties":{"title":"Hammara","types":"settlement","url":"https://pleiades.stoa.org/places/678171"}},{"type":"Feature","geometry":{"type":"Point","coordinates":[35.15413,33.12783]},"properties":{"title":"Hammon","types":"settlement","url":"https://pleiades.stoa.org/places/678173"}},{"type":"Feature","geometry":{"type":"Point","coordinates":[44.42498,32.5373]},"properties":{"title":"Hanging Gardens of Babylon","types":"garden-hortus, paradise-garden","url":"https://pleiades.stoa.org/places/55248061"}},{"type":"Feature","geometry":{"type":"Point","coordinates":[43.89734,36.09333]},"properties":{"title":"Hazza","types":"settlement","url":"https://pleiades.stoa.org/places/894005"}},{"type":"Feature","geometry":{"type":"Point","coordinates":[31.22292,29.87555]},"properties":{"title":"Headless Pyramid","types":"pyramid","url":"https://pleiades.stoa.org/places/347826778"}},{"type":"Feature","geometry":{"type":"Point","coordinates":[31.30748,30.1294]},"properties":{"title":"Heliopolis","types":"settlement, monument","url":"https://pleiades.stoa.org/places/727117"}},{"type":"Feature","geometry":{"type":"Point","coordinates":[36.20385,34.00638]},"properties":{"title":"Heliopolis/Col. Iulia Augusta Felix","types":"settlement, archaeological-site, temple-2, architecturalcomplex","url":"https://pleiades.stoa.org/places/678179"}},{"type":"Feature","geometry":{"type":"Point","coordinates":[31.27721,30.14514]},"properties":{"title":"Heliopolites Nomos","types":"nome-gr, label","url":"https://pleiades.stoa.org/places/727118"}},{"type":"Feature","geometry":{"type":"Point","coordinates":[31.29544,29.88359]},"properties":{"title":"Helwan necropolis","types":"cemetery","url":"https://pleiades.stoa.org/places/818039726"}},{"type":"Feature","geometry":{"type":"Point","coordinates":[32.54305,25.61988]},"properties":{"title":"Hermonthis","types":"settlement, settlement-modern","url":"https://pleiades.stoa.org/places/786036"}},{"type":"Feature","geometry":{"type":"Point","coordinates":[35.24181,31.66567]},"properties":{"title":"Herodeion","types":"fort-2, archaeological-site, fort","url":"https://pleiades.stoa.org/places/687916"}},{"type":"Feature","geometry":{"type":"Point","coordinates":[49.68538,25.35728]},"properties":{"title":"Hofuf","types":"settlement","url":"https://pleiades.stoa.org/places/932459"}},{"type":"Feature","geometry":{"type":"Point","coordinates":[35.98414,34.25814]},"properties":{"title":"Holy Valley","types":"settlement, forest","url":"https://pleiades.stoa.org/places/657612457"}},{"type":"Feature","geometry":{"type":"Point","coordinates":[33.92168,28.58771]},"properties":{"title":"Horeb Mons, Mon.","types":"church","url":"https://pleiades.stoa.org/places/746745"}},{"type":"Feature","geometry":{"type":"Point","coordinates":[35.07561,31.81808]},"properties":{"title":"Horvat Mezad","types":"station","url":"https://pleiades.stoa.org/places/687920"}},{"type":"Feature","geometry":{"type":"Point","coordinates":[35.08826,30.55799]},"properties":{"title":"Horvat Qazra","types":"station","url":"https://pleiades.stoa.org/places/687921"}},{"type":"Feature","geometry":{"type":"Point","coordinates":[32.59963,25.72029]},"properties":{"title":"House of Butehamon","types":"townhouse","url":"https://pleiades.stoa.org/places/421420954"}},{"type":"Feature","geometry":{"type":"Point","coordinates":[36.45811,35.58832]},"properties":{"title":"Huarte","types":"settlement","url":"https://pleiades.stoa.org/places/668266"}},{"type":"Feature","geometry":{"type":"Point","coordinates":[35.0732,32.71112]},"properties":{"title":"Husifa","types":"settlement","url":"https://pleiades.stoa.org/places/678191"}},{"type":"Feature","geometry":{"type":"Point","coordinates":[36.06942,34.40281]},"properties":{"title":"Husn Sfiri","types":"temple","url":"https://pleiades.stoa.org/places/668267"}},{"type":"Feature","geometry":{"type":"Point","coordinates":[34.75,31.25]},"properties":{"title":"Idumaea","types":"region","url":"https://pleiades.stoa.org/places/687927"}},{"type":"Feature","geometry":{"type":"Point","coordinates":[35.08978,31.44457]},"properties":{"title":"Ietta","types":"settlement","url":"https://pleiades.stoa.org/places/687930"}},{"type":"Feature","geometry":{"type":"Point","coordinates":[44.42165,32.54322]},"properties":{"title":"Imgur-Enlil","types":"city-wall","url":"https://pleiades.stoa.org/places/202833933"}},{"type":"Feature","geometry":{"type":"Point","coordinates":[52.87459,29.98858]},"properties":{"title":"Investiture relief of Ardashir I","types":"cemetery, monument","url":"https://pleiades.stoa.org/places/337124895"}},{"type":"Feature","geometry":{"type":"Point","coordinates":[34.74993,32.05308]},"properties":{"title":"Ioppe","types":"settlement, port","url":"https://pleiades.stoa.org/places/687931"}},{"type":"Feature","geometry":{"type":"Point","coordinates":[35.94313,33.70082]},"properties":{"title":"Itouraia","types":"region, label","url":"https://pleiades.stoa.org/places/678203"}},{"type":"Feature","geometry":{"type":"Point","coordinates":[35.90207,33.71312]},"properties":{"title":"Itouraioi","types":"label, people","url":"https://pleiades.stoa.org/places/678204"}},{"type":"Feature","geometry":{"type":"Point","coordinates":[44.42251,32.54352]},"properties":{"title":"Ištar Gate","types":"city-gate","url":"https://pleiades.stoa.org/places/653377582"}},{"type":"Feature","geometry":{"type":"Point","coordinates":[50.49537,26.22566]},"properties":{"title":"Janussan","types":"cemetery","url":"https://pleiades.stoa.org/places/932463"}},{"type":"Feature","geometry":{"type":"Point","coordinates":[35.47103,29.55269]},"properties":{"title":"Jebel Abu Judeidah","types":"dam","url":"https://pleiades.stoa.org/places/746749"}},{"type":"Feature","geometry":{"type":"Point","coordinates":[47.5628,30.80934]},"properties":{"title":"Jebel Khayabir/Alexandria?/Antiochia?/Spasinou Charax?/Karkh Maisan?/[Astarabad Ardashir]?","types":"urban, settlement","url":"https://pleiades.stoa.org/places/912872"}},{"type":"Feature","geometry":{"type":"Point","coordinates":[34.964,31.521]},"properties":{"title":"Jebel Qa'aqir","types":"settlement","url":"https://pleiades.stoa.org/places/275406243"}},{"type":"Feature","geometry":{"type":"Point","coordinates":[35.09433,32.71773]},"properties":{"title":"Jellemeh/Jalame","types":"settlement","url":"https://pleiades.stoa.org/places/678212"}},{"type":"Feature","geometry":{"type":"Point","coordinates":[48.54488,32.20331]},"properties":{"title":"KS369","types":"settlement","url":"https://pleiades.stoa.org/places/912885"}},{"type":"Feature","geometry":{"type":"Point","coordinates":[48.22641,32.34713]},"properties":{"title":"KS391","types":"settlement","url":"https://pleiades.stoa.org/places/903068"}},{"type":"Feature","geometry":{"type":"Point","coordinates":[48.44362,32.10163]},"properties":{"title":"KS75","types":"settlement","url":"https://pleiades.stoa.org/places/912884"}},{"type":"Feature","geometry":{"type":"Point","coordinates":[48.61616,32.11328]},"properties":{"title":"KS907","types":"settlement","url":"https://pleiades.stoa.org/places/912886"}},{"type":"Feature","geometry":{"type":"Point","coordinates":[48.62327,32.09952]},"properties":{"title":"KS920","types":"settlement","url":"https://pleiades.stoa.org/places/912887"}},{"type":"Feature","geometry":{"type":"Point","coordinates":[48.63846,32.08053]},"properties":{"title":"KS989","types":"settlement","url":"https://pleiades.stoa.org/places/912892"}},{"type":"Feature","geometry":{"type":"Point","coordinates":[48.63182,32.09098]},"properties":{"title":"KS990","types":"settlement","url":"https://pleiades.stoa.org/places/912893"}},{"type":"Feature","geometry":{"type":"Point","coordinates":[52.87403,29.98849]},"properties":{"title":"Ka'ba-ye Zartosht","types":"monument","url":"https://pleiades.stoa.org/places/616346030"}},{"type":"Feature","geometry":{"type":"Point","coordinates":[44.42115,32.5407]},"properties":{"title":"Ka-dingirra","types":"district","url":"https://pleiades.stoa.org/places/54136920"}},{"type":"Feature","geometry":{"type":"Point","coordinates":[48.32828,32.08054]},"properties":{"title":"Kabnak","types":"settlement, archaeological-site","url":"https://pleiades.stoa.org/places/379400932"}},{"type":"Feature","geometry":{"type":"Point","coordinates":[35.78651,34.38574]},"properties":{"title":"Kalamos","types":"settlement","url":"https://pleiades.stoa.org/places/668277"}},{"type":"Feature","geometry":{"type":"Point","coordinates":[57.33194,23.16847]},"properties":{"title":"Kalon Oros","types":"mountain","url":"https://pleiades.stoa.org/places/29621"}},{"type":"Feature","geometry":{"type":"Point","coordinates":[47.32362,34.30722]},"properties":{"title":"Kambadene/Kampa(n)da","types":"label","url":"https://pleiades.stoa.org/places/903053"}},{"type":"Feature","geometry":{"type":"Point","coordinates":[35.29944,33.20889]},"properties":{"title":"Kana","types":"settlement","url":"https://pleiades.stoa.org/places/678219"}},{"type":"Feature","geometry":{"type":"Point","coordinates":[35.25,32.75]},"properties":{"title":"Kana?","types":"labeled feature","url":"https://pleiades.stoa.org/places/678220"}},{"type":"Feature","geometry":{"type":"Point","coordinates":[36.65956,35.76778]},"properties":{"title":"Kaperkoraon","types":"settlement","url":"https://pleiades.stoa.org/places/668278"}},{"type":"Feature","geometry":{"type":"Point","coordinates":[36.63187,35.81093]},"properties":{"title":"Kaperlatinou","types":"settlement","url":"https://pleiades.stoa.org/places/668279"}},{"type":"Feature","geometry":{"type":"Point","coordinates":[32.65813,25.71822]},"properties":{"title":"Karnak","types":"sanctuary, architecturalcomplex, temple-2, archaeological-site","url":"https://pleiades.stoa.org/places/786050"}},{"type":"Feature","geometry":{"type":"Point","coordinates":[50.51098,26.23101]},"properties":{"title":"Karranah","types":"cemetery","url":"https://pleiades.stoa.org/places/932467"}},{"type":"Feature","geometry":{"type":"Point","coordinates":[32.61315,25.62239]},"properties":{"title":"Kastron Thebon","types":"fort","url":"https://pleiades.stoa.org/places/786051"}},{"type":"Feature","geometry":{"type":"Point","coordinates":[35.16134,32.97432]},"properties":{"title":"Kefar Amiqo","types":"settlement","url":"https://pleiades.stoa.org/places/678228"}},{"type":"Feature","geometry":{"type":"Point","coordinates":[34.94904,32.53115]},"properties":{"title":"Kefar Shuni","types":"settlement","url":"https://pleiades.stoa.org/places/678233"}},{"type":"Feature","geometry":{"type":"Point","coordinates":[31.21826,30.08452]},"properties":{"title":"Kerkasoros","types":"settlement","url":"https://pleiades.stoa.org/places/727142"}},{"type":"Feature","geometry":{"type":"Point","coordinates":[35.22537,31.76886]},"properties":{"title":"Ketef Hinnom","types":"tomb, cave, cemetery","url":"https://pleiades.stoa.org/places/252614720"}},{"type":"Feature","geometry":{"type":"Point","coordinates":[37.95829,26.63936]},"properties":{"title":"Khief al-Zarah","types":"settlement","url":"https://pleiades.stoa.org/places/814694"}},{"type":"Feature","geometry":{"type":"Point","coordinates":[35.908,31.58901]},"properties":{"title":"Khirbat al-Mudayna","types":"sanctuary, archaeological-site","url":"https://pleiades.stoa.org/places/751681994"}},{"type":"Feature","geometry":{"type":"Point","coordinates":[35.21667,31.7]},"properties":{"title":"Khirbet Beit-Bassa","types":"fort-2, settlement","url":"https://pleiades.stoa.org/places/420569585"}},{"type":"Feature","geometry":{"type":"Point","coordinates":[35.11302,31.61705]},"properties":{"title":"Khirbet Kūfīn","types":"cemetery","url":"https://pleiades.stoa.org/places/69832953"}},{"type":"Feature","geometry":{"type":"Point","coordinates":[34.95736,31.69643]},"properties":{"title":"Khirbet Qeiyafa","types":"fort","url":"https://pleiades.stoa.org/places/45016675"}},{"type":"Feature","geometry":{"type":"Point","coordinates":[35.05328,32.66119]},"properties":{"title":"Khirbet Summaqa","types":"settlement","url":"https://pleiades.stoa.org/places/678249"}},{"type":"Feature","geometry":{"type":"Point","coordinates":[35.19948,32.92083]},"properties":{"title":"Khirbet Waziya","types":"settlement","url":"https://pleiades.stoa.org/places/678251"}},{"type":"Feature","geometry":{"type":"Point","coordinates":[34.90021,31.69241]},"properties":{"title":"Khirbet Zikhrin","types":"settlement","url":"https://pleiades.stoa.org/places/687871"}},{"type":"Feature","geometry":{"type":"Point","coordinates":[35.17988,31.46041]},"properties":{"title":"Khirbet el Quneitira","types":"church","url":"https://pleiades.stoa.org/places/687944"}},{"type":"Feature","geometry":{"type":"Point","coordinates":[35.92023,33.58408]},"properties":{"title":"Khirbet el-Knese","types":"temple","url":"https://pleiades.stoa.org/places/678242"}},{"type":"Feature","geometry":{"type":"Point","coordinates":[35.25004,31.91548]},"properties":{"title":"Khirbet el-Maqatir","types":"fortified-settlement","url":"https://pleiades.stoa.org/places/78089715"}},{"type":"Feature","geometry":{"type":"Point","coordinates":[35.40893,31.96139]},"properties":{"title":"Khirbet el-Mastarah","types":"archaeological-site","url":"https://pleiades.stoa.org/places/969006333"}},{"type":"Feature","geometry":{"type":"Point","coordinates":[35.93634,31.5851]},"properties":{"title":"Khirbet ez-Zona","types":"fort-2","url":"https://pleiades.stoa.org/places/697688"}},{"type":"Feature","geometry":{"type":"Point","coordinates":[31.13422,29.97805]},"properties":{"title":"Khufu's ship","types":"monument","url":"https://pleiades.stoa.org/places/324631564"}},{"type":"Feature","geometry":{"type":"Point","coordinates":[48.34991,33.46674]},"properties":{"title":"Khurramabad/Shapur Khwast?","types":"settlement","url":"https://pleiades.stoa.org/places/903064"}},{"type":"Feature","geometry":{"type":"Point","coordinates":[44.40755,32.53141]},"properties":{"title":"King's Gate","types":"unlocated, city-gate","url":"https://pleiades.stoa.org/places/897449051"}},{"type":"Feature","geometry":{"type":"Point","coordinates":[35.10277,31.81424]},"properties":{"title":"Kiriath Ye'arim/Kariathiareim","types":"station","url":"https://pleiades.stoa.org/places/687947"}},{"type":"Feature","geometry":{"type":"Point","coordinates":[44.5,32.5]},"properties":{"title":"Kiš Survey","types":"settlement","url":"https://pleiades.stoa.org/places/619096570"}},{"type":"Feature","geometry":{"type":"Point","coordinates":[34.9102,32.53493]},"properties":{"title":"Krokodeilonpolis","types":"settlement","url":"https://pleiades.stoa.org/places/678261"}},{"type":"Feature","geometry":{"type":"Point","coordinates":[61.44942,30.58293]},"properties":{"title":"Kuh-i Khwaja","types":"settlement","url":"https://pleiades.stoa.org/places/29636"}},{"type":"Feature","geometry":{"type":"Point","coordinates":[44.43119,32.54371]},"properties":{"title":"Kullab","types":"district","url":"https://pleiades.stoa.org/places/5066375"}},{"type":"Feature","geometry":{"type":"Point","coordinates":[44.41545,32.5328]},"properties":{"title":"Kumar","types":"district","url":"https://pleiades.stoa.org/places/633091639"}},{"type":"Feature","geometry":{"type":"Point","coordinates":[52.8706,29.85487]},"properties":{"title":"Kur/Araxes? (river)","types":"river","url":"https://pleiades.stoa.org/places/922672"}},{"type":"Feature","geometry":{"type":"Point","coordinates":[35.42411,31.84079]},"properties":{"title":"Kypros/Threx?","types":"fort","url":"https://pleiades.stoa.org/places/687949"}},{"type":"Feature","geometry":{"type":"Point","coordinates":[43.27415,35.49518]},"properties":{"title":"Kār-Tukultī-Ninurta","types":"settlement, archaeological-site","url":"https://pleiades.stoa.org/places/430344980"}},{"type":"Feature","geometry":{"type":"Point","coordinates":[35.25,32.75]},"properties":{"title":"Kȧbul","types":"settlement","url":"https://pleiades.stoa.org/places/500223767"}},{"type":"Feature","geometry":{"type":"Point","coordinates":[34.84919,31.56552]},"properties":{"title":"Lachish","types":"settlement","url":"https://pleiades.stoa.org/places/687951"}},{"type":"Feature","geometry":{"type":"Point","coordinates":[43.44588,14.17537]},"properties":{"title":"Laupas","types":"settlement, port","url":"https://pleiades.stoa.org/places/39368"}},{"type":"Feature","geometry":{"type":"Point","coordinates":[35.18638,32.57529]},"properties":{"title":"Legio/Caporcotani/Maximianopolis","types":"settlement","url":"https://pleiades.stoa.org/places/678266"}},{"type":"Feature","geometry":{"type":"Point","coordinates":[35.84785,31.45907]},"properties":{"title":"Lehun","types":"fort-2, church-2, sanctuary, mosque, settlement","url":"https://pleiades.stoa.org/places/697695"}},{"type":"Feature","geometry":{"type":"Point","coordinates":[36.11667,34.3]},"properties":{"title":"Libanus M.","types":"mountain","url":"https://pleiades.stoa.org/places/678267"}},{"type":"Feature","geometry":{"type":"Point","coordinates":[35.67251,31.83385]},"properties":{"title":"Livias","types":"settlement","url":"https://pleiades.stoa.org/places/697697"}},{"type":"Feature","geometry":{"type":"Point","coordinates":[34.86956,31.64711]},"properties":{"title":"Lobana?","types":"settlement","url":"https://pleiades.stoa.org/places/687952"}},{"type":"Feature","geometry":{"type":"Point","coordinates":[32.6393,25.69963]},"properties":{"title":"Luxor Temple","types":"sanctuary, temple-2","url":"https://pleiades.stoa.org/places/71626430"}},{"type":"Feature","geometry":{"type":"Point","coordinates":[44.17106,15.22997]},"properties":{"title":"Lysanitae","types":"unknown","url":"https://pleiades.stoa.org/places/39371"}},{"type":"Feature","geometry":{"type":"Point","coordinates":[31.27622,29.9668]},"properties":{"title":"Maadi","types":"settlement","url":"https://pleiades.stoa.org/places/718296310"}},{"type":"Feature","geometry":{"type":"Point","coordinates":[35.64274,34.0129]},"properties":{"title":"Maalmetein Roman Bridge","types":"bridge","url":"https://pleiades.stoa.org/places/679508"}},{"type":"Feature","geometry":{"type":"Point","coordinates":[35.27693,31.87127]},"properties":{"title":"Machmas","types":"settlement","url":"https://pleiades.stoa.org/places/687957"}},{"type":"Feature","geometry":{"type":"Point","coordinates":[50.49925,26.12181]},"properties":{"title":"Madinat Hamad 2 Burial Mound Field (Karzakkan)","types":"cemetery","url":"https://pleiades.stoa.org/places/424659854"}},{"type":"Feature","geometry":{"type":"Point","coordinates":[50.50536,26.07534]},"properties":{"title":"Madinat Hamad 3 Burial Mound Field (Dar Kulayb)","types":"cemetery","url":"https://pleiades.stoa.org/places/503873393"}},{"type":"Feature","geometry":{"type":"Point","coordinates":[36.48053,32.52164]},"properties":{"title":"Madrasa Gumushtakin","types":"mosque","url":"https://pleiades.stoa.org/places/969543392"}},{"type":"Feature","geometry":{"type":"Point","coordinates":[44.43814,32.55234]},"properties":{"title":"Madānu Canal Gate","types":"unlocated, city-gate","url":"https://pleiades.stoa.org/places/87882504"}},{"type":"Feature","geometry":{"type":"Point","coordinates":[35.18373,32.58378]},"properties":{"title":"Magidû","types":"settlement, archaeological-site","url":"https://pleiades.stoa.org/places/26356565"}},{"type":"Feature","geometry":{"type":"Point","coordinates":[35.24337,33.3178]},"properties":{"title":"Mahalliba","types":"settlement","url":"https://pleiades.stoa.org/places/69255711"}},{"type":"Feature","geometry":{"type":"Point","coordinates":[36.34226,34.7018]},"properties":{"title":"Makra(s) Pedion?","types":"plain, label","url":"https://pleiades.stoa.org/places/668303"}},{"type":"Feature","geometry":{"type":"Point","coordinates":[35.3489,31.83301]},"properties":{"title":"Maledomnei","types":"fort","url":"https://pleiades.stoa.org/places/687961"}},{"type":"Feature","geometry":{"type":"Point","coordinates":[32.59282,25.71558]},"properties":{"title":"Malkata","types":"palace-complex","url":"https://pleiades.stoa.org/places/223974299"}},{"type":"Feature","geometry":{"type":"Point","coordinates":[35.13275,31.40989]},"properties":{"title":"Maon","types":"settlement","url":"https://pleiades.stoa.org/places/687965"}},{"type":"Feature","geometry":{"type":"Point","coordinates":[34.39925,31.33452]},"properties":{"title":"Maon/Menoeis/Castrum Moenoenum","types":"settlement","url":"https://pleiades.stoa.org/places/687964"}},{"type":"Feature","geometry":{"type":"Point","coordinates":[36.2515,34.60258]},"properties":{"title":"Maqam er-Rab","types":"temple-2","url":"https://pleiades.stoa.org/places/668304"}},{"type":"Feature","geometry":{"type":"Point","coordinates":[52.98177,29.80493]},"properties":{"title":"Maqsudabad","types":"temple","url":"https://pleiades.stoa.org/places/922676"}},{"type":"Feature","geometry":{"type":"Point","coordinates":[44.43436,32.54184]},"properties":{"title":"Marduk Gate","types":"city-gate","url":"https://pleiades.stoa.org/places/632147764"}},{"type":"Feature","geometry":{"type":"Point","coordinates":[45.336,15.427]},"properties":{"title":"Mari(a)ba","types":"ruin, settlement, tell","url":"https://pleiades.stoa.org/places/39379"}},{"type":"Feature","geometry":{"type":"Point","coordinates":[34.89824,31.59296]},"properties":{"title":"Marisa","types":"sanctuary, settlement, cave","url":"https://pleiades.stoa.org/places/687966"}},{"type":"Feature","geometry":{"type":"Point","coordinates":[35.30024,31.77912]},"properties":{"title":"Martyrios","types":"church","url":"https://pleiades.stoa.org/places/687967"}},{"type":"Feature","geometry":{"type":"Point","coordinates":[35.77045,34.09016]},"properties":{"title":"Mashnaqa","types":"sanctuary","url":"https://pleiades.stoa.org/places/668311"}},{"type":"Feature","geometry":{"type":"Point","coordinates":[31.22138,29.87577]},"properties":{"title":"Mastaba of Kagemni","types":"tomb","url":"https://pleiades.stoa.org/places/916778615"}},{"type":"Feature","geometry":{"type":"Point","coordinates":[31.20456,29.89654]},"properties":{"title":"Mastaba of Ptahshepses at Abusir","types":"tomb","url":"https://pleiades.stoa.org/places/309640805"}},{"type":"Feature","geometry":{"type":"Point","coordinates":[31.21542,29.83516]},"properties":{"title":"Mastabet el-Fara'un","types":"tomb","url":"https://pleiades.stoa.org/places/945930914"}},{"type":"Feature","geometry":{"type":"Point","coordinates":[52.76689,29.96187]},"properties":{"title":"Masumabad West","types":"settlement","url":"https://pleiades.stoa.org/places/922678"}},{"type":"Feature","geometry":{"type":"Point","coordinates":[59.37377,22.69757]},"properties":{"title":"Mausoleum of Bibi Maryam at Qalhat","types":"tomb","url":"https://pleiades.stoa.org/places/586277025"}},{"type":"Feature","geometry":{"type":"Point","coordinates":[35.88801,33.59396]},"properties":{"title":"Mdoukha","types":"sanctuary, temple-2","url":"https://pleiades.stoa.org/places/944582489"}},{"type":"Feature","geometry":{"type":"Point","coordinates":[32.7087,25.73364]},"properties":{"title":"Medamud","types":"settlement","url":"https://pleiades.stoa.org/places/748292753"}},{"type":"Feature","geometry":{"type":"Point","coordinates":[46.217,38.0995]},"properties":{"title":"Media Atropatene","types":"region, label","url":"https://pleiades.stoa.org/places/874597"}},{"type":"Feature","geometry":{"type":"Point","coordinates":[32.60104,25.71965]},"properties":{"title":"Medinet Habu","types":"temple-2","url":"https://pleiades.stoa.org/places/321318358"}},{"type":"Feature","geometry":{"type":"Point","coordinates":[35.33115,31.70494]},"properties":{"title":"Megiste Laura Saba","types":"church","url":"https://pleiades.stoa.org/places/687969"}},{"type":"Feature","geometry":{"type":"Point","coordinates":[32.61044,25.7205]},"properties":{"title":"Memnon Colossi","types":"monument","url":"https://pleiades.stoa.org/places/786066"}},{"type":"Feature","geometry":{"type":"Point","coordinates":[32.56033,25.63114]},"properties":{"title":"Memnonia","types":"settlement","url":"https://pleiades.stoa.org/places/786067"}},{"type":"Feature","geometry":{"type":"Point","coordinates":[31.12218,29.98073]},"properties":{"title":"Memphites Nomos","types":"province, label","url":"https://pleiades.stoa.org/places/727155"}},{"type":"Feature","geometry":{"type":"Point","coordinates":[34.92854,30.68852]},"properties":{"title":"Mezad Ma'ale Mahmal","types":"fort-2, fort","url":"https://pleiades.stoa.org/places/687972"}},{"type":"Feature","geometry":{"type":"Point","coordinates":[35.01165,30.57525]},"properties":{"title":"Mezad Neqarot","types":"fort","url":"https://pleiades.stoa.org/places/687973"}},{"type":"Feature","geometry":{"type":"Point","coordinates":[36.25444,33.50611]},"properties":{"title":"Mezze","types":"settlement","url":"https://pleiades.stoa.org/places/678287"}},{"type":"Feature","geometry":{"type":"Point","coordinates":[31.23011,30.00578]},"properties":{"title":"Miṣr (early Islamic province)","types":"province-2","url":"https://pleiades.stoa.org/places/877078719"}},{"type":"Feature","geometry":{"type":"Point","coordinates":[38.27099,34.54985]},"properties":{"title":"Monumental Arch of Palmyra","types":"arch","url":"https://pleiades.stoa.org/places/628331928"}},{"type":"Feature","geometry":{"type":"Point","coordinates":[32.60856,25.72155]},"properties":{"title":"Mortuary Temple of Amenhotep III","types":"temple-2","url":"https://pleiades.stoa.org/places/188894567"}},{"type":"Feature","geometry":{"type":"Point","coordinates":[32.60757,25.73808]},"properties":{"title":"Mortuary Temple of Hatshepsut","types":"temple-2","url":"https://pleiades.stoa.org/places/523889560"}},{"type":"Feature","geometry":{"type":"Point","coordinates":[32.60659,25.72497]},"properties":{"title":"Mortuary Temple of Merenptah","types":"temple-2","url":"https://pleiades.stoa.org/places/699487909"}},{"type":"Feature","geometry":{"type":"Point","coordinates":[32.60622,25.73739]},"properties":{"title":"Mortuary temple of Mentuhotep II","types":"temple-2","url":"https://pleiades.stoa.org/places/32160613"}},{"type":"Feature","geometry":{"type":"Point","coordinates":[35.1676,31.79224]},"properties":{"title":"Moza/Ammaous/Kolonia","types":"settlement","url":"https://pleiades.stoa.org/places/687979"}},{"type":"Feature","geometry":{"type":"Point","coordinates":[35.42366,31.89981]},"properties":{"title":"Na'aran/Neara","types":"settlement","url":"https://pleiades.stoa.org/places/687981"}},{"type":"Feature","geometry":{"type":"Point","coordinates":[35.41536,29.57793]},"properties":{"title":"Nabataean Temple (Wadi Rum)","types":"sanctuary","url":"https://pleiades.stoa.org/places/32144466"}},{"type":"Feature","geometry":{"type":"Point","coordinates":[34.97412,32.71459]},"properties":{"title":"Nahal Oren","types":"cave","url":"https://pleiades.stoa.org/places/807201017"}},{"type":"Feature","geometry":{"type":"Point","coordinates":[36.2625,34.05329]},"properties":{"title":"Nakle","types":"settlement","url":"https://pleiades.stoa.org/places/678294"}},{"type":"Feature","geometry":{"type":"Point","coordinates":[52.88704,29.96649]},"properties":{"title":"Naqsh-i Rajab","types":"sanctuary, monument","url":"https://pleiades.stoa.org/places/922684"}},{"type":"Feature","geometry":{"type":"Point","coordinates":[52.87461,29.98866]},"properties":{"title":"Naqsh-i Rustam","types":"cemetery, monument","url":"https://pleiades.stoa.org/places/922685"}},{"type":"Feature","geometry":{"type":"Point","coordinates":[52.41277,28.79227]},"properties":{"title":"Naudaran","types":"temple","url":"https://pleiades.stoa.org/places/922686"}},{"type":"Feature","geometry":{"type":"Point","coordinates":[35.25,32.75]},"properties":{"title":"Nawā","types":"settlement","url":"https://pleiades.stoa.org/places/300354626"}},{"type":"Feature","geometry":{"type":"Point","coordinates":[35.25,33.25]},"properties":{"title":"Naḥal Yardinon","types":"settlement","url":"https://pleiades.stoa.org/places/619096573"}},{"type":"Feature","geometry":{"type":"Point","coordinates":[35.09519,33.00357]},"properties":{"title":"Nea Come?","types":"settlement","url":"https://pleiades.stoa.org/places/678300"}},{"type":"Feature","geometry":{"type":"Point","coordinates":[31.21901,29.85421]},"properties":{"title":"Necropolis and Mortuary Complex of Pepi I","types":"pyramid, cemetery","url":"https://pleiades.stoa.org/places/509020499"}},{"type":"Feature","geometry":{"type":"Point","coordinates":[34.95603,31.21329]},"properties":{"title":"Negev","types":"desert","url":"https://pleiades.stoa.org/places/687985"}},{"type":"Feature","geometry":{"type":"Point","coordinates":[36.36834,33.38484]},"properties":{"title":"Nejha","types":"settlement","url":"https://pleiades.stoa.org/places/678304"}},{"type":"Feature","geometry":{"type":"Point","coordinates":[44.42685,32.54258]},"properties":{"title":"New City/Newtown","types":"district","url":"https://pleiades.stoa.org/places/54136921"}},{"type":"Feature","geometry":{"type":"Point","coordinates":[43.25612,35.45817]},"properties":{"title":"New Palace at Assur","types":"palace-complex, palace","url":"https://pleiades.stoa.org/places/281201084"}},{"type":"Feature","geometry":{"type":"Point","coordinates":[43.25345,35.46053]},"properties":{"title":"New Year's Festival House at Assur","types":"temple-2","url":"https://pleiades.stoa.org/places/416772250"}},{"type":"Feature","geometry":{"type":"Point","coordinates":[37.2273,36.17616]},"properties":{"title":"Nirabu","types":"settlement, settlement-modern","url":"https://pleiades.stoa.org/places/633912597"}},{"type":"Feature","geometry":{"type":"Point","coordinates":[43.90941,36.27094]},"properties":{"title":"Nodh-Ardashirakan","types":"label","url":"https://pleiades.stoa.org/places/874624"}},{"type":"Feature","geometry":{"type":"Point","coordinates":[44.42084,32.54402]},"properties":{"title":"North Palace at Babylon","types":"palace","url":"https://pleiades.stoa.org/places/223617668"}},{"type":"Feature","geometry":{"type":"Point","coordinates":[44.42413,32.53627]},"properties":{"title":"Nēmed-Enlil","types":"city-wall","url":"https://pleiades.stoa.org/places/897225060"}},{"type":"Feature","geometry":{"type":"Point","coordinates":[45.6251,39.137]},"properties":{"title":"Ojasar-Ilandağ","types":"monument","url":"https://pleiades.stoa.org/places/901571869"}},{"type":"Feature","geometry":{"type":"Point","coordinates":[43.25995,35.45905]},"properties":{"title":"Old Palace at Assur","types":"palace-complex, architecturalcomplex, palace","url":"https://pleiades.stoa.org/places/135066932"}},{"type":"Feature","geometry":{"type":"Point","coordinates":[34.86419,32.03358]},"properties":{"title":"Ono","types":"settlement","url":"https://pleiades.stoa.org/places/687991"}},{"type":"Feature","geometry":{"type":"Point","coordinates":[47.43303,34.26215]},"properties":{"title":"Otaq-i Farhad/Surkhadeh","types":"cemetery","url":"https://pleiades.stoa.org/places/903094"}},{"type":"Feature","geometry":{"type":"Point","coordinates":[35.07211,32.7544]},"properties":{"title":"Pacida (river)","types":"river","url":"https://pleiades.stoa.org/places/678321"}},{"type":"Feature","geometry":{"type":"Point","coordinates":[52.53919,28.89804]},"properties":{"title":"Palace of Ardashir","types":"architecturalcomplex","url":"https://pleiades.stoa.org/places/453674631"}},{"type":"Feature","geometry":{"type":"Point","coordinates":[44.42132,32.54222]},"properties":{"title":"Palace of Nebuchadnezzar II","types":"architecturalcomplex","url":"https://pleiades.stoa.org/places/541602250"}},{"type":"Feature","geometry":{"type":"Point","coordinates":[34.75,31.25]},"properties":{"title":"Palaestina (region)","types":"region","url":"https://pleiades.stoa.org/places/687995"}},{"type":"Feature","geometry":{"type":"Point","coordinates":[34.89105,31.61425]},"properties":{"title":"Palaestina I (late Roman province)","types":"province","url":"https://pleiades.stoa.org/places/1001939"}},{"type":"Feature","geometry":{"type":"Point","coordinates":[35.63103,33.98233]},"properties":{"title":"Palaibyblos","types":"settlement","url":"https://pleiades.stoa.org/places/678322"}},{"type":"Feature","geometry":{"type":"Point","coordinates":[44.5,32.5]},"properties":{"title":"Pallaconta? (river)","types":"canal, river","url":"https://pleiades.stoa.org/places/894059"}},{"type":"Feature","geometry":{"type":"Point","coordinates":[31.25,29.75]},"properties":{"title":"Patsonteos (Oreine)","types":"canal","url":"https://pleiades.stoa.org/places/736994"}},{"type":"Feature","geometry":{"type":"Point","coordinates":[32.70491,25.7055]},"properties":{"title":"Petemout/Kerameia?","types":"settlement","url":"https://pleiades.stoa.org/places/786088"}},{"type":"Feature","geometry":{"type":"Point","coordinates":[35.38268,30.34504]},"properties":{"title":"Petra","types":"settlement, archaeological-site","url":"https://pleiades.stoa.org/places/697725"}},{"type":"Feature","geometry":{"type":"Point","coordinates":[35.44336,32.02751]},"properties":{"title":"Phasaelis","types":"settlement","url":"https://pleiades.stoa.org/places/688003"}},{"type":"Feature","geometry":{"type":"Point","coordinates":[35.25,33.25]},"properties":{"title":"Phoenice (region)","types":"region","url":"https://pleiades.stoa.org/places/678334"}},{"type":"Feature","geometry":{"type":"Point","coordinates":[35.21359,33.27108]},"properties":{"title":"Phoenician cemetery at al-Bass","types":"cemetery, archaeological-site","url":"https://pleiades.stoa.org/places/562815440"}},{"type":"Feature","geometry":{"type":"Point","coordinates":[48.26163,38.34908]},"properties":{"title":"Piri","types":"settlement","url":"https://pleiades.stoa.org/places/884194"}},{"type":"Feature","geometry":{"type":"Point","coordinates":[53.04482,30.20516]},"properties":{"title":"Pulvar/Araxes? (river)","types":"river","url":"https://pleiades.stoa.org/places/922701"}},{"type":"Feature","geometry":{"type":"Point","coordinates":[31.22163,29.78184]},"properties":{"title":"Pyramid of Ameny Qemau","types":"pyramid","url":"https://pleiades.stoa.org/places/245762763"}},{"type":"Feature","geometry":{"type":"Point","coordinates":[31.22095,29.85096]},"properties":{"title":"Pyramid of Djedkare-Isesi","types":"pyramid","url":"https://pleiades.stoa.org/places/108282408"}},{"type":"Feature","geometry":{"type":"Point","coordinates":[31.21665,29.87077]},"properties":{"title":"Pyramid of Djoser","types":"pyramid, architecturalcomplex","url":"https://pleiades.stoa.org/places/922537087"}},{"type":"Feature","geometry":{"type":"Point","coordinates":[31.12969,29.97691]},"properties":{"title":"Pyramid of Khafre","types":"pyramid","url":"https://pleiades.stoa.org/places/866839043"}},{"type":"Feature","geometry":{"type":"Point","coordinates":[31.22392,29.8323]},"properties":{"title":"Pyramid of Khendjer","types":"tomb, pyramid","url":"https://pleiades.stoa.org/places/945930913"}},{"type":"Feature","geometry":{"type":"Point","coordinates":[31.13568,29.97356]},"properties":{"title":"Pyramid of Khentkawes","types":"pyramid","url":"https://pleiades.stoa.org/places/438874661"}},{"type":"Feature","geometry":{"type":"Point","coordinates":[31.1288,29.97288]},"properties":{"title":"Pyramid of Menkaure","types":"pyramid","url":"https://pleiades.stoa.org/places/599695861"}},{"type":"Feature","geometry":{"type":"Point","coordinates":[31.20243,29.89497]},"properties":{"title":"Pyramid of Neferirkare","types":"pyramid","url":"https://pleiades.stoa.org/places/112501803"}},{"type":"Feature","geometry":{"type":"Point","coordinates":[31.2186,29.85475]},"properties":{"title":"Pyramid of Pepi I at Saqqarah","types":"tomb, pyramid","url":"https://pleiades.stoa.org/places/800113525"}},{"type":"Feature","geometry":{"type":"Point","coordinates":[31.20481,29.89757]},"properties":{"title":"Pyramid of Sahure","types":"pyramid, architecturalcomplex, causeway","url":"https://pleiades.stoa.org/places/108282409"}},{"type":"Feature","geometry":{"type":"Point","coordinates":[31.21363,29.86615]},"properties":{"title":"Pyramid of Sekhemkhet","types":"pyramid","url":"https://pleiades.stoa.org/places/154462177"}},{"type":"Feature","geometry":{"type":"Point","coordinates":[31.22176,29.87516]},"properties":{"title":"Pyramid of Teti","types":"pyramid","url":"https://pleiades.stoa.org/places/451238645"}},{"type":"Feature","geometry":{"type":"Point","coordinates":[31.21497,29.8682]},"properties":{"title":"Pyramid of Unas","types":"pyramid","url":"https://pleiades.stoa.org/places/577587624"}},{"type":"Feature","geometry":{"type":"Point","coordinates":[31.21855,29.87378]},"properties":{"title":"Pyramid of Userkaf","types":"tomb, pyramid","url":"https://pleiades.stoa.org/places/393558281"}},{"type":"Feature","geometry":{"type":"Point","coordinates":[31.22571,29.81857]},"properties":{"title":"Pyramid-complex of Senusret III","types":"tomb, pyramid, temple-2","url":"https://pleiades.stoa.org/places/2367889"}},{"type":"Feature","geometry":{"type":"Point","coordinates":[31.12812,29.97178]},"properties":{"title":"Pyramids of Queens","types":"pyramid","url":"https://pleiades.stoa.org/places/674361719"}},{"type":"Feature","geometry":{"type":"Point","coordinates":[35.27689,33.24219]},"properties":{"title":"Qabr Hiram","types":"settlement","url":"https://pleiades.stoa.org/places/678341"}},{"type":"Feature","geometry":{"type":"Point","coordinates":[35.99733,33.78483]},"properties":{"title":"Qafr Zebad","types":"temple-2","url":"https://pleiades.stoa.org/places/678343"}},{"type":"Feature","geometry":{"type":"Point","coordinates":[55.14865,37.20616]},"properties":{"title":"Qal'eh Gug","types":"settlement","url":"https://pleiades.stoa.org/places/942301"}},{"type":"Feature","geometry":{"type":"Point","coordinates":[52.53004,28.92097]},"properties":{"title":"Qaleh Dukhtar","types":"fort","url":"https://pleiades.stoa.org/places/922704"}},{"type":"Feature","geometry":{"type":"Point","coordinates":[51.45047,35.58364]},"properties":{"title":"Qaleh Gabri","types":"settlement","url":"https://pleiades.stoa.org/places/903099"}},{"type":"Feature","geometry":{"type":"Point","coordinates":[48.78283,36.5222]},"properties":{"title":"Qara Bolagh","types":"settlement","url":"https://pleiades.stoa.org/places/884196"}},{"type":"Feature","geometry":{"type":"Point","coordinates":[35.84549,34.28403]},"properties":{"title":"Qasr Naous","types":"temple","url":"https://pleiades.stoa.org/places/668346"}},{"type":"Feature","geometry":{"type":"Point","coordinates":[35.47909,30.26444]},"properties":{"title":"Qasr Tuliyeh","types":"fort","url":"https://pleiades.stoa.org/places/697739"}},{"type":"Feature","geometry":{"type":"Point","coordinates":[35.75192,31.9128]},"properties":{"title":"Qasr al-Abd at Tyrus","types":"palace","url":"https://pleiades.stoa.org/places/947227732"}},{"type":"Feature","geometry":{"type":"Point","coordinates":[35.96962,31.38991]},"properties":{"title":"Qasr el-'Al","types":"fort-2, archaeological-site, fort","url":"https://pleiades.stoa.org/places/697734"}},{"type":"Feature","geometry":{"type":"Point","coordinates":[32.60064,25.71702]},"properties":{"title":"Qasr el-Aguz","types":"temple-2","url":"https://pleiades.stoa.org/places/7162996"}},{"type":"Feature","geometry":{"type":"Point","coordinates":[36.33879,32.37144]},"properties":{"title":"Qasr el-Ba'iq","types":"fort","url":"https://pleiades.stoa.org/places/678347"}},{"type":"Feature","geometry":{"type":"Point","coordinates":[36.11801,34.08741]},"properties":{"title":"Qasr el-Banat","types":"temple-2","url":"https://pleiades.stoa.org/places/668344"}},{"type":"Feature","geometry":{"type":"Point","coordinates":[35.98938,31.42229]},"properties":{"title":"Qasr eth-Thuraiya","types":"fort-2, archaeological-site","url":"https://pleiades.stoa.org/places/697738"}},{"type":"Feature","geometry":{"type":"Point","coordinates":[52.57565,29.59048]},"properties":{"title":"Qasr-i Abu Nasr/Seraz/Tirazzish?/Shiraz(zish)?","types":"settlement","url":"https://pleiades.stoa.org/places/922706"}},{"type":"Feature","geometry":{"type":"Point","coordinates":[52.6252,29.5848]},"properties":{"title":"Qaṣr-i Abūnaṣr","types":"archaeological-site","url":"https://pleiades.stoa.org/places/65424878"}},{"type":"Feature","geometry":{"type":"Point","coordinates":[37.93603,26.73868]},"properties":{"title":"Qubur al-Jundi","types":"fort","url":"https://pleiades.stoa.org/places/814723"}},{"type":"Feature","geometry":{"type":"Point","coordinates":[35.45941,31.74183]},"properties":{"title":"Qumran","types":"settlement","url":"https://pleiades.stoa.org/places/688011"}},{"type":"Feature","geometry":{"type":"Point","coordinates":[31.62389,22.25574]},"properties":{"title":"Qustul","types":"cemetery","url":"https://pleiades.stoa.org/places/795849"}},{"type":"Feature","geometry":{"type":"Point","coordinates":[44.00929,36.19126]},"properties":{"title":"Qā`lah Arbīl","types":"findspot, tell, settlement, archaeological-site, citadel","url":"https://pleiades.stoa.org/places/949325354"}},{"type":"Feature","geometry":{"type":"Point","coordinates":[36.5516,35.6879]},"properties":{"title":"Rabona?","types":"settlement","url":"https://pleiades.stoa.org/places/668349"}},{"type":"Feature","geometry":{"type":"Point","coordinates":[35.21899,31.73999]},"properties":{"title":"Ramat Raḥel","types":"settlement","url":"https://pleiades.stoa.org/places/671109966"}},{"type":"Feature","geometry":{"type":"Point","coordinates":[35.17568,32.70365]},"properties":{"title":"Ramat Yishay","types":"settlement","url":"https://pleiades.stoa.org/places/678358"}},{"type":"Feature","geometry":{"type":"Point","coordinates":[34.9361,32.54715]},"properties":{"title":"Ramat ha-Nadiv","types":"settlement","url":"https://pleiades.stoa.org/places/678357"}},{"type":"Feature","geometry":{"type":"Point","coordinates":[32.61023,25.7278]},"properties":{"title":"Ramesseum","types":"temple-2","url":"https://pleiades.stoa.org/places/963047542"}},{"type":"Feature","geometry":{"type":"Point","coordinates":[35.21999,33.23657]},"properties":{"title":"Ras el-'Ain","types":"settlement","url":"https://pleiades.stoa.org/places/678323"}},{"type":"Feature","geometry":{"type":"Point","coordinates":[35.07789,32.92736]},"properties":{"title":"Re-Buried Hellenistic Temple and Workshops","types":"temple-2","url":"https://pleiades.stoa.org/places/534036732"}},{"type":"Feature","geometry":{"type":"Point","coordinates":[31.20624,29.80855]},"properties":{"title":"Red Pyramid","types":"pyramid","url":"https://pleiades.stoa.org/places/412852520"}},{"type":"Feature","geometry":{"type":"Point","coordinates":[53.17794,30.20271]},"properties":{"title":"Residential Palace (\"P\")","types":"architecturalcomplex","url":"https://pleiades.stoa.org/places/435270672"}},{"type":"Feature","geometry":{"type":"Point","coordinates":[51.44716,35.59427]},"properties":{"title":"Rhaga(i)/Europos/Arsakia/Ray","types":"settlement","url":"https://pleiades.stoa.org/places/903104"}},{"type":"Feature","geometry":{"type":"Point","coordinates":[36.48,32.51474]},"properties":{"title":"Roman Circus (Bosra)","types":"circus","url":"https://pleiades.stoa.org/places/619927065"}},{"type":"Feature","geometry":{"type":"Point","coordinates":[35.68098,34.00052]},"properties":{"title":"Roman Temple at Maarab","types":"shrine, temple-2","url":"https://pleiades.stoa.org/places/438136808"}},{"type":"Feature","geometry":{"type":"Point","coordinates":[36.48173,32.51776]},"properties":{"title":"Roman Theater at Bosra","types":"theatre","url":"https://pleiades.stoa.org/places/188349326"}},{"type":"Feature","geometry":{"type":"Point","coordinates":[34.89386,31.60816]},"properties":{"title":"Roman amphitheater at Beth Govrin/Eleutheropolis","types":"amphitheatre","url":"https://pleiades.stoa.org/places/52124866"}},{"type":"Feature","geometry":{"type":"Point","coordinates":[35.2124,33.27026]},"properties":{"title":"Roman necropolis at al-Bass","types":"cemetery, archaeological-site","url":"https://pleiades.stoa.org/places/562815441"}},{"type":"Feature","geometry":{"type":"Point","coordinates":[35.35005,31.31828]},"properties":{"title":"Roman siege Camp E'","types":"military-installation-or-camp-temporary","url":"https://pleiades.stoa.org/places/886501855"}},{"type":"Feature","geometry":{"type":"Point","coordinates":[35.36204,31.31567]},"properties":{"title":"Roman siege camp","types":"fort","url":"https://pleiades.stoa.org/places/426375172"}},{"type":"Feature","geometry":{"type":"Point","coordinates":[35.35021,31.31719]},"properties":{"title":"Roman siege ramp at Masada","types":"earthwork","url":"https://pleiades.stoa.org/places/89429547"}},{"type":"Feature","geometry":{"type":"Point","coordinates":[35.44695,30.32478]},"properties":{"title":"Roman theater at Petra","types":"theatre","url":"https://pleiades.stoa.org/places/612060179"}},{"type":"Feature","geometry":{"type":"Point","coordinates":[34.93564,32.54374]},"properties":{"title":"Roman villa at Ramat Hanadiv","types":"garden-hortus, villa, archaeological-site","url":"https://pleiades.stoa.org/places/693347883"}},{"type":"Feature","geometry":{"type":"Point","coordinates":[35.83293,32.08458]},"properties":{"title":"Rujm al-Ḥenū","types":"building","url":"https://pleiades.stoa.org/places/227999020"}},{"type":"Feature","geometry":{"type":"Point","coordinates":[34.46181,31.50367]},"properties":{"title":"S. Porphyrius","types":"church-2","url":"https://pleiades.stoa.org/places/108879169"}},{"type":"Feature","geometry":{"type":"Point","coordinates":[50.48995,26.184]},"properties":{"title":"Saar Site","types":"settlement","url":"https://pleiades.stoa.org/places/56036938"}},{"type":"Feature","geometry":{"type":"Point","coordinates":[50.47846,26.17578]},"properties":{"title":"Saar al-Jisr Burial Field","types":"cemetery","url":"https://pleiades.stoa.org/places/314289452"}},{"type":"Feature","geometry":{"type":"Point","coordinates":[36.25,34.75]},"properties":{"title":"Sabbatikon (river)","types":"river","url":"https://pleiades.stoa.org/places/668358"}},{"type":"Feature","geometry":{"type":"Point","coordinates":[31.2153,29.88174]},"properties":{"title":"Sacred Animal Necropolis (Ṣaqqārah)","types":"settlement, cemetery","url":"https://pleiades.stoa.org/places/616791789"}},{"type":"Feature","geometry":{"type":"Point","coordinates":[53.01633,29.97035]},"properties":{"title":"Saidun","types":"settlement","url":"https://pleiades.stoa.org/places/922713"}},{"type":"Feature","geometry":{"type":"Point","coordinates":[31.20046,29.89105]},"properties":{"title":"Saite-Persian cemetery at Abu Sir","types":"tomb, cemetery","url":"https://pleiades.stoa.org/places/535977538"}},{"type":"Feature","geometry":{"type":"Point","coordinates":[34.75,31.25]},"properties":{"title":"Saltus Gerariticus","types":"region","url":"https://pleiades.stoa.org/places/688021"}},{"type":"Feature","geometry":{"type":"Point","coordinates":[32.59844,25.7275]},"properties":{"title":"Sanctuary of Ptah and Mertesger","types":"sanctuary","url":"https://pleiades.stoa.org/places/177256694"}},{"type":"Feature","geometry":{"type":"Point","coordinates":[31.21935,29.86238]},"properties":{"title":"Saqqarah","types":"cemetery","url":"https://pleiades.stoa.org/places/796289136"}},{"type":"Feature","geometry":{"type":"Point","coordinates":[44.42756,32.52729]},"properties":{"title":"Seashore Gate","types":"unlocated, city-gate","url":"https://pleiades.stoa.org/places/894056377"}},{"type":"Feature","geometry":{"type":"Point","coordinates":[35.23534,31.77825]},"properties":{"title":"Second Temple, Jerusalem","types":"temple-2","url":"https://pleiades.stoa.org/places/973646718"}},{"type":"Feature","geometry":{"type":"Point","coordinates":[36.57905,35.63672]},"properties":{"title":"Sekla","types":"settlement","url":"https://pleiades.stoa.org/places/668363"}},{"type":"Feature","geometry":{"type":"Point","coordinates":[31.21241,29.87473]},"properties":{"title":"Serapeum","types":"cemetery","url":"https://pleiades.stoa.org/places/737044"}},{"type":"Feature","geometry":{"type":"Point","coordinates":[36.5845,35.67152]},"properties":{"title":"Sergilla","types":"settlement","url":"https://pleiades.stoa.org/places/668367"}},{"type":"Feature","geometry":{"type":"Point","coordinates":[61.32711,30.59572]},"properties":{"title":"Shahr-e Sukhteh","types":"settlement, archaeological-site","url":"https://pleiades.stoa.org/places/377547413"}},{"type":"Feature","geometry":{"type":"Point","coordinates":[32.72274,25.80202]},"properties":{"title":"Shanhur","types":"temple","url":"https://pleiades.stoa.org/places/786109"}},{"type":"Feature","geometry":{"type":"Point","coordinates":[32.60255,25.72493]},"properties":{"title":"Sheikh Abd el-Qurna","types":"cemetery","url":"https://pleiades.stoa.org/places/779439862"}},{"type":"Feature","geometry":{"type":"Point","coordinates":[35.18015,32.80585]},"properties":{"title":"Shephar'am","types":"settlement","url":"https://pleiades.stoa.org/places/678391"}},{"type":"Feature","geometry":{"type":"Point","coordinates":[34.8685,31.6283]},"properties":{"title":"Shephela","types":"archaeological-site","url":"https://pleiades.stoa.org/places/896270815"}},{"type":"Feature","geometry":{"type":"Point","coordinates":[35.22967,31.70725]},"properties":{"title":"Shepherds' Field","types":"church-2, archaeological-site","url":"https://pleiades.stoa.org/places/212723842"}},{"type":"Feature","geometry":{"type":"Point","coordinates":[35.21991,32.70125]},"properties":{"title":"Shimron/Simonias","types":"settlement","url":"https://pleiades.stoa.org/places/678392"}},{"type":"Feature","geometry":{"type":"Point","coordinates":[36.64958,35.73511]},"properties":{"title":"Sigata","types":"settlement","url":"https://pleiades.stoa.org/places/668370"}},{"type":"Feature","geometry":{"type":"Point","coordinates":[35.2368,31.7733]},"properties":{"title":"Silwan necropolis","types":"cemetery","url":"https://pleiades.stoa.org/places/122408432"}},{"type":"Feature","geometry":{"type":"Point","coordinates":[35.19616,33.1703]},"properties":{"title":"Sinde","types":"settlement","url":"https://pleiades.stoa.org/places/678395"}},{"type":"Feature","geometry":{"type":"Point","coordinates":[52.92087,30.07921]},"properties":{"title":"Sivand","types":"quarry","url":"https://pleiades.stoa.org/places/922721"}},{"type":"Feature","geometry":{"type":"Point","coordinates":[31.30207,29.72869]},"properties":{"title":"Skenai Mandrai","types":"fort","url":"https://pleiades.stoa.org/places/737050"}},{"type":"Feature","geometry":{"type":"Point","coordinates":[35.5,29.5]},"properties":{"title":"Skenitai","types":"labeled feature","url":"https://pleiades.stoa.org/places/814732"}},{"type":"Feature","geometry":{"type":"Point","coordinates":[35.40115,30.32421]},"properties":{"title":"Sobora/Karkaria","types":"settlement","url":"https://pleiades.stoa.org/places/697750"}},{"type":"Feature","geometry":{"type":"Point","coordinates":[34.97381,31.68249]},"properties":{"title":"Socho","types":"settlement","url":"https://pleiades.stoa.org/places/688033"}},{"type":"Feature","geometry":{"type":"Point","coordinates":[35.17017,31.68872]},"properties":{"title":"Solomon's Pools","types":"reservoir","url":"https://pleiades.stoa.org/places/212723843"}},{"type":"Feature","geometry":{"type":"Point","coordinates":[48.85,32.05]},"properties":{"title":"Sostrate/Shushtar","types":"settlement","url":"https://pleiades.stoa.org/places/912941"}},{"type":"Feature","geometry":{"type":"Point","coordinates":[44.42426,32.57314]},"properties":{"title":"Soura","types":"settlement","url":"https://pleiades.stoa.org/places/894093"}},{"type":"Feature","geometry":{"type":"Point","coordinates":[31.13821,29.97521]},"properties":{"title":"Sphinx Temple","types":"temple-2","url":"https://pleiades.stoa.org/places/979282841"}},{"type":"Feature","geometry":{"type":"Point","coordinates":[32.65672,25.71568]},"properties":{"title":"Stele of Horemheb at Karnak","types":"monument","url":"https://pleiades.stoa.org/places/918126100"}},{"type":"Feature","geometry":{"type":"Point","coordinates":[36.20012,33.99917]},"properties":{"title":"Stone of the Pregnant Woman","types":"quarry, monument","url":"https://pleiades.stoa.org/places/633455581"}},{"type":"Feature","geometry":{"type":"Point","coordinates":[35.44803,30.32392]},"properties":{"title":"Street of Facades, Petra","types":"cemetery","url":"https://pleiades.stoa.org/places/169016720"}},{"type":"Feature","geometry":{"type":"Point","coordinates":[31.19411,29.90402]},"properties":{"title":"Sun Temple of Niuserre","types":"temple-2","url":"https://pleiades.stoa.org/places/367202371"}},{"type":"Feature","geometry":{"type":"Point","coordinates":[44.4444,32.5335]},"properties":{"title":"Sun of the Gods Gate","types":"unlocated, city-gate","url":"https://pleiades.stoa.org/places/124694416"}},{"type":"Feature","geometry":{"type":"Point","coordinates":[45.47339,38.97914]},"properties":{"title":"Surb Stepanos Vank","types":"abbey","url":"https://pleiades.stoa.org/places/207143419"}},{"type":"Feature","geometry":{"type":"Point","coordinates":[35.10247,31.40607]},"properties":{"title":"Susiya","types":"settlement","url":"https://pleiades.stoa.org/places/688035"}},{"type":"Feature","geometry":{"type":"Point","coordinates":[34.37223,31.41288]},"properties":{"title":"Sykomazon","types":"settlement","url":"https://pleiades.stoa.org/places/688036"}},{"type":"Feature","geometry":{"type":"Point","coordinates":[34.93177,32.53121]},"properties":{"title":"Syna M.","types":"settlement","url":"https://pleiades.stoa.org/places/678405"}},{"type":"Feature","geometry":{"type":"Point","coordinates":[33.92168,28.58771]},"properties":{"title":"Syna M.","types":"mountain","url":"https://pleiades.stoa.org/places/746815"}},{"type":"Feature","geometry":{"type":"Point","coordinates":[44.43412,32.53424]},"properties":{"title":"TE.E","types":"district","url":"https://pleiades.stoa.org/places/5066376"}},{"type":"Feature","geometry":{"type":"Point","coordinates":[46.30161,38.07397]},"properties":{"title":"Tabriz: Iron Age Cemetery","types":"cemetery, archaeological-site","url":"https://pleiades.stoa.org/places/378326795"}},{"type":"Feature","geometry":{"type":"Point","coordinates":[46.30063,38.07182]},"properties":{"title":"Tabrīz","types":"settlement, settlement-modern","url":"https://pleiades.stoa.org/places/430344981"}},{"type":"Feature","geometry":{"type":"Point","coordinates":[47.27494,36.66146]},"properties":{"title":"Takht-i Bilqis","types":"temple","url":"https://pleiades.stoa.org/places/884218"}},{"type":"Feature","geometry":{"type":"Point","coordinates":[31.2167,29.79986]},"properties":{"title":"Takyris","types":"cemetery","url":"https://pleiades.stoa.org/places/737063"}},{"type":"Feature","geometry":{"type":"Point","coordinates":[43.2896,35.4368]},"properties":{"title":"Tall Hanas","types":"archaeological-site","url":"https://pleiades.stoa.org/places/33470749"}},{"type":"Feature","geometry":{"type":"Point","coordinates":[44.5,32.5]},"properties":{"title":"Tall Nimrūd","types":"settlement","url":"https://pleiades.stoa.org/places/619096572"}},{"type":"Feature","geometry":{"type":"Point","coordinates":[44.4083,32.6244]},"properties":{"title":"Tall al-Gharrān","types":"archaeological-site","url":"https://pleiades.stoa.org/places/699734505"}},{"type":"Feature","geometry":{"type":"Point","coordinates":[35.67418,31.84049]},"properties":{"title":"Tall el Hammam (Jordan)","types":"tell","url":"https://pleiades.stoa.org/places/858395098"}},{"type":"Feature","geometry":{"type":"Point","coordinates":[43.2304,35.5931]},"properties":{"title":"Tall Ḥuwaysh","types":"findspot, archaeological-site","url":"https://pleiades.stoa.org/places/292494806"}},{"type":"Feature","geometry":{"type":"Point","coordinates":[52.88563,29.91378]},"properties":{"title":"Tall-e Bakun","types":"settlement","url":"https://pleiades.stoa.org/places/112340551"}},{"type":"Feature","geometry":{"type":"Point","coordinates":[52.88564,29.91378]},"properties":{"title":"Tall-e Bakun A","types":"settlement","url":"https://pleiades.stoa.org/places/303733349"}},{"type":"Feature","geometry":{"type":"Point","coordinates":[52.88837,29.91302]},"properties":{"title":"Tall-e Bakun B","types":"settlement","url":"https://pleiades.stoa.org/places/743125105"}},{"type":"Feature","geometry":{"type":"Point","coordinates":[53.18469,30.20777]},"properties":{"title":"Tall-i Takht (Throne Hill)","types":"hill, fort","url":"https://pleiades.stoa.org/places/435270670"}},{"type":"Feature","geometry":{"type":"Point","coordinates":[52.93828,29.84176]},"properties":{"title":"Tall-i-Gap","types":"settlement, tell","url":"https://pleiades.stoa.org/places/23023515"}},{"type":"Feature","geometry":{"type":"Point","coordinates":[53.10767,30.15026]},"properties":{"title":"Tang-e Bolaghi","types":"dam, valley, reservoir, gorge","url":"https://pleiades.stoa.org/places/303419362"}},{"type":"Feature","geometry":{"type":"Point","coordinates":[61.42057,30.5158]},"properties":{"title":"Tappeh Graziani","types":"settlement","url":"https://pleiades.stoa.org/places/705861784"}},{"type":"Feature","geometry":{"type":"Point","coordinates":[35.48151,30.33581]},"properties":{"title":"Tawilan","types":"settlement","url":"https://pleiades.stoa.org/places/394649380"}},{"type":"Feature","geometry":{"type":"Point","coordinates":[34.78534,31.61123]},"properties":{"title":"Tel Erani","types":"settlement","url":"https://pleiades.stoa.org/places/83213250"}},{"type":"Feature","geometry":{"type":"Point","coordinates":[35.14073,33.00914]},"properties":{"title":"Tel Kabri","types":"settlement","url":"https://pleiades.stoa.org/places/845754667"}},{"type":"Feature","geometry":{"type":"Point","coordinates":[35.15068,32.87303]},"properties":{"title":"Tel Kisson","types":"tell, archaeological-site","url":"https://pleiades.stoa.org/places/504745937"}},{"type":"Feature","geometry":{"type":"Point","coordinates":[34.92711,32.53325]},"properties":{"title":"Tel Mevorakh","types":"settlement","url":"https://pleiades.stoa.org/places/678417"}},{"type":"Feature","geometry":{"type":"Point","coordinates":[34.79719,32.15958]},"properties":{"title":"Tel Michal","types":"settlement","url":"https://pleiades.stoa.org/places/361164677"}},{"type":"Feature","geometry":{"type":"Point","coordinates":[35.10962,32.68518]},"properties":{"title":"Tel Qashish","types":"settlement","url":"https://pleiades.stoa.org/places/604019428"}},{"type":"Feature","geometry":{"type":"Point","coordinates":[34.95547,32.82464]},"properties":{"title":"Tel Shiqmona","types":"settlement, station, tell","url":"https://pleiades.stoa.org/places/678404"}},{"type":"Feature","geometry":{"type":"Point","coordinates":[34.97506,31.70861]},"properties":{"title":"Tel Yarmut","types":"settlement","url":"https://pleiades.stoa.org/places/841214212"}},{"type":"Feature","geometry":{"type":"Point","coordinates":[35.10894,32.66438]},"properties":{"title":"Tel Yokneam","types":"settlement, fort","url":"https://pleiades.stoa.org/places/180354033"}},{"type":"Feature","geometry":{"type":"Point","coordinates":[35.60194,31.80323]},"properties":{"title":"Teleilat Ghassul","types":"settlement, settlement-modern","url":"https://pleiades.stoa.org/places/509457605"}},{"type":"Feature","geometry":{"type":"Point","coordinates":[44.42469,32.56553]},"properties":{"title":"Tell Babil","types":"palace","url":"https://pleiades.stoa.org/places/894126"}},{"type":"Feature","geometry":{"type":"Point","coordinates":[34.9102,31.4558]},"properties":{"title":"Tell Beit Mirsim","types":"findspot, settlement","url":"https://pleiades.stoa.org/places/123657253"}},{"type":"Feature","geometry":{"type":"Point","coordinates":[35.66667,31.81667]},"properties":{"title":"Tell Iktanu","types":"settlement, hill","url":"https://pleiades.stoa.org/places/677579162"}},{"type":"Feature","geometry":{"type":"Point","coordinates":[34.79523,32.10192]},"properties":{"title":"Tell Qasile","types":"settlement","url":"https://pleiades.stoa.org/places/308048142"}},{"type":"Feature","geometry":{"type":"Point","coordinates":[36.23219,34.66921]},"properties":{"title":"Tell Sarin","types":"settlement","url":"https://pleiades.stoa.org/places/668382"}},{"type":"Feature","geometry":{"type":"Point","coordinates":[35.2312,31.82348]},"properties":{"title":"Tell al-Fūl","types":"fort-group","url":"https://pleiades.stoa.org/places/749935552"}},{"type":"Feature","geometry":{"type":"Point","coordinates":[34.90998,31.6334]},"properties":{"title":"Tell ej-Judeideh","types":"settlement","url":"https://pleiades.stoa.org/places/738083701"}},{"type":"Feature","geometry":{"type":"Point","coordinates":[34.4043,31.46767]},"properties":{"title":"Tell el-Ajjul","types":"tell","url":"https://pleiades.stoa.org/places/73662437"}},{"type":"Feature","geometry":{"type":"Point","coordinates":[35.21654,31.88544]},"properties":{"title":"Tell en-Nasbeh","types":"settlement, archaeological-site","url":"https://pleiades.stoa.org/places/666067876"}},{"type":"Feature","geometry":{"type":"Point","coordinates":[35.64455,31.82559]},"properties":{"title":"Tell er-Rameh","types":"tell, archaeological-site","url":"https://pleiades.stoa.org/places/347978438"}},{"type":"Feature","geometry":{"type":"Point","coordinates":[34.40463,31.47582]},"properties":{"title":"Tell es-Sakan","types":"settlement, tell, port","url":"https://pleiades.stoa.org/places/513433066"}},{"type":"Feature","geometry":{"type":"Point","coordinates":[35.44027,31.86505]},"properties":{"title":"Tell es-Samarat","types":"tell, archaeological-site","url":"https://pleiades.stoa.org/places/230339672"}},{"type":"Feature","geometry":{"type":"Point","coordinates":[43.90509,34.121]},"properties":{"title":"Tell es-Sawwan","types":"archaeological-site, tell","url":"https://pleiades.stoa.org/places/876875509"}},{"type":"Feature","geometry":{"type":"Point","coordinates":[38.26166,34.55492]},"properties":{"title":"Temple of Al-Lat at Palmyra","types":"temple-2","url":"https://pleiades.stoa.org/places/215749623"}},{"type":"Feature","geometry":{"type":"Point","coordinates":[31.13811,29.9756]},"properties":{"title":"Temple of Amenhotep II","types":"temple, temple-2","url":"https://pleiades.stoa.org/places/782688268"}},{"type":"Feature","geometry":{"type":"Point","coordinates":[32.60338,25.72233]},"properties":{"title":"Temple of Amenhotep, son of Hapu","types":"tomb, temple-2","url":"https://pleiades.stoa.org/places/922752946"}},{"type":"Feature","geometry":{"type":"Point","coordinates":[32.65833,25.71835]},"properties":{"title":"Temple of Amon (Karnak)","types":"temple-2","url":"https://pleiades.stoa.org/places/877521474"}},{"type":"Feature","geometry":{"type":"Point","coordinates":[43.25823,35.4589]},"properties":{"title":"Temple of Anu and Adad at Assur","types":"temple-2, ziggurat","url":"https://pleiades.stoa.org/places/536694247"}},{"type":"Feature","geometry":{"type":"Point","coordinates":[43.26274,35.46032]},"properties":{"title":"Temple of Aššur at Assur","types":"temple-2","url":"https://pleiades.stoa.org/places/457530554"}},{"type":"Feature","geometry":{"type":"Point","coordinates":[38.27384,34.54735]},"properties":{"title":"Temple of Ba'al at Palmyra","types":"temple-2","url":"https://pleiades.stoa.org/places/35794949"}},{"type":"Feature","geometry":{"type":"Point","coordinates":[38.26999,34.55342]},"properties":{"title":"Temple of Baalshamin","types":"temple-2","url":"https://pleiades.stoa.org/places/763337277"}},{"type":"Feature","geometry":{"type":"Point","coordinates":[36.20396,34.00609]},"properties":{"title":"Temple of Bacchus","types":"temple-2","url":"https://pleiades.stoa.org/places/524305133"}},{"type":"Feature","geometry":{"type":"Point","coordinates":[32.60209,25.72892]},"properties":{"title":"Temple of Hathor","types":"temple-2","url":"https://pleiades.stoa.org/places/37812312"}},{"type":"Feature","geometry":{"type":"Point","coordinates":[43.25844,35.45762]},"properties":{"title":"Temple of Ishtar at Assur","types":"temple-2","url":"https://pleiades.stoa.org/places/299219557"}},{"type":"Feature","geometry":{"type":"Point","coordinates":[36.20341,34.00675]},"properties":{"title":"Temple of Jupiter Heliopolitanus","types":"temple-2","url":"https://pleiades.stoa.org/places/758001563"}},{"type":"Feature","geometry":{"type":"Point","coordinates":[36.30534,33.51138]},"properties":{"title":"Temple of Jupiter, Damascus","types":"temple-2","url":"https://pleiades.stoa.org/places/245122016"}},{"type":"Feature","geometry":{"type":"Point","coordinates":[32.65589,25.71673]},"properties":{"title":"Temple of Khonsu at Karnak","types":"temple-2","url":"https://pleiades.stoa.org/places/348714102"}},{"type":"Feature","geometry":{"type":"Point","coordinates":[32.70926,25.73449]},"properties":{"title":"Temple of Montu","types":"temple-2","url":"https://pleiades.stoa.org/places/907829423"}},{"type":"Feature","geometry":{"type":"Point","coordinates":[32.54441,25.62216]},"properties":{"title":"Temple of Montu","types":"temple-2","url":"https://pleiades.stoa.org/places/844972185"}},{"type":"Feature","geometry":{"type":"Point","coordinates":[38.27036,34.5496]},"properties":{"title":"Temple of Nabu at Palmyra","types":"temple-2","url":"https://pleiades.stoa.org/places/267069707"}},{"type":"Feature","geometry":{"type":"Point","coordinates":[43.25859,35.45736]},"properties":{"title":"Temple of Nabû of the ḫarû at Assur","types":"temple-2","url":"https://pleiades.stoa.org/places/408700256"}},{"type":"Feature","geometry":{"type":"Point","coordinates":[32.65967,25.71962]},"properties":{"title":"Temple of Ptah (Karnak)","types":"temple-2","url":"https://pleiades.stoa.org/places/264556019"}},{"type":"Feature","geometry":{"type":"Point","coordinates":[43.25968,35.45806]},"properties":{"title":"Temple of Sîn and Šamaš at Assur","types":"temple-2","url":"https://pleiades.stoa.org/places/921404713"}},{"type":"Feature","geometry":{"type":"Point","coordinates":[32.60598,25.73793]},"properties":{"title":"Temple of Thutmose III","types":"temple-2","url":"https://pleiades.stoa.org/places/326151648"}},{"type":"Feature","geometry":{"type":"Point","coordinates":[37.16258,36.19936]},"properties":{"title":"Temple of the Storm God at Aleppo","types":"temple-2","url":"https://pleiades.stoa.org/places/767632326"}},{"type":"Feature","geometry":{"type":"Point","coordinates":[35.44248,30.32925]},"properties":{"title":"Temple of the Winged Lions","types":"temple-2","url":"https://pleiades.stoa.org/places/777218560"}},{"type":"Feature","geometry":{"type":"Point","coordinates":[31.62729,22.33672]},"properties":{"title":"Temple to Nefertari at Abu Simbel","types":"temple-2","url":"https://pleiades.stoa.org/places/115852119"}},{"type":"Feature","geometry":{"type":"Point","coordinates":[31.62584,22.33617]},"properties":{"title":"Temple to Ramesses II at Abu Simbel","types":"temple-2","url":"https://pleiades.stoa.org/places/424487311"}},{"type":"Feature","geometry":{"type":"Point","coordinates":[48.5022,32.0313]},"properties":{"title":"Tepe Horreeye","types":"archaeological-site","url":"https://pleiades.stoa.org/places/895710131"}},{"type":"Feature","geometry":{"type":"Point","coordinates":[51.48811,35.51853]},"properties":{"title":"Tepe Mil","types":"settlement","url":"https://pleiades.stoa.org/places/903130"}},{"type":"Feature","geometry":{"type":"Point","coordinates":[35.45281,29.54441]},"properties":{"title":"Teraif Merar","types":"settlement","url":"https://pleiades.stoa.org/places/746822"}},{"type":"Feature","geometry":{"type":"Point","coordinates":[34.86689,31.38265]},"properties":{"title":"Thala","types":"settlement","url":"https://pleiades.stoa.org/places/688038"}},{"type":"Feature","geometry":{"type":"Point","coordinates":[36.42506,32.28457]},"properties":{"title":"Thanouenoi","types":"label, people","url":"https://pleiades.stoa.org/places/678422"}},{"type":"Feature","geometry":{"type":"Point","coordinates":[35.43098,30.33821]},"properties":{"title":"The Deir","types":"temple-2, monument","url":"https://pleiades.stoa.org/places/783362997"}},{"type":"Feature","geometry":{"type":"Point","coordinates":[31.12975,29.97309]},"properties":{"title":"The Giza Necropolis","types":"cemetery, archaeological-site","url":"https://pleiades.stoa.org/places/979282842"}},{"type":"Feature","geometry":{"type":"Point","coordinates":[31.13422,29.97916]},"properties":{"title":"The Great Pyramid","types":"pyramid","url":"https://pleiades.stoa.org/places/704360201"}},{"type":"Feature","geometry":{"type":"Point","coordinates":[31.13764,29.97528]},"properties":{"title":"The Great Sphinx","types":"monument","url":"https://pleiades.stoa.org/places/536839380"}},{"type":"Feature","geometry":{"type":"Point","coordinates":[38.26883,34.55072]},"properties":{"title":"Theatre of Palmyra","types":"theatre","url":"https://pleiades.stoa.org/places/514324021"}},{"type":"Feature","geometry":{"type":"Point","coordinates":[32.60504,25.7368]},"properties":{"title":"Theban Tomb 320","types":"tomb","url":"https://pleiades.stoa.org/places/986129163"}},{"type":"Feature","geometry":{"type":"Point","coordinates":[32.60064,25.72762]},"properties":{"title":"Theban Tomb 359","types":"tomb","url":"https://pleiades.stoa.org/places/491620729"}},{"type":"Feature","geometry":{"type":"Point","coordinates":[32.6144,25.73361]},"properties":{"title":"Theban Tomb 414 (TT 414)","types":"tomb","url":"https://pleiades.stoa.org/places/884719316"}},{"type":"Feature","geometry":{"type":"Point","coordinates":[32.60897,25.73217]},"properties":{"title":"Theban Tomb 69","types":"tomb","url":"https://pleiades.stoa.org/places/325177167"}},{"type":"Feature","geometry":{"type":"Point","coordinates":[32.60605,25.71688]},"properties":{"title":"Theban necropolis","types":"cemetery","url":"https://pleiades.stoa.org/places/836839127"}},{"type":"Feature","geometry":{"type":"Point","coordinates":[35.21535,31.63609]},"properties":{"title":"Thekoa","types":"settlement","url":"https://pleiades.stoa.org/places/688041"}},{"type":"Feature","geometry":{"type":"Point","coordinates":[35.28266,31.72126]},"properties":{"title":"Theodosios","types":"church","url":"https://pleiades.stoa.org/places/688043"}},{"type":"Feature","geometry":{"type":"Point","coordinates":[35.38509,31.77617]},"properties":{"title":"Theoktistos","types":"church","url":"https://pleiades.stoa.org/places/688042"}},{"type":"Feature","geometry":{"type":"Point","coordinates":[35.66049,34.27839]},"properties":{"title":"Theou Prosopon/Lithoprosopon Pr.","types":"cape","url":"https://pleiades.stoa.org/places/668390"}},{"type":"Feature","geometry":{"type":"Point","coordinates":[50.5387,26.10788]},"properties":{"title":"Thilouanoi","types":"label, people","url":"https://pleiades.stoa.org/places/932484"}},{"type":"Feature","geometry":{"type":"Point","coordinates":[33.93675,28.71139]},"properties":{"title":"Tholas","types":"church","url":"https://pleiades.stoa.org/places/746824"}},{"type":"Feature","geometry":{"type":"Point","coordinates":[31.2656,29.82584]},"properties":{"title":"Toachris","types":"settlement","url":"https://pleiades.stoa.org/places/737092"}},{"type":"Feature","geometry":{"type":"Point","coordinates":[53.22896,30.2739]},"properties":{"title":"Tol-e Sangi (Fars)","types":"archaeological-site, settlement-modern","url":"https://pleiades.stoa.org/places/571478280"}},{"type":"Feature","geometry":{"type":"Point","coordinates":[52.89246,29.93587]},"properties":{"title":"Tomb of Artaxerxes III","types":"tomb","url":"https://pleiades.stoa.org/places/658615446"}},{"type":"Feature","geometry":{"type":"Point","coordinates":[53.16719,30.19395]},"properties":{"title":"Tomb of Cyrus the Great","types":"tomb","url":"https://pleiades.stoa.org/places/547628631"}},{"type":"Feature","geometry":{"type":"Point","coordinates":[31.13599,29.97905]},"properties":{"title":"Tomb of Hetepheres I","types":"tomb","url":"https://pleiades.stoa.org/places/875774713"}},{"type":"Feature","geometry":{"type":"Point","coordinates":[32.60086,25.74004]},"properties":{"title":"Tomb of Horemheb (KV57)","types":"tomb","url":"https://pleiades.stoa.org/places/380628162"}},{"type":"Feature","geometry":{"type":"Point","coordinates":[32.61051,25.73535]},"properties":{"title":"Tomb of Mentuemhat (TT 34) ","types":"tomb","url":"https://pleiades.stoa.org/places/517378627"}},{"type":"Feature","geometry":{"type":"Point","coordinates":[31.2212,29.87579]},"properties":{"title":"Tomb of Mereruka","types":"tomb","url":"https://pleiades.stoa.org/places/463431204"}},{"type":"Feature","geometry":{"type":"Point","coordinates":[32.60889,25.73294]},"properties":{"title":"Tomb of Nebamun at Thebes","types":"tomb, abbey","url":"https://pleiades.stoa.org/places/523134405"}},{"type":"Feature","geometry":{"type":"Point","coordinates":[32.61346,25.73363]},"properties":{"title":"Tomb of Puimre at Thebes","types":"tomb","url":"https://pleiades.stoa.org/places/613478147"}},{"type":"Feature","geometry":{"type":"Point","coordinates":[32.60743,25.73135]},"properties":{"title":"Tomb of Rekhmire at Thebes","types":"tomb","url":"https://pleiades.stoa.org/places/447634115"}},{"type":"Feature","geometry":{"type":"Point","coordinates":[32.60152,25.73937]},"properties":{"title":"Tomb of Seti I","types":"tomb","url":"https://pleiades.stoa.org/places/422247194"}},{"type":"Feature","geometry":{"type":"Point","coordinates":[32.6036,25.73909]},"properties":{"title":"Tomb of Thutmes I and Hatshepsut (KV20)","types":"tomb","url":"https://pleiades.stoa.org/places/201675359"}},{"type":"Feature","geometry":{"type":"Point","coordinates":[32.60095,25.73797]},"properties":{"title":"Tomb of Thutmose III (KV34)","types":"tomb","url":"https://pleiades.stoa.org/places/750729612"}},{"type":"Feature","geometry":{"type":"Point","coordinates":[32.6013,25.74029]},"properties":{"title":"Tomb of Tutankhamun (KV62)","types":"tomb","url":"https://pleiades.stoa.org/places/599287018"}},{"type":"Feature","geometry":{"type":"Point","coordinates":[33.97592,28.55581]},"properties":{"title":"Tou Batou","types":"church-2, monastery, church","url":"https://pleiades.stoa.org/places/746826"}},{"type":"Feature","geometry":{"type":"Point","coordinates":[35.22803,31.7761]},"properties":{"title":"Tower of David","types":"fort-2","url":"https://pleiades.stoa.org/places/937349656"}},{"type":"Feature","geometry":{"type":"Point","coordinates":[32.66136,25.71924]},"properties":{"title":"Treasury of Thutmose I","types":"treasury","url":"https://pleiades.stoa.org/places/20890394"}},{"type":"Feature","geometry":{"type":"Point","coordinates":[35.812,34.449]},"properties":{"title":"Tripolis","types":"urban, theatre, fort-group, pass, cemetery, bath, church, settlement, temple, road","url":"https://pleiades.stoa.org/places/668394"}},{"type":"Feature","geometry":{"type":"Point","coordinates":[31.31666,29.93327]},"properties":{"title":"Troikon Oros","types":"quarry","url":"https://pleiades.stoa.org/places/727253"}},{"type":"Feature","geometry":{"type":"Point","coordinates":[31.26667,30.0]},"properties":{"title":"Troikon Oros","types":"mountain, quarry","url":"https://pleiades.stoa.org/places/737096"}},{"type":"Feature","geometry":{"type":"Point","coordinates":[32.70283,25.74844]},"properties":{"title":"Tsenti","types":"church","url":"https://pleiades.stoa.org/places/786133"}},{"type":"Feature","geometry":{"type":"Point","coordinates":[44.41842,32.52849]},"properties":{"title":"Tuba","types":"district","url":"https://pleiades.stoa.org/places/89975947"}},{"type":"Feature","geometry":{"type":"Point","coordinates":[52.8549,29.9364]},"properties":{"title":"Tul-i Ājuri","types":"findspot, archaeological-site","url":"https://pleiades.stoa.org/places/360702537"}},{"type":"Feature","geometry":{"type":"Point","coordinates":[42.78045,35.55177]},"properties":{"title":"Tulul Ahmad al-Hussein","types":"settlement","url":"https://pleiades.stoa.org/places/894162"}},{"type":"Feature","geometry":{"type":"Point","coordinates":[50.54717,26.00967]},"properties":{"title":"Tylos (island)","types":"island, label","url":"https://pleiades.stoa.org/places/932485"}},{"type":"Feature","geometry":{"type":"Point","coordinates":[35.20975,33.26838]},"properties":{"title":"Tyre Hippodrome","types":"circus","url":"https://pleiades.stoa.org/places/610184253"}},{"type":"Feature","geometry":{"type":"Point","coordinates":[35.7539,31.91507]},"properties":{"title":"Tyrus","types":"settlement, settlement-modern","url":"https://pleiades.stoa.org/places/697757"}},{"type":"Feature","geometry":{"type":"Point","coordinates":[35.20183,33.26934]},"properties":{"title":"Tyrus/Col. Septimia Severa","types":"settlement, settlement-modern, findspot","url":"https://pleiades.stoa.org/places/678437"}},{"type":"Feature","geometry":{"type":"Point","coordinates":[34.78333,32.06667]},"properties":{"title":"Tẹl Ȧviv","types":"settlement, settlement-modern","url":"https://pleiades.stoa.org/places/799106375"}},{"type":"Feature","geometry":{"type":"Point","coordinates":[35.43268,30.32794]},"properties":{"title":"Umm al-Biyara","types":"mountain, settlement","url":"https://pleiades.stoa.org/places/518323237"}},{"type":"Feature","geometry":{"type":"Point","coordinates":[35.48201,29.54409]},"properties":{"title":"Umm el-Quseir","types":"settlement","url":"https://pleiades.stoa.org/places/746829"}},{"type":"Feature","geometry":{"type":"Point","coordinates":[35.89246,31.64148]},"properties":{"title":"Umm el-Walid","types":"settlement","url":"https://pleiades.stoa.org/places/697760"}},{"type":"Feature","geometry":{"type":"Point","coordinates":[36.31766,32.42492]},"properties":{"title":"Umm es-Surab","types":"settlement","url":"https://pleiades.stoa.org/places/678441"}},{"type":"Feature","geometry":{"type":"Point","coordinates":[35.25,32.75]},"properties":{"title":"Unnamed aqueduct (at Gaba Philippi)","types":"aqueduct","url":"https://pleiades.stoa.org/places/678754"}},{"type":"Feature","geometry":{"type":"Point","coordinates":[37.25,36.25]},"properties":{"title":"Untitled","types":"centuriation","url":"https://pleiades.stoa.org/places/660628"}},{"type":"Feature","geometry":{"type":"Point","coordinates":[35.25,32.75]},"properties":{"title":"Untitled","types":"aqueduct","url":"https://pleiades.stoa.org/places/678751"}},{"type":"Feature","geometry":{"type":"Point","coordinates":[35.25,32.75]},"properties":{"title":"Untitled","types":"aqueduct","url":"https://pleiades.stoa.org/places/678752"}},{"type":"Feature","geometry":{"type":"Point","coordinates":[35.25,31.75]},"properties":{"title":"Untitled","types":"aqueduct","url":"https://pleiades.stoa.org/places/688570"}},{"type":"Feature","geometry":{"type":"Point","coordinates":[35.25,31.75]},"properties":{"title":"Untitled","types":"aqueduct","url":"https://pleiades.stoa.org/places/688571"}},{"type":"Feature","geometry":{"type":"Point","coordinates":[35.25,31.75]},"properties":{"title":"Untitled","types":"aqueduct","url":"https://pleiades.stoa.org/places/688572"}},{"type":"Feature","geometry":{"type":"Point","coordinates":[35.25,31.25]},"properties":{"title":"Untitled","types":"aqueduct","url":"https://pleiades.stoa.org/places/688573"}},{"type":"Feature","geometry":{"type":"Point","coordinates":[35.80628,31.45215]},"properties":{"title":"Untitled","types":"bridge","url":"https://pleiades.stoa.org/places/698380"}},{"type":"Feature","geometry":{"type":"Point","coordinates":[35.25,31.75]},"properties":{"title":"Untitled","types":"bridge","url":"https://pleiades.stoa.org/places/689322"}},{"type":"Feature","geometry":{"type":"Point","coordinates":[35.25,32.75]},"properties":{"title":"Untitled","types":"aqueduct","url":"https://pleiades.stoa.org/places/678753"}},{"type":"Feature","geometry":{"type":"Point","coordinates":[35.25,32.75]},"properties":{"title":"Untitled","types":"aqueduct","url":"https://pleiades.stoa.org/places/678750"}},{"type":"Feature","geometry":{"type":"Point","coordinates":[35.25,32.75]},"properties":{"title":"Untitled","types":"aqueduct","url":"https://pleiades.stoa.org/places/678755"}},{"type":"Feature","geometry":{"type":"Point","coordinates":[35.25078,33.33952]},"properties":{"title":"Untitled","types":"bridge","url":"https://pleiades.stoa.org/places/679506"}},{"type":"Feature","geometry":{"type":"Point","coordinates":[35.18498,32.57027]},"properties":{"title":"Untitled","types":"bridge","url":"https://pleiades.stoa.org/places/679507"}},{"type":"Feature","geometry":{"type":"Point","coordinates":[35.25,31.75]},"properties":{"title":"Untitled","types":"bridge","url":"https://pleiades.stoa.org/places/689323"}},{"type":"Feature","geometry":{"type":"Point","coordinates":[35.25,33.25]},"properties":{"title":"Untitled","types":"earthwork","url":"https://pleiades.stoa.org/places/680257"}},{"type":"Feature","geometry":{"type":"Point","coordinates":[35.12453,31.5013]},"properties":{"title":"Untitled","types":"road","url":"https://pleiades.stoa.org/places/690093"}},{"type":"Feature","geometry":{"type":"Point","coordinates":[35.25,31.75]},"properties":{"title":"Untitled","types":"aqueduct","url":"https://pleiades.stoa.org/places/688569"}},{"type":"Feature","geometry":{"type":"Point","coordinates":[35.25,31.75]},"properties":{"title":"Untitled","types":"aqueduct","url":"https://pleiades.stoa.org/places/688568"}},{"type":"Feature","geometry":{"type":"Point","coordinates":[35.25,33.25]},"properties":{"title":"Untitled","types":"aqueduct","url":"https://pleiades.stoa.org/places/678749"}},{"type":"Feature","geometry":{"type":"Point","coordinates":[35.25,31.75]},"properties":{"title":"Untitled","types":"aqueduct","url":"https://pleiades.stoa.org/places/688565"}},{"type":"Feature","geometry":{"type":"Point","coordinates":[35.25,31.75]},"properties":{"title":"Untitled","types":"aqueduct","url":"https://pleiades.stoa.org/places/688566"}},{"type":"Feature","geometry":{"type":"Point","coordinates":[35.25,31.75]},"properties":{"title":"Untitled","types":"aqueduct","url":"https://pleiades.stoa.org/places/688567"}},{"type":"Feature","geometry":{"type":"Point","coordinates":[47.46288,34.37647]},"properties":{"title":"Untitled","types":"bridge","url":"https://pleiades.stoa.org/places/903740"}},{"type":"Feature","geometry":{"type":"Point","coordinates":[52.5,29.5]},"properties":{"title":"Untitled","types":"canal","url":"https://pleiades.stoa.org/places/925632"}},{"type":"Feature","geometry":{"type":"Point","coordinates":[44.5,32.5]},"properties":{"title":"Untitled","types":"city-wall","url":"https://pleiades.stoa.org/places/896947"}},{"type":"Feature","geometry":{"type":"Point","coordinates":[42.73577,35.62371]},"properties":{"title":"Untitled","types":"bridge","url":"https://pleiades.stoa.org/places/894677"}},{"type":"Feature","geometry":{"type":"Point","coordinates":[32.75,25.75]},"properties":{"title":"Untitled","types":"quarry","url":"https://pleiades.stoa.org/places/786712"}},{"type":"Feature","geometry":{"type":"Point","coordinates":[44.42494,32.52874]},"properties":{"title":"Uraš Gate","types":"city-gate, city-wall","url":"https://pleiades.stoa.org/places/438874660"}},{"type":"Feature","geometry":{"type":"Point","coordinates":[35.15241,32.78765]},"properties":{"title":"Usha","types":"settlement","url":"https://pleiades.stoa.org/places/678445"}},{"type":"Feature","geometry":{"type":"Point","coordinates":[31.13811,29.97496]},"properties":{"title":"Valley Temple of Khafre","types":"temple-2","url":"https://pleiades.stoa.org/places/866038914"}},{"type":"Feature","geometry":{"type":"Point","coordinates":[32.60163,25.7398]},"properties":{"title":"Valley of the Kings","types":"cemetery","url":"https://pleiades.stoa.org/places/384697574"}},{"type":"Feature","geometry":{"type":"Point","coordinates":[32.59313,25.72777]},"properties":{"title":"Valley of the Queens","types":"cemetery","url":"https://pleiades.stoa.org/places/373939545"}},{"type":"Feature","geometry":{"type":"Point","coordinates":[31.22385,29.80585]},"properties":{"title":"White Pyramid","types":"pyramid","url":"https://pleiades.stoa.org/places/853958465"}},{"type":"Feature","geometry":{"type":"Point","coordinates":[35.23423,31.77704]},"properties":{"title":"Wilson's Arch","types":"arch","url":"https://pleiades.stoa.org/places/62813056"}},{"type":"Feature","geometry":{"type":"Point","coordinates":[32.60093,25.73629]},"properties":{"title":"Workmen's rest-houses","types":"settlement, archaeological-site","url":"https://pleiades.stoa.org/places/711142365"}},{"type":"Feature","geometry":{"type":"Point","coordinates":[35.39366,29.51566]},"properties":{"title":"Wujh el-Qattar","types":"station","url":"https://pleiades.stoa.org/places/746841"}},{"type":"Feature","geometry":{"type":"Point","coordinates":[36.15634,34.07066]},"properties":{"title":"Yaat","types":"monument","url":"https://pleiades.stoa.org/places/668398"}},{"type":"Feature","geometry":{"type":"Point","coordinates":[36.03676,34.148]},"properties":{"title":"Yammune","types":"sanctuary","url":"https://pleiades.stoa.org/places/668399"}},{"type":"Feature","geometry":{"type":"Point","coordinates":[55.20032,37.14782]},"properties":{"title":"Yarim Tepe (Iran)","types":"settlement, archaeological-site","url":"https://pleiades.stoa.org/places/982994284"}},{"type":"Feature","geometry":{"type":"Point","coordinates":[35.22772,32.75538]},"properties":{"title":"Yiftahel","types":"settlement","url":"https://pleiades.stoa.org/places/880264862"}},{"type":"Feature","geometry":{"type":"Point","coordinates":[44.43698,32.5356]},"properties":{"title":"Zababa Gate","types":"city-gate","url":"https://pleiades.stoa.org/places/794488651"}},{"type":"Feature","geometry":{"type":"Point","coordinates":[35.90185,33.71221]},"properties":{"title":"Zekweh","types":"temple-2","url":"https://pleiades.stoa.org/places/678455"}},{"type":"Feature","geometry":{"type":"Point","coordinates":[35.14051,31.47825]},"properties":{"title":"Ziph","types":"settlement","url":"https://pleiades.stoa.org/places/688047"}},{"type":"Feature","geometry":{"type":"Point","coordinates":[35.23969,31.25072]},"properties":{"title":"Zohar","types":"fort","url":"https://pleiades.stoa.org/places/688050"}},{"type":"Feature","geometry":{"type":"Point","coordinates":[36.49208,35.62988]},"properties":{"title":"Zophea","types":"settlement","url":"https://pleiades.stoa.org/places/668404"}},{"type":"Feature","geometry":{"type":"Point","coordinates":[55.14544,37.23256]},"properties":{"title":"[Jurjan]/G(o)urgan?","types":"settlement","url":"https://pleiades.stoa.org/places/942281"}},{"type":"Feature","geometry":{"type":"Point","coordinates":[43.87673,34.20012]},"properties":{"title":"[Samarra]/‘Sumere’","types":"settlement, archaeological-site, findspot","url":"https://pleiades.stoa.org/places/894082"}},{"type":"Feature","geometry":{"type":"Point","coordinates":[35.75,31.91667]},"properties":{"title":"`Iraq al Amir","types":"settlement","url":"https://pleiades.stoa.org/places/35763107"}},{"type":"Feature","geometry":{"type":"Point","coordinates":[50.5137,26.2151]},"properties":{"title":"al-Hajjar","types":"cemetery, archaeological-site","url":"https://pleiades.stoa.org/places/932429"}},{"type":"Feature","geometry":{"type":"Point","coordinates":[36.53108,35.69156]},"properties":{"title":"al-Husn Church","types":"church-2","url":"https://pleiades.stoa.org/places/637058243"}},{"type":"Feature","geometry":{"type":"Point","coordinates":[35.89984,31.48289]},"properties":{"title":"al-Jumayil","types":"settlement, archaeological-site","url":"https://pleiades.stoa.org/places/281962970"}},{"type":"Feature","geometry":{"type":"Point","coordinates":[44.5,32.5]},"properties":{"title":"al-Ḥilla","types":"settlement","url":"https://pleiades.stoa.org/places/296101142"}},{"type":"Feature","geometry":{"type":"Point","coordinates":[49.66639,25.45031]},"properties":{"title":"ash-Sha'ba","types":"settlement","url":"https://pleiades.stoa.org/places/932435"}},{"type":"Feature","geometry":{"type":"Point","coordinates":[34.0357,28.6876]},"properties":{"title":"ed-Deir","types":"church","url":"https://pleiades.stoa.org/places/746727"}},{"type":"Feature","geometry":{"type":"Point","coordinates":[34.048,28.65922]},"properties":{"title":"el-Arba'in","types":"church","url":"https://pleiades.stoa.org/places/746714"}},{"type":"Feature","geometry":{"type":"Point","coordinates":[36.53076,35.68891]},"properties":{"title":"el-Bara","types":"ruin, settlement","url":"https://pleiades.stoa.org/places/668207"}},{"type":"Feature","geometry":{"type":"Point","coordinates":[44.41351,32.52797]},"properties":{"title":"nu-x-ù","types":"district","url":"https://pleiades.stoa.org/places/633091638"}},{"type":"Feature","geometry":{"type":"Point","coordinates":[44.42073,32.527]},"properties":{"title":"Šamaš Gate","types":"unlocated, city-gate","url":"https://pleiades.stoa.org/places/386554382"}},{"type":"Feature","geometry":{"type":"Point","coordinates":[44.42423,32.53086]},"properties":{"title":"Šuanna","types":"district","url":"https://pleiades.stoa.org/places/856859069"}},{"type":"Feature","geometry":{"type":"Point","coordinates":[44.42752,32.56196]},"properties":{"title":"Šūhi Canal Gate","types":"unlocated, city-gate","url":"https://pleiades.stoa.org/places/510139757"}},{"type":"Feature","geometry":{"type":"Point","coordinates":[35.25,32.75]},"properties":{"title":"Ḥiṭṭīn","types":"settlement","url":"https://pleiades.stoa.org/places/211425277"}},{"type":"Feature","geometry":{"type":"Point","coordinates":[35.15153,32.91418]},"properties":{"title":"Ḥorbat 'Uẓa","types":"settlement","url":"https://pleiades.stoa.org/places/573380586"}},{"type":"Feature","geometry":{"type":"Point","coordinates":[35.4952,31.87428]},"properties":{"title":"Ṣuwwānet eth-Thanīya ","types":"settlement","url":"https://pleiades.stoa.org/places/596637094"}},{"type":"Feature","geometry":{"type":"Point","coordinates":[35.4847,30.3313]},"properties":{"title":"Ṭawīlān","types":"findspot","url":"https://pleiades.stoa.org/places/880238140"}},{"type":"Feature","geometry":{"type":"Point","coordinates":[36.4101,33.58659]},"properties":{"title":"‘Ad Medera’","types":"station","url":"https://pleiades.stoa.org/places/677999"}},{"type":"Feature","geometry":{"type":"Point","coordinates":[36.31626,34.77698]},"properties":{"title":"‘Carion’","types":"station","url":"https://pleiades.stoa.org/places/668222"}}]}