{"type": "FeatureCollection", "metadata": {"title": "UCDP-GED-Konfliktereignisse (Region + Zeitfenster)", "lookback_months": 12, "start_date": "2025-06-01", "source": "UCDP GED (Uppsala Conflict Data Program), CC BY 4.0", "radius_km": 30.0, "note": "Georeferenzierte Ereignisse im 30-km-Radius einer Site; genau die Events, die die Konflikt-Score-Komponente je Site zaehlt."}, "features": [{"type": "Feature", "geometry": {"type": "Point", "coordinates": [34.303056, 31.344444]}, "properties": {"event_date": "2025-06-01", "violence_type": "state-based conflict", "deaths": 3}}, {"type": "Feature", "geometry": {"type": "Point", "coordinates": [34.303056, 31.344444]}, "properties": {"event_date": "2025-06-01", "violence_type": "state-based conflict", "deaths": 4}}, {"type": "Feature", "geometry": {"type": "Point", "coordinates": [34.483471, 31.5272]}, "properties": {"event_date": "2025-06-01", "violence_type": "state-based conflict", "deaths": 1}}, {"type": "Feature", "geometry": {"type": "Point", "coordinates": [34.392875, 31.447656]}, "properties": {"event_date": "2025-06-01", "violence_type": "state-based conflict", "deaths": 5}}, {"type": "Feature", "geometry": {"type": "Point", "coordinates": [34.413322, 31.482192]}, "properties": {"event_date": "2025-06-01", "violence_type": "state-based conflict", "deaths": 1}}, {"type": "Feature", "geometry": {"type": "Point", "coordinates": [34.303056, 31.344444]}, "properties": {"event_date": "2025-06-01", "violence_type": "state-based conflict", "deaths": 8}}, {"type": "Feature", "geometry": {"type": "Point", "coordinates": [34.35014, 31.417479]}, "properties": {"event_date": "2025-06-01", "violence_type": "state-based conflict", "deaths": 2}}, {"type": "Feature", "geometry": {"type": "Point", "coordinates": [34.45, 31.516667]}, "properties": {"event_date": "2025-06-01", "violence_type": "state-based conflict", "deaths": 1}}, {"type": "Feature", "geometry": {"type": "Point", "coordinates": [45.33078, 15.44107]}, "properties": {"event_date": "2025-06-01", "violence_type": "state-based conflict", "deaths": 1}}, {"type": "Feature", "geometry": {"type": "Point", "coordinates": [35.334444, 33.097222]}, "properties": {"event_date": "2025-06-01", "violence_type": "state-based conflict", "deaths": 1}}, {"type": "Feature", "geometry": {"type": "Point", "coordinates": [34.243439, 31.296999]}, "properties": {"event_date": "2025-06-01", "violence_type": "state-based conflict", "deaths": 31}}, {"type": "Feature", "geometry": {"type": "Point", "coordinates": [34.392875, 31.447656]}, "properties": {"event_date": "2025-06-01", "violence_type": "state-based conflict", "deaths": 6}}, {"type": "Feature", "geometry": {"type": "Point", "coordinates": [34.303056, 31.344444]}, "properties": {"event_date": "2025-06-02", "violence_type": "state-based conflict", "deaths": 1}}, {"type": "Feature", "geometry": {"type": "Point", "coordinates": [34.45, 31.516667]}, "properties": {"event_date": "2025-06-02", "violence_type": "state-based conflict", "deaths": 5}}, {"type": "Feature", "geometry": {"type": "Point", "coordinates": [35.264167, 32.033056]}, "properties": {"event_date": "2025-06-02", "violence_type": "one-sided violence", "deaths": 1}}, {"type": "Feature", "geometry": {"type": "Point", "coordinates": [34.35014, 31.417479]}, "properties": {"event_date": "2025-06-02", "violence_type": "state-based conflict", "deaths": 4}}, {"type": "Feature", "geometry": {"type": "Point", "coordinates": [34.483471, 31.5272]}, "properties": {"event_date": "2025-06-02", "violence_type": "state-based conflict", "deaths": 15}}, {"type": "Feature", "geometry": {"type": "Point", "coordinates": [34.483471, 31.5272]}, "properties": {"event_date": "2025-06-02", "violence_type": "state-based conflict", "deaths": 3}}, {"type": "Feature", "geometry": {"type": "Point", "coordinates": [34.494541, 31.53639]}, "properties": {"event_date": "2025-06-02", "violence_type": "state-based conflict", "deaths": 4}}, {"type": "Feature", "geometry": {"type": "Point", "coordinates": [34.36595, 31.428439]}, "properties": {"event_date": "2025-06-02", "violence_type": "state-based conflict", "deaths": 3}}, {"type": "Feature", "geometry": {"type": "Point", "coordinates": [34.45, 31.516667]}, "properties": {"event_date": "2025-06-02", "violence_type": "state-based conflict", "deaths": 1}}, {"type": "Feature", "geometry": {"type": "Point", "coordinates": [34.35014, 31.417479]}, "properties": {"event_date": "2025-06-02", "violence_type": "state-based conflict", "deaths": 2}}, {"type": "Feature", "geometry": {"type": "Point", "coordinates": [34.243439, 31.296999]}, "properties": {"event_date": "2025-06-02", "violence_type": "state-based conflict", "deaths": 4}}, {"type": "Feature", "geometry": {"type": "Point", "coordinates": [34.303056, 31.344444]}, "properties": {"event_date": "2025-06-02", "violence_type": "state-based conflict", "deaths": 1}}, {"type": "Feature", "geometry": {"type": "Point", "coordinates": [34.45, 31.516667]}, "properties": {"event_date": "2025-06-02", "violence_type": "state-based conflict", "deaths": 5}}, {"type": "Feature", "geometry": {"type": "Point", "coordinates": [34.35014, 31.417479]}, "properties": {"event_date": "2025-06-03", "violence_type": "state-based conflict", "deaths": 3}}, {"type": "Feature", "geometry": {"type": "Point", "coordinates": [34.301549, 31.374349]}, "properties": {"event_date": "2025-06-03", "violence_type": "state-based conflict", "deaths": 4}}, {"type": "Feature", "geometry": {"type": "Point", "coordinates": [34.45, 31.516667]}, "properties": {"event_date": "2025-06-03", "violence_type": "state-based conflict", "deaths": 8}}, {"type": "Feature", "geometry": {"type": "Point", "coordinates": [34.483471, 31.5272]}, "properties": {"event_date": "2025-06-03", "violence_type": "state-based conflict", "deaths": 2}}, {"type": "Feature", "geometry": {"type": "Point", "coordinates": [34.45, 31.516667]}, "properties": {"event_date": "2025-06-03", "violence_type": "state-based conflict", "deaths": 2}}, {"type": "Feature", "geometry": {"type": "Point", "coordinates": [34.483471, 31.5272]}, "properties": {"event_date": "2025-06-03", "violence_type": "state-based conflict", "deaths": 3}}, {"type": "Feature", "geometry": {"type": "Point", "coordinates": [34.392875, 31.447656]}, "properties": {"event_date": "2025-06-03", "violence_type": "state-based conflict", "deaths": 2}}, {"type": "Feature", "geometry": {"type": "Point", "coordinates": [34.45, 31.516667]}, "properties": {"event_date": "2025-06-03", "violence_type": "state-based conflict", "deaths": 1}}, {"type": "Feature", "geometry": {"type": "Point", "coordinates": [34.303056, 31.344444]}, "properties": {"event_date": "2025-06-03", "violence_type": "state-based conflict", "deaths": 4}}, {"type": "Feature", "geometry": {"type": "Point", "coordinates": [34.35014, 31.417479]}, "properties": {"event_date": "2025-06-03", "violence_type": "state-based conflict", "deaths": 3}}, {"type": "Feature", "geometry": {"type": "Point", "coordinates": [34.45, 31.516667]}, "properties": {"event_date": "2025-06-03", "violence_type": "state-based conflict", "deaths": 2}}, {"type": "Feature", "geometry": {"type": "Point", "coordinates": [34.45, 31.516667]}, "properties": {"event_date": "2025-06-03", "violence_type": "state-based conflict", "deaths": 7}}, {"type": "Feature", "geometry": {"type": "Point", "coordinates": [34.303056, 31.344444]}, "properties": {"event_date": "2025-06-03", "violence_type": "state-based conflict", "deaths": 2}}, {"type": "Feature", "geometry": {"type": "Point", "coordinates": [34.483471, 31.5272]}, "properties": {"event_date": "2025-06-03", "violence_type": "state-based conflict", "deaths": 1}}, {"type": "Feature", "geometry": {"type": "Point", "coordinates": [34.347589, 31.323708]}, "properties": {"event_date": "2025-06-03", "violence_type": "state-based conflict", "deaths": 2}}, {"type": "Feature", "geometry": {"type": "Point", "coordinates": [34.243439, 31.296999]}, "properties": {"event_date": "2025-06-03", "violence_type": "state-based conflict", "deaths": 27}}, {"type": "Feature", "geometry": {"type": "Point", "coordinates": [34.303056, 31.344444]}, "properties": {"event_date": "2025-06-03", "violence_type": "state-based conflict", "deaths": 2}}, {"type": "Feature", "geometry": {"type": "Point", "coordinates": [34.392875, 31.447656]}, "properties": {"event_date": "2025-06-04", "violence_type": "state-based conflict", "deaths": 1}}, {"type": "Feature", "geometry": {"type": "Point", "coordinates": [34.45, 31.516667]}, "properties": {"event_date": "2025-06-04", "violence_type": "state-based conflict", "deaths": 3}}, {"type": "Feature", "geometry": {"type": "Point", "coordinates": [35.216667, 31.783333]}, "properties": {"event_date": "2025-06-04", "violence_type": "state-based conflict", "deaths": 1}}, {"type": "Feature", "geometry": {"type": "Point", "coordinates": [34.45, 31.516667]}, "properties": {"event_date": "2025-06-04", "violence_type": "state-based conflict", "deaths": 1}}, {"type": "Feature", "geometry": {"type": "Point", "coordinates": [34.347589, 31.323708]}, "properties": {"event_date": "2025-06-04", "violence_type": "state-based conflict", "deaths": 1}}, {"type": "Feature", "geometry": {"type": "Point", "coordinates": [34.495142, 31.546397]}, "properties": {"event_date": "2025-06-04", "violence_type": "state-based conflict", "deaths": 3}}, {"type": "Feature", "geometry": {"type": "Point", "coordinates": [34.340847, 31.373891]}, "properties": {"event_date": "2025-06-04", "violence_type": "state-based conflict", "deaths": 4}}, {"type": "Feature", "geometry": {"type": "Point", "coordinates": [34.494541, 31.53639]}, "properties": {"event_date": "2025-06-04", "violence_type": "state-based conflict", "deaths": 2}}, {"type": "Feature", "geometry": {"type": "Point", "coordinates": [34.483471, 31.5272]}, "properties": {"event_date": "2025-06-04", "violence_type": "state-based conflict", "deaths": 2}}, {"type": "Feature", "geometry": {"type": "Point", "coordinates": [34.303056, 31.344444]}, "properties": {"event_date": "2025-06-04", "violence_type": "state-based conflict", "deaths": 4}}, {"type": "Feature", "geometry": {"type": "Point", "coordinates": [34.446616, 31.534912]}, "properties": {"event_date": "2025-06-04", "violence_type": "state-based conflict", "deaths": 2}}, {"type": "Feature", "geometry": {"type": "Point", "coordinates": [34.45, 31.516667]}, "properties": {"event_date": "2025-06-04", "violence_type": "state-based conflict", "deaths": 3}}, {"type": "Feature", "geometry": {"type": "Point", "coordinates": [34.256182, 31.34822]}, "properties": {"event_date": "2025-06-04", "violence_type": "state-based conflict", "deaths": 18}}, {"type": "Feature", "geometry": {"type": "Point", "coordinates": [34.303056, 31.344444]}, "properties": {"event_date": "2025-06-04", "violence_type": "state-based conflict", "deaths": 2}}, {"type": "Feature", "geometry": {"type": "Point", "coordinates": [34.303056, 31.344444]}, "properties": {"event_date": "2025-06-04", "violence_type": "state-based conflict", "deaths": 1}}, {"type": "Feature", "geometry": {"type": "Point", "coordinates": [34.256182, 31.34822]}, "properties": {"event_date": "2025-06-04", "violence_type": "state-based conflict", "deaths": 3}}, {"type": "Feature", "geometry": {"type": "Point", "coordinates": [34.243439, 31.296999]}, "properties": {"event_date": "2025-06-05", "violence_type": "state-based conflict", "deaths": 2}}, {"type": "Feature", "geometry": {"type": "Point", "coordinates": [34.495142, 31.546397]}, "properties": {"event_date": "2025-06-05", "violence_type": "state-based conflict", "deaths": 2}}, {"type": "Feature", "geometry": {"type": "Point", "coordinates": [34.303056, 31.344444]}, "properties": {"event_date": "2025-06-05", "violence_type": "state-based conflict", "deaths": 4}}, {"type": "Feature", "geometry": {"type": "Point", "coordinates": [34.486667, 31.557778]}, "properties": {"event_date": "2025-06-05", "violence_type": "state-based conflict", "deaths": 4}}, {"type": "Feature", "geometry": {"type": "Point", "coordinates": [34.45, 31.516667]}, "properties": {"event_date": "2025-06-05", "violence_type": "state-based conflict", "deaths": 1}}, {"type": "Feature", "geometry": {"type": "Point", "coordinates": [34.494541, 31.53639]}, "properties": {"event_date": "2025-06-05", "violence_type": "state-based conflict", "deaths": 3}}, {"type": "Feature", "geometry": {"type": "Point", "coordinates": [34.303056, 31.344444]}, "properties": {"event_date": "2025-06-05", "violence_type": "state-based conflict", "deaths": 1}}, {"type": "Feature", "geometry": {"type": "Point", "coordinates": [34.347589, 31.323708]}, "properties": {"event_date": "2025-06-05", "violence_type": "state-based conflict", "deaths": 4}}, {"type": "Feature", "geometry": {"type": "Point", "coordinates": [34.303056, 31.344444]}, "properties": {"event_date": "2025-06-05", "violence_type": "state-based conflict", "deaths": 2}}, {"type": "Feature", "geometry": {"type": "Point", "coordinates": [34.256182, 31.34822]}, "properties": {"event_date": "2025-06-05", "violence_type": "state-based conflict", "deaths": 1}}, {"type": "Feature", "geometry": {"type": "Point", "coordinates": [34.303056, 31.344444]}, "properties": {"event_date": "2025-06-05", "violence_type": "state-based conflict", "deaths": 6}}, {"type": "Feature", "geometry": {"type": "Point", "coordinates": [34.45, 31.516667]}, "properties": {"event_date": "2025-06-05", "violence_type": "state-based conflict", "deaths": 5}}, {"type": "Feature", "geometry": {"type": "Point", "coordinates": [34.45, 31.516667]}, "properties": {"event_date": "2025-06-05", "violence_type": "state-based conflict", "deaths": 1}}, {"type": "Feature", "geometry": {"type": "Point", "coordinates": [34.45, 31.516667]}, "properties": {"event_date": "2025-06-05", "violence_type": "state-based conflict", "deaths": 9}}, {"type": "Feature", "geometry": {"type": "Point", "coordinates": [34.303056, 31.344444]}, "properties": {"event_date": "2025-06-06", "violence_type": "state-based conflict", "deaths": 2}}, {"type": "Feature", "geometry": {"type": "Point", "coordinates": [34.483471, 31.5272]}, "properties": {"event_date": "2025-06-06", "violence_type": "state-based conflict", "deaths": 3}}, {"type": "Feature", "geometry": {"type": "Point", "coordinates": [34.227762, 31.323651]}, "properties": {"event_date": "2025-06-06", "violence_type": "state-based conflict", "deaths": 8}}, {"type": "Feature", "geometry": {"type": "Point", "coordinates": [34.303056, 31.344444]}, "properties": {"event_date": "2025-06-06", "violence_type": "state-based conflict", "deaths": 4}}, {"type": "Feature", "geometry": {"type": "Point", "coordinates": [34.347589, 31.323708]}, "properties": {"event_date": "2025-06-06", "violence_type": "state-based conflict", "deaths": 1}}, {"type": "Feature", "geometry": {"type": "Point", "coordinates": [34.303056, 31.344444]}, "properties": {"event_date": "2025-06-06", "violence_type": "state-based conflict", "deaths": 2}}, {"type": "Feature", "geometry": {"type": "Point", "coordinates": [34.373398, 31.425074]}, "properties": {"event_date": "2025-06-06", "violence_type": "state-based conflict", "deaths": 8}}, {"type": "Feature", "geometry": {"type": "Point", "coordinates": [34.483471, 31.5272]}, "properties": {"event_date": "2025-06-06", "violence_type": "state-based conflict", "deaths": 1}}, {"type": "Feature", "geometry": {"type": "Point", "coordinates": [34.483471, 31.5272]}, "properties": {"event_date": "2025-06-06", "violence_type": "state-based conflict", "deaths": 10}}, {"type": "Feature", "geometry": {"type": "Point", "coordinates": [34.483471, 31.5272]}, "properties": {"event_date": "2025-06-06", "violence_type": "state-based conflict", "deaths": 37}}, {"type": "Feature", "geometry": {"type": "Point", "coordinates": [34.303056, 31.344444]}, "properties": {"event_date": "2025-06-06", "violence_type": "state-based conflict", "deaths": 4}}, {"type": "Feature", "geometry": {"type": "Point", "coordinates": [34.483471, 31.5272]}, "properties": {"event_date": "2025-06-07", "violence_type": "state-based conflict", "deaths": 6}}, {"type": "Feature", "geometry": {"type": "Point", "coordinates": [34.325344, 31.342778]}, "properties": {"event_date": "2025-06-07", "violence_type": "state-based conflict", "deaths": 8}}, {"type": "Feature", "geometry": {"type": "Point", "coordinates": [34.45, 31.516667]}, "properties": {"event_date": "2025-06-07", "violence_type": "state-based conflict", "deaths": 16}}, {"type": "Feature", "geometry": {"type": "Point", "coordinates": [34.243439, 31.296999]}, "properties": {"event_date": "2025-06-07", "violence_type": "state-based conflict", "deaths": 9}}, {"type": "Feature", "geometry": {"type": "Point", "coordinates": [34.975508, 31.409636]}, "properties": {"event_date": "2025-06-07", "violence_type": "one-sided violence", "deaths": 1}}, {"type": "Feature", "geometry": {"type": "Point", "coordinates": [34.35014, 31.417479]}, "properties": {"event_date": "2025-06-07", "violence_type": "state-based conflict", "deaths": 3}}, {"type": "Feature", "geometry": {"type": "Point", "coordinates": [34.483471, 31.5272]}, "properties": {"event_date": "2025-06-07", "violence_type": "state-based conflict", "deaths": 8}}, {"type": "Feature", "geometry": {"type": "Point", "coordinates": [34.303056, 31.344444]}, "properties": {"event_date": "2025-06-07", "violence_type": "state-based conflict", "deaths": 12}}, {"type": "Feature", "geometry": {"type": "Point", "coordinates": [34.45, 31.516667]}, "properties": {"event_date": "2025-06-07", "violence_type": "state-based conflict", "deaths": 7}}, {"type": "Feature", "geometry": {"type": "Point", "coordinates": [34.402939, 31.439531]}, "properties": {"event_date": "2025-06-07", "violence_type": "state-based conflict", "deaths": 2}}, {"type": "Feature", "geometry": {"type": "Point", "coordinates": [34.303056, 31.344444]}, "properties": {"event_date": "2025-06-08", "violence_type": "state-based conflict", "deaths": 3}}, {"type": "Feature", "geometry": {"type": "Point", "coordinates": [34.256182, 31.34822]}, "properties": {"event_date": "2025-06-08", "violence_type": "state-based conflict", "deaths": 1}}, {"type": "Feature", "geometry": {"type": "Point", "coordinates": [34.256182, 31.34822]}, "properties": {"event_date": "2025-06-08", "violence_type": "state-based conflict", "deaths": 6}}, {"type": "Feature", "geometry": {"type": "Point", "coordinates": [34.303056, 31.344444]}, "properties": {"event_date": "2025-06-08", "violence_type": "state-based conflict", "deaths": 2}}, {"type": "Feature", "geometry": {"type": "Point", "coordinates": [34.303056, 31.344444]}, "properties": {"event_date": "2025-06-08", "violence_type": "state-based conflict", "deaths": 1}}, {"type": "Feature", "geometry": {"type": "Point", "coordinates": [34.243439, 31.296999]}, "properties": {"event_date": "2025-06-08", "violence_type": "state-based conflict", "deaths": 13}}, {"type": "Feature", "geometry": {"type": "Point", "coordinates": [34.303056, 31.344444]}, "properties": {"event_date": "2025-06-08", "violence_type": "state-based conflict", "deaths": 4}}, {"type": "Feature", "geometry": {"type": "Point", "coordinates": [34.413322, 31.482192]}, "properties": {"event_date": "2025-06-08", "violence_type": "state-based conflict", "deaths": 1}}, {"type": "Feature", "geometry": {"type": "Point", "coordinates": [34.45, 31.516667]}, "properties": {"event_date": "2025-06-08", "violence_type": "state-based conflict", "deaths": 2}}, {"type": "Feature", "geometry": {"type": "Point", "coordinates": [34.392875, 31.447656]}, "properties": {"event_date": "2025-06-08", "violence_type": "state-based conflict", "deaths": 3}}, {"type": "Feature", "geometry": {"type": "Point", "coordinates": [34.483471, 31.5272]}, "properties": {"event_date": "2025-06-08", "violence_type": "state-based conflict", "deaths": 8}}, {"type": "Feature", "geometry": {"type": "Point", "coordinates": [34.35014, 31.417479]}, "properties": {"event_date": "2025-06-08", "violence_type": "state-based conflict", "deaths": 1}}, {"type": "Feature", "geometry": {"type": "Point", "coordinates": [34.483471, 31.5272]}, "properties": {"event_date": "2025-06-08", "violence_type": "state-based conflict", "deaths": 2}}, {"type": "Feature", "geometry": {"type": "Point", "coordinates": [35.382115, 33.2431]}, "properties": {"event_date": "2025-06-08", "violence_type": "state-based conflict", "deaths": 1}}, {"type": "Feature", "geometry": {"type": "Point", "coordinates": [36.282068, 34.696112]}, "properties": {"event_date": "2025-06-08", "violence_type": "one-sided violence", "deaths": 1}}, {"type": "Feature", "geometry": {"type": "Point", "coordinates": [34.303056, 31.344444]}, "properties": {"event_date": "2025-06-09", "violence_type": "state-based conflict", "deaths": 1}}, {"type": "Feature", "geometry": {"type": "Point", "coordinates": [34.303056, 31.344444]}, "properties": {"event_date": "2025-06-09", "violence_type": "state-based conflict", "deaths": 1}}, {"type": "Feature", "geometry": {"type": "Point", "coordinates": [34.347589, 31.323708]}, "properties": {"event_date": "2025-06-09", "violence_type": "state-based conflict", "deaths": 2}}, {"type": "Feature", "geometry": {"type": "Point", "coordinates": [34.45, 31.516667]}, "properties": {"event_date": "2025-06-09", "violence_type": "state-based conflict", "deaths": 3}}, {"type": "Feature", "geometry": {"type": "Point", "coordinates": [34.243439, 31.296999]}, "properties": {"event_date": "2025-06-09", "violence_type": "state-based conflict", "deaths": 14}}, {"type": "Feature", "geometry": {"type": "Point", "coordinates": [34.303056, 31.344444]}, "properties": {"event_date": "2025-06-09", "violence_type": "state-based conflict", "deaths": 5}}, {"type": "Feature", "geometry": {"type": "Point", "coordinates": [34.45, 31.516667]}, "properties": {"event_date": "2025-06-09", "violence_type": "state-based conflict", "deaths": 1}}, {"type": "Feature", "geometry": {"type": "Point", "coordinates": [34.373398, 31.425074]}, "properties": {"event_date": "2025-06-09", "violence_type": "state-based conflict", "deaths": 8}}, {"type": "Feature", "geometry": {"type": "Point", "coordinates": [34.303056, 31.344444]}, "properties": {"event_date": "2025-06-09", "violence_type": "state-based conflict", "deaths": 2}}, {"type": "Feature", "geometry": {"type": "Point", "coordinates": [34.483471, 31.5272]}, "properties": {"event_date": "2025-06-09", "violence_type": "state-based conflict", "deaths": 1}}, {"type": "Feature", "geometry": {"type": "Point", "coordinates": [34.256182, 31.34822]}, "properties": {"event_date": "2025-06-09", "violence_type": "state-based conflict", "deaths": 7}}, {"type": "Feature", "geometry": {"type": "Point", "coordinates": [34.483471, 31.5272]}, "properties": {"event_date": "2025-06-09", "violence_type": "state-based conflict", "deaths": 8}}, {"type": "Feature", "geometry": {"type": "Point", "coordinates": [34.303056, 31.344444]}, "properties": {"event_date": "2025-06-09", "violence_type": "state-based conflict", "deaths": 1}}, {"type": "Feature", "geometry": {"type": "Point", "coordinates": [34.45, 31.516667]}, "properties": {"event_date": "2025-06-09", "violence_type": "state-based conflict", "deaths": 4}}, {"type": "Feature", "geometry": {"type": "Point", "coordinates": [34.45, 31.516667]}, "properties": {"event_date": "2025-06-09", "violence_type": "state-based conflict", "deaths": 2}}, {"type": "Feature", "geometry": {"type": "Point", "coordinates": [34.303056, 31.344444]}, "properties": {"event_date": "2025-06-09", "violence_type": "state-based conflict", "deaths": 1}}, {"type": "Feature", "geometry": {"type": "Point", "coordinates": [34.35014, 31.417479]}, "properties": {"event_date": "2025-06-10", "violence_type": "state-based conflict", "deaths": 2}}, {"type": "Feature", "geometry": {"type": "Point", "coordinates": [34.3925, 31.448611]}, "properties": {"event_date": "2025-06-10", "violence_type": "state-based conflict", "deaths": 7}}, {"type": "Feature", "geometry": {"type": "Point", "coordinates": [34.256182, 31.34822]}, "properties": {"event_date": "2025-06-10", "violence_type": "state-based conflict", "deaths": 2}}, {"type": "Feature", "geometry": {"type": "Point", "coordinates": [34.243103, 31.308978]}, "properties": {"event_date": "2025-06-10", "violence_type": "state-based conflict", "deaths": 8}}, {"type": "Feature", "geometry": {"type": "Point", "coordinates": [34.483471, 31.5272]}, "properties": {"event_date": "2025-06-10", "violence_type": "state-based conflict", "deaths": 3}}, {"type": "Feature", "geometry": {"type": "Point", "coordinates": [34.303056, 31.344444]}, "properties": {"event_date": "2025-06-10", "violence_type": "state-based conflict", "deaths": 3}}, {"type": "Feature", "geometry": {"type": "Point", "coordinates": [34.256182, 31.34822]}, "properties": {"event_date": "2025-06-10", "violence_type": "state-based conflict", "deaths": 3}}, {"type": "Feature", "geometry": {"type": "Point", "coordinates": [34.413322, 31.482192]}, "properties": {"event_date": "2025-06-10", "violence_type": "state-based conflict", "deaths": 17}}, {"type": "Feature", "geometry": {"type": "Point", "coordinates": [35.332727, 33.133671]}, "properties": {"event_date": "2025-06-11", "violence_type": "state-based conflict", "deaths": 1}}, {"type": "Feature", "geometry": {"type": "Point", "coordinates": [34.303056, 31.344444]}, "properties": {"event_date": "2025-06-11", "violence_type": "state-based conflict", "deaths": 3}}, {"type": "Feature", "geometry": {"type": "Point", "coordinates": [34.483471, 31.5272]}, "properties": {"event_date": "2025-06-11", "violence_type": "state-based conflict", "deaths": 3}}, {"type": "Feature", "geometry": {"type": "Point", "coordinates": [34.45, 31.516667]}, "properties": {"event_date": "2025-06-11", "violence_type": "state-based conflict", "deaths": 7}}, {"type": "Feature", "geometry": {"type": "Point", "coordinates": [34.413322, 31.482192]}, "properties": {"event_date": "2025-06-11", "violence_type": "state-based conflict", "deaths": 28}}, {"type": "Feature", "geometry": {"type": "Point", "coordinates": [34.340847, 31.373891]}, "properties": {"event_date": "2025-06-11", "violence_type": "state-based conflict", "deaths": 4}}, {"type": "Feature", "geometry": {"type": "Point", "coordinates": [34.35014, 31.417479]}, "properties": {"event_date": "2025-06-11", "violence_type": "state-based conflict", "deaths": 2}}, {"type": "Feature", "geometry": {"type": "Point", "coordinates": [34.392875, 31.447656]}, "properties": {"event_date": "2025-06-11", "violence_type": "state-based conflict", "deaths": 3}}, {"type": "Feature", "geometry": {"type": "Point", "coordinates": [34.243103, 31.308978]}, "properties": {"event_date": "2025-06-11", "violence_type": "state-based conflict", "deaths": 17}}, {"type": "Feature", "geometry": {"type": "Point", "coordinates": [34.256182, 31.34822]}, "properties": {"event_date": "2025-06-11", "violence_type": "state-based conflict", "deaths": 4}}, {"type": "Feature", "geometry": {"type": "Point", "coordinates": [34.45, 31.516667]}, "properties": {"event_date": "2025-06-12", "violence_type": "state-based conflict", "deaths": 4}}, {"type": "Feature", "geometry": {"type": "Point", "coordinates": [35.4925, 33.36389]}, "properties": {"event_date": "2025-06-12", "violence_type": "state-based conflict", "deaths": 1}}, {"type": "Feature", "geometry": {"type": "Point", "coordinates": [34.495142, 31.546397]}, "properties": {"event_date": "2025-06-12", "violence_type": "state-based conflict", "deaths": 17}}, {"type": "Feature", "geometry": {"type": "Point", "coordinates": [34.413322, 31.482192]}, "properties": {"event_date": "2025-06-12", "violence_type": "state-based conflict", "deaths": 13}}, {"type": "Feature", "geometry": {"type": "Point", "coordinates": [34.347589, 31.323708]}, "properties": {"event_date": "2025-06-12", "violence_type": "state-based conflict", "deaths": 2}}, {"type": "Feature", "geometry": {"type": "Point", "coordinates": [34.256182, 31.34822]}, "properties": {"event_date": "2025-06-12", "violence_type": "state-based conflict", "deaths": 3}}, {"type": "Feature", "geometry": {"type": "Point", "coordinates": [34.494541, 31.53639]}, "properties": {"event_date": "2025-06-12", "violence_type": "state-based conflict", "deaths": 2}}, {"type": "Feature", "geometry": {"type": "Point", "coordinates": [34.385375, 31.421358]}, "properties": {"event_date": "2025-06-12", "violence_type": "state-based conflict", "deaths": 6}}, {"type": "Feature", "geometry": {"type": "Point", "coordinates": [34.243439, 31.296999]}, "properties": {"event_date": "2025-06-12", "violence_type": "state-based conflict", "deaths": 8}}, {"type": "Feature", "geometry": {"type": "Point", "coordinates": [34.303056, 31.344444]}, "properties": {"event_date": "2025-06-12", "violence_type": "state-based conflict", "deaths": 5}}, {"type": "Feature", "geometry": {"type": "Point", "coordinates": [34.483471, 31.5272]}, "properties": {"event_date": "2025-06-12", "violence_type": "state-based conflict", "deaths": 3}}, {"type": "Feature", "geometry": {"type": "Point", "coordinates": [34.45, 31.516667]}, "properties": {"event_date": "2025-06-12", "violence_type": "state-based conflict", "deaths": 1}}, {"type": "Feature", "geometry": {"type": "Point", "coordinates": [34.402939, 31.439531]}, "properties": {"event_date": "2025-06-13", "violence_type": "state-based conflict", "deaths": 1}}, {"type": "Feature", "geometry": {"type": "Point", "coordinates": [34.303056, 31.344444]}, "properties": {"event_date": "2025-06-13", "violence_type": "state-based conflict", "deaths": 2}}, {"type": "Feature", "geometry": {"type": "Point", "coordinates": [51.423056, 35.696111]}, "properties": {"event_date": "2025-06-13", "violence_type": "state-based conflict", "deaths": 8}}, {"type": "Feature", "geometry": {"type": "Point", "coordinates": [46.28, 38.0766]}, "properties": {"event_date": "2025-06-13", "violence_type": "state-based conflict", "deaths": 25}}, {"type": "Feature", "geometry": {"type": "Point", "coordinates": [46.292389, 38.080256]}, "properties": {"event_date": "2025-06-13", "violence_type": "state-based conflict", "deaths": 5}}, {"type": "Feature", "geometry": {"type": "Point", "coordinates": [51.423056, 35.696111]}, "properties": {"event_date": "2025-06-13", "violence_type": "state-based conflict", "deaths": 12}}, {"type": "Feature", "geometry": {"type": "Point", "coordinates": [34.45, 31.516667]}, "properties": {"event_date": "2025-06-13", "violence_type": "state-based conflict", "deaths": 2}}, {"type": "Feature", "geometry": {"type": "Point", "coordinates": [34.816667, 32.083333]}, "properties": {"event_date": "2025-06-13", "violence_type": "state-based conflict", "deaths": 1}}, {"type": "Feature", "geometry": {"type": "Point", "coordinates": [34.243439, 31.296999]}, "properties": {"event_date": "2025-06-13", "violence_type": "state-based conflict", "deaths": 2}}, {"type": "Feature", "geometry": {"type": "Point", "coordinates": [34.414752, 31.455404]}, "properties": {"event_date": "2025-06-13", "violence_type": "state-based conflict", "deaths": 4}}, {"type": "Feature", "geometry": {"type": "Point", "coordinates": [34.45, 31.516667]}, "properties": {"event_date": "2025-06-13", "violence_type": "state-based conflict", "deaths": 3}}, {"type": "Feature", "geometry": {"type": "Point", "coordinates": [34.392875, 31.447656]}, "properties": {"event_date": "2025-06-13", "violence_type": "state-based conflict", "deaths": 1}}, {"type": "Feature", "geometry": {"type": "Point", "coordinates": [34.35014, 31.417479]}, "properties": {"event_date": "2025-06-13", "violence_type": "state-based conflict", "deaths": 2}}, {"type": "Feature", "geometry": {"type": "Point", "coordinates": [34.340847, 31.373891]}, "properties": {"event_date": "2025-06-13", "violence_type": "state-based conflict", "deaths": 9}}, {"type": "Feature", "geometry": {"type": "Point", "coordinates": [34.303056, 31.344444]}, "properties": {"event_date": "2025-06-14", "violence_type": "state-based conflict", "deaths": 3}}, {"type": "Feature", "geometry": {"type": "Point", "coordinates": [34.45, 31.516667]}, "properties": {"event_date": "2025-06-14", "violence_type": "state-based conflict", "deaths": 5}}, {"type": "Feature", "geometry": {"type": "Point", "coordinates": [34.414752, 31.455404]}, "properties": {"event_date": "2025-06-14", "violence_type": "state-based conflict", "deaths": 15}}, {"type": "Feature", "geometry": {"type": "Point", "coordinates": [34.373398, 31.425074]}, "properties": {"event_date": "2025-06-14", "violence_type": "state-based conflict", "deaths": 36}}, {"type": "Feature", "geometry": {"type": "Point", "coordinates": [51.423056, 35.696111]}, "properties": {"event_date": "2025-06-14", "violence_type": "state-based conflict", "deaths": 60}}, {"type": "Feature", "geometry": {"type": "Point", "coordinates": [51.423056, 35.696111]}, "properties": {"event_date": "2025-06-14", "violence_type": "state-based conflict", "deaths": 3}}, {"type": "Feature", "geometry": {"type": "Point", "coordinates": [34.35014, 31.417479]}, "properties": {"event_date": "2025-06-14", "violence_type": "state-based conflict", "deaths": 7}}, {"type": "Feature", "geometry": {"type": "Point", "coordinates": [34.243439, 31.296999]}, "properties": {"event_date": "2025-06-14", "violence_type": "state-based conflict", "deaths": 1}}, {"type": "Feature", "geometry": {"type": "Point", "coordinates": [34.493824, 31.591953]}, "properties": {"event_date": "2025-06-14", "violence_type": "state-based conflict", "deaths": 12}}, {"type": "Feature", "geometry": {"type": "Point", "coordinates": [34.303056, 31.344444]}, "properties": {"event_date": "2025-06-14", "violence_type": "state-based conflict", "deaths": 1}}, {"type": "Feature", "geometry": {"type": "Point", "coordinates": [34.8, 31.95]}, "properties": {"event_date": "2025-06-14", "violence_type": "state-based conflict", "deaths": 3}}, {"type": "Feature", "geometry": {"type": "Point", "coordinates": [44.206667, 15.354722]}, "properties": {"event_date": "2025-06-14", "violence_type": "state-based conflict", "deaths": 1}}, {"type": "Feature", "geometry": {"type": "Point", "coordinates": [34.45, 31.516667]}, "properties": {"event_date": "2025-06-15", "violence_type": "state-based conflict", "deaths": 3}}, {"type": "Feature", "geometry": {"type": "Point", "coordinates": [34.413322, 31.482192]}, "properties": {"event_date": "2025-06-15", "violence_type": "state-based conflict", "deaths": 3}}, {"type": "Feature", "geometry": {"type": "Point", "coordinates": [34.36595, 31.428439]}, "properties": {"event_date": "2025-06-15", "violence_type": "state-based conflict", "deaths": 1}}, {"type": "Feature", "geometry": {"type": "Point", "coordinates": [34.344771, 31.340225]}, "properties": {"event_date": "2025-06-15", "violence_type": "state-based conflict", "deaths": 3}}, {"type": "Feature", "geometry": {"type": "Point", "coordinates": [34.808122, 31.897964]}, "properties": {"event_date": "2025-06-15", "violence_type": "state-based conflict", "deaths": 1}}, {"type": "Feature", "geometry": {"type": "Point", "coordinates": [51.423056, 35.696111]}, "properties": {"event_date": "2025-06-15", "violence_type": "state-based conflict", "deaths": 5}}, {"type": "Feature", "geometry": {"type": "Point", "coordinates": [34.45, 31.516667]}, "properties": {"event_date": "2025-06-15", "violence_type": "state-based conflict", "deaths": 1}}, {"type": "Feature", "geometry": {"type": "Point", "coordinates": [34.243439, 31.296999]}, "properties": {"event_date": "2025-06-15", "violence_type": "state-based conflict", "deaths": 7}}, {"type": "Feature", "geometry": {"type": "Point", "coordinates": [34.35014, 31.417479]}, "properties": {"event_date": "2025-06-15", "violence_type": "state-based conflict", "deaths": 5}}, {"type": "Feature", "geometry": {"type": "Point", "coordinates": [34.392875, 31.447656]}, "properties": {"event_date": "2025-06-15", "violence_type": "state-based conflict", "deaths": 11}}, {"type": "Feature", "geometry": {"type": "Point", "coordinates": [36.473201, 34.841809]}, "properties": {"event_date": "2025-06-15", "violence_type": "one-sided violence", "deaths": 1}}, {"type": "Feature", "geometry": {"type": "Point", "coordinates": [34.303056, 31.344444]}, "properties": {"event_date": "2025-06-15", "violence_type": "state-based conflict", "deaths": 4}}, {"type": "Feature", "geometry": {"type": "Point", "coordinates": [48.3538, 33.4871]}, "properties": {"event_date": "2025-06-15", "violence_type": "state-based conflict", "deaths": 14}}, {"type": "Feature", "geometry": {"type": "Point", "coordinates": [48.5146, 34.7982]}, "properties": {"event_date": "2025-06-15", "violence_type": "state-based conflict", "deaths": 10}}, {"type": "Feature", "geometry": {"type": "Point", "coordinates": [34.45, 31.516667]}, "properties": {"event_date": "2025-06-15", "violence_type": "state-based conflict", "deaths": 1}}, {"type": "Feature", "geometry": {"type": "Point", "coordinates": [35.198701, 32.853012]}, "properties": {"event_date": "2025-06-15", "violence_type": "state-based conflict", "deaths": 4}}, {"type": "Feature", "geometry": {"type": "Point", "coordinates": [34.75185, 32.02379]}, "properties": {"event_date": "2025-06-15", "violence_type": "state-based conflict", "deaths": 9}}, {"type": "Feature", "geometry": {"type": "Point", "coordinates": [34.373398, 31.425074]}, "properties": {"event_date": "2025-06-16", "violence_type": "state-based conflict", "deaths": 23}}, {"type": "Feature", "geometry": {"type": "Point", "coordinates": [34.243439, 31.296999]}, "properties": {"event_date": "2025-06-16", "violence_type": "state-based conflict", "deaths": 2}}, {"type": "Feature", "geometry": {"type": "Point", "coordinates": [34.783333, 32.066667]}, "properties": {"event_date": "2025-06-16", "violence_type": "state-based conflict", "deaths": 1}}, {"type": "Feature", "geometry": {"type": "Point", "coordinates": [34.99928, 32.81303]}, "properties": {"event_date": "2025-06-16", "violence_type": "state-based conflict", "deaths": 3}}, {"type": "Feature", "geometry": {"type": "Point", "coordinates": [34.881521, 32.088536]}, "properties": {"event_date": "2025-06-16", "violence_type": "state-based conflict", "deaths": 4}}, {"type": "Feature", "geometry": {"type": "Point", "coordinates": [34.45, 31.516667]}, "properties": {"event_date": "2025-06-16", "violence_type": "state-based conflict", "deaths": 1}}, {"type": "Feature", "geometry": {"type": "Point", "coordinates": [34.243439, 31.296999]}, "properties": {"event_date": "2025-06-16", "violence_type": "state-based conflict", "deaths": 31}}, {"type": "Feature", "geometry": {"type": "Point", "coordinates": [34.45, 31.516667]}, "properties": {"event_date": "2025-06-16", "violence_type": "state-based conflict", "deaths": 5}}, {"type": "Feature", "geometry": {"type": "Point", "coordinates": [34.303056, 31.344444]}, "properties": {"event_date": "2025-06-16", "violence_type": "state-based conflict", "deaths": 1}}, {"type": "Feature", "geometry": {"type": "Point", "coordinates": [34.36595, 31.428439]}, "properties": {"event_date": "2025-06-16", "violence_type": "state-based conflict", "deaths": 2}}, {"type": "Feature", "geometry": {"type": "Point", "coordinates": [34.343629, 31.516469]}, "properties": {"event_date": "2025-06-16", "violence_type": "state-based conflict", "deaths": 2}}, {"type": "Feature", "geometry": {"type": "Point", "coordinates": [51.423056, 35.696111]}, "properties": {"event_date": "2025-06-16", "violence_type": "state-based conflict", "deaths": 3}}, {"type": "Feature", "geometry": {"type": "Point", "coordinates": [34.45, 31.516667]}, "properties": {"event_date": "2025-06-17", "violence_type": "state-based conflict", "deaths": 6}}, {"type": "Feature", "geometry": {"type": "Point", "coordinates": [34.402939, 31.439531]}, "properties": {"event_date": "2025-06-17", "violence_type": "state-based conflict", "deaths": 8}}, {"type": "Feature", "geometry": {"type": "Point", "coordinates": [34.35014, 31.417479]}, "properties": {"event_date": "2025-06-17", "violence_type": "state-based conflict", "deaths": 1}}, {"type": "Feature", "geometry": {"type": "Point", "coordinates": [34.256182, 31.34822]}, "properties": {"event_date": "2025-06-17", "violence_type": "state-based conflict", "deaths": 5}}, {"type": "Feature", "geometry": {"type": "Point", "coordinates": [34.37802, 31.41052]}, "properties": {"event_date": "2025-06-17", "violence_type": "state-based conflict", "deaths": 1}}, {"type": "Feature", "geometry": {"type": "Point", "coordinates": [51.423056, 35.696111]}, "properties": {"event_date": "2025-06-17", "violence_type": "state-based conflict", "deaths": 1}}, {"type": "Feature", "geometry": {"type": "Point", "coordinates": [34.360099, 31.409835]}, "properties": {"event_date": "2025-06-17", "violence_type": "state-based conflict", "deaths": 1}}, {"type": "Feature", "geometry": {"type": "Point", "coordinates": [34.35014, 31.417479]}, "properties": {"event_date": "2025-06-17", "violence_type": "state-based conflict", "deaths": 1}}, {"type": "Feature", "geometry": {"type": "Point", "coordinates": [34.392875, 31.447656]}, "properties": {"event_date": "2025-06-17", "violence_type": "state-based conflict", "deaths": 1}}, {"type": "Feature", "geometry": {"type": "Point", "coordinates": [34.361099, 31.30675]}, "properties": {"event_date": "2025-06-17", "violence_type": "state-based conflict", "deaths": 1}}, {"type": "Feature", "geometry": {"type": "Point", "coordinates": [34.243439, 31.296999]}, "properties": {"event_date": "2025-06-17", "violence_type": "state-based conflict", "deaths": 24}}, {"type": "Feature", "geometry": {"type": "Point", "coordinates": [36.461691, 34.65665]}, "properties": {"event_date": "2025-06-17", "violence_type": "one-sided violence", "deaths": 1}}, {"type": "Feature", "geometry": {"type": "Point", "coordinates": [34.303056, 31.344444]}, "properties": {"event_date": "2025-06-17", "violence_type": "state-based conflict", "deaths": 60}}, {"type": "Feature", "geometry": {"type": "Point", "coordinates": [34.45, 31.516667]}, "properties": {"event_date": "2025-06-18", "violence_type": "state-based conflict", "deaths": 3}}, {"type": "Feature", "geometry": {"type": "Point", "coordinates": [34.402939, 31.439531]}, "properties": {"event_date": "2025-06-18", "violence_type": "state-based conflict", "deaths": 8}}, {"type": "Feature", "geometry": {"type": "Point", "coordinates": [34.303056, 31.344444]}, "properties": {"event_date": "2025-06-18", "violence_type": "state-based conflict", "deaths": 3}}, {"type": "Feature", "geometry": {"type": "Point", "coordinates": [34.243439, 31.296999]}, "properties": {"event_date": "2025-06-18", "violence_type": "state-based conflict", "deaths": 1}}, {"type": "Feature", "geometry": {"type": "Point", "coordinates": [51.3668, 32.6344]}, "properties": {"event_date": "2025-06-18", "violence_type": "state-based conflict", "deaths": 7}}, {"type": "Feature", "geometry": {"type": "Point", "coordinates": [35.203762, 31.704874]}, "properties": {"event_date": "2025-06-18", "violence_type": "one-sided violence", "deaths": 0}}, {"type": "Feature", "geometry": {"type": "Point", "coordinates": [34.414752, 31.455404]}, "properties": {"event_date": "2025-06-18", "violence_type": "state-based conflict", "deaths": 14}}, {"type": "Feature", "geometry": {"type": "Point", "coordinates": [34.256182, 31.34822]}, "properties": {"event_date": "2025-06-18", "violence_type": "state-based conflict", "deaths": 9}}, {"type": "Feature", "geometry": {"type": "Point", "coordinates": [34.45, 31.516667]}, "properties": {"event_date": "2025-06-18", "violence_type": "state-based conflict", "deaths": 8}}, {"type": "Feature", "geometry": {"type": "Point", "coordinates": [34.385375, 31.421358]}, "properties": {"event_date": "2025-06-18", "violence_type": "state-based conflict", "deaths": 10}}, {"type": "Feature", "geometry": {"type": "Point", "coordinates": [35.35, 33.274444]}, "properties": {"event_date": "2025-06-19", "violence_type": "state-based conflict", "deaths": 1}}, {"type": "Feature", "geometry": {"type": "Point", "coordinates": [35.47389, 33.39722]}, "properties": {"event_date": "2025-06-19", "violence_type": "state-based conflict", "deaths": 2}}, {"type": "Feature", "geometry": {"type": "Point", "coordinates": [34.483471, 31.5272]}, "properties": {"event_date": "2025-06-19", "violence_type": "state-based conflict", "deaths": 14}}, {"type": "Feature", "geometry": {"type": "Point", "coordinates": [34.402939, 31.439531]}, "properties": {"event_date": "2025-06-19", "violence_type": "state-based conflict", "deaths": 3}}, {"type": "Feature", "geometry": {"type": "Point", "coordinates": [34.303056, 31.344444]}, "properties": {"event_date": "2025-06-19", "violence_type": "state-based conflict", "deaths": 6}}, {"type": "Feature", "geometry": {"type": "Point", "coordinates": [34.414752, 31.455404]}, "properties": {"event_date": "2025-06-19", "violence_type": "state-based conflict", "deaths": 16}}, {"type": "Feature", "geometry": {"type": "Point", "coordinates": [34.45, 31.516667]}, "properties": {"event_date": "2025-06-19", "violence_type": "state-based conflict", "deaths": 5}}, {"type": "Feature", "geometry": {"type": "Point", "coordinates": [34.446616, 31.534912]}, "properties": {"event_date": "2025-06-19", "violence_type": "state-based conflict", "deaths": 12}}, {"type": "Feature", "geometry": {"type": "Point", "coordinates": [34.45, 31.516667]}, "properties": {"event_date": "2025-06-19", "violence_type": "state-based conflict", "deaths": 3}}, {"type": "Feature", "geometry": {"type": "Point", "coordinates": [34.45, 31.516667]}, "properties": {"event_date": "2025-06-19", "violence_type": "state-based conflict", "deaths": 5}}, {"type": "Feature", "geometry": {"type": "Point", "coordinates": [34.45, 31.516667]}, "properties": {"event_date": "2025-06-20", "violence_type": "state-based conflict", "deaths": 7}}, {"type": "Feature", "geometry": {"type": "Point", "coordinates": [35.443247, 33.175845]}, "properties": {"event_date": "2025-06-20", "violence_type": "state-based conflict", "deaths": 1}}, {"type": "Feature", "geometry": {"type": "Point", "coordinates": [46.28, 38.0766]}, "properties": {"event_date": "2025-06-20", "violence_type": "state-based conflict", "deaths": 11}}, {"type": "Feature", "geometry": {"type": "Point", "coordinates": [51.423056, 35.696111]}, "properties": {"event_date": "2025-06-20", "violence_type": "state-based conflict", "deaths": 1}}, {"type": "Feature", "geometry": {"type": "Point", "coordinates": [34.45, 31.516667]}, "properties": {"event_date": "2025-06-20", "violence_type": "state-based conflict", "deaths": 24}}, {"type": "Feature", "geometry": {"type": "Point", "coordinates": [34.45, 31.516667]}, "properties": {"event_date": "2025-06-20", "violence_type": "state-based conflict", "deaths": 2}}, {"type": "Feature", "geometry": {"type": "Point", "coordinates": [34.243439, 31.296999]}, "properties": {"event_date": "2025-06-20", "violence_type": "state-based conflict", "deaths": 5}}, {"type": "Feature", "geometry": {"type": "Point", "coordinates": [34.35014, 31.417479]}, "properties": {"event_date": "2025-06-20", "violence_type": "state-based conflict", "deaths": 2}}, {"type": "Feature", "geometry": {"type": "Point", "coordinates": [34.45, 31.516667]}, "properties": {"event_date": "2025-06-20", "violence_type": "state-based conflict", "deaths": 2}}, {"type": "Feature", "geometry": {"type": "Point", "coordinates": [34.35014, 31.417479]}, "properties": {"event_date": "2025-06-20", "violence_type": "state-based conflict", "deaths": 12}}, {"type": "Feature", "geometry": {"type": "Point", "coordinates": [35.283067, 33.298535]}, "properties": {"event_date": "2025-06-20", "violence_type": "state-based conflict", "deaths": 1}}, {"type": "Feature", "geometry": {"type": "Point", "coordinates": [34.392875, 31.447656]}, "properties": {"event_date": "2025-06-20", "violence_type": "state-based conflict", "deaths": 23}}, {"type": "Feature", "geometry": {"type": "Point", "coordinates": [37.33999, 36.12313]}, "properties": {"event_date": "2025-06-20", "violence_type": "one-sided violence", "deaths": 1}}, {"type": "Feature", "geometry": {"type": "Point", "coordinates": [34.45, 31.516667]}, "properties": {"event_date": "2025-06-20", "violence_type": "state-based conflict", "deaths": 3}}, {"type": "Feature", "geometry": {"type": "Point", "coordinates": [34.243439, 31.296999]}, "properties": {"event_date": "2025-06-21", "violence_type": "state-based conflict", "deaths": 6}}, {"type": "Feature", "geometry": {"type": "Point", "coordinates": [34.360099, 31.409835]}, "properties": {"event_date": "2025-06-21", "violence_type": "state-based conflict", "deaths": 5}}, {"type": "Feature", "geometry": {"type": "Point", "coordinates": [34.45, 31.516667]}, "properties": {"event_date": "2025-06-21", "violence_type": "state-based conflict", "deaths": 3}}, {"type": "Feature", "geometry": {"type": "Point", "coordinates": [34.45, 31.516667]}, "properties": {"event_date": "2025-06-21", "violence_type": "state-based conflict", "deaths": 3}}, {"type": "Feature", "geometry": {"type": "Point", "coordinates": [34.256182, 31.34822]}, "properties": {"event_date": "2025-06-21", "violence_type": "state-based conflict", "deaths": 3}}, {"type": "Feature", "geometry": {"type": "Point", "coordinates": [34.45, 31.516667]}, "properties": {"event_date": "2025-06-21", "violence_type": "state-based conflict", "deaths": 5}}, {"type": "Feature", "geometry": {"type": "Point", "coordinates": [34.494541, 31.53639]}, "properties": {"event_date": "2025-06-21", "violence_type": "state-based conflict", "deaths": 3}}, {"type": "Feature", "geometry": {"type": "Point", "coordinates": [34.45, 31.516667]}, "properties": {"event_date": "2025-06-21", "violence_type": "state-based conflict", "deaths": 1}}, {"type": "Feature", "geometry": {"type": "Point", "coordinates": [34.35014, 31.417479]}, "properties": {"event_date": "2025-06-21", "violence_type": "state-based conflict", "deaths": 1}}, {"type": "Feature", "geometry": {"type": "Point", "coordinates": [48.351675, 33.474617]}, "properties": {"event_date": "2025-06-21", "violence_type": "state-based conflict", "deaths": 5}}, {"type": "Feature", "geometry": {"type": "Point", "coordinates": [34.45, 31.516667]}, "properties": {"event_date": "2025-06-22", "violence_type": "state-based conflict", "deaths": 2}}, {"type": "Feature", "geometry": {"type": "Point", "coordinates": [36.291575, 33.513364]}, "properties": {"event_date": "2025-06-22", "violence_type": "one-sided violence", "deaths": 27}}, {"type": "Feature", "geometry": {"type": "Point", "coordinates": [36.298503, 34.668085]}, "properties": {"event_date": "2025-06-22", "violence_type": "one-sided violence", "deaths": 1}}, {"type": "Feature", "geometry": {"type": "Point", "coordinates": [34.45, 31.516667]}, "properties": {"event_date": "2025-06-22", "violence_type": "state-based conflict", "deaths": 9}}, {"type": "Feature", "geometry": {"type": "Point", "coordinates": [34.256182, 31.34822]}, "properties": {"event_date": "2025-06-22", "violence_type": "state-based conflict", "deaths": 2}}, {"type": "Feature", "geometry": {"type": "Point", "coordinates": [34.36595, 31.428439]}, "properties": {"event_date": "2025-06-22", "violence_type": "state-based conflict", "deaths": 5}}, {"type": "Feature", "geometry": {"type": "Point", "coordinates": [34.243439, 31.296999]}, "properties": {"event_date": "2025-06-22", "violence_type": "state-based conflict", "deaths": 6}}, {"type": "Feature", "geometry": {"type": "Point", "coordinates": [34.392875, 31.447656]}, "properties": {"event_date": "2025-06-22", "violence_type": "state-based conflict", "deaths": 2}}, {"type": "Feature", "geometry": {"type": "Point", "coordinates": [34.392875, 31.447656]}, "properties": {"event_date": "2025-06-22", "violence_type": "state-based conflict", "deaths": 3}}, {"type": "Feature", "geometry": {"type": "Point", "coordinates": [34.392875, 31.447656]}, "properties": {"event_date": "2025-06-22", "violence_type": "state-based conflict", "deaths": 2}}, {"type": "Feature", "geometry": {"type": "Point", "coordinates": [34.256182, 31.34822]}, "properties": {"event_date": "2025-06-22", "violence_type": "state-based conflict", "deaths": 2}}, {"type": "Feature", "geometry": {"type": "Point", "coordinates": [51.423056, 35.696111]}, "properties": {"event_date": "2025-06-23", "violence_type": "state-based conflict", "deaths": 79}}, {"type": "Feature", "geometry": {"type": "Point", "coordinates": [34.45, 31.516667]}, "properties": {"event_date": "2025-06-23", "violence_type": "state-based conflict", "deaths": 3}}, {"type": "Feature", "geometry": {"type": "Point", "coordinates": [34.331502, 31.418637]}, "properties": {"event_date": "2025-06-23", "violence_type": "state-based conflict", "deaths": 10}}, {"type": "Feature", "geometry": {"type": "Point", "coordinates": [34.495142, 31.546397]}, "properties": {"event_date": "2025-06-23", "violence_type": "state-based conflict", "deaths": 5}}, {"type": "Feature", "geometry": {"type": "Point", "coordinates": [34.340847, 31.373891]}, "properties": {"event_date": "2025-06-23", "violence_type": "state-based conflict", "deaths": 4}}, {"type": "Feature", "geometry": {"type": "Point", "coordinates": [34.495142, 31.546397]}, "properties": {"event_date": "2025-06-23", "violence_type": "state-based conflict", "deaths": 3}}, {"type": "Feature", "geometry": {"type": "Point", "coordinates": [34.243439, 31.296999]}, "properties": {"event_date": "2025-06-23", "violence_type": "state-based conflict", "deaths": 12}}, {"type": "Feature", "geometry": {"type": "Point", "coordinates": [34.483471, 31.5272]}, "properties": {"event_date": "2025-06-23", "violence_type": "state-based conflict", "deaths": 4}}, {"type": "Feature", "geometry": {"type": "Point", "coordinates": [34.483471, 31.5272]}, "properties": {"event_date": "2025-06-23", "violence_type": "state-based conflict", "deaths": 2}}, {"type": "Feature", "geometry": {"type": "Point", "coordinates": [34.303056, 31.344444]}, "properties": {"event_date": "2025-06-23", "violence_type": "state-based conflict", "deaths": 1}}, {"type": "Feature", "geometry": {"type": "Point", "coordinates": [34.385375, 31.421358]}, "properties": {"event_date": "2025-06-23", "violence_type": "state-based conflict", "deaths": 1}}, {"type": "Feature", "geometry": {"type": "Point", "coordinates": [34.45, 31.516667]}, "properties": {"event_date": "2025-06-23", "violence_type": "state-based conflict", "deaths": 3}}, {"type": "Feature", "geometry": {"type": "Point", "coordinates": [34.256182, 31.34822]}, "properties": {"event_date": "2025-06-23", "violence_type": "state-based conflict", "deaths": 4}}, {"type": "Feature", "geometry": {"type": "Point", "coordinates": [34.340556, 31.425833]}, "properties": {"event_date": "2025-06-23", "violence_type": "state-based conflict", "deaths": 1}}, {"type": "Feature", "geometry": {"type": "Point", "coordinates": [34.414752, 31.455404]}, "properties": {"event_date": "2025-06-23", "violence_type": "state-based conflict", "deaths": 2}}, {"type": "Feature", "geometry": {"type": "Point", "coordinates": [34.243439, 31.296999]}, "properties": {"event_date": "2025-06-23", "violence_type": "state-based conflict", "deaths": 2}}, {"type": "Feature", "geometry": {"type": "Point", "coordinates": [35.43638, 33.344415]}, "properties": {"event_date": "2025-06-24", "violence_type": "state-based conflict", "deaths": 3}}, {"type": "Feature", "geometry": {"type": "Point", "coordinates": [34.303056, 31.344444]}, "properties": {"event_date": "2025-06-24", "violence_type": "state-based conflict", "deaths": 7}}, {"type": "Feature", "geometry": {"type": "Point", "coordinates": [34.303056, 31.344444]}, "properties": {"event_date": "2025-06-24", "violence_type": "state-based conflict", "deaths": 7}}, {"type": "Feature", "geometry": {"type": "Point", "coordinates": [34.45, 31.516667]}, "properties": {"event_date": "2025-06-24", "violence_type": "state-based conflict", "deaths": 10}}, {"type": "Feature", "geometry": {"type": "Point", "coordinates": [34.414752, 31.455404]}, "properties": {"event_date": "2025-06-24", "violence_type": "state-based conflict", "deaths": 26}}, {"type": "Feature", "geometry": {"type": "Point", "coordinates": [34.799708, 31.258889]}, "properties": {"event_date": "2025-06-24", "violence_type": "state-based conflict", "deaths": 4}}, {"type": "Feature", "geometry": {"type": "Point", "coordinates": [34.243439, 31.296999]}, "properties": {"event_date": "2025-06-24", "violence_type": "state-based conflict", "deaths": 3}}, {"type": "Feature", "geometry": {"type": "Point", "coordinates": [34.45, 31.516667]}, "properties": {"event_date": "2025-06-24", "violence_type": "state-based conflict", "deaths": 1}}, {"type": "Feature", "geometry": {"type": "Point", "coordinates": [34.243439, 31.296999]}, "properties": {"event_date": "2025-06-24", "violence_type": "state-based conflict", "deaths": 30}}, {"type": "Feature", "geometry": {"type": "Point", "coordinates": [34.45, 31.516667]}, "properties": {"event_date": "2025-06-24", "violence_type": "state-based conflict", "deaths": 1}}, {"type": "Feature", "geometry": {"type": "Point", "coordinates": [34.483471, 31.5272]}, "properties": {"event_date": "2025-06-24", "violence_type": "state-based conflict", "deaths": 2}}, {"type": "Feature", "geometry": {"type": "Point", "coordinates": [34.360099, 31.409835]}, "properties": {"event_date": "2025-06-24", "violence_type": "state-based conflict", "deaths": 29}}, {"type": "Feature", "geometry": {"type": "Point", "coordinates": [34.303056, 31.344444]}, "properties": {"event_date": "2025-06-25", "violence_type": "state-based conflict", "deaths": 7}}, {"type": "Feature", "geometry": {"type": "Point", "coordinates": [34.45, 31.516667]}, "properties": {"event_date": "2025-06-25", "violence_type": "state-based conflict", "deaths": 1}}, {"type": "Feature", "geometry": {"type": "Point", "coordinates": [34.5, 31.55]}, "properties": {"event_date": "2025-06-25", "violence_type": "state-based conflict", "deaths": 2}}, {"type": "Feature", "geometry": {"type": "Point", "coordinates": [35.235272, 32.486486]}, "properties": {"event_date": "2025-06-25", "violence_type": "one-sided violence", "deaths": 0}}, {"type": "Feature", "geometry": {"type": "Point", "coordinates": [34.446616, 31.534912]}, "properties": {"event_date": "2025-06-25", "violence_type": "state-based conflict", "deaths": 8}}, {"type": "Feature", "geometry": {"type": "Point", "coordinates": [35.308889, 31.989722]}, "properties": {"event_date": "2025-06-25", "violence_type": "one-sided violence", "deaths": 3}}, {"type": "Feature", "geometry": {"type": "Point", "coordinates": [34.392875, 31.447656]}, "properties": {"event_date": "2025-06-25", "violence_type": "state-based conflict", "deaths": 2}}, {"type": "Feature", "geometry": {"type": "Point", "coordinates": [34.243439, 31.296999]}, "properties": {"event_date": "2025-06-25", "violence_type": "state-based conflict", "deaths": 8}}, {"type": "Feature", "geometry": {"type": "Point", "coordinates": [34.45, 31.516667]}, "properties": {"event_date": "2025-06-25", "violence_type": "state-based conflict", "deaths": 5}}, {"type": "Feature", "geometry": {"type": "Point", "coordinates": [34.325344, 31.342778]}, "properties": {"event_date": "2025-06-25", "violence_type": "state-based conflict", "deaths": 2}}, {"type": "Feature", "geometry": {"type": "Point", "coordinates": [34.303056, 31.344444]}, "properties": {"event_date": "2025-06-25", "violence_type": "state-based conflict", "deaths": 1}}, {"type": "Feature", "geometry": {"type": "Point", "coordinates": [34.45, 31.516667]}, "properties": {"event_date": "2025-06-25", "violence_type": "state-based conflict", "deaths": 8}}, {"type": "Feature", "geometry": {"type": "Point", "coordinates": [34.45, 31.516667]}, "properties": {"event_date": "2025-06-25", "violence_type": "state-based conflict", "deaths": 5}}, {"type": "Feature", "geometry": {"type": "Point", "coordinates": [34.45, 31.516667]}, "properties": {"event_date": "2025-06-25", "violence_type": "state-based conflict", "deaths": 3}}, {"type": "Feature", "geometry": {"type": "Point", "coordinates": [34.413322, 31.482192]}, "properties": {"event_date": "2025-06-25", "violence_type": "state-based conflict", "deaths": 8}}, {"type": "Feature", "geometry": {"type": "Point", "coordinates": [35.23, 31.815278]}, "properties": {"event_date": "2025-06-25", "violence_type": "one-sided violence", "deaths": 1}}, {"type": "Feature", "geometry": {"type": "Point", "coordinates": [34.483471, 31.5272]}, "properties": {"event_date": "2025-06-25", "violence_type": "state-based conflict", "deaths": 3}}, {"type": "Feature", "geometry": {"type": "Point", "coordinates": [34.483471, 31.5272]}, "properties": {"event_date": "2025-06-25", "violence_type": "state-based conflict", "deaths": 2}}, {"type": "Feature", "geometry": {"type": "Point", "coordinates": [34.392875, 31.447656]}, "properties": {"event_date": "2025-06-25", "violence_type": "state-based conflict", "deaths": 6}}, {"type": "Feature", "geometry": {"type": "Point", "coordinates": [34.35014, 31.417479]}, "properties": {"event_date": "2025-06-25", "violence_type": "state-based conflict", "deaths": 4}}, {"type": "Feature", "geometry": {"type": "Point", "coordinates": [34.483471, 31.5272]}, "properties": {"event_date": "2025-06-26", "violence_type": "state-based conflict", "deaths": 1}}, {"type": "Feature", "geometry": {"type": "Point", "coordinates": [34.35014, 31.417479]}, "properties": {"event_date": "2025-06-26", "violence_type": "state-based conflict", "deaths": 18}}, {"type": "Feature", "geometry": {"type": "Point", "coordinates": [34.256182, 31.34822]}, "properties": {"event_date": "2025-06-26", "violence_type": "state-based conflict", "deaths": 5}}, {"type": "Feature", "geometry": {"type": "Point", "coordinates": [34.45, 31.516667]}, "properties": {"event_date": "2025-06-26", "violence_type": "state-based conflict", "deaths": 1}}, {"type": "Feature", "geometry": {"type": "Point", "coordinates": [34.243439, 31.296999]}, "properties": {"event_date": "2025-06-26", "violence_type": "state-based conflict", "deaths": 3}}, {"type": "Feature", "geometry": {"type": "Point", "coordinates": [34.339464, 31.399939]}, "properties": {"event_date": "2025-06-26", "violence_type": "state-based conflict", "deaths": 4}}, {"type": "Feature", "geometry": {"type": "Point", "coordinates": [34.414752, 31.455404]}, "properties": {"event_date": "2025-06-26", "violence_type": "state-based conflict", "deaths": 3}}, {"type": "Feature", "geometry": {"type": "Point", "coordinates": [34.256182, 31.34822]}, "properties": {"event_date": "2025-06-26", "violence_type": "state-based conflict", "deaths": 7}}, {"type": "Feature", "geometry": {"type": "Point", "coordinates": [34.243439, 31.296999]}, "properties": {"event_date": "2025-06-26", "violence_type": "state-based conflict", "deaths": 2}}, {"type": "Feature", "geometry": {"type": "Point", "coordinates": [35.467362, 33.192306]}, "properties": {"event_date": "2025-06-26", "violence_type": "state-based conflict", "deaths": 1}}, {"type": "Feature", "geometry": {"type": "Point", "coordinates": [34.45, 31.516667]}, "properties": {"event_date": "2025-06-26", "violence_type": "state-based conflict", "deaths": 6}}, {"type": "Feature", "geometry": {"type": "Point", "coordinates": [35.332727, 33.133671]}, "properties": {"event_date": "2025-06-26", "violence_type": "state-based conflict", "deaths": 1}}, {"type": "Feature", "geometry": {"type": "Point", "coordinates": [34.392875, 31.447656]}, "properties": {"event_date": "2025-06-26", "violence_type": "state-based conflict", "deaths": 1}}, {"type": "Feature", "geometry": {"type": "Point", "coordinates": [34.303056, 31.344444]}, "properties": {"event_date": "2025-06-26", "violence_type": "state-based conflict", "deaths": 1}}, {"type": "Feature", "geometry": {"type": "Point", "coordinates": [34.256182, 31.34822]}, "properties": {"event_date": "2025-06-26", "violence_type": "state-based conflict", "deaths": 5}}, {"type": "Feature", "geometry": {"type": "Point", "coordinates": [34.45, 31.516667]}, "properties": {"event_date": "2025-06-26", "violence_type": "state-based conflict", "deaths": 9}}, {"type": "Feature", "geometry": {"type": "Point", "coordinates": [34.256182, 31.34822]}, "properties": {"event_date": "2025-06-27", "violence_type": "state-based conflict", "deaths": 2}}, {"type": "Feature", "geometry": {"type": "Point", "coordinates": [34.373398, 31.425074]}, "properties": {"event_date": "2025-06-27", "violence_type": "state-based conflict", "deaths": 1}}, {"type": "Feature", "geometry": {"type": "Point", "coordinates": [34.45, 31.516667]}, "properties": {"event_date": "2025-06-27", "violence_type": "state-based conflict", "deaths": 14}}, {"type": "Feature", "geometry": {"type": "Point", "coordinates": [34.45, 31.516667]}, "properties": {"event_date": "2025-06-27", "violence_type": "state-based conflict", "deaths": 2}}, {"type": "Feature", "geometry": {"type": "Point", "coordinates": [34.293358, 31.349291]}, "properties": {"event_date": "2025-06-27", "violence_type": "state-based conflict", "deaths": 3}}, {"type": "Feature", "geometry": {"type": "Point", "coordinates": [34.483471, 31.5272]}, "properties": {"event_date": "2025-06-27", "violence_type": "state-based conflict", "deaths": 3}}, {"type": "Feature", "geometry": {"type": "Point", "coordinates": [34.45, 31.516667]}, "properties": {"event_date": "2025-06-27", "violence_type": "state-based conflict", "deaths": 8}}, {"type": "Feature", "geometry": {"type": "Point", "coordinates": [35.48383, 33.37717]}, "properties": {"event_date": "2025-06-27", "violence_type": "state-based conflict", "deaths": 1}}, {"type": "Feature", "geometry": {"type": "Point", "coordinates": [34.483471, 31.5272]}, "properties": {"event_date": "2025-06-27", "violence_type": "state-based conflict", "deaths": 10}}, {"type": "Feature", "geometry": {"type": "Point", "coordinates": [34.303056, 31.344444]}, "properties": {"event_date": "2025-06-27", "violence_type": "state-based conflict", "deaths": 2}}, {"type": "Feature", "geometry": {"type": "Point", "coordinates": [34.45, 31.516667]}, "properties": {"event_date": "2025-06-27", "violence_type": "state-based conflict", "deaths": 10}}, {"type": "Feature", "geometry": {"type": "Point", "coordinates": [34.45, 31.516667]}, "properties": {"event_date": "2025-06-27", "violence_type": "state-based conflict", "deaths": 3}}, {"type": "Feature", "geometry": {"type": "Point", "coordinates": [34.347589, 31.323708]}, "properties": {"event_date": "2025-06-27", "violence_type": "state-based conflict", "deaths": 3}}, {"type": "Feature", "geometry": {"type": "Point", "coordinates": [34.414752, 31.455404]}, "properties": {"event_date": "2025-06-27", "violence_type": "state-based conflict", "deaths": 1}}, {"type": "Feature", "geometry": {"type": "Point", "coordinates": [34.343629, 31.516469]}, "properties": {"event_date": "2025-06-27", "violence_type": "state-based conflict", "deaths": 1}}, {"type": "Feature", "geometry": {"type": "Point", "coordinates": [34.306268, 31.340177]}, "properties": {"event_date": "2025-06-27", "violence_type": "state-based conflict", "deaths": 11}}, {"type": "Feature", "geometry": {"type": "Point", "coordinates": [34.243439, 31.296999]}, "properties": {"event_date": "2025-06-27", "violence_type": "state-based conflict", "deaths": 6}}, {"type": "Feature", "geometry": {"type": "Point", "coordinates": [34.402939, 31.439531]}, "properties": {"event_date": "2025-06-27", "violence_type": "state-based conflict", "deaths": 8}}, {"type": "Feature", "geometry": {"type": "Point", "coordinates": [35.437816, 33.149787]}, "properties": {"event_date": "2025-06-28", "violence_type": "state-based conflict", "deaths": 1}}, {"type": "Feature", "geometry": {"type": "Point", "coordinates": [35.34263, 33.21876]}, "properties": {"event_date": "2025-06-28", "violence_type": "state-based conflict", "deaths": 2}}, {"type": "Feature", "geometry": {"type": "Point", "coordinates": [34.45, 31.516667]}, "properties": {"event_date": "2025-06-28", "violence_type": "state-based conflict", "deaths": 3}}, {"type": "Feature", "geometry": {"type": "Point", "coordinates": [34.256182, 31.34822]}, "properties": {"event_date": "2025-06-28", "violence_type": "state-based conflict", "deaths": 6}}, {"type": "Feature", "geometry": {"type": "Point", "coordinates": [34.483471, 31.5272]}, "properties": {"event_date": "2025-06-28", "violence_type": "state-based conflict", "deaths": 2}}, {"type": "Feature", "geometry": {"type": "Point", "coordinates": [34.35014, 31.417479]}, "properties": {"event_date": "2025-06-28", "violence_type": "state-based conflict", "deaths": 2}}, {"type": "Feature", "geometry": {"type": "Point", "coordinates": [34.243439, 31.296999]}, "properties": {"event_date": "2025-06-28", "violence_type": "state-based conflict", "deaths": 6}}, {"type": "Feature", "geometry": {"type": "Point", "coordinates": [34.45, 31.516667]}, "properties": {"event_date": "2025-06-28", "violence_type": "state-based conflict", "deaths": 11}}, {"type": "Feature", "geometry": {"type": "Point", "coordinates": [34.35014, 31.417479]}, "properties": {"event_date": "2025-06-28", "violence_type": "state-based conflict", "deaths": 1}}, {"type": "Feature", "geometry": {"type": "Point", "coordinates": [34.45, 31.516667]}, "properties": {"event_date": "2025-06-28", "violence_type": "state-based conflict", "deaths": 2}}, {"type": "Feature", "geometry": {"type": "Point", "coordinates": [34.340847, 31.373891]}, "properties": {"event_date": "2025-06-28", "violence_type": "state-based conflict", "deaths": 4}}, {"type": "Feature", "geometry": {"type": "Point", "coordinates": [34.45, 31.516667]}, "properties": {"event_date": "2025-06-28", "violence_type": "state-based conflict", "deaths": 20}}, {"type": "Feature", "geometry": {"type": "Point", "coordinates": [34.402939, 31.439531]}, "properties": {"event_date": "2025-06-28", "violence_type": "state-based conflict", "deaths": 2}}, {"type": "Feature", "geometry": {"type": "Point", "coordinates": [34.414752, 31.455404]}, "properties": {"event_date": "2025-06-28", "violence_type": "state-based conflict", "deaths": 1}}, {"type": "Feature", "geometry": {"type": "Point", "coordinates": [34.45, 31.516667]}, "properties": {"event_date": "2025-06-28", "violence_type": "state-based conflict", "deaths": 1}}, {"type": "Feature", "geometry": {"type": "Point", "coordinates": [34.483471, 31.5272]}, "properties": {"event_date": "2025-06-29", "violence_type": "state-based conflict", "deaths": 1}}, {"type": "Feature", "geometry": {"type": "Point", "coordinates": [34.256182, 31.34822]}, "properties": {"event_date": "2025-06-29", "violence_type": "state-based conflict", "deaths": 5}}, {"type": "Feature", "geometry": {"type": "Point", "coordinates": [34.483471, 31.5272]}, "properties": {"event_date": "2025-06-29", "violence_type": "state-based conflict", "deaths": 3}}, {"type": "Feature", "geometry": {"type": "Point", "coordinates": [34.45, 31.516667]}, "properties": {"event_date": "2025-06-29", "violence_type": "state-based conflict", "deaths": 4}}, {"type": "Feature", "geometry": {"type": "Point", "coordinates": [34.45, 31.516667]}, "properties": {"event_date": "2025-06-29", "violence_type": "state-based conflict", "deaths": 2}}, {"type": "Feature", "geometry": {"type": "Point", "coordinates": [34.45, 31.516667]}, "properties": {"event_date": "2025-06-29", "violence_type": "state-based conflict", "deaths": 5}}, {"type": "Feature", "geometry": {"type": "Point", "coordinates": [34.45, 31.516667]}, "properties": {"event_date": "2025-06-29", "violence_type": "state-based conflict", "deaths": 2}}, {"type": "Feature", "geometry": {"type": "Point", "coordinates": [34.243439, 31.296999]}, "properties": {"event_date": "2025-06-29", "violence_type": "state-based conflict", "deaths": 5}}, {"type": "Feature", "geometry": {"type": "Point", "coordinates": [34.413322, 31.482192]}, "properties": {"event_date": "2025-06-29", "violence_type": "state-based conflict", "deaths": 1}}, {"type": "Feature", "geometry": {"type": "Point", "coordinates": [34.483471, 31.5272]}, "properties": {"event_date": "2025-06-29", "violence_type": "state-based conflict", "deaths": 4}}, {"type": "Feature", "geometry": {"type": "Point", "coordinates": [34.45, 31.516667]}, "properties": {"event_date": "2025-06-29", "violence_type": "state-based conflict", "deaths": 3}}, {"type": "Feature", "geometry": {"type": "Point", "coordinates": [34.303056, 31.344444]}, "properties": {"event_date": "2025-06-29", "violence_type": "state-based conflict", "deaths": 3}}, {"type": "Feature", "geometry": {"type": "Point", "coordinates": [34.483471, 31.5272]}, "properties": {"event_date": "2025-06-29", "violence_type": "state-based conflict", "deaths": 2}}, {"type": "Feature", "geometry": {"type": "Point", "coordinates": [34.446616, 31.534912]}, "properties": {"event_date": "2025-06-29", "violence_type": "state-based conflict", "deaths": 6}}, {"type": "Feature", "geometry": {"type": "Point", "coordinates": [34.483471, 31.5272]}, "properties": {"event_date": "2025-06-29", "violence_type": "state-based conflict", "deaths": 18}}, {"type": "Feature", "geometry": {"type": "Point", "coordinates": [34.45, 31.516667]}, "properties": {"event_date": "2025-06-29", "violence_type": "state-based conflict", "deaths": 1}}, {"type": "Feature", "geometry": {"type": "Point", "coordinates": [34.373398, 31.425074]}, "properties": {"event_date": "2025-06-30", "violence_type": "state-based conflict", "deaths": 11}}, {"type": "Feature", "geometry": {"type": "Point", "coordinates": [34.35014, 31.417479]}, "properties": {"event_date": "2025-06-30", "violence_type": "state-based conflict", "deaths": 6}}, {"type": "Feature", "geometry": {"type": "Point", "coordinates": [34.45, 31.516667]}, "properties": {"event_date": "2025-06-30", "violence_type": "state-based conflict", "deaths": 4}}, {"type": "Feature", "geometry": {"type": "Point", "coordinates": [34.45, 31.516667]}, "properties": {"event_date": "2025-06-30", "violence_type": "state-based conflict", "deaths": 2}}, {"type": "Feature", "geometry": {"type": "Point", "coordinates": [34.45, 31.516667]}, "properties": {"event_date": "2025-06-30", "violence_type": "state-based conflict", "deaths": 34}}, {"type": "Feature", "geometry": {"type": "Point", "coordinates": [34.45, 31.516667]}, "properties": {"event_date": "2025-06-30", "violence_type": "state-based conflict", "deaths": 10}}, {"type": "Feature", "geometry": {"type": "Point", "coordinates": [34.303056, 31.344444]}, "properties": {"event_date": "2025-06-30", "violence_type": "state-based conflict", "deaths": 1}}, {"type": "Feature", "geometry": {"type": "Point", "coordinates": [34.303056, 31.344444]}, "properties": {"event_date": "2025-06-30", "violence_type": "state-based conflict", "deaths": 3}}, {"type": "Feature", "geometry": {"type": "Point", "coordinates": [34.483471, 31.5272]}, "properties": {"event_date": "2025-06-30", "violence_type": "state-based conflict", "deaths": 3}}, {"type": "Feature", "geometry": {"type": "Point", "coordinates": [34.303056, 31.344444]}, "properties": {"event_date": "2025-06-30", "violence_type": "state-based conflict", "deaths": 13}}, {"type": "Feature", "geometry": {"type": "Point", "coordinates": [34.373398, 31.425074]}, "properties": {"event_date": "2025-06-30", "violence_type": "state-based conflict", "deaths": 1}}, {"type": "Feature", "geometry": {"type": "Point", "coordinates": [34.293358, 31.349291]}, "properties": {"event_date": "2025-07-01", "violence_type": "state-based conflict", "deaths": 12}}, {"type": "Feature", "geometry": {"type": "Point", "coordinates": [34.385375, 31.421358]}, "properties": {"event_date": "2025-07-01", "violence_type": "state-based conflict", "deaths": 2}}, {"type": "Feature", "geometry": {"type": "Point", "coordinates": [34.483471, 31.5272]}, "properties": {"event_date": "2025-07-01", "violence_type": "state-based conflict", "deaths": 5}}, {"type": "Feature", "geometry": {"type": "Point", "coordinates": [34.303056, 31.344444]}, "properties": {"event_date": "2025-07-01", "violence_type": "state-based conflict", "deaths": 1}}, {"type": "Feature", "geometry": {"type": "Point", "coordinates": [34.45, 31.516667]}, "properties": {"event_date": "2025-07-01", "violence_type": "state-based conflict", "deaths": 1}}, {"type": "Feature", "geometry": {"type": "Point", "coordinates": [48.51456, 34.79922]}, "properties": {"event_date": "2025-07-01", "violence_type": "one-sided violence", "deaths": 2}}, {"type": "Feature", "geometry": {"type": "Point", "coordinates": [34.975508, 31.409636]}, "properties": {"event_date": "2025-07-01", "violence_type": "one-sided violence", "deaths": 1}}, {"type": "Feature", "geometry": {"type": "Point", "coordinates": [34.45, 31.516667]}, "properties": {"event_date": "2025-07-01", "violence_type": "state-based conflict", "deaths": 16}}, {"type": "Feature", "geometry": {"type": "Point", "coordinates": [34.303056, 31.344444]}, "properties": {"event_date": "2025-07-01", "violence_type": "state-based conflict", "deaths": 1}}, {"type": "Feature", "geometry": {"type": "Point", "coordinates": [34.45, 31.516667]}, "properties": {"event_date": "2025-07-01", "violence_type": "state-based conflict", "deaths": 31}}, {"type": "Feature", "geometry": {"type": "Point", "coordinates": [34.413322, 31.482192]}, "properties": {"event_date": "2025-07-01", "violence_type": "state-based conflict", "deaths": 7}}, {"type": "Feature", "geometry": {"type": "Point", "coordinates": [34.256182, 31.34822]}, "properties": {"event_date": "2025-07-01", "violence_type": "state-based conflict", "deaths": 7}}, {"type": "Feature", "geometry": {"type": "Point", "coordinates": [34.303056, 31.344444]}, "properties": {"event_date": "2025-07-01", "violence_type": "state-based conflict", "deaths": 2}}, {"type": "Feature", "geometry": {"type": "Point", "coordinates": [34.373398, 31.425074]}, "properties": {"event_date": "2025-07-01", "violence_type": "state-based conflict", "deaths": 26}}, {"type": "Feature", "geometry": {"type": "Point", "coordinates": [34.45, 31.516667]}, "properties": {"event_date": "2025-07-01", "violence_type": "state-based conflict", "deaths": 2}}, {"type": "Feature", "geometry": {"type": "Point", "coordinates": [34.303056, 31.344444]}, "properties": {"event_date": "2025-07-02", "violence_type": "state-based conflict", "deaths": 2}}, {"type": "Feature", "geometry": {"type": "Point", "coordinates": [34.45, 31.516667]}, "properties": {"event_date": "2025-07-02", "violence_type": "state-based conflict", "deaths": 9}}, {"type": "Feature", "geometry": {"type": "Point", "coordinates": [34.35014, 31.417479]}, "properties": {"event_date": "2025-07-02", "violence_type": "state-based conflict", "deaths": 10}}, {"type": "Feature", "geometry": {"type": "Point", "coordinates": [34.35014, 31.417479]}, "properties": {"event_date": "2025-07-02", "violence_type": "state-based conflict", "deaths": 5}}, {"type": "Feature", "geometry": {"type": "Point", "coordinates": [36.088698, 33.586666]}, "properties": {"event_date": "2025-07-02", "violence_type": "one-sided violence", "deaths": 0}}, {"type": "Feature", "geometry": {"type": "Point", "coordinates": [34.45, 31.516667]}, "properties": {"event_date": "2025-07-02", "violence_type": "state-based conflict", "deaths": 4}}, {"type": "Feature", "geometry": {"type": "Point", "coordinates": [34.45, 31.516667]}, "properties": {"event_date": "2025-07-02", "violence_type": "state-based conflict", "deaths": 3}}, {"type": "Feature", "geometry": {"type": "Point", "coordinates": [34.45, 31.516667]}, "properties": {"event_date": "2025-07-02", "violence_type": "state-based conflict", "deaths": 2}}, {"type": "Feature", "geometry": {"type": "Point", "coordinates": [34.373398, 31.425074]}, "properties": {"event_date": "2025-07-02", "violence_type": "state-based conflict", "deaths": 27}}, {"type": "Feature", "geometry": {"type": "Point", "coordinates": [34.303056, 31.344444]}, "properties": {"event_date": "2025-07-02", "violence_type": "state-based conflict", "deaths": 1}}, {"type": "Feature", "geometry": {"type": "Point", "coordinates": [34.45, 31.516667]}, "properties": {"event_date": "2025-07-02", "violence_type": "state-based conflict", "deaths": 16}}, {"type": "Feature", "geometry": {"type": "Point", "coordinates": [34.325344, 31.342778]}, "properties": {"event_date": "2025-07-02", "violence_type": "state-based conflict", "deaths": 2}}, {"type": "Feature", "geometry": {"type": "Point", "coordinates": [34.303056, 31.344444]}, "properties": {"event_date": "2025-07-02", "violence_type": "state-based conflict", "deaths": 10}}, {"type": "Feature", "geometry": {"type": "Point", "coordinates": [34.414752, 31.455404]}, "properties": {"event_date": "2025-07-02", "violence_type": "state-based conflict", "deaths": 2}}, {"type": "Feature", "geometry": {"type": "Point", "coordinates": [34.483471, 31.5272]}, "properties": {"event_date": "2025-07-02", "violence_type": "state-based conflict", "deaths": 1}}, {"type": "Feature", "geometry": {"type": "Point", "coordinates": [34.256182, 31.34822]}, "properties": {"event_date": "2025-07-02", "violence_type": "state-based conflict", "deaths": 6}}, {"type": "Feature", "geometry": {"type": "Point", "coordinates": [34.392875, 31.447656]}, "properties": {"event_date": "2025-07-02", "violence_type": "state-based conflict", "deaths": 9}}, {"type": "Feature", "geometry": {"type": "Point", "coordinates": [34.392875, 31.447656]}, "properties": {"event_date": "2025-07-02", "violence_type": "state-based conflict", "deaths": 8}}, {"type": "Feature", "geometry": {"type": "Point", "coordinates": [34.45, 31.516667]}, "properties": {"event_date": "2025-07-02", "violence_type": "state-based conflict", "deaths": 4}}, {"type": "Feature", "geometry": {"type": "Point", "coordinates": [34.256182, 31.34822]}, "properties": {"event_date": "2025-07-02", "violence_type": "state-based conflict", "deaths": 16}}, {"type": "Feature", "geometry": {"type": "Point", "coordinates": [34.483471, 31.5272]}, "properties": {"event_date": "2025-07-03", "violence_type": "state-based conflict", "deaths": 2}}, {"type": "Feature", "geometry": {"type": "Point", "coordinates": [34.35014, 31.417479]}, "properties": {"event_date": "2025-07-03", "violence_type": "state-based conflict", "deaths": 4}}, {"type": "Feature", "geometry": {"type": "Point", "coordinates": [34.303056, 31.344444]}, "properties": {"event_date": "2025-07-03", "violence_type": "state-based conflict", "deaths": 21}}, {"type": "Feature", "geometry": {"type": "Point", "coordinates": [34.373398, 31.425074]}, "properties": {"event_date": "2025-07-03", "violence_type": "state-based conflict", "deaths": 1}}, {"type": "Feature", "geometry": {"type": "Point", "coordinates": [34.45, 31.516667]}, "properties": {"event_date": "2025-07-03", "violence_type": "state-based conflict", "deaths": 1}}, {"type": "Feature", "geometry": {"type": "Point", "coordinates": [34.483471, 31.5272]}, "properties": {"event_date": "2025-07-03", "violence_type": "state-based conflict", "deaths": 1}}, {"type": "Feature", "geometry": {"type": "Point", "coordinates": [34.45, 31.516667]}, "properties": {"event_date": "2025-07-03", "violence_type": "state-based conflict", "deaths": 3}}, {"type": "Feature", "geometry": {"type": "Point", "coordinates": [34.243439, 31.296999]}, "properties": {"event_date": "2025-07-03", "violence_type": "state-based conflict", "deaths": 7}}, {"type": "Feature", "geometry": {"type": "Point", "coordinates": [34.495142, 31.546397]}, "properties": {"event_date": "2025-07-03", "violence_type": "state-based conflict", "deaths": 3}}, {"type": "Feature", "geometry": {"type": "Point", "coordinates": [34.256182, 31.34822]}, "properties": {"event_date": "2025-07-03", "violence_type": "state-based conflict", "deaths": 3}}, {"type": "Feature", "geometry": {"type": "Point", "coordinates": [34.45, 31.516667]}, "properties": {"event_date": "2025-07-03", "violence_type": "state-based conflict", "deaths": 6}}, {"type": "Feature", "geometry": {"type": "Point", "coordinates": [34.45, 31.516667]}, "properties": {"event_date": "2025-07-03", "violence_type": "state-based conflict", "deaths": 19}}, {"type": "Feature", "geometry": {"type": "Point", "coordinates": [34.303056, 31.344444]}, "properties": {"event_date": "2025-07-03", "violence_type": "state-based conflict", "deaths": 3}}, {"type": "Feature", "geometry": {"type": "Point", "coordinates": [34.303056, 31.344444]}, "properties": {"event_date": "2025-07-03", "violence_type": "state-based conflict", "deaths": 9}}, {"type": "Feature", "geometry": {"type": "Point", "coordinates": [34.45, 31.516667]}, "properties": {"event_date": "2025-07-03", "violence_type": "state-based conflict", "deaths": 4}}, {"type": "Feature", "geometry": {"type": "Point", "coordinates": [34.402939, 31.439531]}, "properties": {"event_date": "2025-07-03", "violence_type": "state-based conflict", "deaths": 4}}, {"type": "Feature", "geometry": {"type": "Point", "coordinates": [34.303056, 31.344444]}, "properties": {"event_date": "2025-07-04", "violence_type": "state-based conflict", "deaths": 1}}, {"type": "Feature", "geometry": {"type": "Point", "coordinates": [34.402939, 31.439531]}, "properties": {"event_date": "2025-07-04", "violence_type": "state-based conflict", "deaths": 4}}, {"type": "Feature", "geometry": {"type": "Point", "coordinates": [34.45, 31.516667]}, "properties": {"event_date": "2025-07-04", "violence_type": "state-based conflict", "deaths": 1}}, {"type": "Feature", "geometry": {"type": "Point", "coordinates": [34.243439, 31.296999]}, "properties": {"event_date": "2025-07-04", "violence_type": "state-based conflict", "deaths": 5}}, {"type": "Feature", "geometry": {"type": "Point", "coordinates": [34.243439, 31.296999]}, "properties": {"event_date": "2025-07-04", "violence_type": "state-based conflict", "deaths": 1}}, {"type": "Feature", "geometry": {"type": "Point", "coordinates": [34.483471, 31.5272]}, "properties": {"event_date": "2025-07-04", "violence_type": "state-based conflict", "deaths": 1}}, {"type": "Feature", "geometry": {"type": "Point", "coordinates": [34.256182, 31.34822]}, "properties": {"event_date": "2025-07-04", "violence_type": "state-based conflict", "deaths": 15}}, {"type": "Feature", "geometry": {"type": "Point", "coordinates": [34.45, 31.516667]}, "properties": {"event_date": "2025-07-04", "violence_type": "state-based conflict", "deaths": 3}}, {"type": "Feature", "geometry": {"type": "Point", "coordinates": [34.35014, 31.417479]}, "properties": {"event_date": "2025-07-04", "violence_type": "state-based conflict", "deaths": 1}}, {"type": "Feature", "geometry": {"type": "Point", "coordinates": [34.243439, 31.296999]}, "properties": {"event_date": "2025-07-04", "violence_type": "state-based conflict", "deaths": 2}}, {"type": "Feature", "geometry": {"type": "Point", "coordinates": [34.392875, 31.447656]}, "properties": {"event_date": "2025-07-04", "violence_type": "state-based conflict", "deaths": 2}}, {"type": "Feature", "geometry": {"type": "Point", "coordinates": [34.483471, 31.5272]}, "properties": {"event_date": "2025-07-04", "violence_type": "state-based conflict", "deaths": 11}}, {"type": "Feature", "geometry": {"type": "Point", "coordinates": [34.414752, 31.455404]}, "properties": {"event_date": "2025-07-04", "violence_type": "state-based conflict", "deaths": 6}}, {"type": "Feature", "geometry": {"type": "Point", "coordinates": [34.45, 31.516667]}, "properties": {"event_date": "2025-07-04", "violence_type": "state-based conflict", "deaths": 2}}, {"type": "Feature", "geometry": {"type": "Point", "coordinates": [34.483471, 31.5272]}, "properties": {"event_date": "2025-07-04", "violence_type": "state-based conflict", "deaths": 2}}, {"type": "Feature", "geometry": {"type": "Point", "coordinates": [34.45, 31.516667]}, "properties": {"event_date": "2025-07-04", "violence_type": "state-based conflict", "deaths": 4}}, {"type": "Feature", "geometry": {"type": "Point", "coordinates": [34.303056, 31.344444]}, "properties": {"event_date": "2025-07-04", "violence_type": "state-based conflict", "deaths": 15}}, {"type": "Feature", "geometry": {"type": "Point", "coordinates": [34.256182, 31.34822]}, "properties": {"event_date": "2025-07-04", "violence_type": "state-based conflict", "deaths": 3}}, {"type": "Feature", "geometry": {"type": "Point", "coordinates": [34.256182, 31.34822]}, "properties": {"event_date": "2025-07-04", "violence_type": "state-based conflict", "deaths": 3}}, {"type": "Feature", "geometry": {"type": "Point", "coordinates": [34.45, 31.516667]}, "properties": {"event_date": "2025-07-04", "violence_type": "state-based conflict", "deaths": 1}}, {"type": "Feature", "geometry": {"type": "Point", "coordinates": [34.303056, 31.344444]}, "properties": {"event_date": "2025-07-05", "violence_type": "state-based conflict", "deaths": 2}}, {"type": "Feature", "geometry": {"type": "Point", "coordinates": [35.430315, 33.131158]}, "properties": {"event_date": "2025-07-05", "violence_type": "state-based conflict", "deaths": 1}}, {"type": "Feature", "geometry": {"type": "Point", "coordinates": [43.21513, 14.27158]}, "properties": {"event_date": "2025-07-05", "violence_type": "state-based conflict", "deaths": 1}}, {"type": "Feature", "geometry": {"type": "Point", "coordinates": [36.291575, 33.513364]}, "properties": {"event_date": "2025-07-05", "violence_type": "one-sided violence", "deaths": 0}}, {"type": "Feature", "geometry": {"type": "Point", "coordinates": [34.385375, 31.421358]}, "properties": {"event_date": "2025-07-05", "violence_type": "state-based conflict", "deaths": 2}}, {"type": "Feature", "geometry": {"type": "Point", "coordinates": [34.243439, 31.296999]}, "properties": {"event_date": "2025-07-05", "violence_type": "state-based conflict", "deaths": 9}}, {"type": "Feature", "geometry": {"type": "Point", "coordinates": [34.402939, 31.439531]}, "properties": {"event_date": "2025-07-05", "violence_type": "state-based conflict", "deaths": 2}}, {"type": "Feature", "geometry": {"type": "Point", "coordinates": [34.45, 31.516667]}, "properties": {"event_date": "2025-07-05", "violence_type": "state-based conflict", "deaths": 5}}, {"type": "Feature", "geometry": {"type": "Point", "coordinates": [34.483471, 31.5272]}, "properties": {"event_date": "2025-07-05", "violence_type": "state-based conflict", "deaths": 4}}, {"type": "Feature", "geometry": {"type": "Point", "coordinates": [34.343629, 31.516469]}, "properties": {"event_date": "2025-07-05", "violence_type": "state-based conflict", "deaths": 1}}, {"type": "Feature", "geometry": {"type": "Point", "coordinates": [34.325344, 31.342778]}, "properties": {"event_date": "2025-07-05", "violence_type": "state-based conflict", "deaths": 4}}, {"type": "Feature", "geometry": {"type": "Point", "coordinates": [34.45, 31.516667]}, "properties": {"event_date": "2025-07-05", "violence_type": "state-based conflict", "deaths": 2}}, {"type": "Feature", "geometry": {"type": "Point", "coordinates": [34.45, 31.516667]}, "properties": {"event_date": "2025-07-05", "violence_type": "state-based conflict", "deaths": 4}}, {"type": "Feature", "geometry": {"type": "Point", "coordinates": [34.256182, 31.34822]}, "properties": {"event_date": "2025-07-05", "violence_type": "state-based conflict", "deaths": 7}}, {"type": "Feature", "geometry": {"type": "Point", "coordinates": [34.36595, 31.428439]}, "properties": {"event_date": "2025-07-05", "violence_type": "state-based conflict", "deaths": 6}}, {"type": "Feature", "geometry": {"type": "Point", "coordinates": [34.392875, 31.447656]}, "properties": {"event_date": "2025-07-05", "violence_type": "state-based conflict", "deaths": 8}}, {"type": "Feature", "geometry": {"type": "Point", "coordinates": [34.45, 31.516667]}, "properties": {"event_date": "2025-07-05", "violence_type": "state-based conflict", "deaths": 3}}, {"type": "Feature", "geometry": {"type": "Point", "coordinates": [34.256182, 31.34822]}, "properties": {"event_date": "2025-07-05", "violence_type": "state-based conflict", "deaths": 5}}, {"type": "Feature", "geometry": {"type": "Point", "coordinates": [34.373398, 31.425074]}, "properties": {"event_date": "2025-07-05", "violence_type": "state-based conflict", "deaths": 23}}, {"type": "Feature", "geometry": {"type": "Point", "coordinates": [34.45, 31.516667]}, "properties": {"event_date": "2025-07-06", "violence_type": "state-based conflict", "deaths": 5}}, {"type": "Feature", "geometry": {"type": "Point", "coordinates": [34.45, 31.516667]}, "properties": {"event_date": "2025-07-06", "violence_type": "state-based conflict", "deaths": 2}}, {"type": "Feature", "geometry": {"type": "Point", "coordinates": [48.351675, 33.474617]}, "properties": {"event_date": "2025-07-06", "violence_type": "state-based conflict", "deaths": 2}}, {"type": "Feature", "geometry": {"type": "Point", "coordinates": [34.243439, 31.296999]}, "properties": {"event_date": "2025-07-06", "violence_type": "state-based conflict", "deaths": 3}}, {"type": "Feature", "geometry": {"type": "Point", "coordinates": [34.35014, 31.417479]}, "properties": {"event_date": "2025-07-06", "violence_type": "state-based conflict", "deaths": 3}}, {"type": "Feature", "geometry": {"type": "Point", "coordinates": [34.45, 31.516667]}, "properties": {"event_date": "2025-07-06", "violence_type": "state-based conflict", "deaths": 12}}, {"type": "Feature", "geometry": {"type": "Point", "coordinates": [34.45, 31.516667]}, "properties": {"event_date": "2025-07-06", "violence_type": "state-based conflict", "deaths": 4}}, {"type": "Feature", "geometry": {"type": "Point", "coordinates": [34.256182, 31.34822]}, "properties": {"event_date": "2025-07-06", "violence_type": "state-based conflict", "deaths": 3}}, {"type": "Feature", "geometry": {"type": "Point", "coordinates": [34.303056, 31.344444]}, "properties": {"event_date": "2025-07-06", "violence_type": "state-based conflict", "deaths": 5}}, {"type": "Feature", "geometry": {"type": "Point", "coordinates": [34.325344, 31.342778]}, "properties": {"event_date": "2025-07-06", "violence_type": "state-based conflict", "deaths": 1}}, {"type": "Feature", "geometry": {"type": "Point", "coordinates": [34.446616, 31.534912]}, "properties": {"event_date": "2025-07-06", "violence_type": "state-based conflict", "deaths": 20}}, {"type": "Feature", "geometry": {"type": "Point", "coordinates": [34.413322, 31.482192]}, "properties": {"event_date": "2025-07-06", "violence_type": "state-based conflict", "deaths": 4}}, {"type": "Feature", "geometry": {"type": "Point", "coordinates": [34.45, 31.516667]}, "properties": {"event_date": "2025-07-06", "violence_type": "state-based conflict", "deaths": 1}}, {"type": "Feature", "geometry": {"type": "Point", "coordinates": [34.392875, 31.447656]}, "properties": {"event_date": "2025-07-06", "violence_type": "state-based conflict", "deaths": 5}}, {"type": "Feature", "geometry": {"type": "Point", "coordinates": [34.392875, 31.447656]}, "properties": {"event_date": "2025-07-06", "violence_type": "state-based conflict", "deaths": 4}}, {"type": "Feature", "geometry": {"type": "Point", "coordinates": [34.392875, 31.447656]}, "properties": {"event_date": "2025-07-06", "violence_type": "state-based conflict", "deaths": 7}}, {"type": "Feature", "geometry": {"type": "Point", "coordinates": [34.45, 31.516667]}, "properties": {"event_date": "2025-07-07", "violence_type": "state-based conflict", "deaths": 6}}, {"type": "Feature", "geometry": {"type": "Point", "coordinates": [34.301549, 31.374349]}, "properties": {"event_date": "2025-07-07", "violence_type": "state-based conflict", "deaths": 1}}, {"type": "Feature", "geometry": {"type": "Point", "coordinates": [35.39918, 33.25769]}, "properties": {"event_date": "2025-07-07", "violence_type": "state-based conflict", "deaths": 1}}, {"type": "Feature", "geometry": {"type": "Point", "coordinates": [35.332727, 33.133671]}, "properties": {"event_date": "2025-07-07", "violence_type": "state-based conflict", "deaths": 1}}, {"type": "Feature", "geometry": {"type": "Point", "coordinates": [34.325344, 31.342778]}, "properties": {"event_date": "2025-07-07", "violence_type": "state-based conflict", "deaths": 1}}, {"type": "Feature", "geometry": {"type": "Point", "coordinates": [34.303056, 31.344444]}, "properties": {"event_date": "2025-07-07", "violence_type": "state-based conflict", "deaths": 1}}, {"type": "Feature", "geometry": {"type": "Point", "coordinates": [34.535787, 31.535298]}, "properties": {"event_date": "2025-07-07", "violence_type": "state-based conflict", "deaths": 5}}, {"type": "Feature", "geometry": {"type": "Point", "coordinates": [34.243439, 31.296999]}, "properties": {"event_date": "2025-07-07", "violence_type": "state-based conflict", "deaths": 1}}, {"type": "Feature", "geometry": {"type": "Point", "coordinates": [34.402939, 31.439531]}, "properties": {"event_date": "2025-07-07", "violence_type": "state-based conflict", "deaths": 5}}, {"type": "Feature", "geometry": {"type": "Point", "coordinates": [34.243439, 31.296999]}, "properties": {"event_date": "2025-07-07", "violence_type": "state-based conflict", "deaths": 2}}, {"type": "Feature", "geometry": {"type": "Point", "coordinates": [34.373398, 31.425074]}, "properties": {"event_date": "2025-07-07", "violence_type": "state-based conflict", "deaths": 9}}, {"type": "Feature", "geometry": {"type": "Point", "coordinates": [34.45, 31.516667]}, "properties": {"event_date": "2025-07-07", "violence_type": "state-based conflict", "deaths": 1}}, {"type": "Feature", "geometry": {"type": "Point", "coordinates": [34.45, 31.516667]}, "properties": {"event_date": "2025-07-07", "violence_type": "state-based conflict", "deaths": 4}}, {"type": "Feature", "geometry": {"type": "Point", "coordinates": [34.392875, 31.447656]}, "properties": {"event_date": "2025-07-07", "violence_type": "state-based conflict", "deaths": 12}}, {"type": "Feature", "geometry": {"type": "Point", "coordinates": [34.45, 31.516667]}, "properties": {"event_date": "2025-07-07", "violence_type": "state-based conflict", "deaths": 2}}, {"type": "Feature", "geometry": {"type": "Point", "coordinates": [34.392875, 31.447656]}, "properties": {"event_date": "2025-07-07", "violence_type": "state-based conflict", "deaths": 2}}, {"type": "Feature", "geometry": {"type": "Point", "coordinates": [34.483471, 31.5272]}, "properties": {"event_date": "2025-07-07", "violence_type": "state-based conflict", "deaths": 1}}, {"type": "Feature", "geometry": {"type": "Point", "coordinates": [34.45, 31.516667]}, "properties": {"event_date": "2025-07-07", "violence_type": "state-based conflict", "deaths": 2}}, {"type": "Feature", "geometry": {"type": "Point", "coordinates": [34.45, 31.516667]}, "properties": {"event_date": "2025-07-07", "violence_type": "state-based conflict", "deaths": 2}}, {"type": "Feature", "geometry": {"type": "Point", "coordinates": [34.318592, 31.376438]}, "properties": {"event_date": "2025-07-07", "violence_type": "state-based conflict", "deaths": 2}}, {"type": "Feature", "geometry": {"type": "Point", "coordinates": [34.243439, 31.296999]}, "properties": {"event_date": "2025-07-07", "violence_type": "state-based conflict", "deaths": 5}}, {"type": "Feature", "geometry": {"type": "Point", "coordinates": [34.45, 31.516667]}, "properties": {"event_date": "2025-07-07", "violence_type": "state-based conflict", "deaths": 2}}, {"type": "Feature", "geometry": {"type": "Point", "coordinates": [34.256182, 31.34822]}, "properties": {"event_date": "2025-07-08", "violence_type": "state-based conflict", "deaths": 3}}, {"type": "Feature", "geometry": {"type": "Point", "coordinates": [35.849722, 34.436667]}, "properties": {"event_date": "2025-07-08", "violence_type": "state-based conflict", "deaths": 3}}, {"type": "Feature", "geometry": {"type": "Point", "coordinates": [35.34278, 33.42111]}, "properties": {"event_date": "2025-07-08", "violence_type": "state-based conflict", "deaths": 1}}, {"type": "Feature", "geometry": {"type": "Point", "coordinates": [34.256182, 31.34822]}, "properties": {"event_date": "2025-07-08", "violence_type": "state-based conflict", "deaths": 8}}, {"type": "Feature", "geometry": {"type": "Point", "coordinates": [34.256182, 31.34822]}, "properties": {"event_date": "2025-07-08", "violence_type": "state-based conflict", "deaths": 8}}, {"type": "Feature", "geometry": {"type": "Point", "coordinates": [34.256182, 31.34822]}, "properties": {"event_date": "2025-07-08", "violence_type": "state-based conflict", "deaths": 14}}, {"type": "Feature", "geometry": {"type": "Point", "coordinates": [34.35014, 31.417479]}, "properties": {"event_date": "2025-07-08", "violence_type": "state-based conflict", "deaths": 1}}, {"type": "Feature", "geometry": {"type": "Point", "coordinates": [34.256182, 31.34822]}, "properties": {"event_date": "2025-07-08", "violence_type": "state-based conflict", "deaths": 11}}, {"type": "Feature", "geometry": {"type": "Point", "coordinates": [34.303056, 31.344444]}, "properties": {"event_date": "2025-07-08", "violence_type": "state-based conflict", "deaths": 2}}, {"type": "Feature", "geometry": {"type": "Point", "coordinates": [34.392875, 31.447656]}, "properties": {"event_date": "2025-07-08", "violence_type": "state-based conflict", "deaths": 1}}, {"type": "Feature", "geometry": {"type": "Point", "coordinates": [34.340847, 31.373891]}, "properties": {"event_date": "2025-07-08", "violence_type": "state-based conflict", "deaths": 7}}, {"type": "Feature", "geometry": {"type": "Point", "coordinates": [34.45, 31.516667]}, "properties": {"event_date": "2025-07-08", "violence_type": "state-based conflict", "deaths": 4}}, {"type": "Feature", "geometry": {"type": "Point", "coordinates": [34.256182, 31.34822]}, "properties": {"event_date": "2025-07-08", "violence_type": "state-based conflict", "deaths": 1}}, {"type": "Feature", "geometry": {"type": "Point", "coordinates": [34.45, 31.516667]}, "properties": {"event_date": "2025-07-08", "violence_type": "state-based conflict", "deaths": 5}}, {"type": "Feature", "geometry": {"type": "Point", "coordinates": [34.45, 31.516667]}, "properties": {"event_date": "2025-07-08", "violence_type": "state-based conflict", "deaths": 4}}, {"type": "Feature", "geometry": {"type": "Point", "coordinates": [34.45, 31.516667]}, "properties": {"event_date": "2025-07-08", "violence_type": "state-based conflict", "deaths": 2}}, {"type": "Feature", "geometry": {"type": "Point", "coordinates": [34.243439, 31.296999]}, "properties": {"event_date": "2025-07-08", "violence_type": "state-based conflict", "deaths": 8}}, {"type": "Feature", "geometry": {"type": "Point", "coordinates": [34.256182, 31.34822]}, "properties": {"event_date": "2025-07-08", "violence_type": "state-based conflict", "deaths": 9}}, {"type": "Feature", "geometry": {"type": "Point", "coordinates": [34.256182, 31.34822]}, "properties": {"event_date": "2025-07-08", "violence_type": "state-based conflict", "deaths": 4}}, {"type": "Feature", "geometry": {"type": "Point", "coordinates": [34.446616, 31.534912]}, "properties": {"event_date": "2025-07-08", "violence_type": "state-based conflict", "deaths": 8}}, {"type": "Feature", "geometry": {"type": "Point", "coordinates": [34.35014, 31.417479]}, "properties": {"event_date": "2025-07-08", "violence_type": "state-based conflict", "deaths": 2}}, {"type": "Feature", "geometry": {"type": "Point", "coordinates": [34.303056, 31.344444]}, "properties": {"event_date": "2025-07-08", "violence_type": "state-based conflict", "deaths": 3}}, {"type": "Feature", "geometry": {"type": "Point", "coordinates": [34.256182, 31.34822]}, "properties": {"event_date": "2025-07-09", "violence_type": "state-based conflict", "deaths": 3}}, {"type": "Feature", "geometry": {"type": "Point", "coordinates": [34.402939, 31.439531]}, "properties": {"event_date": "2025-07-09", "violence_type": "state-based conflict", "deaths": 1}}, {"type": "Feature", "geometry": {"type": "Point", "coordinates": [34.45, 31.516667]}, "properties": {"event_date": "2025-07-09", "violence_type": "state-based conflict", "deaths": 3}}, {"type": "Feature", "geometry": {"type": "Point", "coordinates": [34.301549, 31.374349]}, "properties": {"event_date": "2025-07-09", "violence_type": "state-based conflict", "deaths": 4}}, {"type": "Feature", "geometry": {"type": "Point", "coordinates": [34.446616, 31.534912]}, "properties": {"event_date": "2025-07-09", "violence_type": "state-based conflict", "deaths": 4}}, {"type": "Feature", "geometry": {"type": "Point", "coordinates": [34.360099, 31.409835]}, "properties": {"event_date": "2025-07-09", "violence_type": "state-based conflict", "deaths": 1}}, {"type": "Feature", "geometry": {"type": "Point", "coordinates": [34.45, 31.516667]}, "properties": {"event_date": "2025-07-09", "violence_type": "state-based conflict", "deaths": 1}}, {"type": "Feature", "geometry": {"type": "Point", "coordinates": [34.35014, 31.417479]}, "properties": {"event_date": "2025-07-09", "violence_type": "state-based conflict", "deaths": 2}}, {"type": "Feature", "geometry": {"type": "Point", "coordinates": [34.303056, 31.344444]}, "properties": {"event_date": "2025-07-09", "violence_type": "state-based conflict", "deaths": 7}}, {"type": "Feature", "geometry": {"type": "Point", "coordinates": [34.293358, 31.349291]}, "properties": {"event_date": "2025-07-09", "violence_type": "state-based conflict", "deaths": 4}}, {"type": "Feature", "geometry": {"type": "Point", "coordinates": [34.446616, 31.534912]}, "properties": {"event_date": "2025-07-09", "violence_type": "state-based conflict", "deaths": 11}}, {"type": "Feature", "geometry": {"type": "Point", "coordinates": [34.45, 31.516667]}, "properties": {"event_date": "2025-07-09", "violence_type": "state-based conflict", "deaths": 2}}, {"type": "Feature", "geometry": {"type": "Point", "coordinates": [34.256182, 31.34822]}, "properties": {"event_date": "2025-07-09", "violence_type": "state-based conflict", "deaths": 19}}, {"type": "Feature", "geometry": {"type": "Point", "coordinates": [34.256182, 31.34822]}, "properties": {"event_date": "2025-07-09", "violence_type": "state-based conflict", "deaths": 1}}, {"type": "Feature", "geometry": {"type": "Point", "coordinates": [34.483471, 31.5272]}, "properties": {"event_date": "2025-07-09", "violence_type": "state-based conflict", "deaths": 3}}, {"type": "Feature", "geometry": {"type": "Point", "coordinates": [34.303056, 31.344444]}, "properties": {"event_date": "2025-07-09", "violence_type": "state-based conflict", "deaths": 2}}, {"type": "Feature", "geometry": {"type": "Point", "coordinates": [35.206772, 33.177877]}, "properties": {"event_date": "2025-07-10", "violence_type": "state-based conflict", "deaths": 1}}, {"type": "Feature", "geometry": {"type": "Point", "coordinates": [34.45, 31.516667]}, "properties": {"event_date": "2025-07-10", "violence_type": "state-based conflict", "deaths": 2}}, {"type": "Feature", "geometry": {"type": "Point", "coordinates": [34.45, 31.516667]}, "properties": {"event_date": "2025-07-10", "violence_type": "state-based conflict", "deaths": 3}}, {"type": "Feature", "geometry": {"type": "Point", "coordinates": [34.5, 31.55]}, "properties": {"event_date": "2025-07-10", "violence_type": "state-based conflict", "deaths": 3}}, {"type": "Feature", "geometry": {"type": "Point", "coordinates": [34.45, 31.516667]}, "properties": {"event_date": "2025-07-10", "violence_type": "state-based conflict", "deaths": 2}}, {"type": "Feature", "geometry": {"type": "Point", "coordinates": [34.35014, 31.417479]}, "properties": {"event_date": "2025-07-10", "violence_type": "state-based conflict", "deaths": 1}}, {"type": "Feature", "geometry": {"type": "Point", "coordinates": [34.303056, 31.344444]}, "properties": {"event_date": "2025-07-10", "violence_type": "state-based conflict", "deaths": 1}}, {"type": "Feature", "geometry": {"type": "Point", "coordinates": [34.340847, 31.373891]}, "properties": {"event_date": "2025-07-10", "violence_type": "state-based conflict", "deaths": 5}}, {"type": "Feature", "geometry": {"type": "Point", "coordinates": [34.45, 31.516667]}, "properties": {"event_date": "2025-07-10", "violence_type": "state-based conflict", "deaths": 4}}, {"type": "Feature", "geometry": {"type": "Point", "coordinates": [35.120833, 31.657778]}, "properties": {"event_date": "2025-07-10", "violence_type": "state-based conflict", "deaths": 3}}, {"type": "Feature", "geometry": {"type": "Point", "coordinates": [34.483471, 31.5272]}, "properties": {"event_date": "2025-07-10", "violence_type": "state-based conflict", "deaths": 5}}, {"type": "Feature", "geometry": {"type": "Point", "coordinates": [34.446616, 31.534912]}, "properties": {"event_date": "2025-07-10", "violence_type": "state-based conflict", "deaths": 2}}, {"type": "Feature", "geometry": {"type": "Point", "coordinates": [34.483471, 31.5272]}, "properties": {"event_date": "2025-07-10", "violence_type": "state-based conflict", "deaths": 10}}, {"type": "Feature", "geometry": {"type": "Point", "coordinates": [34.392875, 31.447656]}, "properties": {"event_date": "2025-07-10", "violence_type": "state-based conflict", "deaths": 1}}, {"type": "Feature", "geometry": {"type": "Point", "coordinates": [34.45, 31.516667]}, "properties": {"event_date": "2025-07-10", "violence_type": "state-based conflict", "deaths": 4}}, {"type": "Feature", "geometry": {"type": "Point", "coordinates": [34.243439, 31.296999]}, "properties": {"event_date": "2025-07-10", "violence_type": "state-based conflict", "deaths": 1}}, {"type": "Feature", "geometry": {"type": "Point", "coordinates": [34.402939, 31.439531]}, "properties": {"event_date": "2025-07-10", "violence_type": "state-based conflict", "deaths": 5}}, {"type": "Feature", "geometry": {"type": "Point", "coordinates": [34.256182, 31.34822]}, "properties": {"event_date": "2025-07-10", "violence_type": "state-based conflict", "deaths": 6}}, {"type": "Feature", "geometry": {"type": "Point", "coordinates": [34.35014, 31.417479]}, "properties": {"event_date": "2025-07-10", "violence_type": "state-based conflict", "deaths": 16}}, {"type": "Feature", "geometry": {"type": "Point", "coordinates": [34.45, 31.516667]}, "properties": {"event_date": "2025-07-10", "violence_type": "state-based conflict", "deaths": 4}}, {"type": "Feature", "geometry": {"type": "Point", "coordinates": [34.303056, 31.344444]}, "properties": {"event_date": "2025-07-10", "violence_type": "state-based conflict", "deaths": 2}}, {"type": "Feature", "geometry": {"type": "Point", "coordinates": [34.45, 31.516667]}, "properties": {"event_date": "2025-07-10", "violence_type": "state-based conflict", "deaths": 3}}, {"type": "Feature", "geometry": {"type": "Point", "coordinates": [34.483471, 31.5272]}, "properties": {"event_date": "2025-07-10", "violence_type": "state-based conflict", "deaths": 1}}, {"type": "Feature", "geometry": {"type": "Point", "coordinates": [34.392875, 31.447656]}, "properties": {"event_date": "2025-07-10", "violence_type": "state-based conflict", "deaths": 1}}, {"type": "Feature", "geometry": {"type": "Point", "coordinates": [34.256182, 31.34822]}, "properties": {"event_date": "2025-07-11", "violence_type": "state-based conflict", "deaths": 11}}, {"type": "Feature", "geometry": {"type": "Point", "coordinates": [34.35014, 31.417479]}, "properties": {"event_date": "2025-07-11", "violence_type": "state-based conflict", "deaths": 6}}, {"type": "Feature", "geometry": {"type": "Point", "coordinates": [34.45, 31.516667]}, "properties": {"event_date": "2025-07-11", "violence_type": "state-based conflict", "deaths": 1}}, {"type": "Feature", "geometry": {"type": "Point", "coordinates": [34.303056, 31.344444]}, "properties": {"event_date": "2025-07-11", "violence_type": "state-based conflict", "deaths": 2}}, {"type": "Feature", "geometry": {"type": "Point", "coordinates": [34.303056, 31.344444]}, "properties": {"event_date": "2025-07-11", "violence_type": "state-based conflict", "deaths": 2}}, {"type": "Feature", "geometry": {"type": "Point", "coordinates": [34.303056, 31.344444]}, "properties": {"event_date": "2025-07-11", "violence_type": "state-based conflict", "deaths": 1}}, {"type": "Feature", "geometry": {"type": "Point", "coordinates": [34.243439, 31.296999]}, "properties": {"event_date": "2025-07-11", "violence_type": "state-based conflict", "deaths": 10}}, {"type": "Feature", "geometry": {"type": "Point", "coordinates": [34.45, 31.516667]}, "properties": {"event_date": "2025-07-11", "violence_type": "state-based conflict", "deaths": 1}}, {"type": "Feature", "geometry": {"type": "Point", "coordinates": [34.483471, 31.5272]}, "properties": {"event_date": "2025-07-11", "violence_type": "state-based conflict", "deaths": 3}}, {"type": "Feature", "geometry": {"type": "Point", "coordinates": [34.392875, 31.447656]}, "properties": {"event_date": "2025-07-11", "violence_type": "state-based conflict", "deaths": 3}}, {"type": "Feature", "geometry": {"type": "Point", "coordinates": [34.45, 31.516667]}, "properties": {"event_date": "2025-07-11", "violence_type": "state-based conflict", "deaths": 2}}, {"type": "Feature", "geometry": {"type": "Point", "coordinates": [34.45, 31.516667]}, "properties": {"event_date": "2025-07-11", "violence_type": "state-based conflict", "deaths": 5}}, {"type": "Feature", "geometry": {"type": "Point", "coordinates": [35.39868, 33.424114]}, "properties": {"event_date": "2025-07-11", "violence_type": "state-based conflict", "deaths": 1}}, {"type": "Feature", "geometry": {"type": "Point", "coordinates": [34.45, 31.516667]}, "properties": {"event_date": "2025-07-11", "violence_type": "state-based conflict", "deaths": 2}}, {"type": "Feature", "geometry": {"type": "Point", "coordinates": [34.45, 31.516667]}, "properties": {"event_date": "2025-07-12", "violence_type": "state-based conflict", "deaths": 4}}, {"type": "Feature", "geometry": {"type": "Point", "coordinates": [34.45, 31.516667]}, "properties": {"event_date": "2025-07-12", "violence_type": "state-based conflict", "deaths": 4}}, {"type": "Feature", "geometry": {"type": "Point", "coordinates": [34.45, 31.516667]}, "properties": {"event_date": "2025-07-12", "violence_type": "state-based conflict", "deaths": 2}}, {"type": "Feature", "geometry": {"type": "Point", "coordinates": [34.3925, 31.448611]}, "properties": {"event_date": "2025-07-12", "violence_type": "state-based conflict", "deaths": 1}}, {"type": "Feature", "geometry": {"type": "Point", "coordinates": [34.303056, 31.344444]}, "properties": {"event_date": "2025-07-12", "violence_type": "state-based conflict", "deaths": 2}}, {"type": "Feature", "geometry": {"type": "Point", "coordinates": [34.35014, 31.417479]}, "properties": {"event_date": "2025-07-12", "violence_type": "state-based conflict", "deaths": 4}}, {"type": "Feature", "geometry": {"type": "Point", "coordinates": [34.243439, 31.296999]}, "properties": {"event_date": "2025-07-12", "violence_type": "state-based conflict", "deaths": 31}}, {"type": "Feature", "geometry": {"type": "Point", "coordinates": [34.35014, 31.417479]}, "properties": {"event_date": "2025-07-12", "violence_type": "state-based conflict", "deaths": 2}}, {"type": "Feature", "geometry": {"type": "Point", "coordinates": [34.303056, 31.344444]}, "properties": {"event_date": "2025-07-12", "violence_type": "state-based conflict", "deaths": 2}}, {"type": "Feature", "geometry": {"type": "Point", "coordinates": [34.325344, 31.342778]}, "properties": {"event_date": "2025-07-12", "violence_type": "state-based conflict", "deaths": 8}}, {"type": "Feature", "geometry": {"type": "Point", "coordinates": [34.483471, 31.5272]}, "properties": {"event_date": "2025-07-12", "violence_type": "state-based conflict", "deaths": 15}}, {"type": "Feature", "geometry": {"type": "Point", "coordinates": [34.45, 31.516667]}, "properties": {"event_date": "2025-07-12", "violence_type": "state-based conflict", "deaths": 7}}, {"type": "Feature", "geometry": {"type": "Point", "coordinates": [34.446616, 31.534912]}, "properties": {"event_date": "2025-07-12", "violence_type": "state-based conflict", "deaths": 11}}, {"type": "Feature", "geometry": {"type": "Point", "coordinates": [34.347589, 31.323708]}, "properties": {"event_date": "2025-07-12", "violence_type": "state-based conflict", "deaths": 8}}, {"type": "Feature", "geometry": {"type": "Point", "coordinates": [34.45, 31.516667]}, "properties": {"event_date": "2025-07-12", "violence_type": "state-based conflict", "deaths": 2}}, {"type": "Feature", "geometry": {"type": "Point", "coordinates": [34.373398, 31.425074]}, "properties": {"event_date": "2025-07-12", "violence_type": "state-based conflict", "deaths": 26}}, {"type": "Feature", "geometry": {"type": "Point", "coordinates": [36.56737, 32.711796]}, "properties": {"event_date": "2025-07-13", "violence_type": "non-state conflict", "deaths": 65}}, {"type": "Feature", "geometry": {"type": "Point", "coordinates": [34.45, 31.516667]}, "properties": {"event_date": "2025-07-13", "violence_type": "state-based conflict", "deaths": 1}}, {"type": "Feature", "geometry": {"type": "Point", "coordinates": [34.256182, 31.34822]}, "properties": {"event_date": "2025-07-13", "violence_type": "state-based conflict", "deaths": 5}}, {"type": "Feature", "geometry": {"type": "Point", "coordinates": [34.45, 31.516667]}, "properties": {"event_date": "2025-07-13", "violence_type": "state-based conflict", "deaths": 2}}, {"type": "Feature", "geometry": {"type": "Point", "coordinates": [34.45, 31.516667]}, "properties": {"event_date": "2025-07-13", "violence_type": "state-based conflict", "deaths": 17}}, {"type": "Feature", "geometry": {"type": "Point", "coordinates": [34.243439, 31.296999]}, "properties": {"event_date": "2025-07-13", "violence_type": "state-based conflict", "deaths": 1}}, {"type": "Feature", "geometry": {"type": "Point", "coordinates": [34.45, 31.516667]}, "properties": {"event_date": "2025-07-13", "violence_type": "state-based conflict", "deaths": 1}}, {"type": "Feature", "geometry": {"type": "Point", "coordinates": [34.392875, 31.447656]}, "properties": {"event_date": "2025-07-13", "violence_type": "state-based conflict", "deaths": 11}}, {"type": "Feature", "geometry": {"type": "Point", "coordinates": [34.45, 31.516667]}, "properties": {"event_date": "2025-07-13", "violence_type": "state-based conflict", "deaths": 3}}, {"type": "Feature", "geometry": {"type": "Point", "coordinates": [34.36595, 31.428439]}, "properties": {"event_date": "2025-07-13", "violence_type": "state-based conflict", "deaths": 9}}, {"type": "Feature", "geometry": {"type": "Point", "coordinates": [34.340847, 31.373891]}, "properties": {"event_date": "2025-07-13", "violence_type": "state-based conflict", "deaths": 5}}, {"type": "Feature", "geometry": {"type": "Point", "coordinates": [34.45, 31.516667]}, "properties": {"event_date": "2025-07-13", "violence_type": "state-based conflict", "deaths": 2}}, {"type": "Feature", "geometry": {"type": "Point", "coordinates": [34.373398, 31.425074]}, "properties": {"event_date": "2025-07-13", "violence_type": "state-based conflict", "deaths": 6}}, {"type": "Feature", "geometry": {"type": "Point", "coordinates": [34.45, 31.516667]}, "properties": {"event_date": "2025-07-13", "violence_type": "state-based conflict", "deaths": 5}}, {"type": "Feature", "geometry": {"type": "Point", "coordinates": [34.392875, 31.447656]}, "properties": {"event_date": "2025-07-13", "violence_type": "state-based conflict", "deaths": 10}}, {"type": "Feature", "geometry": {"type": "Point", "coordinates": [34.256182, 31.34822]}, "properties": {"event_date": "2025-07-13", "violence_type": "state-based conflict", "deaths": 3}}, {"type": "Feature", "geometry": {"type": "Point", "coordinates": [34.483471, 31.5272]}, "properties": {"event_date": "2025-07-14", "violence_type": "state-based conflict", "deaths": 3}}, {"type": "Feature", "geometry": {"type": "Point", "coordinates": [34.303056, 31.344444]}, "properties": {"event_date": "2025-07-14", "violence_type": "state-based conflict", "deaths": 9}}, {"type": "Feature", "geometry": {"type": "Point", "coordinates": [34.45, 31.516667]}, "properties": {"event_date": "2025-07-14", "violence_type": "state-based conflict", "deaths": 14}}, {"type": "Feature", "geometry": {"type": "Point", "coordinates": [34.402939, 31.439531]}, "properties": {"event_date": "2025-07-14", "violence_type": "state-based conflict", "deaths": 4}}, {"type": "Feature", "geometry": {"type": "Point", "coordinates": [34.392875, 31.447656]}, "properties": {"event_date": "2025-07-14", "violence_type": "state-based conflict", "deaths": 1}}, {"type": "Feature", "geometry": {"type": "Point", "coordinates": [34.303056, 31.344444]}, "properties": {"event_date": "2025-07-14", "violence_type": "state-based conflict", "deaths": 4}}, {"type": "Feature", "geometry": {"type": "Point", "coordinates": [34.45, 31.516667]}, "properties": {"event_date": "2025-07-14", "violence_type": "state-based conflict", "deaths": 3}}, {"type": "Feature", "geometry": {"type": "Point", "coordinates": [34.45, 31.516667]}, "properties": {"event_date": "2025-07-14", "violence_type": "state-based conflict", "deaths": 19}}, {"type": "Feature", "geometry": {"type": "Point", "coordinates": [34.45, 31.516667]}, "properties": {"event_date": "2025-07-14", "violence_type": "state-based conflict", "deaths": 3}}, {"type": "Feature", "geometry": {"type": "Point", "coordinates": [34.45, 31.516667]}, "properties": {"event_date": "2025-07-14", "violence_type": "state-based conflict", "deaths": 5}}, {"type": "Feature", "geometry": {"type": "Point", "coordinates": [34.325344, 31.342778]}, "properties": {"event_date": "2025-07-14", "violence_type": "state-based conflict", "deaths": 7}}, {"type": "Feature", "geometry": {"type": "Point", "coordinates": [34.303056, 31.344444]}, "properties": {"event_date": "2025-07-14", "violence_type": "state-based conflict", "deaths": 1}}, {"type": "Feature", "geometry": {"type": "Point", "coordinates": [34.45, 31.516667]}, "properties": {"event_date": "2025-07-14", "violence_type": "state-based conflict", "deaths": 4}}, {"type": "Feature", "geometry": {"type": "Point", "coordinates": [34.45, 31.516667]}, "properties": {"event_date": "2025-07-15", "violence_type": "state-based conflict", "deaths": 3}}, {"type": "Feature", "geometry": {"type": "Point", "coordinates": [34.45, 31.516667]}, "properties": {"event_date": "2025-07-15", "violence_type": "state-based conflict", "deaths": 3}}, {"type": "Feature", "geometry": {"type": "Point", "coordinates": [34.45, 31.516667]}, "properties": {"event_date": "2025-07-15", "violence_type": "state-based conflict", "deaths": 1}}, {"type": "Feature", "geometry": {"type": "Point", "coordinates": [34.45, 31.516667]}, "properties": {"event_date": "2025-07-15", "violence_type": "state-based conflict", "deaths": 2}}, {"type": "Feature", "geometry": {"type": "Point", "coordinates": [36.56737, 32.711796]}, "properties": {"event_date": "2025-07-15", "violence_type": "one-sided violence", "deaths": 14}}, {"type": "Feature", "geometry": {"type": "Point", "coordinates": [34.446616, 31.534912]}, "properties": {"event_date": "2025-07-15", "violence_type": "state-based conflict", "deaths": 11}}, {"type": "Feature", "geometry": {"type": "Point", "coordinates": [34.446616, 31.534912]}, "properties": {"event_date": "2025-07-15", "violence_type": "state-based conflict", "deaths": 2}}, {"type": "Feature", "geometry": {"type": "Point", "coordinates": [34.256182, 31.34822]}, "properties": {"event_date": "2025-07-15", "violence_type": "state-based conflict", "deaths": 1}}, {"type": "Feature", "geometry": {"type": "Point", "coordinates": [34.45, 31.516667]}, "properties": {"event_date": "2025-07-15", "violence_type": "state-based conflict", "deaths": 1}}, {"type": "Feature", "geometry": {"type": "Point", "coordinates": [34.495142, 31.546397]}, "properties": {"event_date": "2025-07-15", "violence_type": "state-based conflict", "deaths": 1}}, {"type": "Feature", "geometry": {"type": "Point", "coordinates": [34.373398, 31.425074]}, "properties": {"event_date": "2025-07-15", "violence_type": "state-based conflict", "deaths": 19}}, {"type": "Feature", "geometry": {"type": "Point", "coordinates": [36.56737, 32.711796]}, "properties": {"event_date": "2025-07-15", "violence_type": "one-sided violence", "deaths": 1}}, {"type": "Feature", "geometry": {"type": "Point", "coordinates": [34.243439, 31.296999]}, "properties": {"event_date": "2025-07-15", "violence_type": "state-based conflict", "deaths": 2}}, {"type": "Feature", "geometry": {"type": "Point", "coordinates": [34.45, 31.516667]}, "properties": {"event_date": "2025-07-15", "violence_type": "state-based conflict", "deaths": 3}}, {"type": "Feature", "geometry": {"type": "Point", "coordinates": [34.45, 31.516667]}, "properties": {"event_date": "2025-07-15", "violence_type": "state-based conflict", "deaths": 3}}, {"type": "Feature", "geometry": {"type": "Point", "coordinates": [36.56737, 32.711796]}, "properties": {"event_date": "2025-07-15", "violence_type": "state-based conflict", "deaths": 4}}, {"type": "Feature", "geometry": {"type": "Point", "coordinates": [36.308793, 34.28632]}, "properties": {"event_date": "2025-07-15", "violence_type": "state-based conflict", "deaths": 12}}, {"type": "Feature", "geometry": {"type": "Point", "coordinates": [34.446616, 31.534912]}, "properties": {"event_date": "2025-07-15", "violence_type": "state-based conflict", "deaths": 5}}, {"type": "Feature", "geometry": {"type": "Point", "coordinates": [34.45, 31.516667]}, "properties": {"event_date": "2025-07-15", "violence_type": "state-based conflict", "deaths": 5}}, {"type": "Feature", "geometry": {"type": "Point", "coordinates": [34.45, 31.516667]}, "properties": {"event_date": "2025-07-15", "violence_type": "state-based conflict", "deaths": 2}}, {"type": "Feature", "geometry": {"type": "Point", "coordinates": [34.45, 31.516667]}, "properties": {"event_date": "2025-07-15", "violence_type": "state-based conflict", "deaths": 1}}, {"type": "Feature", "geometry": {"type": "Point", "coordinates": [34.35014, 31.417479]}, "properties": {"event_date": "2025-07-16", "violence_type": "state-based conflict", "deaths": 7}}, {"type": "Feature", "geometry": {"type": "Point", "coordinates": [34.392875, 31.447656]}, "properties": {"event_date": "2025-07-16", "violence_type": "state-based conflict", "deaths": 4}}, {"type": "Feature", "geometry": {"type": "Point", "coordinates": [34.392875, 31.447656]}, "properties": {"event_date": "2025-07-16", "violence_type": "state-based conflict", "deaths": 5}}, {"type": "Feature", "geometry": {"type": "Point", "coordinates": [34.495142, 31.546397]}, "properties": {"event_date": "2025-07-16", "violence_type": "state-based conflict", "deaths": 2}}, {"type": "Feature", "geometry": {"type": "Point", "coordinates": [34.268825, 31.31517]}, "properties": {"event_date": "2025-07-16", "violence_type": "state-based conflict", "deaths": 24}}, {"type": "Feature", "geometry": {"type": "Point", "coordinates": [34.392875, 31.447656]}, "properties": {"event_date": "2025-07-16", "violence_type": "state-based conflict", "deaths": 4}}, {"type": "Feature", "geometry": {"type": "Point", "coordinates": [36.291575, 33.513364]}, "properties": {"event_date": "2025-07-16", "violence_type": "state-based conflict", "deaths": 3}}, {"type": "Feature", "geometry": {"type": "Point", "coordinates": [34.256182, 31.34822]}, "properties": {"event_date": "2025-07-16", "violence_type": "state-based conflict", "deaths": 6}}, {"type": "Feature", "geometry": {"type": "Point", "coordinates": [34.45, 31.516667]}, "properties": {"event_date": "2025-07-16", "violence_type": "state-based conflict", "deaths": 1}}, {"type": "Feature", "geometry": {"type": "Point", "coordinates": [34.45, 31.516667]}, "properties": {"event_date": "2025-07-16", "violence_type": "state-based conflict", "deaths": 2}}, {"type": "Feature", "geometry": {"type": "Point", "coordinates": [34.402939, 31.439531]}, "properties": {"event_date": "2025-07-16", "violence_type": "state-based conflict", "deaths": 3}}, {"type": "Feature", "geometry": {"type": "Point", "coordinates": [34.36595, 31.428439]}, "properties": {"event_date": "2025-07-16", "violence_type": "state-based conflict", "deaths": 1}}, {"type": "Feature", "geometry": {"type": "Point", "coordinates": [36.50958, 32.66517]}, "properties": {"event_date": "2025-07-16", "violence_type": "one-sided violence", "deaths": 4}}, {"type": "Feature", "geometry": {"type": "Point", "coordinates": [34.45, 31.516667]}, "properties": {"event_date": "2025-07-16", "violence_type": "state-based conflict", "deaths": 5}}, {"type": "Feature", "geometry": {"type": "Point", "coordinates": [36.53383, 32.59497]}, "properties": {"event_date": "2025-07-16", "violence_type": "state-based conflict", "deaths": 3}}, {"type": "Feature", "geometry": {"type": "Point", "coordinates": [36.56737, 32.711796]}, "properties": {"event_date": "2025-07-16", "violence_type": "one-sided violence", "deaths": 12}}, {"type": "Feature", "geometry": {"type": "Point", "coordinates": [36.56737, 32.711796]}, "properties": {"event_date": "2025-07-16", "violence_type": "one-sided violence", "deaths": 4}}, {"type": "Feature", "geometry": {"type": "Point", "coordinates": [36.56737, 32.711796]}, "properties": {"event_date": "2025-07-16", "violence_type": "one-sided violence", "deaths": 8}}, {"type": "Feature", "geometry": {"type": "Point", "coordinates": [36.56737, 32.711796]}, "properties": {"event_date": "2025-07-16", "violence_type": "one-sided violence", "deaths": 2}}, {"type": "Feature", "geometry": {"type": "Point", "coordinates": [36.56737, 32.711796]}, "properties": {"event_date": "2025-07-16", "violence_type": "one-sided violence", "deaths": 16}}, {"type": "Feature", "geometry": {"type": "Point", "coordinates": [36.56737, 32.711796]}, "properties": {"event_date": "2025-07-16", "violence_type": "one-sided violence", "deaths": 4}}, {"type": "Feature", "geometry": {"type": "Point", "coordinates": [34.373398, 31.425074]}, "properties": {"event_date": "2025-07-16", "violence_type": "state-based conflict", "deaths": 23}}, {"type": "Feature", "geometry": {"type": "Point", "coordinates": [36.56737, 32.711796]}, "properties": {"event_date": "2025-07-16", "violence_type": "one-sided violence", "deaths": 9}}, {"type": "Feature", "geometry": {"type": "Point", "coordinates": [36.483056, 32.784167]}, "properties": {"event_date": "2025-07-16", "violence_type": "one-sided violence", "deaths": 30}}, {"type": "Feature", "geometry": {"type": "Point", "coordinates": [36.56737, 32.711796]}, "properties": {"event_date": "2025-07-16", "violence_type": "state-based conflict", "deaths": 5}}, {"type": "Feature", "geometry": {"type": "Point", "coordinates": [34.483471, 31.5272]}, "properties": {"event_date": "2025-07-17", "violence_type": "state-based conflict", "deaths": 7}}, {"type": "Feature", "geometry": {"type": "Point", "coordinates": [34.45, 31.516667]}, "properties": {"event_date": "2025-07-17", "violence_type": "state-based conflict", "deaths": 1}}, {"type": "Feature", "geometry": {"type": "Point", "coordinates": [35.44586, 33.387985]}, "properties": {"event_date": "2025-07-17", "violence_type": "state-based conflict", "deaths": 1}}, {"type": "Feature", "geometry": {"type": "Point", "coordinates": [34.45, 31.516667]}, "properties": {"event_date": "2025-07-17", "violence_type": "state-based conflict", "deaths": 5}}, {"type": "Feature", "geometry": {"type": "Point", "coordinates": [34.483471, 31.5272]}, "properties": {"event_date": "2025-07-17", "violence_type": "state-based conflict", "deaths": 4}}, {"type": "Feature", "geometry": {"type": "Point", "coordinates": [34.306268, 31.340177]}, "properties": {"event_date": "2025-07-17", "violence_type": "state-based conflict", "deaths": 6}}, {"type": "Feature", "geometry": {"type": "Point", "coordinates": [34.303056, 31.344444]}, "properties": {"event_date": "2025-07-17", "violence_type": "state-based conflict", "deaths": 1}}, {"type": "Feature", "geometry": {"type": "Point", "coordinates": [34.402939, 31.439531]}, "properties": {"event_date": "2025-07-17", "violence_type": "state-based conflict", "deaths": 5}}, {"type": "Feature", "geometry": {"type": "Point", "coordinates": [34.45, 31.516667]}, "properties": {"event_date": "2025-07-17", "violence_type": "state-based conflict", "deaths": 1}}, {"type": "Feature", "geometry": {"type": "Point", "coordinates": [34.45, 31.516667]}, "properties": {"event_date": "2025-07-17", "violence_type": "state-based conflict", "deaths": 6}}, {"type": "Feature", "geometry": {"type": "Point", "coordinates": [34.392875, 31.447656]}, "properties": {"event_date": "2025-07-17", "violence_type": "state-based conflict", "deaths": 4}}, {"type": "Feature", "geometry": {"type": "Point", "coordinates": [34.483471, 31.5272]}, "properties": {"event_date": "2025-07-17", "violence_type": "state-based conflict", "deaths": 3}}, {"type": "Feature", "geometry": {"type": "Point", "coordinates": [34.45, 31.516667]}, "properties": {"event_date": "2025-07-17", "violence_type": "state-based conflict", "deaths": 1}}, {"type": "Feature", "geometry": {"type": "Point", "coordinates": [34.45, 31.516667]}, "properties": {"event_date": "2025-07-17", "violence_type": "state-based conflict", "deaths": 8}}, {"type": "Feature", "geometry": {"type": "Point", "coordinates": [34.45, 31.516667]}, "properties": {"event_date": "2025-07-17", "violence_type": "state-based conflict", "deaths": 3}}, {"type": "Feature", "geometry": {"type": "Point", "coordinates": [34.256182, 31.34822]}, "properties": {"event_date": "2025-07-17", "violence_type": "state-based conflict", "deaths": 9}}, {"type": "Feature", "geometry": {"type": "Point", "coordinates": [51.53609, 32.6856]}, "properties": {"event_date": "2025-07-18", "violence_type": "one-sided violence", "deaths": 3}}, {"type": "Feature", "geometry": {"type": "Point", "coordinates": [34.373398, 31.425074]}, "properties": {"event_date": "2025-07-18", "violence_type": "state-based conflict", "deaths": 7}}, {"type": "Feature", "geometry": {"type": "Point", "coordinates": [34.303056, 31.344444]}, "properties": {"event_date": "2025-07-18", "violence_type": "state-based conflict", "deaths": 1}}, {"type": "Feature", "geometry": {"type": "Point", "coordinates": [34.360099, 31.409835]}, "properties": {"event_date": "2025-07-18", "violence_type": "state-based conflict", "deaths": 2}}, {"type": "Feature", "geometry": {"type": "Point", "coordinates": [34.409722, 31.4675]}, "properties": {"event_date": "2025-07-18", "violence_type": "state-based conflict", "deaths": 1}}, {"type": "Feature", "geometry": {"type": "Point", "coordinates": [35.168743, 32.44629]}, "properties": {"event_date": "2025-07-18", "violence_type": "one-sided violence", "deaths": 1}}, {"type": "Feature", "geometry": {"type": "Point", "coordinates": [34.256182, 31.34822]}, "properties": {"event_date": "2025-07-18", "violence_type": "state-based conflict", "deaths": 5}}, {"type": "Feature", "geometry": {"type": "Point", "coordinates": [34.303056, 31.344444]}, "properties": {"event_date": "2025-07-18", "violence_type": "state-based conflict", "deaths": 2}}, {"type": "Feature", "geometry": {"type": "Point", "coordinates": [34.256182, 31.34822]}, "properties": {"event_date": "2025-07-18", "violence_type": "state-based conflict", "deaths": 4}}, {"type": "Feature", "geometry": {"type": "Point", "coordinates": [34.293358, 31.349291]}, "properties": {"event_date": "2025-07-18", "violence_type": "state-based conflict", "deaths": 9}}, {"type": "Feature", "geometry": {"type": "Point", "coordinates": [34.483471, 31.5272]}, "properties": {"event_date": "2025-07-18", "violence_type": "state-based conflict", "deaths": 5}}, {"type": "Feature", "geometry": {"type": "Point", "coordinates": [34.45, 31.516667]}, "properties": {"event_date": "2025-07-18", "violence_type": "state-based conflict", "deaths": 3}}, {"type": "Feature", "geometry": {"type": "Point", "coordinates": [34.243439, 31.296999]}, "properties": {"event_date": "2025-07-18", "violence_type": "state-based conflict", "deaths": 10}}, {"type": "Feature", "geometry": {"type": "Point", "coordinates": [34.303056, 31.344444]}, "properties": {"event_date": "2025-07-18", "violence_type": "state-based conflict", "deaths": 1}}, {"type": "Feature", "geometry": {"type": "Point", "coordinates": [34.45, 31.516667]}, "properties": {"event_date": "2025-07-18", "violence_type": "state-based conflict", "deaths": 1}}, {"type": "Feature", "geometry": {"type": "Point", "coordinates": [36.56737, 32.711796]}, "properties": {"event_date": "2025-07-19", "violence_type": "one-sided violence", "deaths": 2}}, {"type": "Feature", "geometry": {"type": "Point", "coordinates": [36.56737, 32.711796]}, "properties": {"event_date": "2025-07-19", "violence_type": "one-sided violence", "deaths": 7}}, {"type": "Feature", "geometry": {"type": "Point", "coordinates": [34.45, 31.516667]}, "properties": {"event_date": "2025-07-19", "violence_type": "state-based conflict", "deaths": 4}}, {"type": "Feature", "geometry": {"type": "Point", "coordinates": [34.414752, 31.455404]}, "properties": {"event_date": "2025-07-19", "violence_type": "state-based conflict", "deaths": 1}}, {"type": "Feature", "geometry": {"type": "Point", "coordinates": [34.45, 31.516667]}, "properties": {"event_date": "2025-07-19", "violence_type": "state-based conflict", "deaths": 4}}, {"type": "Feature", "geometry": {"type": "Point", "coordinates": [34.45, 31.516667]}, "properties": {"event_date": "2025-07-19", "violence_type": "state-based conflict", "deaths": 1}}, {"type": "Feature", "geometry": {"type": "Point", "coordinates": [34.45, 31.516667]}, "properties": {"event_date": "2025-07-19", "violence_type": "state-based conflict", "deaths": 1}}, {"type": "Feature", "geometry": {"type": "Point", "coordinates": [34.45, 31.516667]}, "properties": {"event_date": "2025-07-19", "violence_type": "state-based conflict", "deaths": 1}}, {"type": "Feature", "geometry": {"type": "Point", "coordinates": [34.45, 31.516667]}, "properties": {"event_date": "2025-07-19", "violence_type": "state-based conflict", "deaths": 1}}, {"type": "Feature", "geometry": {"type": "Point", "coordinates": [34.45, 31.516667]}, "properties": {"event_date": "2025-07-19", "violence_type": "state-based conflict", "deaths": 1}}, {"type": "Feature", "geometry": {"type": "Point", "coordinates": [34.45, 31.516667]}, "properties": {"event_date": "2025-07-19", "violence_type": "state-based conflict", "deaths": 2}}, {"type": "Feature", "geometry": {"type": "Point", "coordinates": [34.45, 31.516667]}, "properties": {"event_date": "2025-07-19", "violence_type": "state-based conflict", "deaths": 2}}, {"type": "Feature", "geometry": {"type": "Point", "coordinates": [34.45, 31.516667]}, "properties": {"event_date": "2025-07-19", "violence_type": "state-based conflict", "deaths": 3}}, {"type": "Feature", "geometry": {"type": "Point", "coordinates": [34.256182, 31.34822]}, "properties": {"event_date": "2025-07-19", "violence_type": "state-based conflict", "deaths": 6}}, {"type": "Feature", "geometry": {"type": "Point", "coordinates": [34.303056, 31.344444]}, "properties": {"event_date": "2025-07-19", "violence_type": "state-based conflict", "deaths": 6}}, {"type": "Feature", "geometry": {"type": "Point", "coordinates": [34.256182, 31.34822]}, "properties": {"event_date": "2025-07-19", "violence_type": "state-based conflict", "deaths": 3}}, {"type": "Feature", "geometry": {"type": "Point", "coordinates": [34.325344, 31.342778]}, "properties": {"event_date": "2025-07-19", "violence_type": "state-based conflict", "deaths": 1}}, {"type": "Feature", "geometry": {"type": "Point", "coordinates": [34.303056, 31.344444]}, "properties": {"event_date": "2025-07-19", "violence_type": "state-based conflict", "deaths": 3}}, {"type": "Feature", "geometry": {"type": "Point", "coordinates": [34.36595, 31.428439]}, "properties": {"event_date": "2025-07-19", "violence_type": "state-based conflict", "deaths": 11}}, {"type": "Feature", "geometry": {"type": "Point", "coordinates": [34.413322, 31.482192]}, "properties": {"event_date": "2025-07-19", "violence_type": "state-based conflict", "deaths": 3}}, {"type": "Feature", "geometry": {"type": "Point", "coordinates": [34.243439, 31.296999]}, "properties": {"event_date": "2025-07-19", "violence_type": "state-based conflict", "deaths": 1}}, {"type": "Feature", "geometry": {"type": "Point", "coordinates": [34.360099, 31.409835]}, "properties": {"event_date": "2025-07-19", "violence_type": "state-based conflict", "deaths": 4}}, {"type": "Feature", "geometry": {"type": "Point", "coordinates": [34.392875, 31.447656]}, "properties": {"event_date": "2025-07-19", "violence_type": "state-based conflict", "deaths": 11}}, {"type": "Feature", "geometry": {"type": "Point", "coordinates": [34.243439, 31.296999]}, "properties": {"event_date": "2025-07-19", "violence_type": "state-based conflict", "deaths": 33}}, {"type": "Feature", "geometry": {"type": "Point", "coordinates": [34.45, 31.516667]}, "properties": {"event_date": "2025-07-19", "violence_type": "state-based conflict", "deaths": 7}}, {"type": "Feature", "geometry": {"type": "Point", "coordinates": [34.303056, 31.344444]}, "properties": {"event_date": "2025-07-19", "violence_type": "state-based conflict", "deaths": 2}}, {"type": "Feature", "geometry": {"type": "Point", "coordinates": [34.45, 31.516667]}, "properties": {"event_date": "2025-07-19", "violence_type": "state-based conflict", "deaths": 4}}, {"type": "Feature", "geometry": {"type": "Point", "coordinates": [34.402939, 31.439531]}, "properties": {"event_date": "2025-07-19", "violence_type": "state-based conflict", "deaths": 3}}, {"type": "Feature", "geometry": {"type": "Point", "coordinates": [34.483471, 31.5272]}, "properties": {"event_date": "2025-07-19", "violence_type": "state-based conflict", "deaths": 2}}, {"type": "Feature", "geometry": {"type": "Point", "coordinates": [34.45, 31.516667]}, "properties": {"event_date": "2025-07-19", "violence_type": "state-based conflict", "deaths": 3}}, {"type": "Feature", "geometry": {"type": "Point", "coordinates": [34.325344, 31.342778]}, "properties": {"event_date": "2025-07-19", "violence_type": "state-based conflict", "deaths": 4}}, {"type": "Feature", "geometry": {"type": "Point", "coordinates": [34.45, 31.516667]}, "properties": {"event_date": "2025-07-19", "violence_type": "state-based conflict", "deaths": 4}}, {"type": "Feature", "geometry": {"type": "Point", "coordinates": [34.373398, 31.425074]}, "properties": {"event_date": "2025-07-20", "violence_type": "state-based conflict", "deaths": 26}}, {"type": "Feature", "geometry": {"type": "Point", "coordinates": [34.413322, 31.482192]}, "properties": {"event_date": "2025-07-20", "violence_type": "state-based conflict", "deaths": 5}}, {"type": "Feature", "geometry": {"type": "Point", "coordinates": [34.45, 31.516667]}, "properties": {"event_date": "2025-07-20", "violence_type": "state-based conflict", "deaths": 2}}, {"type": "Feature", "geometry": {"type": "Point", "coordinates": [34.35014, 31.417479]}, "properties": {"event_date": "2025-07-20", "violence_type": "state-based conflict", "deaths": 1}}, {"type": "Feature", "geometry": {"type": "Point", "coordinates": [34.256182, 31.34822]}, "properties": {"event_date": "2025-07-20", "violence_type": "state-based conflict", "deaths": 14}}, {"type": "Feature", "geometry": {"type": "Point", "coordinates": [34.243439, 31.296999]}, "properties": {"event_date": "2025-07-20", "violence_type": "state-based conflict", "deaths": 2}}, {"type": "Feature", "geometry": {"type": "Point", "coordinates": [31.210931, 30.008079]}, "properties": {"event_date": "2025-07-20", "violence_type": "state-based conflict", "deaths": 3}}, {"type": "Feature", "geometry": {"type": "Point", "coordinates": [34.446616, 31.534912]}, "properties": {"event_date": "2025-07-20", "violence_type": "state-based conflict", "deaths": 1}}, {"type": "Feature", "geometry": {"type": "Point", "coordinates": [34.495142, 31.546397]}, "properties": {"event_date": "2025-07-20", "violence_type": "state-based conflict", "deaths": 81}}, {"type": "Feature", "geometry": {"type": "Point", "coordinates": [34.373398, 31.425074]}, "properties": {"event_date": "2025-07-20", "violence_type": "state-based conflict", "deaths": 6}}, {"type": "Feature", "geometry": {"type": "Point", "coordinates": [34.483471, 31.5272]}, "properties": {"event_date": "2025-07-21", "violence_type": "state-based conflict", "deaths": 5}}, {"type": "Feature", "geometry": {"type": "Point", "coordinates": [34.256182, 31.34822]}, "properties": {"event_date": "2025-07-21", "violence_type": "state-based conflict", "deaths": 5}}, {"type": "Feature", "geometry": {"type": "Point", "coordinates": [34.35014, 31.417479]}, "properties": {"event_date": "2025-07-21", "violence_type": "state-based conflict", "deaths": 2}}, {"type": "Feature", "geometry": {"type": "Point", "coordinates": [34.45, 31.516667]}, "properties": {"event_date": "2025-07-21", "violence_type": "state-based conflict", "deaths": 2}}, {"type": "Feature", "geometry": {"type": "Point", "coordinates": [34.347589, 31.323708]}, "properties": {"event_date": "2025-07-21", "violence_type": "state-based conflict", "deaths": 3}}, {"type": "Feature", "geometry": {"type": "Point", "coordinates": [35.406667, 33.141389]}, "properties": {"event_date": "2025-07-21", "violence_type": "state-based conflict", "deaths": 1}}, {"type": "Feature", "geometry": {"type": "Point", "coordinates": [34.243439, 31.296999]}, "properties": {"event_date": "2025-07-21", "violence_type": "state-based conflict", "deaths": 1}}, {"type": "Feature", "geometry": {"type": "Point", "coordinates": [34.413322, 31.482192]}, "properties": {"event_date": "2025-07-21", "violence_type": "state-based conflict", "deaths": 11}}, {"type": "Feature", "geometry": {"type": "Point", "coordinates": [34.303056, 31.344444]}, "properties": {"event_date": "2025-07-21", "violence_type": "state-based conflict", "deaths": 2}}, {"type": "Feature", "geometry": {"type": "Point", "coordinates": [34.35014, 31.417479]}, "properties": {"event_date": "2025-07-21", "violence_type": "one-sided violence", "deaths": 1}}, {"type": "Feature", "geometry": {"type": "Point", "coordinates": [34.303056, 31.344444]}, "properties": {"event_date": "2025-07-21", "violence_type": "state-based conflict", "deaths": 2}}, {"type": "Feature", "geometry": {"type": "Point", "coordinates": [34.414752, 31.455404]}, "properties": {"event_date": "2025-07-21", "violence_type": "state-based conflict", "deaths": 1}}, {"type": "Feature", "geometry": {"type": "Point", "coordinates": [34.45, 31.516667]}, "properties": {"event_date": "2025-07-21", "violence_type": "state-based conflict", "deaths": 2}}, {"type": "Feature", "geometry": {"type": "Point", "coordinates": [34.45, 31.516667]}, "properties": {"event_date": "2025-07-21", "violence_type": "state-based conflict", "deaths": 5}}, {"type": "Feature", "geometry": {"type": "Point", "coordinates": [34.45, 31.516667]}, "properties": {"event_date": "2025-07-21", "violence_type": "state-based conflict", "deaths": 1}}, {"type": "Feature", "geometry": {"type": "Point", "coordinates": [34.45, 31.516667]}, "properties": {"event_date": "2025-07-21", "violence_type": "state-based conflict", "deaths": 1}}, {"type": "Feature", "geometry": {"type": "Point", "coordinates": [34.45, 31.516667]}, "properties": {"event_date": "2025-07-21", "violence_type": "state-based conflict", "deaths": 1}}, {"type": "Feature", "geometry": {"type": "Point", "coordinates": [34.256182, 31.34822]}, "properties": {"event_date": "2025-07-21", "violence_type": "state-based conflict", "deaths": 2}}, {"type": "Feature", "geometry": {"type": "Point", "coordinates": [34.45, 31.516667]}, "properties": {"event_date": "2025-07-21", "violence_type": "state-based conflict", "deaths": 1}}, {"type": "Feature", "geometry": {"type": "Point", "coordinates": [34.35014, 31.417479]}, "properties": {"event_date": "2025-07-21", "violence_type": "state-based conflict", "deaths": 2}}, {"type": "Feature", "geometry": {"type": "Point", "coordinates": [34.347589, 31.323708]}, "properties": {"event_date": "2025-07-22", "violence_type": "state-based conflict", "deaths": 1}}, {"type": "Feature", "geometry": {"type": "Point", "coordinates": [34.243439, 31.296999]}, "properties": {"event_date": "2025-07-22", "violence_type": "state-based conflict", "deaths": 2}}, {"type": "Feature", "geometry": {"type": "Point", "coordinates": [34.360099, 31.409835]}, "properties": {"event_date": "2025-07-22", "violence_type": "state-based conflict", "deaths": 5}}, {"type": "Feature", "geometry": {"type": "Point", "coordinates": [34.35014, 31.417479]}, "properties": {"event_date": "2025-07-22", "violence_type": "state-based conflict", "deaths": 8}}, {"type": "Feature", "geometry": {"type": "Point", "coordinates": [34.402939, 31.439531]}, "properties": {"event_date": "2025-07-22", "violence_type": "state-based conflict", "deaths": 2}}, {"type": "Feature", "geometry": {"type": "Point", "coordinates": [34.494541, 31.53639]}, "properties": {"event_date": "2025-07-22", "violence_type": "state-based conflict", "deaths": 2}}, {"type": "Feature", "geometry": {"type": "Point", "coordinates": [34.45, 31.516667]}, "properties": {"event_date": "2025-07-22", "violence_type": "state-based conflict", "deaths": 4}}, {"type": "Feature", "geometry": {"type": "Point", "coordinates": [34.45, 31.516667]}, "properties": {"event_date": "2025-07-22", "violence_type": "state-based conflict", "deaths": 1}}, {"type": "Feature", "geometry": {"type": "Point", "coordinates": [34.45, 31.516667]}, "properties": {"event_date": "2025-07-22", "violence_type": "state-based conflict", "deaths": 1}}, {"type": "Feature", "geometry": {"type": "Point", "coordinates": [34.45, 31.516667]}, "properties": {"event_date": "2025-07-22", "violence_type": "state-based conflict", "deaths": 5}}, {"type": "Feature", "geometry": {"type": "Point", "coordinates": [34.45, 31.516667]}, "properties": {"event_date": "2025-07-22", "violence_type": "state-based conflict", "deaths": 7}}, {"type": "Feature", "geometry": {"type": "Point", "coordinates": [34.243439, 31.296999]}, "properties": {"event_date": "2025-07-22", "violence_type": "state-based conflict", "deaths": 2}}, {"type": "Feature", "geometry": {"type": "Point", "coordinates": [34.402939, 31.439531]}, "properties": {"event_date": "2025-07-22", "violence_type": "state-based conflict", "deaths": 2}}, {"type": "Feature", "geometry": {"type": "Point", "coordinates": [34.303056, 31.344444]}, "properties": {"event_date": "2025-07-22", "violence_type": "state-based conflict", "deaths": 3}}, {"type": "Feature", "geometry": {"type": "Point", "coordinates": [34.413322, 31.482192]}, "properties": {"event_date": "2025-07-22", "violence_type": "state-based conflict", "deaths": 7}}, {"type": "Feature", "geometry": {"type": "Point", "coordinates": [34.35014, 31.417479]}, "properties": {"event_date": "2025-07-22", "violence_type": "state-based conflict", "deaths": 2}}, {"type": "Feature", "geometry": {"type": "Point", "coordinates": [34.446616, 31.534912]}, "properties": {"event_date": "2025-07-22", "violence_type": "state-based conflict", "deaths": 15}}, {"type": "Feature", "geometry": {"type": "Point", "coordinates": [34.495142, 31.546397]}, "properties": {"event_date": "2025-07-22", "violence_type": "state-based conflict", "deaths": 15}}, {"type": "Feature", "geometry": {"type": "Point", "coordinates": [34.45, 31.516667]}, "properties": {"event_date": "2025-07-23", "violence_type": "state-based conflict", "deaths": 2}}, {"type": "Feature", "geometry": {"type": "Point", "coordinates": [34.35014, 31.417479]}, "properties": {"event_date": "2025-07-23", "violence_type": "state-based conflict", "deaths": 12}}, {"type": "Feature", "geometry": {"type": "Point", "coordinates": [34.45, 31.516667]}, "properties": {"event_date": "2025-07-23", "violence_type": "state-based conflict", "deaths": 4}}, {"type": "Feature", "geometry": {"type": "Point", "coordinates": [34.446616, 31.534912]}, "properties": {"event_date": "2025-07-23", "violence_type": "state-based conflict", "deaths": 1}}, {"type": "Feature", "geometry": {"type": "Point", "coordinates": [34.45, 31.516667]}, "properties": {"event_date": "2025-07-23", "violence_type": "state-based conflict", "deaths": 2}}, {"type": "Feature", "geometry": {"type": "Point", "coordinates": [34.45, 31.516667]}, "properties": {"event_date": "2025-07-23", "violence_type": "state-based conflict", "deaths": 1}}, {"type": "Feature", "geometry": {"type": "Point", "coordinates": [34.495142, 31.546397]}, "properties": {"event_date": "2025-07-23", "violence_type": "state-based conflict", "deaths": 5}}, {"type": "Feature", "geometry": {"type": "Point", "coordinates": [34.303056, 31.344444]}, "properties": {"event_date": "2025-07-23", "violence_type": "state-based conflict", "deaths": 1}}, {"type": "Feature", "geometry": {"type": "Point", "coordinates": [34.256182, 31.34822]}, "properties": {"event_date": "2025-07-23", "violence_type": "state-based conflict", "deaths": 4}}, {"type": "Feature", "geometry": {"type": "Point", "coordinates": [34.392875, 31.447656]}, "properties": {"event_date": "2025-07-23", "violence_type": "state-based conflict", "deaths": 8}}, {"type": "Feature", "geometry": {"type": "Point", "coordinates": [34.303056, 31.344444]}, "properties": {"event_date": "2025-07-23", "violence_type": "state-based conflict", "deaths": 1}}, {"type": "Feature", "geometry": {"type": "Point", "coordinates": [34.45, 31.516667]}, "properties": {"event_date": "2025-07-23", "violence_type": "state-based conflict", "deaths": 1}}, {"type": "Feature", "geometry": {"type": "Point", "coordinates": [34.36595, 31.428439]}, "properties": {"event_date": "2025-07-23", "violence_type": "state-based conflict", "deaths": 3}}, {"type": "Feature", "geometry": {"type": "Point", "coordinates": [34.392875, 31.447656]}, "properties": {"event_date": "2025-07-23", "violence_type": "state-based conflict", "deaths": 1}}, {"type": "Feature", "geometry": {"type": "Point", "coordinates": [34.35014, 31.417479]}, "properties": {"event_date": "2025-07-23", "violence_type": "state-based conflict", "deaths": 1}}, {"type": "Feature", "geometry": {"type": "Point", "coordinates": [34.243439, 31.296999]}, "properties": {"event_date": "2025-07-23", "violence_type": "state-based conflict", "deaths": 2}}, {"type": "Feature", "geometry": {"type": "Point", "coordinates": [34.325344, 31.342778]}, "properties": {"event_date": "2025-07-23", "violence_type": "state-based conflict", "deaths": 4}}, {"type": "Feature", "geometry": {"type": "Point", "coordinates": [34.414752, 31.455404]}, "properties": {"event_date": "2025-07-23", "violence_type": "state-based conflict", "deaths": 4}}, {"type": "Feature", "geometry": {"type": "Point", "coordinates": [34.45, 31.516667]}, "properties": {"event_date": "2025-07-23", "violence_type": "state-based conflict", "deaths": 9}}, {"type": "Feature", "geometry": {"type": "Point", "coordinates": [34.256182, 31.34822]}, "properties": {"event_date": "2025-07-23", "violence_type": "state-based conflict", "deaths": 1}}, {"type": "Feature", "geometry": {"type": "Point", "coordinates": [34.303056, 31.344444]}, "properties": {"event_date": "2025-07-24", "violence_type": "state-based conflict", "deaths": 2}}, {"type": "Feature", "geometry": {"type": "Point", "coordinates": [34.45, 31.516667]}, "properties": {"event_date": "2025-07-24", "violence_type": "state-based conflict", "deaths": 1}}, {"type": "Feature", "geometry": {"type": "Point", "coordinates": [34.36595, 31.428439]}, "properties": {"event_date": "2025-07-24", "violence_type": "state-based conflict", "deaths": 1}}, {"type": "Feature", "geometry": {"type": "Point", "coordinates": [34.45, 31.516667]}, "properties": {"event_date": "2025-07-24", "violence_type": "state-based conflict", "deaths": 2}}, {"type": "Feature", "geometry": {"type": "Point", "coordinates": [34.35014, 31.417479]}, "properties": {"event_date": "2025-07-24", "violence_type": "state-based conflict", "deaths": 4}}, {"type": "Feature", "geometry": {"type": "Point", "coordinates": [34.303056, 31.344444]}, "properties": {"event_date": "2025-07-24", "violence_type": "state-based conflict", "deaths": 14}}, {"type": "Feature", "geometry": {"type": "Point", "coordinates": [34.45, 31.516667]}, "properties": {"event_date": "2025-07-24", "violence_type": "state-based conflict", "deaths": 3}}, {"type": "Feature", "geometry": {"type": "Point", "coordinates": [34.45, 31.516667]}, "properties": {"event_date": "2025-07-24", "violence_type": "state-based conflict", "deaths": 4}}, {"type": "Feature", "geometry": {"type": "Point", "coordinates": [34.256182, 31.34822]}, "properties": {"event_date": "2025-07-24", "violence_type": "state-based conflict", "deaths": 2}}, {"type": "Feature", "geometry": {"type": "Point", "coordinates": [34.45, 31.516667]}, "properties": {"event_date": "2025-07-24", "violence_type": "state-based conflict", "deaths": 3}}, {"type": "Feature", "geometry": {"type": "Point", "coordinates": [34.402939, 31.439531]}, "properties": {"event_date": "2025-07-24", "violence_type": "state-based conflict", "deaths": 1}}, {"type": "Feature", "geometry": {"type": "Point", "coordinates": [34.35014, 31.417479]}, "properties": {"event_date": "2025-07-24", "violence_type": "state-based conflict", "deaths": 3}}, {"type": "Feature", "geometry": {"type": "Point", "coordinates": [34.402939, 31.439531]}, "properties": {"event_date": "2025-07-24", "violence_type": "state-based conflict", "deaths": 1}}, {"type": "Feature", "geometry": {"type": "Point", "coordinates": [34.392875, 31.447656]}, "properties": {"event_date": "2025-07-24", "violence_type": "state-based conflict", "deaths": 3}}, {"type": "Feature", "geometry": {"type": "Point", "coordinates": [34.45, 31.516667]}, "properties": {"event_date": "2025-07-24", "violence_type": "state-based conflict", "deaths": 5}}, {"type": "Feature", "geometry": {"type": "Point", "coordinates": [34.303056, 31.344444]}, "properties": {"event_date": "2025-07-24", "violence_type": "state-based conflict", "deaths": 1}}, {"type": "Feature", "geometry": {"type": "Point", "coordinates": [35.443247, 33.175845]}, "properties": {"event_date": "2025-07-25", "violence_type": "state-based conflict", "deaths": 1}}, {"type": "Feature", "geometry": {"type": "Point", "coordinates": [34.495142, 31.546397]}, "properties": {"event_date": "2025-07-25", "violence_type": "state-based conflict", "deaths": 3}}, {"type": "Feature", "geometry": {"type": "Point", "coordinates": [34.45, 31.516667]}, "properties": {"event_date": "2025-07-25", "violence_type": "state-based conflict", "deaths": 2}}, {"type": "Feature", "geometry": {"type": "Point", "coordinates": [34.45, 31.516667]}, "properties": {"event_date": "2025-07-25", "violence_type": "state-based conflict", "deaths": 8}}, {"type": "Feature", "geometry": {"type": "Point", "coordinates": [35.43, 33.12]}, "properties": {"event_date": "2025-07-25", "violence_type": "state-based conflict", "deaths": 1}}, {"type": "Feature", "geometry": {"type": "Point", "coordinates": [34.45, 31.516667]}, "properties": {"event_date": "2025-07-25", "violence_type": "state-based conflict", "deaths": 2}}, {"type": "Feature", "geometry": {"type": "Point", "coordinates": [34.45, 31.516667]}, "properties": {"event_date": "2025-07-25", "violence_type": "state-based conflict", "deaths": 3}}, {"type": "Feature", "geometry": {"type": "Point", "coordinates": [34.493824, 31.591953]}, "properties": {"event_date": "2025-07-25", "violence_type": "state-based conflict", "deaths": 20}}, {"type": "Feature", "geometry": {"type": "Point", "coordinates": [34.45, 31.516667]}, "properties": {"event_date": "2025-07-25", "violence_type": "state-based conflict", "deaths": 5}}, {"type": "Feature", "geometry": {"type": "Point", "coordinates": [34.293358, 31.349291]}, "properties": {"event_date": "2025-07-25", "violence_type": "state-based conflict", "deaths": 1}}, {"type": "Feature", "geometry": {"type": "Point", "coordinates": [34.303056, 31.344444]}, "properties": {"event_date": "2025-07-26", "violence_type": "state-based conflict", "deaths": 2}}, {"type": "Feature", "geometry": {"type": "Point", "coordinates": [34.303056, 31.344444]}, "properties": {"event_date": "2025-07-26", "violence_type": "state-based conflict", "deaths": 8}}, {"type": "Feature", "geometry": {"type": "Point", "coordinates": [34.45, 31.516667]}, "properties": {"event_date": "2025-07-26", "violence_type": "state-based conflict", "deaths": 6}}, {"type": "Feature", "geometry": {"type": "Point", "coordinates": [34.45, 31.516667]}, "properties": {"event_date": "2025-07-26", "violence_type": "state-based conflict", "deaths": 10}}, {"type": "Feature", "geometry": {"type": "Point", "coordinates": [34.303056, 31.344444]}, "properties": {"event_date": "2025-07-26", "violence_type": "state-based conflict", "deaths": 12}}, {"type": "Feature", "geometry": {"type": "Point", "coordinates": [34.45, 31.516667]}, "properties": {"event_date": "2025-07-26", "violence_type": "state-based conflict", "deaths": 3}}, {"type": "Feature", "geometry": {"type": "Point", "coordinates": [35.34889, 33.25056]}, "properties": {"event_date": "2025-07-26", "violence_type": "state-based conflict", "deaths": 2}}, {"type": "Feature", "geometry": {"type": "Point", "coordinates": [35.43, 33.12]}, "properties": {"event_date": "2025-07-26", "violence_type": "state-based conflict", "deaths": 1}}, {"type": "Feature", "geometry": {"type": "Point", "coordinates": [35.397129, 33.28145]}, "properties": {"event_date": "2025-07-26", "violence_type": "state-based conflict", "deaths": 1}}, {"type": "Feature", "geometry": {"type": "Point", "coordinates": [34.402939, 31.439531]}, "properties": {"event_date": "2025-07-26", "violence_type": "state-based conflict", "deaths": 1}}, {"type": "Feature", "geometry": {"type": "Point", "coordinates": [34.45, 31.516667]}, "properties": {"event_date": "2025-07-26", "violence_type": "state-based conflict", "deaths": 4}}, {"type": "Feature", "geometry": {"type": "Point", "coordinates": [34.301549, 31.374349]}, "properties": {"event_date": "2025-07-26", "violence_type": "state-based conflict", "deaths": 7}}, {"type": "Feature", "geometry": {"type": "Point", "coordinates": [34.325344, 31.342778]}, "properties": {"event_date": "2025-07-26", "violence_type": "state-based conflict", "deaths": 2}}, {"type": "Feature", "geometry": {"type": "Point", "coordinates": [34.46411, 31.51065]}, "properties": {"event_date": "2025-07-26", "violence_type": "state-based conflict", "deaths": 2}}, {"type": "Feature", "geometry": {"type": "Point", "coordinates": [34.303056, 31.344444]}, "properties": {"event_date": "2025-07-27", "violence_type": "state-based conflict", "deaths": 6}}, {"type": "Feature", "geometry": {"type": "Point", "coordinates": [34.413322, 31.482192]}, "properties": {"event_date": "2025-07-27", "violence_type": "state-based conflict", "deaths": 6}}, {"type": "Feature", "geometry": {"type": "Point", "coordinates": [34.45, 31.516667]}, "properties": {"event_date": "2025-07-27", "violence_type": "state-based conflict", "deaths": 1}}, {"type": "Feature", "geometry": {"type": "Point", "coordinates": [34.243439, 31.296999]}, "properties": {"event_date": "2025-07-27", "violence_type": "state-based conflict", "deaths": 6}}, {"type": "Feature", "geometry": {"type": "Point", "coordinates": [34.35014, 31.417479]}, "properties": {"event_date": "2025-07-27", "violence_type": "state-based conflict", "deaths": 4}}, {"type": "Feature", "geometry": {"type": "Point", "coordinates": [34.256182, 31.34822]}, "properties": {"event_date": "2025-07-27", "violence_type": "state-based conflict", "deaths": 5}}, {"type": "Feature", "geometry": {"type": "Point", "coordinates": [34.45, 31.516667]}, "properties": {"event_date": "2025-07-27", "violence_type": "state-based conflict", "deaths": 5}}, {"type": "Feature", "geometry": {"type": "Point", "coordinates": [34.495142, 31.546397]}, "properties": {"event_date": "2025-07-28", "violence_type": "state-based conflict", "deaths": 10}}, {"type": "Feature", "geometry": {"type": "Point", "coordinates": [34.325344, 31.342778]}, "properties": {"event_date": "2025-07-28", "violence_type": "state-based conflict", "deaths": 2}}, {"type": "Feature", "geometry": {"type": "Point", "coordinates": [34.385375, 31.421358]}, "properties": {"event_date": "2025-07-28", "violence_type": "state-based conflict", "deaths": 3}}, {"type": "Feature", "geometry": {"type": "Point", "coordinates": [34.288056, 31.308333]}, "properties": {"event_date": "2025-07-28", "violence_type": "state-based conflict", "deaths": 28}}, {"type": "Feature", "geometry": {"type": "Point", "coordinates": [34.360099, 31.409835]}, "properties": {"event_date": "2025-07-28", "violence_type": "state-based conflict", "deaths": 7}}, {"type": "Feature", "geometry": {"type": "Point", "coordinates": [34.256182, 31.34822]}, "properties": {"event_date": "2025-07-28", "violence_type": "state-based conflict", "deaths": 3}}, {"type": "Feature", "geometry": {"type": "Point", "coordinates": [34.243439, 31.296999]}, "properties": {"event_date": "2025-07-28", "violence_type": "state-based conflict", "deaths": 5}}, {"type": "Feature", "geometry": {"type": "Point", "coordinates": [34.45, 31.516667]}, "properties": {"event_date": "2025-07-28", "violence_type": "state-based conflict", "deaths": 2}}, {"type": "Feature", "geometry": {"type": "Point", "coordinates": [34.392875, 31.447656]}, "properties": {"event_date": "2025-07-28", "violence_type": "state-based conflict", "deaths": 3}}, {"type": "Feature", "geometry": {"type": "Point", "coordinates": [34.303056, 31.344444]}, "properties": {"event_date": "2025-07-28", "violence_type": "state-based conflict", "deaths": 15}}, {"type": "Feature", "geometry": {"type": "Point", "coordinates": [34.45, 31.516667]}, "properties": {"event_date": "2025-07-28", "violence_type": "state-based conflict", "deaths": 3}}, {"type": "Feature", "geometry": {"type": "Point", "coordinates": [34.256182, 31.34822]}, "properties": {"event_date": "2025-07-28", "violence_type": "state-based conflict", "deaths": 20}}, {"type": "Feature", "geometry": {"type": "Point", "coordinates": [35.43, 33.12]}, "properties": {"event_date": "2025-07-28", "violence_type": "state-based conflict", "deaths": 1}}, {"type": "Feature", "geometry": {"type": "Point", "coordinates": [34.392875, 31.447656]}, "properties": {"event_date": "2025-07-29", "violence_type": "state-based conflict", "deaths": 29}}, {"type": "Feature", "geometry": {"type": "Point", "coordinates": [34.256182, 31.34822]}, "properties": {"event_date": "2025-07-29", "violence_type": "state-based conflict", "deaths": 5}}, {"type": "Feature", "geometry": {"type": "Point", "coordinates": [34.373398, 31.425074]}, "properties": {"event_date": "2025-07-29", "violence_type": "state-based conflict", "deaths": 5}}, {"type": "Feature", "geometry": {"type": "Point", "coordinates": [34.45, 31.516667]}, "properties": {"event_date": "2025-07-29", "violence_type": "state-based conflict", "deaths": 2}}, {"type": "Feature", "geometry": {"type": "Point", "coordinates": [34.414752, 31.455404]}, "properties": {"event_date": "2025-07-29", "violence_type": "state-based conflict", "deaths": 13}}, {"type": "Feature", "geometry": {"type": "Point", "coordinates": [34.45, 31.516667]}, "properties": {"event_date": "2025-07-29", "violence_type": "state-based conflict", "deaths": 8}}, {"type": "Feature", "geometry": {"type": "Point", "coordinates": [34.243439, 31.296999]}, "properties": {"event_date": "2025-07-29", "violence_type": "state-based conflict", "deaths": 7}}, {"type": "Feature", "geometry": {"type": "Point", "coordinates": [34.303056, 31.344444]}, "properties": {"event_date": "2025-07-29", "violence_type": "state-based conflict", "deaths": 4}}, {"type": "Feature", "geometry": {"type": "Point", "coordinates": [34.495142, 31.546397]}, "properties": {"event_date": "2025-07-29", "violence_type": "state-based conflict", "deaths": 8}}, {"type": "Feature", "geometry": {"type": "Point", "coordinates": [34.45, 31.516667]}, "properties": {"event_date": "2025-07-30", "violence_type": "state-based conflict", "deaths": 1}}, {"type": "Feature", "geometry": {"type": "Point", "coordinates": [44.33447, 15.52248]}, "properties": {"event_date": "2025-07-30", "violence_type": "one-sided violence", "deaths": 1}}, {"type": "Feature", "geometry": {"type": "Point", "coordinates": [34.45, 31.516667]}, "properties": {"event_date": "2025-07-30", "violence_type": "state-based conflict", "deaths": 2}}, {"type": "Feature", "geometry": {"type": "Point", "coordinates": [34.243439, 31.296999]}, "properties": {"event_date": "2025-07-30", "violence_type": "state-based conflict", "deaths": 3}}, {"type": "Feature", "geometry": {"type": "Point", "coordinates": [34.413322, 31.482192]}, "properties": {"event_date": "2025-07-30", "violence_type": "state-based conflict", "deaths": 2}}, {"type": "Feature", "geometry": {"type": "Point", "coordinates": [34.303056, 31.344444]}, "properties": {"event_date": "2025-07-30", "violence_type": "state-based conflict", "deaths": 2}}, {"type": "Feature", "geometry": {"type": "Point", "coordinates": [34.493824, 31.591953]}, "properties": {"event_date": "2025-07-30", "violence_type": "state-based conflict", "deaths": 60}}, {"type": "Feature", "geometry": {"type": "Point", "coordinates": [34.45, 31.516667]}, "properties": {"event_date": "2025-07-30", "violence_type": "state-based conflict", "deaths": 1}}, {"type": "Feature", "geometry": {"type": "Point", "coordinates": [34.243439, 31.296999]}, "properties": {"event_date": "2025-07-31", "violence_type": "state-based conflict", "deaths": 4}}, {"type": "Feature", "geometry": {"type": "Point", "coordinates": [34.45, 31.516667]}, "properties": {"event_date": "2025-07-31", "violence_type": "state-based conflict", "deaths": 1}}, {"type": "Feature", "geometry": {"type": "Point", "coordinates": [34.360099, 31.409835]}, "properties": {"event_date": "2025-07-31", "violence_type": "state-based conflict", "deaths": 16}}, {"type": "Feature", "geometry": {"type": "Point", "coordinates": [34.28663, 31.32377]}, "properties": {"event_date": "2025-07-31", "violence_type": "state-based conflict", "deaths": 1}}, {"type": "Feature", "geometry": {"type": "Point", "coordinates": [36.024931, 33.652548]}, "properties": {"event_date": "2025-07-31", "violence_type": "one-sided violence", "deaths": 1}}, {"type": "Feature", "geometry": {"type": "Point", "coordinates": [34.256182, 31.34822]}, "properties": {"event_date": "2025-07-31", "violence_type": "state-based conflict", "deaths": 3}}, {"type": "Feature", "geometry": {"type": "Point", "coordinates": [34.303056, 31.344444]}, "properties": {"event_date": "2025-07-31", "violence_type": "state-based conflict", "deaths": 5}}, {"type": "Feature", "geometry": {"type": "Point", "coordinates": [34.483471, 31.5272]}, "properties": {"event_date": "2025-07-31", "violence_type": "state-based conflict", "deaths": 3}}, {"type": "Feature", "geometry": {"type": "Point", "coordinates": [34.35014, 31.417479]}, "properties": {"event_date": "2025-07-31", "violence_type": "state-based conflict", "deaths": 5}}, {"type": "Feature", "geometry": {"type": "Point", "coordinates": [34.483471, 31.5272]}, "properties": {"event_date": "2025-07-31", "violence_type": "state-based conflict", "deaths": 1}}, {"type": "Feature", "geometry": {"type": "Point", "coordinates": [34.402939, 31.439531]}, "properties": {"event_date": "2025-08-01", "violence_type": "state-based conflict", "deaths": 1}}, {"type": "Feature", "geometry": {"type": "Point", "coordinates": [34.35014, 31.417479]}, "properties": {"event_date": "2025-08-01", "violence_type": "state-based conflict", "deaths": 4}}, {"type": "Feature", "geometry": {"type": "Point", "coordinates": [34.303056, 31.344444]}, "properties": {"event_date": "2025-08-01", "violence_type": "state-based conflict", "deaths": 2}}, {"type": "Feature", "geometry": {"type": "Point", "coordinates": [34.45, 31.516667]}, "properties": {"event_date": "2025-08-01", "violence_type": "state-based conflict", "deaths": 2}}, {"type": "Feature", "geometry": {"type": "Point", "coordinates": [34.243439, 31.296999]}, "properties": {"event_date": "2025-08-01", "violence_type": "state-based conflict", "deaths": 15}}, {"type": "Feature", "geometry": {"type": "Point", "coordinates": [34.45, 31.516667]}, "properties": {"event_date": "2025-08-01", "violence_type": "state-based conflict", "deaths": 5}}, {"type": "Feature", "geometry": {"type": "Point", "coordinates": [34.256182, 31.34822]}, "properties": {"event_date": "2025-08-01", "violence_type": "state-based conflict", "deaths": 1}}, {"type": "Feature", "geometry": {"type": "Point", "coordinates": [34.340847, 31.373891]}, "properties": {"event_date": "2025-08-01", "violence_type": "state-based conflict", "deaths": 2}}, {"type": "Feature", "geometry": {"type": "Point", "coordinates": [34.45, 31.516667]}, "properties": {"event_date": "2025-08-01", "violence_type": "state-based conflict", "deaths": 11}}, {"type": "Feature", "geometry": {"type": "Point", "coordinates": [34.256182, 31.34822]}, "properties": {"event_date": "2025-08-01", "violence_type": "state-based conflict", "deaths": 4}}, {"type": "Feature", "geometry": {"type": "Point", "coordinates": [34.45, 31.516667]}, "properties": {"event_date": "2025-08-01", "violence_type": "state-based conflict", "deaths": 8}}, {"type": "Feature", "geometry": {"type": "Point", "coordinates": [34.45, 31.516667]}, "properties": {"event_date": "2025-08-01", "violence_type": "state-based conflict", "deaths": 4}}, {"type": "Feature", "geometry": {"type": "Point", "coordinates": [34.36595, 31.428439]}, "properties": {"event_date": "2025-08-02", "violence_type": "state-based conflict", "deaths": 1}}, {"type": "Feature", "geometry": {"type": "Point", "coordinates": [34.45, 31.516667]}, "properties": {"event_date": "2025-08-02", "violence_type": "state-based conflict", "deaths": 2}}, {"type": "Feature", "geometry": {"type": "Point", "coordinates": [34.303056, 31.344444]}, "properties": {"event_date": "2025-08-02", "violence_type": "state-based conflict", "deaths": 3}}, {"type": "Feature", "geometry": {"type": "Point", "coordinates": [34.360099, 31.409835]}, "properties": {"event_date": "2025-08-02", "violence_type": "state-based conflict", "deaths": 5}}, {"type": "Feature", "geometry": {"type": "Point", "coordinates": [34.243439, 31.296999]}, "properties": {"event_date": "2025-08-02", "violence_type": "state-based conflict", "deaths": 1}}, {"type": "Feature", "geometry": {"type": "Point", "coordinates": [34.5, 31.55]}, "properties": {"event_date": "2025-08-02", "violence_type": "state-based conflict", "deaths": 8}}, {"type": "Feature", "geometry": {"type": "Point", "coordinates": [34.303056, 31.344444]}, "properties": {"event_date": "2025-08-02", "violence_type": "state-based conflict", "deaths": 1}}, {"type": "Feature", "geometry": {"type": "Point", "coordinates": [34.413322, 31.482192]}, "properties": {"event_date": "2025-08-02", "violence_type": "state-based conflict", "deaths": 3}}, {"type": "Feature", "geometry": {"type": "Point", "coordinates": [34.45, 31.516667]}, "properties": {"event_date": "2025-08-02", "violence_type": "state-based conflict", "deaths": 3}}, {"type": "Feature", "geometry": {"type": "Point", "coordinates": [34.414752, 31.455404]}, "properties": {"event_date": "2025-08-02", "violence_type": "state-based conflict", "deaths": 3}}, {"type": "Feature", "geometry": {"type": "Point", "coordinates": [34.303056, 31.344444]}, "properties": {"event_date": "2025-08-02", "violence_type": "state-based conflict", "deaths": 2}}, {"type": "Feature", "geometry": {"type": "Point", "coordinates": [34.45, 31.516667]}, "properties": {"event_date": "2025-08-02", "violence_type": "state-based conflict", "deaths": 3}}, {"type": "Feature", "geometry": {"type": "Point", "coordinates": [34.413322, 31.482192]}, "properties": {"event_date": "2025-08-02", "violence_type": "state-based conflict", "deaths": 12}}, {"type": "Feature", "geometry": {"type": "Point", "coordinates": [34.303056, 31.344444]}, "properties": {"event_date": "2025-08-02", "violence_type": "state-based conflict", "deaths": 3}}, {"type": "Feature", "geometry": {"type": "Point", "coordinates": [34.36595, 31.428439]}, "properties": {"event_date": "2025-08-02", "violence_type": "state-based conflict", "deaths": 5}}, {"type": "Feature", "geometry": {"type": "Point", "coordinates": [34.45, 31.516667]}, "properties": {"event_date": "2025-08-02", "violence_type": "state-based conflict", "deaths": 2}}, {"type": "Feature", "geometry": {"type": "Point", "coordinates": [34.5, 31.55]}, "properties": {"event_date": "2025-08-02", "violence_type": "state-based conflict", "deaths": 3}}, {"type": "Feature", "geometry": {"type": "Point", "coordinates": [34.373398, 31.425074]}, "properties": {"event_date": "2025-08-03", "violence_type": "state-based conflict", "deaths": 16}}, {"type": "Feature", "geometry": {"type": "Point", "coordinates": [34.392875, 31.447656]}, "properties": {"event_date": "2025-08-03", "violence_type": "state-based conflict", "deaths": 1}}, {"type": "Feature", "geometry": {"type": "Point", "coordinates": [34.243439, 31.296999]}, "properties": {"event_date": "2025-08-03", "violence_type": "state-based conflict", "deaths": 9}}, {"type": "Feature", "geometry": {"type": "Point", "coordinates": [34.303056, 31.344444]}, "properties": {"event_date": "2025-08-03", "violence_type": "state-based conflict", "deaths": 5}}, {"type": "Feature", "geometry": {"type": "Point", "coordinates": [34.45, 31.516667]}, "properties": {"event_date": "2025-08-03", "violence_type": "state-based conflict", "deaths": 3}}, {"type": "Feature", "geometry": {"type": "Point", "coordinates": [34.45, 31.516667]}, "properties": {"event_date": "2025-08-03", "violence_type": "state-based conflict", "deaths": 22}}, {"type": "Feature", "geometry": {"type": "Point", "coordinates": [34.45, 31.516667]}, "properties": {"event_date": "2025-08-03", "violence_type": "state-based conflict", "deaths": 2}}, {"type": "Feature", "geometry": {"type": "Point", "coordinates": [34.243439, 31.296999]}, "properties": {"event_date": "2025-08-03", "violence_type": "state-based conflict", "deaths": 1}}, {"type": "Feature", "geometry": {"type": "Point", "coordinates": [34.493824, 31.591953]}, "properties": {"event_date": "2025-08-03", "violence_type": "state-based conflict", "deaths": 16}}, {"type": "Feature", "geometry": {"type": "Point", "coordinates": [34.303056, 31.344444]}, "properties": {"event_date": "2025-08-03", "violence_type": "state-based conflict", "deaths": 1}}, {"type": "Feature", "geometry": {"type": "Point", "coordinates": [34.288056, 31.308333]}, "properties": {"event_date": "2025-08-03", "violence_type": "state-based conflict", "deaths": 7}}, {"type": "Feature", "geometry": {"type": "Point", "coordinates": [34.413322, 31.482192]}, "properties": {"event_date": "2025-08-03", "violence_type": "state-based conflict", "deaths": 4}}, {"type": "Feature", "geometry": {"type": "Point", "coordinates": [34.243439, 31.296999]}, "properties": {"event_date": "2025-08-04", "violence_type": "state-based conflict", "deaths": 2}}, {"type": "Feature", "geometry": {"type": "Point", "coordinates": [34.35014, 31.417479]}, "properties": {"event_date": "2025-08-04", "violence_type": "state-based conflict", "deaths": 1}}, {"type": "Feature", "geometry": {"type": "Point", "coordinates": [34.373398, 31.425074]}, "properties": {"event_date": "2025-08-04", "violence_type": "state-based conflict", "deaths": 52}}, {"type": "Feature", "geometry": {"type": "Point", "coordinates": [34.392875, 31.447656]}, "properties": {"event_date": "2025-08-04", "violence_type": "state-based conflict", "deaths": 1}}, {"type": "Feature", "geometry": {"type": "Point", "coordinates": [34.495142, 31.546397]}, "properties": {"event_date": "2025-08-04", "violence_type": "state-based conflict", "deaths": 9}}, {"type": "Feature", "geometry": {"type": "Point", "coordinates": [34.45, 31.516667]}, "properties": {"event_date": "2025-08-04", "violence_type": "state-based conflict", "deaths": 5}}, {"type": "Feature", "geometry": {"type": "Point", "coordinates": [34.360099, 31.409835]}, "properties": {"event_date": "2025-08-04", "violence_type": "state-based conflict", "deaths": 9}}, {"type": "Feature", "geometry": {"type": "Point", "coordinates": [34.45, 31.516667]}, "properties": {"event_date": "2025-08-04", "violence_type": "state-based conflict", "deaths": 5}}, {"type": "Feature", "geometry": {"type": "Point", "coordinates": [34.288056, 31.308333]}, "properties": {"event_date": "2025-08-05", "violence_type": "state-based conflict", "deaths": 7}}, {"type": "Feature", "geometry": {"type": "Point", "coordinates": [34.325344, 31.342778]}, "properties": {"event_date": "2025-08-05", "violence_type": "state-based conflict", "deaths": 1}}, {"type": "Feature", "geometry": {"type": "Point", "coordinates": [34.373398, 31.425074]}, "properties": {"event_date": "2025-08-05", "violence_type": "state-based conflict", "deaths": 11}}, {"type": "Feature", "geometry": {"type": "Point", "coordinates": [36.148077, 33.93487]}, "properties": {"event_date": "2025-08-05", "violence_type": "state-based conflict", "deaths": 1}}, {"type": "Feature", "geometry": {"type": "Point", "coordinates": [34.45, 31.516667]}, "properties": {"event_date": "2025-08-05", "violence_type": "state-based conflict", "deaths": 6}}, {"type": "Feature", "geometry": {"type": "Point", "coordinates": [34.5, 31.55]}, "properties": {"event_date": "2025-08-05", "violence_type": "state-based conflict", "deaths": 6}}, {"type": "Feature", "geometry": {"type": "Point", "coordinates": [35.444444, 33.249167]}, "properties": {"event_date": "2025-08-06", "violence_type": "state-based conflict", "deaths": 1}}, {"type": "Feature", "geometry": {"type": "Point", "coordinates": [34.45, 31.516667]}, "properties": {"event_date": "2025-08-06", "violence_type": "state-based conflict", "deaths": 1}}, {"type": "Feature", "geometry": {"type": "Point", "coordinates": [34.413322, 31.482192]}, "properties": {"event_date": "2025-08-06", "violence_type": "state-based conflict", "deaths": 1}}, {"type": "Feature", "geometry": {"type": "Point", "coordinates": [34.373398, 31.425074]}, "properties": {"event_date": "2025-08-06", "violence_type": "state-based conflict", "deaths": 22}}, {"type": "Feature", "geometry": {"type": "Point", "coordinates": [34.45, 31.516667]}, "properties": {"event_date": "2025-08-06", "violence_type": "state-based conflict", "deaths": 1}}, {"type": "Feature", "geometry": {"type": "Point", "coordinates": [34.45, 31.516667]}, "properties": {"event_date": "2025-08-06", "violence_type": "state-based conflict", "deaths": 3}}, {"type": "Feature", "geometry": {"type": "Point", "coordinates": [34.243439, 31.296999]}, "properties": {"event_date": "2025-08-06", "violence_type": "state-based conflict", "deaths": 5}}, {"type": "Feature", "geometry": {"type": "Point", "coordinates": [34.392875, 31.447656]}, "properties": {"event_date": "2025-08-06", "violence_type": "state-based conflict", "deaths": 5}}, {"type": "Feature", "geometry": {"type": "Point", "coordinates": [34.303056, 31.344444]}, "properties": {"event_date": "2025-08-06", "violence_type": "state-based conflict", "deaths": 1}}, {"type": "Feature", "geometry": {"type": "Point", "coordinates": [34.35014, 31.417479]}, "properties": {"event_date": "2025-08-06", "violence_type": "state-based conflict", "deaths": 2}}, {"type": "Feature", "geometry": {"type": "Point", "coordinates": [34.35014, 31.417479]}, "properties": {"event_date": "2025-08-07", "violence_type": "state-based conflict", "deaths": 4}}, {"type": "Feature", "geometry": {"type": "Point", "coordinates": [34.446616, 31.534912]}, "properties": {"event_date": "2025-08-07", "violence_type": "state-based conflict", "deaths": 4}}, {"type": "Feature", "geometry": {"type": "Point", "coordinates": [34.392875, 31.447656]}, "properties": {"event_date": "2025-08-07", "violence_type": "state-based conflict", "deaths": 4}}, {"type": "Feature", "geometry": {"type": "Point", "coordinates": [34.293358, 31.349291]}, "properties": {"event_date": "2025-08-07", "violence_type": "state-based conflict", "deaths": 4}}, {"type": "Feature", "geometry": {"type": "Point", "coordinates": [34.303056, 31.344444]}, "properties": {"event_date": "2025-08-07", "violence_type": "state-based conflict", "deaths": 1}}, {"type": "Feature", "geometry": {"type": "Point", "coordinates": [34.303056, 31.344444]}, "properties": {"event_date": "2025-08-07", "violence_type": "state-based conflict", "deaths": 1}}, {"type": "Feature", "geometry": {"type": "Point", "coordinates": [34.303056, 31.344444]}, "properties": {"event_date": "2025-08-07", "violence_type": "state-based conflict", "deaths": 2}}, {"type": "Feature", "geometry": {"type": "Point", "coordinates": [34.35014, 31.417479]}, "properties": {"event_date": "2025-08-07", "violence_type": "state-based conflict", "deaths": 5}}, {"type": "Feature", "geometry": {"type": "Point", "coordinates": [34.45, 31.516667]}, "properties": {"event_date": "2025-08-07", "violence_type": "state-based conflict", "deaths": 6}}, {"type": "Feature", "geometry": {"type": "Point", "coordinates": [34.243439, 31.296999]}, "properties": {"event_date": "2025-08-07", "violence_type": "state-based conflict", "deaths": 5}}, {"type": "Feature", "geometry": {"type": "Point", "coordinates": [34.45, 31.516667]}, "properties": {"event_date": "2025-08-07", "violence_type": "state-based conflict", "deaths": 1}}, {"type": "Feature", "geometry": {"type": "Point", "coordinates": [34.45, 31.516667]}, "properties": {"event_date": "2025-08-07", "violence_type": "state-based conflict", "deaths": 3}}, {"type": "Feature", "geometry": {"type": "Point", "coordinates": [35.499537, 33.29169]}, "properties": {"event_date": "2025-08-07", "violence_type": "state-based conflict", "deaths": 1}}, {"type": "Feature", "geometry": {"type": "Point", "coordinates": [35.928817, 33.701501]}, "properties": {"event_date": "2025-08-07", "violence_type": "state-based conflict", "deaths": 6}}, {"type": "Feature", "geometry": {"type": "Point", "coordinates": [36.04639, 34.01111]}, "properties": {"event_date": "2025-08-07", "violence_type": "state-based conflict", "deaths": 1}}, {"type": "Feature", "geometry": {"type": "Point", "coordinates": [34.325344, 31.342778]}, "properties": {"event_date": "2025-08-08", "violence_type": "state-based conflict", "deaths": 9}}, {"type": "Feature", "geometry": {"type": "Point", "coordinates": [34.45, 31.516667]}, "properties": {"event_date": "2025-08-08", "violence_type": "state-based conflict", "deaths": 1}}, {"type": "Feature", "geometry": {"type": "Point", "coordinates": [34.45, 31.516667]}, "properties": {"event_date": "2025-08-08", "violence_type": "state-based conflict", "deaths": 1}}, {"type": "Feature", "geometry": {"type": "Point", "coordinates": [34.369698, 31.374459]}, "properties": {"event_date": "2025-08-08", "violence_type": "state-based conflict", "deaths": 6}}, {"type": "Feature", "geometry": {"type": "Point", "coordinates": [34.35014, 31.417479]}, "properties": {"event_date": "2025-08-08", "violence_type": "state-based conflict", "deaths": 3}}, {"type": "Feature", "geometry": {"type": "Point", "coordinates": [34.46411, 31.51065]}, "properties": {"event_date": "2025-08-09", "violence_type": "state-based conflict", "deaths": 2}}, {"type": "Feature", "geometry": {"type": "Point", "coordinates": [34.493824, 31.591953]}, "properties": {"event_date": "2025-08-09", "violence_type": "state-based conflict", "deaths": 4}}, {"type": "Feature", "geometry": {"type": "Point", "coordinates": [34.256182, 31.34822]}, "properties": {"event_date": "2025-08-09", "violence_type": "state-based conflict", "deaths": 1}}, {"type": "Feature", "geometry": {"type": "Point", "coordinates": [34.373398, 31.425074]}, "properties": {"event_date": "2025-08-09", "violence_type": "state-based conflict", "deaths": 19}}, {"type": "Feature", "geometry": {"type": "Point", "coordinates": [34.256182, 31.34822]}, "properties": {"event_date": "2025-08-09", "violence_type": "state-based conflict", "deaths": 3}}, {"type": "Feature", "geometry": {"type": "Point", "coordinates": [35.435196, 33.128935]}, "properties": {"event_date": "2025-08-09", "violence_type": "state-based conflict", "deaths": 1}}, {"type": "Feature", "geometry": {"type": "Point", "coordinates": [34.243439, 31.296999]}, "properties": {"event_date": "2025-08-09", "violence_type": "state-based conflict", "deaths": 5}}, {"type": "Feature", "geometry": {"type": "Point", "coordinates": [35.26694, 33.16556]}, "properties": {"event_date": "2025-08-09", "violence_type": "state-based conflict", "deaths": 6}}, {"type": "Feature", "geometry": {"type": "Point", "coordinates": [34.392875, 31.447656]}, "properties": {"event_date": "2025-08-09", "violence_type": "state-based conflict", "deaths": 5}}, {"type": "Feature", "geometry": {"type": "Point", "coordinates": [34.360099, 31.409835]}, "properties": {"event_date": "2025-08-09", "violence_type": "state-based conflict", "deaths": 2}}, {"type": "Feature", "geometry": {"type": "Point", "coordinates": [34.303056, 31.344444]}, "properties": {"event_date": "2025-08-09", "violence_type": "state-based conflict", "deaths": 2}}, {"type": "Feature", "geometry": {"type": "Point", "coordinates": [34.243439, 31.296999]}, "properties": {"event_date": "2025-08-09", "violence_type": "state-based conflict", "deaths": 2}}, {"type": "Feature", "geometry": {"type": "Point", "coordinates": [34.303056, 31.344444]}, "properties": {"event_date": "2025-08-09", "violence_type": "state-based conflict", "deaths": 1}}, {"type": "Feature", "geometry": {"type": "Point", "coordinates": [34.360099, 31.409835]}, "properties": {"event_date": "2025-08-09", "violence_type": "state-based conflict", "deaths": 6}}, {"type": "Feature", "geometry": {"type": "Point", "coordinates": [34.45, 31.516667]}, "properties": {"event_date": "2025-08-10", "violence_type": "state-based conflict", "deaths": 7}}, {"type": "Feature", "geometry": {"type": "Point", "coordinates": [34.45, 31.516667]}, "properties": {"event_date": "2025-08-10", "violence_type": "state-based conflict", "deaths": 5}}, {"type": "Feature", "geometry": {"type": "Point", "coordinates": [34.303056, 31.344444]}, "properties": {"event_date": "2025-08-10", "violence_type": "state-based conflict", "deaths": 2}}, {"type": "Feature", "geometry": {"type": "Point", "coordinates": [34.360099, 31.409835]}, "properties": {"event_date": "2025-08-10", "violence_type": "state-based conflict", "deaths": 5}}, {"type": "Feature", "geometry": {"type": "Point", "coordinates": [34.392875, 31.447656]}, "properties": {"event_date": "2025-08-10", "violence_type": "state-based conflict", "deaths": 3}}, {"type": "Feature", "geometry": {"type": "Point", "coordinates": [34.45, 31.516667]}, "properties": {"event_date": "2025-08-10", "violence_type": "state-based conflict", "deaths": 10}}, {"type": "Feature", "geometry": {"type": "Point", "coordinates": [34.243439, 31.296999]}, "properties": {"event_date": "2025-08-10", "violence_type": "state-based conflict", "deaths": 1}}, {"type": "Feature", "geometry": {"type": "Point", "coordinates": [34.303056, 31.344444]}, "properties": {"event_date": "2025-08-10", "violence_type": "state-based conflict", "deaths": 4}}, {"type": "Feature", "geometry": {"type": "Point", "coordinates": [34.413322, 31.482192]}, "properties": {"event_date": "2025-08-10", "violence_type": "state-based conflict", "deaths": 2}}, {"type": "Feature", "geometry": {"type": "Point", "coordinates": [34.288056, 31.308333]}, "properties": {"event_date": "2025-08-10", "violence_type": "state-based conflict", "deaths": 5}}, {"type": "Feature", "geometry": {"type": "Point", "coordinates": [34.392875, 31.447656]}, "properties": {"event_date": "2025-08-10", "violence_type": "state-based conflict", "deaths": 1}}, {"type": "Feature", "geometry": {"type": "Point", "coordinates": [34.373398, 31.425074]}, "properties": {"event_date": "2025-08-10", "violence_type": "state-based conflict", "deaths": 18}}, {"type": "Feature", "geometry": {"type": "Point", "coordinates": [34.45, 31.516667]}, "properties": {"event_date": "2025-08-11", "violence_type": "state-based conflict", "deaths": 2}}, {"type": "Feature", "geometry": {"type": "Point", "coordinates": [34.35014, 31.417479]}, "properties": {"event_date": "2025-08-11", "violence_type": "state-based conflict", "deaths": 6}}, {"type": "Feature", "geometry": {"type": "Point", "coordinates": [34.495142, 31.546397]}, "properties": {"event_date": "2025-08-11", "violence_type": "state-based conflict", "deaths": 8}}, {"type": "Feature", "geometry": {"type": "Point", "coordinates": [34.493824, 31.591953]}, "properties": {"event_date": "2025-08-11", "violence_type": "state-based conflict", "deaths": 2}}, {"type": "Feature", "geometry": {"type": "Point", "coordinates": [34.360099, 31.409835]}, "properties": {"event_date": "2025-08-11", "violence_type": "state-based conflict", "deaths": 1}}, {"type": "Feature", "geometry": {"type": "Point", "coordinates": [34.45, 31.516667]}, "properties": {"event_date": "2025-08-11", "violence_type": "state-based conflict", "deaths": 3}}, {"type": "Feature", "geometry": {"type": "Point", "coordinates": [34.243439, 31.296999]}, "properties": {"event_date": "2025-08-11", "violence_type": "state-based conflict", "deaths": 6}}, {"type": "Feature", "geometry": {"type": "Point", "coordinates": [34.45, 31.516667]}, "properties": {"event_date": "2025-08-11", "violence_type": "state-based conflict", "deaths": 9}}, {"type": "Feature", "geometry": {"type": "Point", "coordinates": [34.293358, 31.349291]}, "properties": {"event_date": "2025-08-11", "violence_type": "state-based conflict", "deaths": 7}}, {"type": "Feature", "geometry": {"type": "Point", "coordinates": [34.35014, 31.417479]}, "properties": {"event_date": "2025-08-12", "violence_type": "state-based conflict", "deaths": 3}}, {"type": "Feature", "geometry": {"type": "Point", "coordinates": [34.45, 31.516667]}, "properties": {"event_date": "2025-08-12", "violence_type": "state-based conflict", "deaths": 2}}, {"type": "Feature", "geometry": {"type": "Point", "coordinates": [34.45, 31.516667]}, "properties": {"event_date": "2025-08-12", "violence_type": "state-based conflict", "deaths": 8}}, {"type": "Feature", "geometry": {"type": "Point", "coordinates": [34.303056, 31.344444]}, "properties": {"event_date": "2025-08-12", "violence_type": "state-based conflict", "deaths": 2}}, {"type": "Feature", "geometry": {"type": "Point", "coordinates": [34.256182, 31.34822]}, "properties": {"event_date": "2025-08-12", "violence_type": "state-based conflict", "deaths": 5}}, {"type": "Feature", "geometry": {"type": "Point", "coordinates": [34.373398, 31.425074]}, "properties": {"event_date": "2025-08-13", "violence_type": "state-based conflict", "deaths": 45}}, {"type": "Feature", "geometry": {"type": "Point", "coordinates": [34.45, 31.516667]}, "properties": {"event_date": "2025-08-13", "violence_type": "state-based conflict", "deaths": 12}}, {"type": "Feature", "geometry": {"type": "Point", "coordinates": [34.45, 31.516667]}, "properties": {"event_date": "2025-08-13", "violence_type": "state-based conflict", "deaths": 7}}, {"type": "Feature", "geometry": {"type": "Point", "coordinates": [34.35014, 31.417479]}, "properties": {"event_date": "2025-08-13", "violence_type": "state-based conflict", "deaths": 3}}, {"type": "Feature", "geometry": {"type": "Point", "coordinates": [34.303056, 31.344444]}, "properties": {"event_date": "2025-08-13", "violence_type": "state-based conflict", "deaths": 14}}, {"type": "Feature", "geometry": {"type": "Point", "coordinates": [35.38996, 33.164618]}, "properties": {"event_date": "2025-08-13", "violence_type": "state-based conflict", "deaths": 1}}, {"type": "Feature", "geometry": {"type": "Point", "coordinates": [34.45, 31.516667]}, "properties": {"event_date": "2025-08-13", "violence_type": "state-based conflict", "deaths": 3}}, {"type": "Feature", "geometry": {"type": "Point", "coordinates": [34.303056, 31.344444]}, "properties": {"event_date": "2025-08-13", "violence_type": "state-based conflict", "deaths": 1}}, {"type": "Feature", "geometry": {"type": "Point", "coordinates": [34.360099, 31.409835]}, "properties": {"event_date": "2025-08-13", "violence_type": "state-based conflict", "deaths": 5}}, {"type": "Feature", "geometry": {"type": "Point", "coordinates": [34.35014, 31.417479]}, "properties": {"event_date": "2025-08-13", "violence_type": "state-based conflict", "deaths": 5}}, {"type": "Feature", "geometry": {"type": "Point", "coordinates": [34.45, 31.516667]}, "properties": {"event_date": "2025-08-13", "violence_type": "state-based conflict", "deaths": 7}}, {"type": "Feature", "geometry": {"type": "Point", "coordinates": [34.45, 31.516667]}, "properties": {"event_date": "2025-08-13", "violence_type": "state-based conflict", "deaths": 7}}, {"type": "Feature", "geometry": {"type": "Point", "coordinates": [34.303056, 31.344444]}, "properties": {"event_date": "2025-08-14", "violence_type": "state-based conflict", "deaths": 1}}, {"type": "Feature", "geometry": {"type": "Point", "coordinates": [34.243439, 31.296999]}, "properties": {"event_date": "2025-08-14", "violence_type": "state-based conflict", "deaths": 5}}, {"type": "Feature", "geometry": {"type": "Point", "coordinates": [34.45, 31.516667]}, "properties": {"event_date": "2025-08-14", "violence_type": "state-based conflict", "deaths": 2}}, {"type": "Feature", "geometry": {"type": "Point", "coordinates": [34.373398, 31.425074]}, "properties": {"event_date": "2025-08-14", "violence_type": "state-based conflict", "deaths": 15}}, {"type": "Feature", "geometry": {"type": "Point", "coordinates": [34.288056, 31.308333]}, "properties": {"event_date": "2025-08-14", "violence_type": "state-based conflict", "deaths": 12}}, {"type": "Feature", "geometry": {"type": "Point", "coordinates": [34.35014, 31.417479]}, "properties": {"event_date": "2025-08-14", "violence_type": "state-based conflict", "deaths": 1}}, {"type": "Feature", "geometry": {"type": "Point", "coordinates": [36.48256, 32.52013]}, "properties": {"event_date": "2025-08-14", "violence_type": "one-sided violence", "deaths": 1}}, {"type": "Feature", "geometry": {"type": "Point", "coordinates": [34.45, 31.516667]}, "properties": {"event_date": "2025-08-14", "violence_type": "state-based conflict", "deaths": 8}}, {"type": "Feature", "geometry": {"type": "Point", "coordinates": [36.224551, 34.663914]}, "properties": {"event_date": "2025-08-15", "violence_type": "one-sided violence", "deaths": 1}}, {"type": "Feature", "geometry": {"type": "Point", "coordinates": [34.373398, 31.425074]}, "properties": {"event_date": "2025-08-15", "violence_type": "state-based conflict", "deaths": 9}}, {"type": "Feature", "geometry": {"type": "Point", "coordinates": [34.45, 31.516667]}, "properties": {"event_date": "2025-08-15", "violence_type": "state-based conflict", "deaths": 7}}, {"type": "Feature", "geometry": {"type": "Point", "coordinates": [34.45, 31.516667]}, "properties": {"event_date": "2025-08-15", "violence_type": "state-based conflict", "deaths": 1}}, {"type": "Feature", "geometry": {"type": "Point", "coordinates": [34.493824, 31.591953]}, "properties": {"event_date": "2025-08-15", "violence_type": "state-based conflict", "deaths": 7}}, {"type": "Feature", "geometry": {"type": "Point", "coordinates": [34.35014, 31.417479]}, "properties": {"event_date": "2025-08-15", "violence_type": "state-based conflict", "deaths": 1}}, {"type": "Feature", "geometry": {"type": "Point", "coordinates": [34.243439, 31.296999]}, "properties": {"event_date": "2025-08-15", "violence_type": "state-based conflict", "deaths": 3}}, {"type": "Feature", "geometry": {"type": "Point", "coordinates": [34.45, 31.516667]}, "properties": {"event_date": "2025-08-15", "violence_type": "state-based conflict", "deaths": 7}}, {"type": "Feature", "geometry": {"type": "Point", "coordinates": [34.35014, 31.417479]}, "properties": {"event_date": "2025-08-15", "violence_type": "state-based conflict", "deaths": 2}}, {"type": "Feature", "geometry": {"type": "Point", "coordinates": [34.392875, 31.447656]}, "properties": {"event_date": "2025-08-16", "violence_type": "state-based conflict", "deaths": 2}}, {"type": "Feature", "geometry": {"type": "Point", "coordinates": [34.402939, 31.439531]}, "properties": {"event_date": "2025-08-16", "violence_type": "state-based conflict", "deaths": 6}}, {"type": "Feature", "geometry": {"type": "Point", "coordinates": [34.340847, 31.373891]}, "properties": {"event_date": "2025-08-16", "violence_type": "state-based conflict", "deaths": 3}}, {"type": "Feature", "geometry": {"type": "Point", "coordinates": [34.343629, 31.516469]}, "properties": {"event_date": "2025-08-16", "violence_type": "one-sided violence", "deaths": 1}}, {"type": "Feature", "geometry": {"type": "Point", "coordinates": [34.5, 31.55]}, "properties": {"event_date": "2025-08-16", "violence_type": "state-based conflict", "deaths": 9}}, {"type": "Feature", "geometry": {"type": "Point", "coordinates": [34.303056, 31.344444]}, "properties": {"event_date": "2025-08-16", "violence_type": "state-based conflict", "deaths": 2}}, {"type": "Feature", "geometry": {"type": "Point", "coordinates": [34.493824, 31.591953]}, "properties": {"event_date": "2025-08-16", "violence_type": "state-based conflict", "deaths": 5}}, {"type": "Feature", "geometry": {"type": "Point", "coordinates": [34.494541, 31.53639]}, "properties": {"event_date": "2025-08-16", "violence_type": "state-based conflict", "deaths": 5}}, {"type": "Feature", "geometry": {"type": "Point", "coordinates": [34.45, 31.516667]}, "properties": {"event_date": "2025-08-16", "violence_type": "state-based conflict", "deaths": 1}}, {"type": "Feature", "geometry": {"type": "Point", "coordinates": [34.45, 31.516667]}, "properties": {"event_date": "2025-08-16", "violence_type": "state-based conflict", "deaths": 1}}, {"type": "Feature", "geometry": {"type": "Point", "coordinates": [34.45, 31.516667]}, "properties": {"event_date": "2025-08-16", "violence_type": "state-based conflict", "deaths": 2}}, {"type": "Feature", "geometry": {"type": "Point", "coordinates": [34.243439, 31.296999]}, "properties": {"event_date": "2025-08-16", "violence_type": "state-based conflict", "deaths": 2}}, {"type": "Feature", "geometry": {"type": "Point", "coordinates": [34.373398, 31.425074]}, "properties": {"event_date": "2025-08-17", "violence_type": "state-based conflict", "deaths": 25}}, {"type": "Feature", "geometry": {"type": "Point", "coordinates": [34.402939, 31.439531]}, "properties": {"event_date": "2025-08-17", "violence_type": "state-based conflict", "deaths": 3}}, {"type": "Feature", "geometry": {"type": "Point", "coordinates": [34.45, 31.516667]}, "properties": {"event_date": "2025-08-17", "violence_type": "state-based conflict", "deaths": 1}}, {"type": "Feature", "geometry": {"type": "Point", "coordinates": [34.493824, 31.591953]}, "properties": {"event_date": "2025-08-17", "violence_type": "state-based conflict", "deaths": 2}}, {"type": "Feature", "geometry": {"type": "Point", "coordinates": [34.256182, 31.34822]}, "properties": {"event_date": "2025-08-17", "violence_type": "state-based conflict", "deaths": 4}}, {"type": "Feature", "geometry": {"type": "Point", "coordinates": [34.243439, 31.296999]}, "properties": {"event_date": "2025-08-17", "violence_type": "state-based conflict", "deaths": 3}}, {"type": "Feature", "geometry": {"type": "Point", "coordinates": [34.288056, 31.308333]}, "properties": {"event_date": "2025-08-17", "violence_type": "state-based conflict", "deaths": 31}}, {"type": "Feature", "geometry": {"type": "Point", "coordinates": [34.45, 31.516667]}, "properties": {"event_date": "2025-08-17", "violence_type": "state-based conflict", "deaths": 7}}, {"type": "Feature", "geometry": {"type": "Point", "coordinates": [34.45, 31.516667]}, "properties": {"event_date": "2025-08-18", "violence_type": "state-based conflict", "deaths": 1}}, {"type": "Feature", "geometry": {"type": "Point", "coordinates": [34.343629, 31.516469]}, "properties": {"event_date": "2025-08-18", "violence_type": "state-based conflict", "deaths": 1}}, {"type": "Feature", "geometry": {"type": "Point", "coordinates": [34.45, 31.516667]}, "properties": {"event_date": "2025-08-18", "violence_type": "state-based conflict", "deaths": 2}}, {"type": "Feature", "geometry": {"type": "Point", "coordinates": [34.243439, 31.296999]}, "properties": {"event_date": "2025-08-18", "violence_type": "state-based conflict", "deaths": 3}}, {"type": "Feature", "geometry": {"type": "Point", "coordinates": [34.392875, 31.447656]}, "properties": {"event_date": "2025-08-18", "violence_type": "state-based conflict", "deaths": 1}}, {"type": "Feature", "geometry": {"type": "Point", "coordinates": [34.35014, 31.417479]}, "properties": {"event_date": "2025-08-18", "violence_type": "state-based conflict", "deaths": 2}}, {"type": "Feature", "geometry": {"type": "Point", "coordinates": [34.45, 31.516667]}, "properties": {"event_date": "2025-08-18", "violence_type": "state-based conflict", "deaths": 3}}, {"type": "Feature", "geometry": {"type": "Point", "coordinates": [34.303056, 31.344444]}, "properties": {"event_date": "2025-08-19", "violence_type": "state-based conflict", "deaths": 2}}, {"type": "Feature", "geometry": {"type": "Point", "coordinates": [34.256182, 31.34822]}, "properties": {"event_date": "2025-08-19", "violence_type": "state-based conflict", "deaths": 8}}, {"type": "Feature", "geometry": {"type": "Point", "coordinates": [34.256182, 31.34822]}, "properties": {"event_date": "2025-08-19", "violence_type": "state-based conflict", "deaths": 4}}, {"type": "Feature", "geometry": {"type": "Point", "coordinates": [34.369698, 31.374459]}, "properties": {"event_date": "2025-08-19", "violence_type": "state-based conflict", "deaths": 5}}, {"type": "Feature", "geometry": {"type": "Point", "coordinates": [34.35014, 31.417479]}, "properties": {"event_date": "2025-08-19", "violence_type": "state-based conflict", "deaths": 5}}, {"type": "Feature", "geometry": {"type": "Point", "coordinates": [34.493824, 31.591953]}, "properties": {"event_date": "2025-08-19", "violence_type": "state-based conflict", "deaths": 2}}, {"type": "Feature", "geometry": {"type": "Point", "coordinates": [34.45, 31.516667]}, "properties": {"event_date": "2025-08-19", "violence_type": "state-based conflict", "deaths": 2}}, {"type": "Feature", "geometry": {"type": "Point", "coordinates": [34.303056, 31.344444]}, "properties": {"event_date": "2025-08-19", "violence_type": "state-based conflict", "deaths": 1}}, {"type": "Feature", "geometry": {"type": "Point", "coordinates": [34.483471, 31.5272]}, "properties": {"event_date": "2025-08-19", "violence_type": "state-based conflict", "deaths": 5}}, {"type": "Feature", "geometry": {"type": "Point", "coordinates": [34.35014, 31.417479]}, "properties": {"event_date": "2025-08-19", "violence_type": "state-based conflict", "deaths": 2}}, {"type": "Feature", "geometry": {"type": "Point", "coordinates": [34.35014, 31.417479]}, "properties": {"event_date": "2025-08-19", "violence_type": "state-based conflict", "deaths": 5}}, {"type": "Feature", "geometry": {"type": "Point", "coordinates": [34.256182, 31.34822]}, "properties": {"event_date": "2025-08-19", "violence_type": "state-based conflict", "deaths": 1}}, {"type": "Feature", "geometry": {"type": "Point", "coordinates": [34.243439, 31.296999]}, "properties": {"event_date": "2025-08-19", "violence_type": "state-based conflict", "deaths": 1}}, {"type": "Feature", "geometry": {"type": "Point", "coordinates": [34.373398, 31.425074]}, "properties": {"event_date": "2025-08-19", "violence_type": "state-based conflict", "deaths": 10}}, {"type": "Feature", "geometry": {"type": "Point", "coordinates": [34.413322, 31.482192]}, "properties": {"event_date": "2025-08-19", "violence_type": "state-based conflict", "deaths": 2}}, {"type": "Feature", "geometry": {"type": "Point", "coordinates": [34.303056, 31.344444]}, "properties": {"event_date": "2025-08-20", "violence_type": "state-based conflict", "deaths": 1}}, {"type": "Feature", "geometry": {"type": "Point", "coordinates": [34.413322, 31.482192]}, "properties": {"event_date": "2025-08-20", "violence_type": "state-based conflict", "deaths": 8}}, {"type": "Feature", "geometry": {"type": "Point", "coordinates": [34.446616, 31.534912]}, "properties": {"event_date": "2025-08-20", "violence_type": "state-based conflict", "deaths": 6}}, {"type": "Feature", "geometry": {"type": "Point", "coordinates": [34.45, 31.516667]}, "properties": {"event_date": "2025-08-20", "violence_type": "state-based conflict", "deaths": 4}}, {"type": "Feature", "geometry": {"type": "Point", "coordinates": [34.303056, 31.344444]}, "properties": {"event_date": "2025-08-20", "violence_type": "state-based conflict", "deaths": 3}}, {"type": "Feature", "geometry": {"type": "Point", "coordinates": [34.45, 31.516667]}, "properties": {"event_date": "2025-08-20", "violence_type": "state-based conflict", "deaths": 2}}, {"type": "Feature", "geometry": {"type": "Point", "coordinates": [34.373398, 31.425074]}, "properties": {"event_date": "2025-08-20", "violence_type": "state-based conflict", "deaths": 52}}, {"type": "Feature", "geometry": {"type": "Point", "coordinates": [34.45, 31.516667]}, "properties": {"event_date": "2025-08-20", "violence_type": "state-based conflict", "deaths": 2}}, {"type": "Feature", "geometry": {"type": "Point", "coordinates": [34.45, 31.516667]}, "properties": {"event_date": "2025-08-20", "violence_type": "state-based conflict", "deaths": 2}}, {"type": "Feature", "geometry": {"type": "Point", "coordinates": [34.45, 31.516667]}, "properties": {"event_date": "2025-08-20", "violence_type": "state-based conflict", "deaths": 2}}, {"type": "Feature", "geometry": {"type": "Point", "coordinates": [34.303056, 31.344444]}, "properties": {"event_date": "2025-08-20", "violence_type": "state-based conflict", "deaths": 8}}, {"type": "Feature", "geometry": {"type": "Point", "coordinates": [34.392875, 31.447656]}, "properties": {"event_date": "2025-08-20", "violence_type": "state-based conflict", "deaths": 4}}, {"type": "Feature", "geometry": {"type": "Point", "coordinates": [35.499537, 33.29169]}, "properties": {"event_date": "2025-08-21", "violence_type": "state-based conflict", "deaths": 1}}, {"type": "Feature", "geometry": {"type": "Point", "coordinates": [34.483471, 31.5272]}, "properties": {"event_date": "2025-08-21", "violence_type": "state-based conflict", "deaths": 4}}, {"type": "Feature", "geometry": {"type": "Point", "coordinates": [34.414752, 31.455404]}, "properties": {"event_date": "2025-08-21", "violence_type": "state-based conflict", "deaths": 7}}, {"type": "Feature", "geometry": {"type": "Point", "coordinates": [34.45, 31.516667]}, "properties": {"event_date": "2025-08-21", "violence_type": "state-based conflict", "deaths": 4}}, {"type": "Feature", "geometry": {"type": "Point", "coordinates": [34.360099, 31.409835]}, "properties": {"event_date": "2025-08-21", "violence_type": "state-based conflict", "deaths": 1}}, {"type": "Feature", "geometry": {"type": "Point", "coordinates": [34.45, 31.516667]}, "properties": {"event_date": "2025-08-21", "violence_type": "state-based conflict", "deaths": 1}}, {"type": "Feature", "geometry": {"type": "Point", "coordinates": [34.45, 31.516667]}, "properties": {"event_date": "2025-08-21", "violence_type": "state-based conflict", "deaths": 4}}, {"type": "Feature", "geometry": {"type": "Point", "coordinates": [34.243439, 31.296999]}, "properties": {"event_date": "2025-08-21", "violence_type": "state-based conflict", "deaths": 3}}, {"type": "Feature", "geometry": {"type": "Point", "coordinates": [34.360099, 31.409835]}, "properties": {"event_date": "2025-08-21", "violence_type": "state-based conflict", "deaths": 5}}, {"type": "Feature", "geometry": {"type": "Point", "coordinates": [34.303056, 31.344444]}, "properties": {"event_date": "2025-08-21", "violence_type": "state-based conflict", "deaths": 5}}, {"type": "Feature", "geometry": {"type": "Point", "coordinates": [34.45, 31.516667]}, "properties": {"event_date": "2025-08-21", "violence_type": "state-based conflict", "deaths": 1}}, {"type": "Feature", "geometry": {"type": "Point", "coordinates": [34.45, 31.516667]}, "properties": {"event_date": "2025-08-21", "violence_type": "state-based conflict", "deaths": 3}}, {"type": "Feature", "geometry": {"type": "Point", "coordinates": [34.45, 31.516667]}, "properties": {"event_date": "2025-08-21", "violence_type": "state-based conflict", "deaths": 2}}, {"type": "Feature", "geometry": {"type": "Point", "coordinates": [35.093796, 31.529349]}, "properties": {"event_date": "2025-08-21", "violence_type": "one-sided violence", "deaths": 1}}, {"type": "Feature", "geometry": {"type": "Point", "coordinates": [34.45, 31.516667]}, "properties": {"event_date": "2025-08-21", "violence_type": "state-based conflict", "deaths": 8}}, {"type": "Feature", "geometry": {"type": "Point", "coordinates": [34.483471, 31.5272]}, "properties": {"event_date": "2025-08-21", "violence_type": "state-based conflict", "deaths": 2}}, {"type": "Feature", "geometry": {"type": "Point", "coordinates": [34.392875, 31.447656]}, "properties": {"event_date": "2025-08-22", "violence_type": "state-based conflict", "deaths": 2}}, {"type": "Feature", "geometry": {"type": "Point", "coordinates": [34.45, 31.516667]}, "properties": {"event_date": "2025-08-22", "violence_type": "state-based conflict", "deaths": 12}}, {"type": "Feature", "geometry": {"type": "Point", "coordinates": [34.45, 31.516667]}, "properties": {"event_date": "2025-08-22", "violence_type": "state-based conflict", "deaths": 2}}, {"type": "Feature", "geometry": {"type": "Point", "coordinates": [34.45, 31.516667]}, "properties": {"event_date": "2025-08-22", "violence_type": "state-based conflict", "deaths": 5}}, {"type": "Feature", "geometry": {"type": "Point", "coordinates": [34.446616, 31.534912]}, "properties": {"event_date": "2025-08-22", "violence_type": "state-based conflict", "deaths": 4}}, {"type": "Feature", "geometry": {"type": "Point", "coordinates": [34.373398, 31.425074]}, "properties": {"event_date": "2025-08-22", "violence_type": "state-based conflict", "deaths": 12}}, {"type": "Feature", "geometry": {"type": "Point", "coordinates": [35.334444, 33.097222]}, "properties": {"event_date": "2025-08-22", "violence_type": "state-based conflict", "deaths": 1}}, {"type": "Feature", "geometry": {"type": "Point", "coordinates": [34.373398, 31.425074]}, "properties": {"event_date": "2025-08-22", "violence_type": "state-based conflict", "deaths": 1}}, {"type": "Feature", "geometry": {"type": "Point", "coordinates": [34.303056, 31.344444]}, "properties": {"event_date": "2025-08-22", "violence_type": "state-based conflict", "deaths": 5}}, {"type": "Feature", "geometry": {"type": "Point", "coordinates": [34.45, 31.516667]}, "properties": {"event_date": "2025-08-22", "violence_type": "state-based conflict", "deaths": 3}}, {"type": "Feature", "geometry": {"type": "Point", "coordinates": [34.45, 31.516667]}, "properties": {"event_date": "2025-08-22", "violence_type": "state-based conflict", "deaths": 2}}, {"type": "Feature", "geometry": {"type": "Point", "coordinates": [34.243439, 31.296999]}, "properties": {"event_date": "2025-08-23", "violence_type": "state-based conflict", "deaths": 1}}, {"type": "Feature", "geometry": {"type": "Point", "coordinates": [34.35014, 31.417479]}, "properties": {"event_date": "2025-08-23", "violence_type": "state-based conflict", "deaths": 1}}, {"type": "Feature", "geometry": {"type": "Point", "coordinates": [34.385375, 31.421358]}, "properties": {"event_date": "2025-08-23", "violence_type": "state-based conflict", "deaths": 2}}, {"type": "Feature", "geometry": {"type": "Point", "coordinates": [34.483471, 31.5272]}, "properties": {"event_date": "2025-08-23", "violence_type": "state-based conflict", "deaths": 2}}, {"type": "Feature", "geometry": {"type": "Point", "coordinates": [34.293358, 31.349291]}, "properties": {"event_date": "2025-08-23", "violence_type": "state-based conflict", "deaths": 2}}, {"type": "Feature", "geometry": {"type": "Point", "coordinates": [34.45, 31.516667]}, "properties": {"event_date": "2025-08-23", "violence_type": "state-based conflict", "deaths": 6}}, {"type": "Feature", "geometry": {"type": "Point", "coordinates": [34.483471, 31.5272]}, "properties": {"event_date": "2025-08-23", "violence_type": "state-based conflict", "deaths": 3}}, {"type": "Feature", "geometry": {"type": "Point", "coordinates": [34.493824, 31.591953]}, "properties": {"event_date": "2025-08-23", "violence_type": "one-sided violence", "deaths": 1}}, {"type": "Feature", "geometry": {"type": "Point", "coordinates": [34.373398, 31.425074]}, "properties": {"event_date": "2025-08-23", "violence_type": "state-based conflict", "deaths": 34}}, {"type": "Feature", "geometry": {"type": "Point", "coordinates": [34.303056, 31.344444]}, "properties": {"event_date": "2025-08-23", "violence_type": "state-based conflict", "deaths": 17}}, {"type": "Feature", "geometry": {"type": "Point", "coordinates": [34.45, 31.516667]}, "properties": {"event_date": "2025-08-23", "violence_type": "state-based conflict", "deaths": 1}}, {"type": "Feature", "geometry": {"type": "Point", "coordinates": [34.45, 31.516667]}, "properties": {"event_date": "2025-08-23", "violence_type": "state-based conflict", "deaths": 1}}, {"type": "Feature", "geometry": {"type": "Point", "coordinates": [36.291575, 33.513364]}, "properties": {"event_date": "2025-08-24", "violence_type": "one-sided violence", "deaths": 1}}, {"type": "Feature", "geometry": {"type": "Point", "coordinates": [34.45, 31.516667]}, "properties": {"event_date": "2025-08-24", "violence_type": "state-based conflict", "deaths": 2}}, {"type": "Feature", "geometry": {"type": "Point", "coordinates": [34.243439, 31.296999]}, "properties": {"event_date": "2025-08-24", "violence_type": "state-based conflict", "deaths": 1}}, {"type": "Feature", "geometry": {"type": "Point", "coordinates": [44.206667, 15.354722]}, "properties": {"event_date": "2025-08-24", "violence_type": "state-based conflict", "deaths": 10}}, {"type": "Feature", "geometry": {"type": "Point", "coordinates": [34.413322, 31.482192]}, "properties": {"event_date": "2025-08-24", "violence_type": "state-based conflict", "deaths": 3}}, {"type": "Feature", "geometry": {"type": "Point", "coordinates": [34.45, 31.516667]}, "properties": {"event_date": "2025-08-24", "violence_type": "state-based conflict", "deaths": 1}}, {"type": "Feature", "geometry": {"type": "Point", "coordinates": [34.483471, 31.5272]}, "properties": {"event_date": "2025-08-24", "violence_type": "state-based conflict", "deaths": 1}}, {"type": "Feature", "geometry": {"type": "Point", "coordinates": [34.495142, 31.546397]}, "properties": {"event_date": "2025-08-24", "violence_type": "state-based conflict", "deaths": 10}}, {"type": "Feature", "geometry": {"type": "Point", "coordinates": [34.293358, 31.349291]}, "properties": {"event_date": "2025-08-24", "violence_type": "state-based conflict", "deaths": 4}}, {"type": "Feature", "geometry": {"type": "Point", "coordinates": [34.45, 31.516667]}, "properties": {"event_date": "2025-08-24", "violence_type": "state-based conflict", "deaths": 6}}, {"type": "Feature", "geometry": {"type": "Point", "coordinates": [34.35014, 31.417479]}, "properties": {"event_date": "2025-08-24", "violence_type": "state-based conflict", "deaths": 1}}, {"type": "Feature", "geometry": {"type": "Point", "coordinates": [34.45, 31.516667]}, "properties": {"event_date": "2025-08-24", "violence_type": "state-based conflict", "deaths": 3}}, {"type": "Feature", "geometry": {"type": "Point", "coordinates": [36.306448, 33.279336]}, "properties": {"event_date": "2025-08-25", "violence_type": "one-sided violence", "deaths": 1}}, {"type": "Feature", "geometry": {"type": "Point", "coordinates": [34.483471, 31.5272]}, "properties": {"event_date": "2025-08-25", "violence_type": "state-based conflict", "deaths": 1}}, {"type": "Feature", "geometry": {"type": "Point", "coordinates": [34.293358, 31.349291]}, "properties": {"event_date": "2025-08-25", "violence_type": "state-based conflict", "deaths": 1}}, {"type": "Feature", "geometry": {"type": "Point", "coordinates": [34.35014, 31.417479]}, "properties": {"event_date": "2025-08-25", "violence_type": "state-based conflict", "deaths": 3}}, {"type": "Feature", "geometry": {"type": "Point", "coordinates": [34.256182, 31.34822]}, "properties": {"event_date": "2025-08-25", "violence_type": "state-based conflict", "deaths": 1}}, {"type": "Feature", "geometry": {"type": "Point", "coordinates": [34.45, 31.516667]}, "properties": {"event_date": "2025-08-25", "violence_type": "state-based conflict", "deaths": 2}}, {"type": "Feature", "geometry": {"type": "Point", "coordinates": [34.303056, 31.344444]}, "properties": {"event_date": "2025-08-25", "violence_type": "state-based conflict", "deaths": 2}}, {"type": "Feature", "geometry": {"type": "Point", "coordinates": [34.303056, 31.344444]}, "properties": {"event_date": "2025-08-25", "violence_type": "state-based conflict", "deaths": 22}}, {"type": "Feature", "geometry": {"type": "Point", "coordinates": [34.306268, 31.340177]}, "properties": {"event_date": "2025-08-25", "violence_type": "state-based conflict", "deaths": 1}}, {"type": "Feature", "geometry": {"type": "Point", "coordinates": [34.45, 31.516667]}, "properties": {"event_date": "2025-08-25", "violence_type": "state-based conflict", "deaths": 5}}, {"type": "Feature", "geometry": {"type": "Point", "coordinates": [34.392875, 31.447656]}, "properties": {"event_date": "2025-08-25", "violence_type": "state-based conflict", "deaths": 1}}, {"type": "Feature", "geometry": {"type": "Point", "coordinates": [34.35014, 31.417479]}, "properties": {"event_date": "2025-08-26", "violence_type": "state-based conflict", "deaths": 2}}, {"type": "Feature", "geometry": {"type": "Point", "coordinates": [34.45, 31.516667]}, "properties": {"event_date": "2025-08-26", "violence_type": "state-based conflict", "deaths": 2}}, {"type": "Feature", "geometry": {"type": "Point", "coordinates": [34.45, 31.516667]}, "properties": {"event_date": "2025-08-26", "violence_type": "state-based conflict", "deaths": 2}}, {"type": "Feature", "geometry": {"type": "Point", "coordinates": [34.45, 31.516667]}, "properties": {"event_date": "2025-08-26", "violence_type": "state-based conflict", "deaths": 1}}, {"type": "Feature", "geometry": {"type": "Point", "coordinates": [34.413322, 31.482192]}, "properties": {"event_date": "2025-08-26", "violence_type": "state-based conflict", "deaths": 1}}, {"type": "Feature", "geometry": {"type": "Point", "coordinates": [34.392875, 31.447656]}, "properties": {"event_date": "2025-08-26", "violence_type": "state-based conflict", "deaths": 2}}, {"type": "Feature", "geometry": {"type": "Point", "coordinates": [34.45, 31.516667]}, "properties": {"event_date": "2025-08-26", "violence_type": "state-based conflict", "deaths": 3}}, {"type": "Feature", "geometry": {"type": "Point", "coordinates": [34.45, 31.516667]}, "properties": {"event_date": "2025-08-26", "violence_type": "state-based conflict", "deaths": 3}}, {"type": "Feature", "geometry": {"type": "Point", "coordinates": [34.373398, 31.425074]}, "properties": {"event_date": "2025-08-26", "violence_type": "state-based conflict", "deaths": 15}}, {"type": "Feature", "geometry": {"type": "Point", "coordinates": [34.45, 31.516667]}, "properties": {"event_date": "2025-08-26", "violence_type": "state-based conflict", "deaths": 5}}, {"type": "Feature", "geometry": {"type": "Point", "coordinates": [34.45, 31.516667]}, "properties": {"event_date": "2025-08-26", "violence_type": "state-based conflict", "deaths": 1}}, {"type": "Feature", "geometry": {"type": "Point", "coordinates": [34.45, 31.516667]}, "properties": {"event_date": "2025-08-26", "violence_type": "state-based conflict", "deaths": 1}}, {"type": "Feature", "geometry": {"type": "Point", "coordinates": [34.45, 31.516667]}, "properties": {"event_date": "2025-08-26", "violence_type": "state-based conflict", "deaths": 4}}, {"type": "Feature", "geometry": {"type": "Point", "coordinates": [34.414752, 31.455404]}, "properties": {"event_date": "2025-08-26", "violence_type": "state-based conflict", "deaths": 7}}, {"type": "Feature", "geometry": {"type": "Point", "coordinates": [34.45, 31.516667]}, "properties": {"event_date": "2025-08-26", "violence_type": "state-based conflict", "deaths": 1}}, {"type": "Feature", "geometry": {"type": "Point", "coordinates": [34.45, 31.516667]}, "properties": {"event_date": "2025-08-26", "violence_type": "state-based conflict", "deaths": 2}}, {"type": "Feature", "geometry": {"type": "Point", "coordinates": [34.35014, 31.417479]}, "properties": {"event_date": "2025-08-26", "violence_type": "state-based conflict", "deaths": 10}}, {"type": "Feature", "geometry": {"type": "Point", "coordinates": [34.45, 31.516667]}, "properties": {"event_date": "2025-08-26", "violence_type": "state-based conflict", "deaths": 7}}, {"type": "Feature", "geometry": {"type": "Point", "coordinates": [36.384576, 33.334976]}, "properties": {"event_date": "2025-08-26", "violence_type": "state-based conflict", "deaths": 6}}, {"type": "Feature", "geometry": {"type": "Point", "coordinates": [34.45, 31.516667]}, "properties": {"event_date": "2025-08-26", "violence_type": "state-based conflict", "deaths": 9}}, {"type": "Feature", "geometry": {"type": "Point", "coordinates": [34.340847, 31.373891]}, "properties": {"event_date": "2025-08-26", "violence_type": "state-based conflict", "deaths": 6}}, {"type": "Feature", "geometry": {"type": "Point", "coordinates": [34.303056, 31.344444]}, "properties": {"event_date": "2025-08-27", "violence_type": "state-based conflict", "deaths": 4}}, {"type": "Feature", "geometry": {"type": "Point", "coordinates": [34.45, 31.516667]}, "properties": {"event_date": "2025-08-27", "violence_type": "state-based conflict", "deaths": 2}}, {"type": "Feature", "geometry": {"type": "Point", "coordinates": [34.369698, 31.374459]}, "properties": {"event_date": "2025-08-27", "violence_type": "state-based conflict", "deaths": 1}}, {"type": "Feature", "geometry": {"type": "Point", "coordinates": [34.301549, 31.374349]}, "properties": {"event_date": "2025-08-27", "violence_type": "state-based conflict", "deaths": 3}}, {"type": "Feature", "geometry": {"type": "Point", "coordinates": [34.45, 31.516667]}, "properties": {"event_date": "2025-08-27", "violence_type": "state-based conflict", "deaths": 4}}, {"type": "Feature", "geometry": {"type": "Point", "coordinates": [34.413322, 31.482192]}, "properties": {"event_date": "2025-08-27", "violence_type": "state-based conflict", "deaths": 2}}, {"type": "Feature", "geometry": {"type": "Point", "coordinates": [34.45, 31.516667]}, "properties": {"event_date": "2025-08-27", "violence_type": "state-based conflict", "deaths": 1}}, {"type": "Feature", "geometry": {"type": "Point", "coordinates": [44.20356, 15.2731]}, "properties": {"event_date": "2025-08-28", "violence_type": "state-based conflict", "deaths": 20}}, {"type": "Feature", "geometry": {"type": "Point", "coordinates": [34.373398, 31.425074]}, "properties": {"event_date": "2025-08-28", "violence_type": "state-based conflict", "deaths": 25}}, {"type": "Feature", "geometry": {"type": "Point", "coordinates": [35.134167, 33.12]}, "properties": {"event_date": "2025-08-28", "violence_type": "state-based conflict", "deaths": 2}}, {"type": "Feature", "geometry": {"type": "Point", "coordinates": [34.45, 31.516667]}, "properties": {"event_date": "2025-08-28", "violence_type": "state-based conflict", "deaths": 3}}, {"type": "Feature", "geometry": {"type": "Point", "coordinates": [34.301549, 31.374349]}, "properties": {"event_date": "2025-08-28", "violence_type": "state-based conflict", "deaths": 2}}, {"type": "Feature", "geometry": {"type": "Point", "coordinates": [34.483471, 31.5272]}, "properties": {"event_date": "2025-08-28", "violence_type": "state-based conflict", "deaths": 5}}, {"type": "Feature", "geometry": {"type": "Point", "coordinates": [34.256182, 31.34822]}, "properties": {"event_date": "2025-08-28", "violence_type": "state-based conflict", "deaths": 1}}, {"type": "Feature", "geometry": {"type": "Point", "coordinates": [34.45, 31.516667]}, "properties": {"event_date": "2025-08-28", "violence_type": "state-based conflict", "deaths": 1}}, {"type": "Feature", "geometry": {"type": "Point", "coordinates": [34.256182, 31.34822]}, "properties": {"event_date": "2025-08-28", "violence_type": "state-based conflict", "deaths": 5}}, {"type": "Feature", "geometry": {"type": "Point", "coordinates": [34.303056, 31.344444]}, "properties": {"event_date": "2025-08-28", "violence_type": "state-based conflict", "deaths": 1}}, {"type": "Feature", "geometry": {"type": "Point", "coordinates": [34.414752, 31.455404]}, "properties": {"event_date": "2025-08-28", "violence_type": "state-based conflict", "deaths": 7}}, {"type": "Feature", "geometry": {"type": "Point", "coordinates": [34.45, 31.516667]}, "properties": {"event_date": "2025-08-28", "violence_type": "state-based conflict", "deaths": 1}}, {"type": "Feature", "geometry": {"type": "Point", "coordinates": [34.402939, 31.439531]}, "properties": {"event_date": "2025-08-28", "violence_type": "state-based conflict", "deaths": 2}}, {"type": "Feature", "geometry": {"type": "Point", "coordinates": [34.45, 31.516667]}, "properties": {"event_date": "2025-08-28", "violence_type": "state-based conflict", "deaths": 1}}, {"type": "Feature", "geometry": {"type": "Point", "coordinates": [34.402939, 31.439531]}, "properties": {"event_date": "2025-08-28", "violence_type": "state-based conflict", "deaths": 4}}, {"type": "Feature", "geometry": {"type": "Point", "coordinates": [35.367327, 33.320852]}, "properties": {"event_date": "2025-08-29", "violence_type": "state-based conflict", "deaths": 1}}, {"type": "Feature", "geometry": {"type": "Point", "coordinates": [34.303056, 31.344444]}, "properties": {"event_date": "2025-08-29", "violence_type": "state-based conflict", "deaths": 2}}, {"type": "Feature", "geometry": {"type": "Point", "coordinates": [34.402939, 31.439531]}, "properties": {"event_date": "2025-08-29", "violence_type": "state-based conflict", "deaths": 2}}, {"type": "Feature", "geometry": {"type": "Point", "coordinates": [34.45, 31.516667]}, "properties": {"event_date": "2025-08-29", "violence_type": "state-based conflict", "deaths": 9}}, {"type": "Feature", "geometry": {"type": "Point", "coordinates": [34.392875, 31.447656]}, "properties": {"event_date": "2025-08-29", "violence_type": "state-based conflict", "deaths": 4}}, {"type": "Feature", "geometry": {"type": "Point", "coordinates": [34.256182, 31.34822]}, "properties": {"event_date": "2025-08-29", "violence_type": "state-based conflict", "deaths": 6}}, {"type": "Feature", "geometry": {"type": "Point", "coordinates": [34.35014, 31.417479]}, "properties": {"event_date": "2025-08-29", "violence_type": "state-based conflict", "deaths": 2}}, {"type": "Feature", "geometry": {"type": "Point", "coordinates": [34.45, 31.516667]}, "properties": {"event_date": "2025-08-29", "violence_type": "state-based conflict", "deaths": 1}}, {"type": "Feature", "geometry": {"type": "Point", "coordinates": [34.35014, 31.417479]}, "properties": {"event_date": "2025-08-29", "violence_type": "state-based conflict", "deaths": 3}}, {"type": "Feature", "geometry": {"type": "Point", "coordinates": [34.343629, 31.516469]}, "properties": {"event_date": "2025-08-29", "violence_type": "state-based conflict", "deaths": 1}}, {"type": "Feature", "geometry": {"type": "Point", "coordinates": [34.493824, 31.591953]}, "properties": {"event_date": "2025-08-29", "violence_type": "state-based conflict", "deaths": 9}}, {"type": "Feature", "geometry": {"type": "Point", "coordinates": [34.373398, 31.425074]}, "properties": {"event_date": "2025-08-29", "violence_type": "state-based conflict", "deaths": 17}}, {"type": "Feature", "geometry": {"type": "Point", "coordinates": [34.495142, 31.546397]}, "properties": {"event_date": "2025-08-29", "violence_type": "state-based conflict", "deaths": 4}}, {"type": "Feature", "geometry": {"type": "Point", "coordinates": [34.392875, 31.447656]}, "properties": {"event_date": "2025-08-29", "violence_type": "state-based conflict", "deaths": 8}}, {"type": "Feature", "geometry": {"type": "Point", "coordinates": [34.45, 31.516667]}, "properties": {"event_date": "2025-08-29", "violence_type": "state-based conflict", "deaths": 3}}, {"type": "Feature", "geometry": {"type": "Point", "coordinates": [34.392875, 31.447656]}, "properties": {"event_date": "2025-08-29", "violence_type": "state-based conflict", "deaths": 5}}, {"type": "Feature", "geometry": {"type": "Point", "coordinates": [34.45, 31.516667]}, "properties": {"event_date": "2025-08-29", "violence_type": "state-based conflict", "deaths": 2}}, {"type": "Feature", "geometry": {"type": "Point", "coordinates": [34.392875, 31.447656]}, "properties": {"event_date": "2025-08-30", "violence_type": "state-based conflict", "deaths": 3}}, {"type": "Feature", "geometry": {"type": "Point", "coordinates": [34.45, 31.516667]}, "properties": {"event_date": "2025-08-30", "violence_type": "state-based conflict", "deaths": 1}}, {"type": "Feature", "geometry": {"type": "Point", "coordinates": [34.45, 31.516667]}, "properties": {"event_date": "2025-08-30", "violence_type": "state-based conflict", "deaths": 1}}, {"type": "Feature", "geometry": {"type": "Point", "coordinates": [34.45, 31.516667]}, "properties": {"event_date": "2025-08-30", "violence_type": "state-based conflict", "deaths": 3}}, {"type": "Feature", "geometry": {"type": "Point", "coordinates": [34.373398, 31.425074]}, "properties": {"event_date": "2025-08-30", "violence_type": "state-based conflict", "deaths": 2}}, {"type": "Feature", "geometry": {"type": "Point", "coordinates": [34.495142, 31.546397]}, "properties": {"event_date": "2025-08-30", "violence_type": "state-based conflict", "deaths": 4}}, {"type": "Feature", "geometry": {"type": "Point", "coordinates": [34.45, 31.516667]}, "properties": {"event_date": "2025-08-30", "violence_type": "state-based conflict", "deaths": 1}}, {"type": "Feature", "geometry": {"type": "Point", "coordinates": [34.45, 31.516667]}, "properties": {"event_date": "2025-08-30", "violence_type": "state-based conflict", "deaths": 1}}, {"type": "Feature", "geometry": {"type": "Point", "coordinates": [34.45, 31.516667]}, "properties": {"event_date": "2025-08-30", "violence_type": "state-based conflict", "deaths": 11}}, {"type": "Feature", "geometry": {"type": "Point", "coordinates": [34.414752, 31.455404]}, "properties": {"event_date": "2025-08-30", "violence_type": "state-based conflict", "deaths": 5}}, {"type": "Feature", "geometry": {"type": "Point", "coordinates": [34.45, 31.516667]}, "properties": {"event_date": "2025-08-30", "violence_type": "state-based conflict", "deaths": 1}}, {"type": "Feature", "geometry": {"type": "Point", "coordinates": [34.243439, 31.296999]}, "properties": {"event_date": "2025-08-30", "violence_type": "state-based conflict", "deaths": 2}}, {"type": "Feature", "geometry": {"type": "Point", "coordinates": [34.360099, 31.409835]}, "properties": {"event_date": "2025-08-30", "violence_type": "state-based conflict", "deaths": 5}}, {"type": "Feature", "geometry": {"type": "Point", "coordinates": [34.45, 31.516667]}, "properties": {"event_date": "2025-08-30", "violence_type": "state-based conflict", "deaths": 12}}, {"type": "Feature", "geometry": {"type": "Point", "coordinates": [34.446616, 31.534912]}, "properties": {"event_date": "2025-08-30", "violence_type": "state-based conflict", "deaths": 5}}, {"type": "Feature", "geometry": {"type": "Point", "coordinates": [34.483471, 31.5272]}, "properties": {"event_date": "2025-08-30", "violence_type": "state-based conflict", "deaths": 2}}, {"type": "Feature", "geometry": {"type": "Point", "coordinates": [34.45, 31.516667]}, "properties": {"event_date": "2025-08-30", "violence_type": "state-based conflict", "deaths": 1}}, {"type": "Feature", "geometry": {"type": "Point", "coordinates": [34.45, 31.516667]}, "properties": {"event_date": "2025-08-30", "violence_type": "state-based conflict", "deaths": 5}}, {"type": "Feature", "geometry": {"type": "Point", "coordinates": [34.303056, 31.344444]}, "properties": {"event_date": "2025-08-30", "violence_type": "state-based conflict", "deaths": 3}}, {"type": "Feature", "geometry": {"type": "Point", "coordinates": [34.303056, 31.344444]}, "properties": {"event_date": "2025-08-30", "violence_type": "state-based conflict", "deaths": 1}}, {"type": "Feature", "geometry": {"type": "Point", "coordinates": [34.402939, 31.439531]}, "properties": {"event_date": "2025-08-30", "violence_type": "state-based conflict", "deaths": 1}}, {"type": "Feature", "geometry": {"type": "Point", "coordinates": [34.45, 31.516667]}, "properties": {"event_date": "2025-08-30", "violence_type": "state-based conflict", "deaths": 4}}, {"type": "Feature", "geometry": {"type": "Point", "coordinates": [34.35014, 31.417479]}, "properties": {"event_date": "2025-08-30", "violence_type": "state-based conflict", "deaths": 1}}, {"type": "Feature", "geometry": {"type": "Point", "coordinates": [34.495142, 31.546397]}, "properties": {"event_date": "2025-08-31", "violence_type": "state-based conflict", "deaths": 7}}, {"type": "Feature", "geometry": {"type": "Point", "coordinates": [34.483471, 31.5272]}, "properties": {"event_date": "2025-08-31", "violence_type": "state-based conflict", "deaths": 7}}, {"type": "Feature", "geometry": {"type": "Point", "coordinates": [34.385375, 31.421358]}, "properties": {"event_date": "2025-08-31", "violence_type": "state-based conflict", "deaths": 1}}, {"type": "Feature", "geometry": {"type": "Point", "coordinates": [34.288056, 31.308333]}, "properties": {"event_date": "2025-08-31", "violence_type": "state-based conflict", "deaths": 14}}, {"type": "Feature", "geometry": {"type": "Point", "coordinates": [34.414752, 31.455404]}, "properties": {"event_date": "2025-08-31", "violence_type": "state-based conflict", "deaths": 7}}, {"type": "Feature", "geometry": {"type": "Point", "coordinates": [34.45, 31.516667]}, "properties": {"event_date": "2025-08-31", "violence_type": "state-based conflict", "deaths": 4}}, {"type": "Feature", "geometry": {"type": "Point", "coordinates": [34.35014, 31.417479]}, "properties": {"event_date": "2025-08-31", "violence_type": "state-based conflict", "deaths": 4}}, {"type": "Feature", "geometry": {"type": "Point", "coordinates": [34.45, 31.516667]}, "properties": {"event_date": "2025-08-31", "violence_type": "state-based conflict", "deaths": 2}}, {"type": "Feature", "geometry": {"type": "Point", "coordinates": [34.45, 31.516667]}, "properties": {"event_date": "2025-08-31", "violence_type": "state-based conflict", "deaths": 8}}, {"type": "Feature", "geometry": {"type": "Point", "coordinates": [34.45, 31.516667]}, "properties": {"event_date": "2025-08-31", "violence_type": "state-based conflict", "deaths": 2}}, {"type": "Feature", "geometry": {"type": "Point", "coordinates": [34.45, 31.516667]}, "properties": {"event_date": "2025-08-31", "violence_type": "state-based conflict", "deaths": 2}}, {"type": "Feature", "geometry": {"type": "Point", "coordinates": [35.4925, 33.36389]}, "properties": {"event_date": "2025-08-31", "violence_type": "state-based conflict", "deaths": 1}}, {"type": "Feature", "geometry": {"type": "Point", "coordinates": [34.45, 31.516667]}, "properties": {"event_date": "2025-08-31", "violence_type": "state-based conflict", "deaths": 4}}, {"type": "Feature", "geometry": {"type": "Point", "coordinates": [34.45, 31.516667]}, "properties": {"event_date": "2025-08-31", "violence_type": "state-based conflict", "deaths": 2}}, {"type": "Feature", "geometry": {"type": "Point", "coordinates": [34.35014, 31.417479]}, "properties": {"event_date": "2025-08-31", "violence_type": "state-based conflict", "deaths": 1}}, {"type": "Feature", "geometry": {"type": "Point", "coordinates": [34.45, 31.516667]}, "properties": {"event_date": "2025-08-31", "violence_type": "state-based conflict", "deaths": 1}}, {"type": "Feature", "geometry": {"type": "Point", "coordinates": [34.243439, 31.296999]}, "properties": {"event_date": "2025-08-31", "violence_type": "state-based conflict", "deaths": 2}}, {"type": "Feature", "geometry": {"type": "Point", "coordinates": [34.340847, 31.373891]}, "properties": {"event_date": "2025-08-31", "violence_type": "state-based conflict", "deaths": 1}}, {"type": "Feature", "geometry": {"type": "Point", "coordinates": [34.45, 31.516667]}, "properties": {"event_date": "2025-08-31", "violence_type": "state-based conflict", "deaths": 1}}, {"type": "Feature", "geometry": {"type": "Point", "coordinates": [34.483471, 31.5272]}, "properties": {"event_date": "2025-08-31", "violence_type": "state-based conflict", "deaths": 2}}, {"type": "Feature", "geometry": {"type": "Point", "coordinates": [34.45, 31.516667]}, "properties": {"event_date": "2025-08-31", "violence_type": "state-based conflict", "deaths": 1}}, {"type": "Feature", "geometry": {"type": "Point", "coordinates": [34.373398, 31.425074]}, "properties": {"event_date": "2025-08-31", "violence_type": "state-based conflict", "deaths": 13}}, {"type": "Feature", "geometry": {"type": "Point", "coordinates": [34.45, 31.516667]}, "properties": {"event_date": "2025-08-31", "violence_type": "state-based conflict", "deaths": 1}}, {"type": "Feature", "geometry": {"type": "Point", "coordinates": [34.45, 31.516667]}, "properties": {"event_date": "2025-08-31", "violence_type": "state-based conflict", "deaths": 3}}, {"type": "Feature", "geometry": {"type": "Point", "coordinates": [34.45, 31.516667]}, "properties": {"event_date": "2025-09-01", "violence_type": "state-based conflict", "deaths": 2}}, {"type": "Feature", "geometry": {"type": "Point", "coordinates": [34.35014, 31.417479]}, "properties": {"event_date": "2025-09-01", "violence_type": "state-based conflict", "deaths": 1}}, {"type": "Feature", "geometry": {"type": "Point", "coordinates": [34.45, 31.516667]}, "properties": {"event_date": "2025-09-01", "violence_type": "state-based conflict", "deaths": 3}}, {"type": "Feature", "geometry": {"type": "Point", "coordinates": [34.45, 31.516667]}, "properties": {"event_date": "2025-09-01", "violence_type": "state-based conflict", "deaths": 5}}, {"type": "Feature", "geometry": {"type": "Point", "coordinates": [34.446616, 31.534912]}, "properties": {"event_date": "2025-09-01", "violence_type": "state-based conflict", "deaths": 2}}, {"type": "Feature", "geometry": {"type": "Point", "coordinates": [34.45, 31.516667]}, "properties": {"event_date": "2025-09-01", "violence_type": "state-based conflict", "deaths": 4}}, {"type": "Feature", "geometry": {"type": "Point", "coordinates": [34.35014, 31.417479]}, "properties": {"event_date": "2025-09-01", "violence_type": "state-based conflict", "deaths": 1}}, {"type": "Feature", "geometry": {"type": "Point", "coordinates": [34.45, 31.516667]}, "properties": {"event_date": "2025-09-01", "violence_type": "state-based conflict", "deaths": 1}}, {"type": "Feature", "geometry": {"type": "Point", "coordinates": [34.45, 31.516667]}, "properties": {"event_date": "2025-09-01", "violence_type": "state-based conflict", "deaths": 3}}, {"type": "Feature", "geometry": {"type": "Point", "coordinates": [34.45, 31.516667]}, "properties": {"event_date": "2025-09-01", "violence_type": "state-based conflict", "deaths": 2}}, {"type": "Feature", "geometry": {"type": "Point", "coordinates": [34.256182, 31.34822]}, "properties": {"event_date": "2025-09-01", "violence_type": "state-based conflict", "deaths": 1}}, {"type": "Feature", "geometry": {"type": "Point", "coordinates": [34.45, 31.516667]}, "properties": {"event_date": "2025-09-01", "violence_type": "state-based conflict", "deaths": 2}}, {"type": "Feature", "geometry": {"type": "Point", "coordinates": [34.45, 31.516667]}, "properties": {"event_date": "2025-09-01", "violence_type": "state-based conflict", "deaths": 3}}, {"type": "Feature", "geometry": {"type": "Point", "coordinates": [34.256182, 31.34822]}, "properties": {"event_date": "2025-09-01", "violence_type": "state-based conflict", "deaths": 1}}, {"type": "Feature", "geometry": {"type": "Point", "coordinates": [34.325344, 31.342778]}, "properties": {"event_date": "2025-09-01", "violence_type": "state-based conflict", "deaths": 3}}, {"type": "Feature", "geometry": {"type": "Point", "coordinates": [34.446616, 31.534912]}, "properties": {"event_date": "2025-09-01", "violence_type": "state-based conflict", "deaths": 2}}, {"type": "Feature", "geometry": {"type": "Point", "coordinates": [34.45, 31.516667]}, "properties": {"event_date": "2025-09-01", "violence_type": "state-based conflict", "deaths": 5}}, {"type": "Feature", "geometry": {"type": "Point", "coordinates": [34.45, 31.516667]}, "properties": {"event_date": "2025-09-01", "violence_type": "state-based conflict", "deaths": 3}}, {"type": "Feature", "geometry": {"type": "Point", "coordinates": [34.45, 31.516667]}, "properties": {"event_date": "2025-09-02", "violence_type": "state-based conflict", "deaths": 2}}, {"type": "Feature", "geometry": {"type": "Point", "coordinates": [34.402939, 31.439531]}, "properties": {"event_date": "2025-09-02", "violence_type": "state-based conflict", "deaths": 1}}, {"type": "Feature", "geometry": {"type": "Point", "coordinates": [34.45, 31.516667]}, "properties": {"event_date": "2025-09-02", "violence_type": "state-based conflict", "deaths": 1}}, {"type": "Feature", "geometry": {"type": "Point", "coordinates": [34.45, 31.516667]}, "properties": {"event_date": "2025-09-02", "violence_type": "state-based conflict", "deaths": 1}}, {"type": "Feature", "geometry": {"type": "Point", "coordinates": [34.45, 31.516667]}, "properties": {"event_date": "2025-09-02", "violence_type": "state-based conflict", "deaths": 1}}, {"type": "Feature", "geometry": {"type": "Point", "coordinates": [34.45, 31.516667]}, "properties": {"event_date": "2025-09-02", "violence_type": "state-based conflict", "deaths": 0}}, {"type": "Feature", "geometry": {"type": "Point", "coordinates": [34.256182, 31.34822]}, "properties": {"event_date": "2025-09-02", "violence_type": "state-based conflict", "deaths": 13}}, {"type": "Feature", "geometry": {"type": "Point", "coordinates": [34.45, 31.516667]}, "properties": {"event_date": "2025-09-02", "violence_type": "state-based conflict", "deaths": 1}}, {"type": "Feature", "geometry": {"type": "Point", "coordinates": [34.303056, 31.344444]}, "properties": {"event_date": "2025-09-02", "violence_type": "state-based conflict", "deaths": 10}}, {"type": "Feature", "geometry": {"type": "Point", "coordinates": [34.45, 31.516667]}, "properties": {"event_date": "2025-09-02", "violence_type": "state-based conflict", "deaths": 7}}, {"type": "Feature", "geometry": {"type": "Point", "coordinates": [34.414752, 31.455404]}, "properties": {"event_date": "2025-09-02", "violence_type": "state-based conflict", "deaths": 10}}, {"type": "Feature", "geometry": {"type": "Point", "coordinates": [34.373398, 31.425074]}, "properties": {"event_date": "2025-09-02", "violence_type": "state-based conflict", "deaths": 34}}, {"type": "Feature", "geometry": {"type": "Point", "coordinates": [34.35014, 31.417479]}, "properties": {"event_date": "2025-09-02", "violence_type": "state-based conflict", "deaths": 1}}, {"type": "Feature", "geometry": {"type": "Point", "coordinates": [34.306268, 31.340177]}, "properties": {"event_date": "2025-09-02", "violence_type": "state-based conflict", "deaths": 1}}, {"type": "Feature", "geometry": {"type": "Point", "coordinates": [34.45, 31.516667]}, "properties": {"event_date": "2025-09-02", "violence_type": "state-based conflict", "deaths": 9}}, {"type": "Feature", "geometry": {"type": "Point", "coordinates": [34.45, 31.516667]}, "properties": {"event_date": "2025-09-02", "violence_type": "state-based conflict", "deaths": 3}}, {"type": "Feature", "geometry": {"type": "Point", "coordinates": [34.414752, 31.455404]}, "properties": {"event_date": "2025-09-02", "violence_type": "state-based conflict", "deaths": 4}}, {"type": "Feature", "geometry": {"type": "Point", "coordinates": [34.414752, 31.455404]}, "properties": {"event_date": "2025-09-02", "violence_type": "state-based conflict", "deaths": 2}}, {"type": "Feature", "geometry": {"type": "Point", "coordinates": [34.45, 31.516667]}, "properties": {"event_date": "2025-09-02", "violence_type": "state-based conflict", "deaths": 11}}, {"type": "Feature", "geometry": {"type": "Point", "coordinates": [34.385375, 31.421358]}, "properties": {"event_date": "2025-09-03", "violence_type": "state-based conflict", "deaths": 4}}, {"type": "Feature", "geometry": {"type": "Point", "coordinates": [34.243439, 31.296999]}, "properties": {"event_date": "2025-09-03", "violence_type": "state-based conflict", "deaths": 3}}, {"type": "Feature", "geometry": {"type": "Point", "coordinates": [34.45, 31.516667]}, "properties": {"event_date": "2025-09-03", "violence_type": "state-based conflict", "deaths": 8}}, {"type": "Feature", "geometry": {"type": "Point", "coordinates": [34.243439, 31.296999]}, "properties": {"event_date": "2025-09-03", "violence_type": "state-based conflict", "deaths": 2}}, {"type": "Feature", "geometry": {"type": "Point", "coordinates": [34.288056, 31.308333]}, "properties": {"event_date": "2025-09-03", "violence_type": "state-based conflict", "deaths": 10}}, {"type": "Feature", "geometry": {"type": "Point", "coordinates": [35.33028, 33.15417]}, "properties": {"event_date": "2025-09-03", "violence_type": "state-based conflict", "deaths": 1}}, {"type": "Feature", "geometry": {"type": "Point", "coordinates": [34.45, 31.516667]}, "properties": {"event_date": "2025-09-03", "violence_type": "state-based conflict", "deaths": 10}}, {"type": "Feature", "geometry": {"type": "Point", "coordinates": [34.45, 31.516667]}, "properties": {"event_date": "2025-09-03", "violence_type": "state-based conflict", "deaths": 7}}, {"type": "Feature", "geometry": {"type": "Point", "coordinates": [34.45, 31.516667]}, "properties": {"event_date": "2025-09-03", "violence_type": "state-based conflict", "deaths": 5}}, {"type": "Feature", "geometry": {"type": "Point", "coordinates": [34.373398, 31.425074]}, "properties": {"event_date": "2025-09-03", "violence_type": "state-based conflict", "deaths": 11}}, {"type": "Feature", "geometry": {"type": "Point", "coordinates": [34.45, 31.516667]}, "properties": {"event_date": "2025-09-03", "violence_type": "state-based conflict", "deaths": 5}}, {"type": "Feature", "geometry": {"type": "Point", "coordinates": [34.45, 31.516667]}, "properties": {"event_date": "2025-09-03", "violence_type": "state-based conflict", "deaths": 3}}, {"type": "Feature", "geometry": {"type": "Point", "coordinates": [34.45, 31.516667]}, "properties": {"event_date": "2025-09-03", "violence_type": "state-based conflict", "deaths": 1}}, {"type": "Feature", "geometry": {"type": "Point", "coordinates": [34.45, 31.516667]}, "properties": {"event_date": "2025-09-03", "violence_type": "state-based conflict", "deaths": 7}}, {"type": "Feature", "geometry": {"type": "Point", "coordinates": [34.45, 31.516667]}, "properties": {"event_date": "2025-09-03", "violence_type": "state-based conflict", "deaths": 0}}, {"type": "Feature", "geometry": {"type": "Point", "coordinates": [34.303056, 31.344444]}, "properties": {"event_date": "2025-09-03", "violence_type": "state-based conflict", "deaths": 1}}, {"type": "Feature", "geometry": {"type": "Point", "coordinates": [34.45, 31.516667]}, "properties": {"event_date": "2025-09-04", "violence_type": "state-based conflict", "deaths": 2}}, {"type": "Feature", "geometry": {"type": "Point", "coordinates": [34.373398, 31.425074]}, "properties": {"event_date": "2025-09-04", "violence_type": "state-based conflict", "deaths": 38}}, {"type": "Feature", "geometry": {"type": "Point", "coordinates": [34.45, 31.516667]}, "properties": {"event_date": "2025-09-04", "violence_type": "state-based conflict", "deaths": 3}}, {"type": "Feature", "geometry": {"type": "Point", "coordinates": [34.35014, 31.417479]}, "properties": {"event_date": "2025-09-04", "violence_type": "state-based conflict", "deaths": 1}}, {"type": "Feature", "geometry": {"type": "Point", "coordinates": [34.45, 31.516667]}, "properties": {"event_date": "2025-09-04", "violence_type": "state-based conflict", "deaths": 11}}, {"type": "Feature", "geometry": {"type": "Point", "coordinates": [34.303056, 31.344444]}, "properties": {"event_date": "2025-09-04", "violence_type": "state-based conflict", "deaths": 3}}, {"type": "Feature", "geometry": {"type": "Point", "coordinates": [34.45, 31.516667]}, "properties": {"event_date": "2025-09-04", "violence_type": "state-based conflict", "deaths": 4}}, {"type": "Feature", "geometry": {"type": "Point", "coordinates": [34.45, 31.516667]}, "properties": {"event_date": "2025-09-04", "violence_type": "state-based conflict", "deaths": 3}}, {"type": "Feature", "geometry": {"type": "Point", "coordinates": [34.243439, 31.296999]}, "properties": {"event_date": "2025-09-04", "violence_type": "state-based conflict", "deaths": 7}}, {"type": "Feature", "geometry": {"type": "Point", "coordinates": [34.35014, 31.417479]}, "properties": {"event_date": "2025-09-04", "violence_type": "state-based conflict", "deaths": 1}}, {"type": "Feature", "geometry": {"type": "Point", "coordinates": [34.45, 31.516667]}, "properties": {"event_date": "2025-09-04", "violence_type": "state-based conflict", "deaths": 5}}, {"type": "Feature", "geometry": {"type": "Point", "coordinates": [34.35014, 31.417479]}, "properties": {"event_date": "2025-09-04", "violence_type": "state-based conflict", "deaths": 4}}, {"type": "Feature", "geometry": {"type": "Point", "coordinates": [34.45, 31.516667]}, "properties": {"event_date": "2025-09-04", "violence_type": "state-based conflict", "deaths": 3}}, {"type": "Feature", "geometry": {"type": "Point", "coordinates": [34.392875, 31.447656]}, "properties": {"event_date": "2025-09-04", "violence_type": "state-based conflict", "deaths": 7}}, {"type": "Feature", "geometry": {"type": "Point", "coordinates": [34.45, 31.516667]}, "properties": {"event_date": "2025-09-04", "violence_type": "state-based conflict", "deaths": 5}}, {"type": "Feature", "geometry": {"type": "Point", "coordinates": [34.373398, 31.425074]}, "properties": {"event_date": "2025-09-05", "violence_type": "state-based conflict", "deaths": 41}}, {"type": "Feature", "geometry": {"type": "Point", "coordinates": [34.45, 31.516667]}, "properties": {"event_date": "2025-09-05", "violence_type": "state-based conflict", "deaths": 6}}, {"type": "Feature", "geometry": {"type": "Point", "coordinates": [34.45, 31.516667]}, "properties": {"event_date": "2025-09-05", "violence_type": "state-based conflict", "deaths": 2}}, {"type": "Feature", "geometry": {"type": "Point", "coordinates": [34.45, 31.516667]}, "properties": {"event_date": "2025-09-05", "violence_type": "state-based conflict", "deaths": 1}}, {"type": "Feature", "geometry": {"type": "Point", "coordinates": [34.45, 31.516667]}, "properties": {"event_date": "2025-09-05", "violence_type": "state-based conflict", "deaths": 3}}, {"type": "Feature", "geometry": {"type": "Point", "coordinates": [34.45, 31.516667]}, "properties": {"event_date": "2025-09-05", "violence_type": "state-based conflict", "deaths": 4}}, {"type": "Feature", "geometry": {"type": "Point", "coordinates": [34.45, 31.516667]}, "properties": {"event_date": "2025-09-05", "violence_type": "state-based conflict", "deaths": 4}}, {"type": "Feature", "geometry": {"type": "Point", "coordinates": [34.45, 31.516667]}, "properties": {"event_date": "2025-09-05", "violence_type": "state-based conflict", "deaths": 3}}, {"type": "Feature", "geometry": {"type": "Point", "coordinates": [34.35014, 31.417479]}, "properties": {"event_date": "2025-09-05", "violence_type": "state-based conflict", "deaths": 4}}, {"type": "Feature", "geometry": {"type": "Point", "coordinates": [34.45, 31.516667]}, "properties": {"event_date": "2025-09-05", "violence_type": "state-based conflict", "deaths": 2}}, {"type": "Feature", "geometry": {"type": "Point", "coordinates": [34.303056, 31.344444]}, "properties": {"event_date": "2025-09-06", "violence_type": "state-based conflict", "deaths": 1}}, {"type": "Feature", "geometry": {"type": "Point", "coordinates": [34.45, 31.516667]}, "properties": {"event_date": "2025-09-06", "violence_type": "state-based conflict", "deaths": 1}}, {"type": "Feature", "geometry": {"type": "Point", "coordinates": [34.45, 31.516667]}, "properties": {"event_date": "2025-09-06", "violence_type": "state-based conflict", "deaths": 1}}, {"type": "Feature", "geometry": {"type": "Point", "coordinates": [34.45, 31.516667]}, "properties": {"event_date": "2025-09-06", "violence_type": "state-based conflict", "deaths": 2}}, {"type": "Feature", "geometry": {"type": "Point", "coordinates": [34.373398, 31.425074]}, "properties": {"event_date": "2025-09-06", "violence_type": "state-based conflict", "deaths": 14}}, {"type": "Feature", "geometry": {"type": "Point", "coordinates": [34.45, 31.516667]}, "properties": {"event_date": "2025-09-06", "violence_type": "state-based conflict", "deaths": 1}}, {"type": "Feature", "geometry": {"type": "Point", "coordinates": [34.493824, 31.591953]}, "properties": {"event_date": "2025-09-06", "violence_type": "state-based conflict", "deaths": 3}}, {"type": "Feature", "geometry": {"type": "Point", "coordinates": [45.314444, 15.336944]}, "properties": {"event_date": "2025-09-06", "violence_type": "state-based conflict", "deaths": 4}}, {"type": "Feature", "geometry": {"type": "Point", "coordinates": [34.35014, 31.417479]}, "properties": {"event_date": "2025-09-06", "violence_type": "state-based conflict", "deaths": 2}}, {"type": "Feature", "geometry": {"type": "Point", "coordinates": [34.303056, 31.344444]}, "properties": {"event_date": "2025-09-06", "violence_type": "state-based conflict", "deaths": 3}}, {"type": "Feature", "geometry": {"type": "Point", "coordinates": [34.495142, 31.546397]}, "properties": {"event_date": "2025-09-06", "violence_type": "state-based conflict", "deaths": 13}}, {"type": "Feature", "geometry": {"type": "Point", "coordinates": [34.446616, 31.534912]}, "properties": {"event_date": "2025-09-06", "violence_type": "state-based conflict", "deaths": 6}}, {"type": "Feature", "geometry": {"type": "Point", "coordinates": [34.45, 31.516667]}, "properties": {"event_date": "2025-09-06", "violence_type": "state-based conflict", "deaths": 1}}, {"type": "Feature", "geometry": {"type": "Point", "coordinates": [34.256182, 31.34822]}, "properties": {"event_date": "2025-09-06", "violence_type": "state-based conflict", "deaths": 1}}, {"type": "Feature", "geometry": {"type": "Point", "coordinates": [34.303056, 31.344444]}, "properties": {"event_date": "2025-09-06", "violence_type": "state-based conflict", "deaths": 3}}, {"type": "Feature", "geometry": {"type": "Point", "coordinates": [34.256182, 31.34822]}, "properties": {"event_date": "2025-09-06", "violence_type": "state-based conflict", "deaths": 1}}, {"type": "Feature", "geometry": {"type": "Point", "coordinates": [34.45, 31.516667]}, "properties": {"event_date": "2025-09-06", "violence_type": "state-based conflict", "deaths": 8}}, {"type": "Feature", "geometry": {"type": "Point", "coordinates": [34.45, 31.516667]}, "properties": {"event_date": "2025-09-06", "violence_type": "state-based conflict", "deaths": 2}}, {"type": "Feature", "geometry": {"type": "Point", "coordinates": [34.303056, 31.344444]}, "properties": {"event_date": "2025-09-06", "violence_type": "state-based conflict", "deaths": 2}}, {"type": "Feature", "geometry": {"type": "Point", "coordinates": [34.256182, 31.34822]}, "properties": {"event_date": "2025-09-06", "violence_type": "state-based conflict", "deaths": 2}}, {"type": "Feature", "geometry": {"type": "Point", "coordinates": [34.303056, 31.344444]}, "properties": {"event_date": "2025-09-06", "violence_type": "state-based conflict", "deaths": 1}}, {"type": "Feature", "geometry": {"type": "Point", "coordinates": [34.414752, 31.455404]}, "properties": {"event_date": "2025-09-06", "violence_type": "state-based conflict", "deaths": 2}}, {"type": "Feature", "geometry": {"type": "Point", "coordinates": [34.45, 31.516667]}, "properties": {"event_date": "2025-09-07", "violence_type": "state-based conflict", "deaths": 2}}, {"type": "Feature", "geometry": {"type": "Point", "coordinates": [34.45, 31.516667]}, "properties": {"event_date": "2025-09-07", "violence_type": "state-based conflict", "deaths": 4}}, {"type": "Feature", "geometry": {"type": "Point", "coordinates": [34.392875, 31.447656]}, "properties": {"event_date": "2025-09-07", "violence_type": "state-based conflict", "deaths": 5}}, {"type": "Feature", "geometry": {"type": "Point", "coordinates": [34.293358, 31.349291]}, "properties": {"event_date": "2025-09-07", "violence_type": "state-based conflict", "deaths": 2}}, {"type": "Feature", "geometry": {"type": "Point", "coordinates": [34.392875, 31.447656]}, "properties": {"event_date": "2025-09-07", "violence_type": "state-based conflict", "deaths": 3}}, {"type": "Feature", "geometry": {"type": "Point", "coordinates": [34.45, 31.516667]}, "properties": {"event_date": "2025-09-07", "violence_type": "state-based conflict", "deaths": 1}}, {"type": "Feature", "geometry": {"type": "Point", "coordinates": [34.45, 31.516667]}, "properties": {"event_date": "2025-09-07", "violence_type": "state-based conflict", "deaths": 2}}, {"type": "Feature", "geometry": {"type": "Point", "coordinates": [34.45, 31.516667]}, "properties": {"event_date": "2025-09-07", "violence_type": "state-based conflict", "deaths": 1}}, {"type": "Feature", "geometry": {"type": "Point", "coordinates": [34.303056, 31.344444]}, "properties": {"event_date": "2025-09-07", "violence_type": "state-based conflict", "deaths": 6}}, {"type": "Feature", "geometry": {"type": "Point", "coordinates": [34.45, 31.516667]}, "properties": {"event_date": "2025-09-07", "violence_type": "state-based conflict", "deaths": 3}}, {"type": "Feature", "geometry": {"type": "Point", "coordinates": [34.45, 31.516667]}, "properties": {"event_date": "2025-09-07", "violence_type": "state-based conflict", "deaths": 2}}, {"type": "Feature", "geometry": {"type": "Point", "coordinates": [34.45, 31.516667]}, "properties": {"event_date": "2025-09-07", "violence_type": "state-based conflict", "deaths": 9}}, {"type": "Feature", "geometry": {"type": "Point", "coordinates": [34.45, 31.516667]}, "properties": {"event_date": "2025-09-07", "violence_type": "state-based conflict", "deaths": 15}}, {"type": "Feature", "geometry": {"type": "Point", "coordinates": [34.45, 31.516667]}, "properties": {"event_date": "2025-09-07", "violence_type": "state-based conflict", "deaths": 2}}, {"type": "Feature", "geometry": {"type": "Point", "coordinates": [34.45, 31.516667]}, "properties": {"event_date": "2025-09-07", "violence_type": "state-based conflict", "deaths": 8}}, {"type": "Feature", "geometry": {"type": "Point", "coordinates": [34.495142, 31.546397]}, "properties": {"event_date": "2025-09-07", "violence_type": "state-based conflict", "deaths": 5}}, {"type": "Feature", "geometry": {"type": "Point", "coordinates": [34.373398, 31.425074]}, "properties": {"event_date": "2025-09-07", "violence_type": "state-based conflict", "deaths": 0}}, {"type": "Feature", "geometry": {"type": "Point", "coordinates": [34.45, 31.516667]}, "properties": {"event_date": "2025-09-08", "violence_type": "state-based conflict", "deaths": 5}}, {"type": "Feature", "geometry": {"type": "Point", "coordinates": [34.45, 31.516667]}, "properties": {"event_date": "2025-09-08", "violence_type": "state-based conflict", "deaths": 2}}, {"type": "Feature", "geometry": {"type": "Point", "coordinates": [34.392875, 31.447656]}, "properties": {"event_date": "2025-09-08", "violence_type": "state-based conflict", "deaths": 5}}, {"type": "Feature", "geometry": {"type": "Point", "coordinates": [34.45, 31.516667]}, "properties": {"event_date": "2025-09-08", "violence_type": "state-based conflict", "deaths": 3}}, {"type": "Feature", "geometry": {"type": "Point", "coordinates": [34.45, 31.516667]}, "properties": {"event_date": "2025-09-08", "violence_type": "state-based conflict", "deaths": 1}}, {"type": "Feature", "geometry": {"type": "Point", "coordinates": [34.303056, 31.344444]}, "properties": {"event_date": "2025-09-08", "violence_type": "state-based conflict", "deaths": 6}}, {"type": "Feature", "geometry": {"type": "Point", "coordinates": [36.355431, 34.197281]}, "properties": {"event_date": "2025-09-08", "violence_type": "state-based conflict", "deaths": 2}}, {"type": "Feature", "geometry": {"type": "Point", "coordinates": [34.256182, 31.34822]}, "properties": {"event_date": "2025-09-08", "violence_type": "state-based conflict", "deaths": 3}}, {"type": "Feature", "geometry": {"type": "Point", "coordinates": [34.45, 31.516667]}, "properties": {"event_date": "2025-09-08", "violence_type": "state-based conflict", "deaths": 1}}, {"type": "Feature", "geometry": {"type": "Point", "coordinates": [34.373398, 31.425074]}, "properties": {"event_date": "2025-09-08", "violence_type": "state-based conflict", "deaths": 15}}, {"type": "Feature", "geometry": {"type": "Point", "coordinates": [34.45, 31.516667]}, "properties": {"event_date": "2025-09-08", "violence_type": "state-based conflict", "deaths": 2}}, {"type": "Feature", "geometry": {"type": "Point", "coordinates": [34.45, 31.516667]}, "properties": {"event_date": "2025-09-08", "violence_type": "state-based conflict", "deaths": 2}}, {"type": "Feature", "geometry": {"type": "Point", "coordinates": [34.45, 31.516667]}, "properties": {"event_date": "2025-09-08", "violence_type": "state-based conflict", "deaths": 3}}, {"type": "Feature", "geometry": {"type": "Point", "coordinates": [34.45, 31.516667]}, "properties": {"event_date": "2025-09-08", "violence_type": "state-based conflict", "deaths": 1}}, {"type": "Feature", "geometry": {"type": "Point", "coordinates": [34.446616, 31.534912]}, "properties": {"event_date": "2025-09-08", "violence_type": "state-based conflict", "deaths": 4}}, {"type": "Feature", "geometry": {"type": "Point", "coordinates": [34.45, 31.516667]}, "properties": {"event_date": "2025-09-08", "violence_type": "state-based conflict", "deaths": 6}}, {"type": "Feature", "geometry": {"type": "Point", "coordinates": [34.483471, 31.5272]}, "properties": {"event_date": "2025-09-08", "violence_type": "state-based conflict", "deaths": 4}}, {"type": "Feature", "geometry": {"type": "Point", "coordinates": [34.243439, 31.296999]}, "properties": {"event_date": "2025-09-09", "violence_type": "state-based conflict", "deaths": 9}}, {"type": "Feature", "geometry": {"type": "Point", "coordinates": [34.373398, 31.425074]}, "properties": {"event_date": "2025-09-09", "violence_type": "state-based conflict", "deaths": 35}}, {"type": "Feature", "geometry": {"type": "Point", "coordinates": [34.45, 31.516667]}, "properties": {"event_date": "2025-09-09", "violence_type": "state-based conflict", "deaths": 2}}, {"type": "Feature", "geometry": {"type": "Point", "coordinates": [34.45, 31.516667]}, "properties": {"event_date": "2025-09-09", "violence_type": "state-based conflict", "deaths": 2}}, {"type": "Feature", "geometry": {"type": "Point", "coordinates": [34.303056, 31.344444]}, "properties": {"event_date": "2025-09-09", "violence_type": "state-based conflict", "deaths": 5}}, {"type": "Feature", "geometry": {"type": "Point", "coordinates": [34.35014, 31.417479]}, "properties": {"event_date": "2025-09-09", "violence_type": "state-based conflict", "deaths": 1}}, {"type": "Feature", "geometry": {"type": "Point", "coordinates": [34.303056, 31.344444]}, "properties": {"event_date": "2025-09-09", "violence_type": "state-based conflict", "deaths": 1}}, {"type": "Feature", "geometry": {"type": "Point", "coordinates": [34.45, 31.516667]}, "properties": {"event_date": "2025-09-10", "violence_type": "state-based conflict", "deaths": 3}}, {"type": "Feature", "geometry": {"type": "Point", "coordinates": [34.45, 31.516667]}, "properties": {"event_date": "2025-09-10", "violence_type": "state-based conflict", "deaths": 1}}, {"type": "Feature", "geometry": {"type": "Point", "coordinates": [34.303056, 31.344444]}, "properties": {"event_date": "2025-09-10", "violence_type": "state-based conflict", "deaths": 1}}, {"type": "Feature", "geometry": {"type": "Point", "coordinates": [34.45, 31.516667]}, "properties": {"event_date": "2025-09-10", "violence_type": "state-based conflict", "deaths": 2}}, {"type": "Feature", "geometry": {"type": "Point", "coordinates": [34.392875, 31.447656]}, "properties": {"event_date": "2025-09-10", "violence_type": "state-based conflict", "deaths": 4}}, {"type": "Feature", "geometry": {"type": "Point", "coordinates": [34.495142, 31.546397]}, "properties": {"event_date": "2025-09-10", "violence_type": "state-based conflict", "deaths": 1}}, {"type": "Feature", "geometry": {"type": "Point", "coordinates": [34.373398, 31.425074]}, "properties": {"event_date": "2025-09-10", "violence_type": "state-based conflict", "deaths": 37}}, {"type": "Feature", "geometry": {"type": "Point", "coordinates": [34.446616, 31.534912]}, "properties": {"event_date": "2025-09-10", "violence_type": "state-based conflict", "deaths": 3}}, {"type": "Feature", "geometry": {"type": "Point", "coordinates": [44.206667, 15.354722]}, "properties": {"event_date": "2025-09-10", "violence_type": "state-based conflict", "deaths": 39}}, {"type": "Feature", "geometry": {"type": "Point", "coordinates": [34.35014, 31.417479]}, "properties": {"event_date": "2025-09-10", "violence_type": "state-based conflict", "deaths": 1}}, {"type": "Feature", "geometry": {"type": "Point", "coordinates": [34.45, 31.516667]}, "properties": {"event_date": "2025-09-10", "violence_type": "state-based conflict", "deaths": 5}}, {"type": "Feature", "geometry": {"type": "Point", "coordinates": [34.45, 31.516667]}, "properties": {"event_date": "2025-09-10", "violence_type": "state-based conflict", "deaths": 1}}, {"type": "Feature", "geometry": {"type": "Point", "coordinates": [34.303056, 31.344444]}, "properties": {"event_date": "2025-09-10", "violence_type": "state-based conflict", "deaths": 4}}, {"type": "Feature", "geometry": {"type": "Point", "coordinates": [34.45, 31.516667]}, "properties": {"event_date": "2025-09-10", "violence_type": "state-based conflict", "deaths": 15}}, {"type": "Feature", "geometry": {"type": "Point", "coordinates": [34.402939, 31.439531]}, "properties": {"event_date": "2025-09-10", "violence_type": "state-based conflict", "deaths": 1}}, {"type": "Feature", "geometry": {"type": "Point", "coordinates": [35.26973, 33.23308]}, "properties": {"event_date": "2025-09-11", "violence_type": "state-based conflict", "deaths": 1}}, {"type": "Feature", "geometry": {"type": "Point", "coordinates": [34.446616, 31.534912]}, "properties": {"event_date": "2025-09-11", "violence_type": "state-based conflict", "deaths": 6}}, {"type": "Feature", "geometry": {"type": "Point", "coordinates": [34.251856, 31.28537]}, "properties": {"event_date": "2025-09-11", "violence_type": "state-based conflict", "deaths": 2}}, {"type": "Feature", "geometry": {"type": "Point", "coordinates": [34.45, 31.516667]}, "properties": {"event_date": "2025-09-11", "violence_type": "state-based conflict", "deaths": 2}}, {"type": "Feature", "geometry": {"type": "Point", "coordinates": [34.373398, 31.425074]}, "properties": {"event_date": "2025-09-11", "violence_type": "state-based conflict", "deaths": 8}}, {"type": "Feature", "geometry": {"type": "Point", "coordinates": [34.392875, 31.447656]}, "properties": {"event_date": "2025-09-11", "violence_type": "state-based conflict", "deaths": 2}}, {"type": "Feature", "geometry": {"type": "Point", "coordinates": [34.303056, 31.344444]}, "properties": {"event_date": "2025-09-11", "violence_type": "state-based conflict", "deaths": 4}}, {"type": "Feature", "geometry": {"type": "Point", "coordinates": [34.392875, 31.447656]}, "properties": {"event_date": "2025-09-11", "violence_type": "state-based conflict", "deaths": 1}}, {"type": "Feature", "geometry": {"type": "Point", "coordinates": [34.45, 31.516667]}, "properties": {"event_date": "2025-09-11", "violence_type": "state-based conflict", "deaths": 2}}, {"type": "Feature", "geometry": {"type": "Point", "coordinates": [34.402939, 31.439531]}, "properties": {"event_date": "2025-09-11", "violence_type": "state-based conflict", "deaths": 1}}, {"type": "Feature", "geometry": {"type": "Point", "coordinates": [34.414752, 31.455404]}, "properties": {"event_date": "2025-09-11", "violence_type": "state-based conflict", "deaths": 4}}, {"type": "Feature", "geometry": {"type": "Point", "coordinates": [34.46411, 31.51065]}, "properties": {"event_date": "2025-09-11", "violence_type": "state-based conflict", "deaths": 1}}, {"type": "Feature", "geometry": {"type": "Point", "coordinates": [34.495142, 31.546397]}, "properties": {"event_date": "2025-09-11", "violence_type": "state-based conflict", "deaths": 17}}, {"type": "Feature", "geometry": {"type": "Point", "coordinates": [34.483471, 31.5272]}, "properties": {"event_date": "2025-09-12", "violence_type": "state-based conflict", "deaths": 4}}, {"type": "Feature", "geometry": {"type": "Point", "coordinates": [34.45, 31.516667]}, "properties": {"event_date": "2025-09-12", "violence_type": "state-based conflict", "deaths": 4}}, {"type": "Feature", "geometry": {"type": "Point", "coordinates": [34.45, 31.516667]}, "properties": {"event_date": "2025-09-12", "violence_type": "state-based conflict", "deaths": 4}}, {"type": "Feature", "geometry": {"type": "Point", "coordinates": [34.303056, 31.344444]}, "properties": {"event_date": "2025-09-12", "violence_type": "state-based conflict", "deaths": 3}}, {"type": "Feature", "geometry": {"type": "Point", "coordinates": [34.45, 31.516667]}, "properties": {"event_date": "2025-09-12", "violence_type": "state-based conflict", "deaths": 2}}, {"type": "Feature", "geometry": {"type": "Point", "coordinates": [34.243439, 31.296999]}, "properties": {"event_date": "2025-09-12", "violence_type": "state-based conflict", "deaths": 1}}, {"type": "Feature", "geometry": {"type": "Point", "coordinates": [34.303056, 31.344444]}, "properties": {"event_date": "2025-09-12", "violence_type": "state-based conflict", "deaths": 1}}, {"type": "Feature", "geometry": {"type": "Point", "coordinates": [34.495142, 31.546397]}, "properties": {"event_date": "2025-09-12", "violence_type": "state-based conflict", "deaths": 2}}, {"type": "Feature", "geometry": {"type": "Point", "coordinates": [34.45, 31.516667]}, "properties": {"event_date": "2025-09-12", "violence_type": "state-based conflict", "deaths": 14}}, {"type": "Feature", "geometry": {"type": "Point", "coordinates": [34.446616, 31.534912]}, "properties": {"event_date": "2025-09-12", "violence_type": "state-based conflict", "deaths": 2}}, {"type": "Feature", "geometry": {"type": "Point", "coordinates": [34.373398, 31.425074]}, "properties": {"event_date": "2025-09-12", "violence_type": "state-based conflict", "deaths": 24}}, {"type": "Feature", "geometry": {"type": "Point", "coordinates": [34.392875, 31.447656]}, "properties": {"event_date": "2025-09-12", "violence_type": "state-based conflict", "deaths": 1}}, {"type": "Feature", "geometry": {"type": "Point", "coordinates": [34.45, 31.516667]}, "properties": {"event_date": "2025-09-12", "violence_type": "state-based conflict", "deaths": 1}}, {"type": "Feature", "geometry": {"type": "Point", "coordinates": [34.325344, 31.342778]}, "properties": {"event_date": "2025-09-12", "violence_type": "state-based conflict", "deaths": 2}}, {"type": "Feature", "geometry": {"type": "Point", "coordinates": [34.446616, 31.534912]}, "properties": {"event_date": "2025-09-12", "violence_type": "state-based conflict", "deaths": 1}}, {"type": "Feature", "geometry": {"type": "Point", "coordinates": [34.45, 31.516667]}, "properties": {"event_date": "2025-09-12", "violence_type": "state-based conflict", "deaths": 2}}, {"type": "Feature", "geometry": {"type": "Point", "coordinates": [34.45, 31.516667]}, "properties": {"event_date": "2025-09-12", "violence_type": "state-based conflict", "deaths": 1}}, {"type": "Feature", "geometry": {"type": "Point", "coordinates": [34.35014, 31.417479]}, "properties": {"event_date": "2025-09-12", "violence_type": "state-based conflict", "deaths": 1}}, {"type": "Feature", "geometry": {"type": "Point", "coordinates": [34.256182, 31.34822]}, "properties": {"event_date": "2025-09-13", "violence_type": "state-based conflict", "deaths": 1}}, {"type": "Feature", "geometry": {"type": "Point", "coordinates": [34.45, 31.516667]}, "properties": {"event_date": "2025-09-13", "violence_type": "state-based conflict", "deaths": 3}}, {"type": "Feature", "geometry": {"type": "Point", "coordinates": [34.303056, 31.344444]}, "properties": {"event_date": "2025-09-13", "violence_type": "state-based conflict", "deaths": 3}}, {"type": "Feature", "geometry": {"type": "Point", "coordinates": [34.45, 31.516667]}, "properties": {"event_date": "2025-09-13", "violence_type": "state-based conflict", "deaths": 4}}, {"type": "Feature", "geometry": {"type": "Point", "coordinates": [34.45, 31.516667]}, "properties": {"event_date": "2025-09-13", "violence_type": "state-based conflict", "deaths": 2}}, {"type": "Feature", "geometry": {"type": "Point", "coordinates": [34.373398, 31.425074]}, "properties": {"event_date": "2025-09-13", "violence_type": "state-based conflict", "deaths": 20}}, {"type": "Feature", "geometry": {"type": "Point", "coordinates": [34.45, 31.516667]}, "properties": {"event_date": "2025-09-13", "violence_type": "state-based conflict", "deaths": 1}}, {"type": "Feature", "geometry": {"type": "Point", "coordinates": [34.45, 31.516667]}, "properties": {"event_date": "2025-09-13", "violence_type": "state-based conflict", "deaths": 1}}, {"type": "Feature", "geometry": {"type": "Point", "coordinates": [34.402939, 31.439531]}, "properties": {"event_date": "2025-09-13", "violence_type": "state-based conflict", "deaths": 1}}, {"type": "Feature", "geometry": {"type": "Point", "coordinates": [34.45, 31.516667]}, "properties": {"event_date": "2025-09-13", "violence_type": "state-based conflict", "deaths": 2}}, {"type": "Feature", "geometry": {"type": "Point", "coordinates": [34.243439, 31.296999]}, "properties": {"event_date": "2025-09-13", "violence_type": "state-based conflict", "deaths": 2}}, {"type": "Feature", "geometry": {"type": "Point", "coordinates": [34.45, 31.516667]}, "properties": {"event_date": "2025-09-13", "violence_type": "state-based conflict", "deaths": 5}}, {"type": "Feature", "geometry": {"type": "Point", "coordinates": [34.45, 31.516667]}, "properties": {"event_date": "2025-09-13", "violence_type": "state-based conflict", "deaths": 2}}, {"type": "Feature", "geometry": {"type": "Point", "coordinates": [34.414752, 31.455404]}, "properties": {"event_date": "2025-09-13", "violence_type": "state-based conflict", "deaths": 4}}, {"type": "Feature", "geometry": {"type": "Point", "coordinates": [34.303056, 31.344444]}, "properties": {"event_date": "2025-09-13", "violence_type": "state-based conflict", "deaths": 1}}, {"type": "Feature", "geometry": {"type": "Point", "coordinates": [34.535787, 31.535298]}, "properties": {"event_date": "2025-09-14", "violence_type": "state-based conflict", "deaths": 13}}, {"type": "Feature", "geometry": {"type": "Point", "coordinates": [34.45, 31.516667]}, "properties": {"event_date": "2025-09-14", "violence_type": "state-based conflict", "deaths": 1}}, {"type": "Feature", "geometry": {"type": "Point", "coordinates": [34.45, 31.516667]}, "properties": {"event_date": "2025-09-14", "violence_type": "state-based conflict", "deaths": 1}}, {"type": "Feature", "geometry": {"type": "Point", "coordinates": [34.35014, 31.417479]}, "properties": {"event_date": "2025-09-14", "violence_type": "state-based conflict", "deaths": 6}}, {"type": "Feature", "geometry": {"type": "Point", "coordinates": [34.243439, 31.296999]}, "properties": {"event_date": "2025-09-14", "violence_type": "state-based conflict", "deaths": 4}}, {"type": "Feature", "geometry": {"type": "Point", "coordinates": [34.45, 31.516667]}, "properties": {"event_date": "2025-09-14", "violence_type": "state-based conflict", "deaths": 7}}, {"type": "Feature", "geometry": {"type": "Point", "coordinates": [34.385375, 31.421358]}, "properties": {"event_date": "2025-09-14", "violence_type": "state-based conflict", "deaths": 2}}, {"type": "Feature", "geometry": {"type": "Point", "coordinates": [34.45, 31.516667]}, "properties": {"event_date": "2025-09-14", "violence_type": "state-based conflict", "deaths": 5}}, {"type": "Feature", "geometry": {"type": "Point", "coordinates": [34.45, 31.516667]}, "properties": {"event_date": "2025-09-14", "violence_type": "state-based conflict", "deaths": 1}}, {"type": "Feature", "geometry": {"type": "Point", "coordinates": [34.45, 31.516667]}, "properties": {"event_date": "2025-09-14", "violence_type": "state-based conflict", "deaths": 4}}, {"type": "Feature", "geometry": {"type": "Point", "coordinates": [34.373398, 31.425074]}, "properties": {"event_date": "2025-09-14", "violence_type": "state-based conflict", "deaths": 7}}, {"type": "Feature", "geometry": {"type": "Point", "coordinates": [35.4925, 33.36389]}, "properties": {"event_date": "2025-09-14", "violence_type": "state-based conflict", "deaths": 1}}, {"type": "Feature", "geometry": {"type": "Point", "coordinates": [35.41974, 33.26075]}, "properties": {"event_date": "2025-09-14", "violence_type": "state-based conflict", "deaths": 1}}, {"type": "Feature", "geometry": {"type": "Point", "coordinates": [34.303056, 31.344444]}, "properties": {"event_date": "2025-09-14", "violence_type": "state-based conflict", "deaths": 0}}, {"type": "Feature", "geometry": {"type": "Point", "coordinates": [34.303056, 31.344444]}, "properties": {"event_date": "2025-09-14", "violence_type": "state-based conflict", "deaths": 1}}, {"type": "Feature", "geometry": {"type": "Point", "coordinates": [34.45, 31.516667]}, "properties": {"event_date": "2025-09-15", "violence_type": "state-based conflict", "deaths": 10}}, {"type": "Feature", "geometry": {"type": "Point", "coordinates": [34.373398, 31.425074]}, "properties": {"event_date": "2025-09-15", "violence_type": "state-based conflict", "deaths": 19}}, {"type": "Feature", "geometry": {"type": "Point", "coordinates": [34.45, 31.516667]}, "properties": {"event_date": "2025-09-15", "violence_type": "state-based conflict", "deaths": 2}}, {"type": "Feature", "geometry": {"type": "Point", "coordinates": [34.392875, 31.447656]}, "properties": {"event_date": "2025-09-15", "violence_type": "state-based conflict", "deaths": 4}}, {"type": "Feature", "geometry": {"type": "Point", "coordinates": [34.256182, 31.34822]}, "properties": {"event_date": "2025-09-15", "violence_type": "state-based conflict", "deaths": 1}}, {"type": "Feature", "geometry": {"type": "Point", "coordinates": [34.970631, 32.189664]}, "properties": {"event_date": "2025-09-15", "violence_type": "state-based conflict", "deaths": 2}}, {"type": "Feature", "geometry": {"type": "Point", "coordinates": [34.45, 31.516667]}, "properties": {"event_date": "2025-09-15", "violence_type": "state-based conflict", "deaths": 4}}, {"type": "Feature", "geometry": {"type": "Point", "coordinates": [34.45, 31.516667]}, "properties": {"event_date": "2025-09-15", "violence_type": "state-based conflict", "deaths": 9}}, {"type": "Feature", "geometry": {"type": "Point", "coordinates": [34.256182, 31.34822]}, "properties": {"event_date": "2025-09-15", "violence_type": "state-based conflict", "deaths": 3}}, {"type": "Feature", "geometry": {"type": "Point", "coordinates": [35.233367, 31.853431]}, "properties": {"event_date": "2025-09-15", "violence_type": "one-sided violence", "deaths": 1}}, {"type": "Feature", "geometry": {"type": "Point", "coordinates": [36.461691, 34.65665]}, "properties": {"event_date": "2025-09-15", "violence_type": "one-sided violence", "deaths": 1}}, {"type": "Feature", "geometry": {"type": "Point", "coordinates": [34.45, 31.516667]}, "properties": {"event_date": "2025-09-15", "violence_type": "state-based conflict", "deaths": 1}}, {"type": "Feature", "geometry": {"type": "Point", "coordinates": [34.45, 31.516667]}, "properties": {"event_date": "2025-09-15", "violence_type": "state-based conflict", "deaths": 5}}, {"type": "Feature", "geometry": {"type": "Point", "coordinates": [34.325344, 31.342778]}, "properties": {"event_date": "2025-09-15", "violence_type": "state-based conflict", "deaths": 1}}, {"type": "Feature", "geometry": {"type": "Point", "coordinates": [34.45, 31.516667]}, "properties": {"event_date": "2025-09-15", "violence_type": "state-based conflict", "deaths": 2}}, {"type": "Feature", "geometry": {"type": "Point", "coordinates": [34.409722, 31.4675]}, "properties": {"event_date": "2025-09-15", "violence_type": "state-based conflict", "deaths": 1}}, {"type": "Feature", "geometry": {"type": "Point", "coordinates": [34.446616, 31.534912]}, "properties": {"event_date": "2025-09-16", "violence_type": "state-based conflict", "deaths": 2}}, {"type": "Feature", "geometry": {"type": "Point", "coordinates": [34.45, 31.516667]}, "properties": {"event_date": "2025-09-16", "violence_type": "state-based conflict", "deaths": 47}}, {"type": "Feature", "geometry": {"type": "Point", "coordinates": [34.446616, 31.534912]}, "properties": {"event_date": "2025-09-16", "violence_type": "state-based conflict", "deaths": 12}}, {"type": "Feature", "geometry": {"type": "Point", "coordinates": [34.340556, 31.425833]}, "properties": {"event_date": "2025-09-16", "violence_type": "state-based conflict", "deaths": 3}}, {"type": "Feature", "geometry": {"type": "Point", "coordinates": [34.373398, 31.425074]}, "properties": {"event_date": "2025-09-16", "violence_type": "state-based conflict", "deaths": 5}}, {"type": "Feature", "geometry": {"type": "Point", "coordinates": [34.45, 31.516667]}, "properties": {"event_date": "2025-09-16", "violence_type": "state-based conflict", "deaths": 5}}, {"type": "Feature", "geometry": {"type": "Point", "coordinates": [34.45, 31.516667]}, "properties": {"event_date": "2025-09-16", "violence_type": "state-based conflict", "deaths": 20}}, {"type": "Feature", "geometry": {"type": "Point", "coordinates": [34.413322, 31.482192]}, "properties": {"event_date": "2025-09-16", "violence_type": "state-based conflict", "deaths": 1}}, {"type": "Feature", "geometry": {"type": "Point", "coordinates": [34.414752, 31.455404]}, "properties": {"event_date": "2025-09-16", "violence_type": "state-based conflict", "deaths": 7}}, {"type": "Feature", "geometry": {"type": "Point", "coordinates": [34.45, 31.516667]}, "properties": {"event_date": "2025-09-16", "violence_type": "state-based conflict", "deaths": 4}}, {"type": "Feature", "geometry": {"type": "Point", "coordinates": [34.45, 31.516667]}, "properties": {"event_date": "2025-09-16", "violence_type": "state-based conflict", "deaths": 2}}, {"type": "Feature", "geometry": {"type": "Point", "coordinates": [34.45, 31.516667]}, "properties": {"event_date": "2025-09-17", "violence_type": "state-based conflict", "deaths": 1}}, {"type": "Feature", "geometry": {"type": "Point", "coordinates": [34.45, 31.516667]}, "properties": {"event_date": "2025-09-17", "violence_type": "state-based conflict", "deaths": 13}}, {"type": "Feature", "geometry": {"type": "Point", "coordinates": [34.45, 31.516667]}, "properties": {"event_date": "2025-09-17", "violence_type": "state-based conflict", "deaths": 3}}, {"type": "Feature", "geometry": {"type": "Point", "coordinates": [34.373398, 31.425074]}, "properties": {"event_date": "2025-09-17", "violence_type": "state-based conflict", "deaths": 53}}, {"type": "Feature", "geometry": {"type": "Point", "coordinates": [36.22, 34.01]}, "properties": {"event_date": "2025-09-17", "violence_type": "state-based conflict", "deaths": 2}}, {"type": "Feature", "geometry": {"type": "Point", "coordinates": [34.446616, 31.534912]}, "properties": {"event_date": "2025-09-17", "violence_type": "state-based conflict", "deaths": 6}}, {"type": "Feature", "geometry": {"type": "Point", "coordinates": [34.256182, 31.34822]}, "properties": {"event_date": "2025-09-17", "violence_type": "state-based conflict", "deaths": 3}}, {"type": "Feature", "geometry": {"type": "Point", "coordinates": [34.392875, 31.447656]}, "properties": {"event_date": "2025-09-17", "violence_type": "state-based conflict", "deaths": 3}}, {"type": "Feature", "geometry": {"type": "Point", "coordinates": [34.45, 31.516667]}, "properties": {"event_date": "2025-09-17", "violence_type": "state-based conflict", "deaths": 1}}, {"type": "Feature", "geometry": {"type": "Point", "coordinates": [34.45, 31.516667]}, "properties": {"event_date": "2025-09-17", "violence_type": "state-based conflict", "deaths": 2}}, {"type": "Feature", "geometry": {"type": "Point", "coordinates": [34.45, 31.516667]}, "properties": {"event_date": "2025-09-17", "violence_type": "state-based conflict", "deaths": 2}}, {"type": "Feature", "geometry": {"type": "Point", "coordinates": [34.45, 31.516667]}, "properties": {"event_date": "2025-09-17", "violence_type": "state-based conflict", "deaths": 2}}, {"type": "Feature", "geometry": {"type": "Point", "coordinates": [34.243439, 31.296999]}, "properties": {"event_date": "2025-09-17", "violence_type": "state-based conflict", "deaths": 5}}, {"type": "Feature", "geometry": {"type": "Point", "coordinates": [34.256182, 31.34822]}, "properties": {"event_date": "2025-09-17", "violence_type": "state-based conflict", "deaths": 5}}, {"type": "Feature", "geometry": {"type": "Point", "coordinates": [34.45, 31.516667]}, "properties": {"event_date": "2025-09-18", "violence_type": "state-based conflict", "deaths": 4}}, {"type": "Feature", "geometry": {"type": "Point", "coordinates": [34.446616, 31.534912]}, "properties": {"event_date": "2025-09-18", "violence_type": "state-based conflict", "deaths": 1}}, {"type": "Feature", "geometry": {"type": "Point", "coordinates": [34.402939, 31.439531]}, "properties": {"event_date": "2025-09-18", "violence_type": "state-based conflict", "deaths": 4}}, {"type": "Feature", "geometry": {"type": "Point", "coordinates": [34.45, 31.516667]}, "properties": {"event_date": "2025-09-18", "violence_type": "state-based conflict", "deaths": 1}}, {"type": "Feature", "geometry": {"type": "Point", "coordinates": [34.45, 31.516667]}, "properties": {"event_date": "2025-09-18", "violence_type": "state-based conflict", "deaths": 1}}, {"type": "Feature", "geometry": {"type": "Point", "coordinates": [34.45, 31.516667]}, "properties": {"event_date": "2025-09-18", "violence_type": "state-based conflict", "deaths": 2}}, {"type": "Feature", "geometry": {"type": "Point", "coordinates": [34.45, 31.516667]}, "properties": {"event_date": "2025-09-18", "violence_type": "state-based conflict", "deaths": 2}}, {"type": "Feature", "geometry": {"type": "Point", "coordinates": [34.45, 31.516667]}, "properties": {"event_date": "2025-09-18", "violence_type": "state-based conflict", "deaths": 4}}, {"type": "Feature", "geometry": {"type": "Point", "coordinates": [34.318592, 31.376438]}, "properties": {"event_date": "2025-09-18", "violence_type": "state-based conflict", "deaths": 1}}, {"type": "Feature", "geometry": {"type": "Point", "coordinates": [34.45, 31.516667]}, "properties": {"event_date": "2025-09-18", "violence_type": "state-based conflict", "deaths": 3}}, {"type": "Feature", "geometry": {"type": "Point", "coordinates": [34.243439, 31.296999]}, "properties": {"event_date": "2025-09-18", "violence_type": "state-based conflict", "deaths": 4}}, {"type": "Feature", "geometry": {"type": "Point", "coordinates": [34.373398, 31.425074]}, "properties": {"event_date": "2025-09-18", "violence_type": "state-based conflict", "deaths": 27}}, {"type": "Feature", "geometry": {"type": "Point", "coordinates": [35.405, 33.195]}, "properties": {"event_date": "2025-09-19", "violence_type": "state-based conflict", "deaths": 1}}, {"type": "Feature", "geometry": {"type": "Point", "coordinates": [35.35, 33.383333]}, "properties": {"event_date": "2025-09-19", "violence_type": "state-based conflict", "deaths": 1}}, {"type": "Feature", "geometry": {"type": "Point", "coordinates": [34.392875, 31.447656]}, "properties": {"event_date": "2025-09-19", "violence_type": "state-based conflict", "deaths": 1}}, {"type": "Feature", "geometry": {"type": "Point", "coordinates": [34.35014, 31.417479]}, "properties": {"event_date": "2025-09-19", "violence_type": "state-based conflict", "deaths": 1}}, {"type": "Feature", "geometry": {"type": "Point", "coordinates": [34.303056, 31.344444]}, "properties": {"event_date": "2025-09-19", "violence_type": "state-based conflict", "deaths": 1}}, {"type": "Feature", "geometry": {"type": "Point", "coordinates": [34.392875, 31.447656]}, "properties": {"event_date": "2025-09-19", "violence_type": "state-based conflict", "deaths": 1}}, {"type": "Feature", "geometry": {"type": "Point", "coordinates": [34.243439, 31.296999]}, "properties": {"event_date": "2025-09-19", "violence_type": "state-based conflict", "deaths": 2}}, {"type": "Feature", "geometry": {"type": "Point", "coordinates": [34.373398, 31.425074]}, "properties": {"event_date": "2025-09-19", "violence_type": "state-based conflict", "deaths": 24}}, {"type": "Feature", "geometry": {"type": "Point", "coordinates": [34.45, 31.516667]}, "properties": {"event_date": "2025-09-19", "violence_type": "state-based conflict", "deaths": 8}}, {"type": "Feature", "geometry": {"type": "Point", "coordinates": [34.392875, 31.447656]}, "properties": {"event_date": "2025-09-19", "violence_type": "state-based conflict", "deaths": 4}}, {"type": "Feature", "geometry": {"type": "Point", "coordinates": [34.256182, 31.34822]}, "properties": {"event_date": "2025-09-19", "violence_type": "state-based conflict", "deaths": 2}}, {"type": "Feature", "geometry": {"type": "Point", "coordinates": [34.45, 31.516667]}, "properties": {"event_date": "2025-09-20", "violence_type": "state-based conflict", "deaths": 4}}, {"type": "Feature", "geometry": {"type": "Point", "coordinates": [34.318592, 31.376438]}, "properties": {"event_date": "2025-09-20", "violence_type": "state-based conflict", "deaths": 1}}, {"type": "Feature", "geometry": {"type": "Point", "coordinates": [34.45, 31.516667]}, "properties": {"event_date": "2025-09-20", "violence_type": "state-based conflict", "deaths": 1}}, {"type": "Feature", "geometry": {"type": "Point", "coordinates": [34.392875, 31.447656]}, "properties": {"event_date": "2025-09-20", "violence_type": "state-based conflict", "deaths": 3}}, {"type": "Feature", "geometry": {"type": "Point", "coordinates": [34.45, 31.516667]}, "properties": {"event_date": "2025-09-20", "violence_type": "state-based conflict", "deaths": 4}}, {"type": "Feature", "geometry": {"type": "Point", "coordinates": [34.45, 31.516667]}, "properties": {"event_date": "2025-09-20", "violence_type": "state-based conflict", "deaths": 6}}, {"type": "Feature", "geometry": {"type": "Point", "coordinates": [34.45, 31.516667]}, "properties": {"event_date": "2025-09-20", "violence_type": "state-based conflict", "deaths": 22}}, {"type": "Feature", "geometry": {"type": "Point", "coordinates": [34.243439, 31.296999]}, "properties": {"event_date": "2025-09-20", "violence_type": "state-based conflict", "deaths": 1}}, {"type": "Feature", "geometry": {"type": "Point", "coordinates": [34.392875, 31.447656]}, "properties": {"event_date": "2025-09-20", "violence_type": "state-based conflict", "deaths": 1}}, {"type": "Feature", "geometry": {"type": "Point", "coordinates": [34.446616, 31.534912]}, "properties": {"event_date": "2025-09-20", "violence_type": "state-based conflict", "deaths": 5}}, {"type": "Feature", "geometry": {"type": "Point", "coordinates": [34.45, 31.516667]}, "properties": {"event_date": "2025-09-20", "violence_type": "state-based conflict", "deaths": 1}}, {"type": "Feature", "geometry": {"type": "Point", "coordinates": [34.45, 31.516667]}, "properties": {"event_date": "2025-09-20", "violence_type": "state-based conflict", "deaths": 1}}, {"type": "Feature", "geometry": {"type": "Point", "coordinates": [34.373398, 31.425074]}, "properties": {"event_date": "2025-09-20", "violence_type": "state-based conflict", "deaths": 41}}, {"type": "Feature", "geometry": {"type": "Point", "coordinates": [34.45, 31.516667]}, "properties": {"event_date": "2025-09-20", "violence_type": "state-based conflict", "deaths": 2}}, {"type": "Feature", "geometry": {"type": "Point", "coordinates": [34.45, 31.516667]}, "properties": {"event_date": "2025-09-20", "violence_type": "state-based conflict", "deaths": 9}}, {"type": "Feature", "geometry": {"type": "Point", "coordinates": [34.409722, 31.4675]}, "properties": {"event_date": "2025-09-20", "violence_type": "state-based conflict", "deaths": 6}}, {"type": "Feature", "geometry": {"type": "Point", "coordinates": [34.45, 31.516667]}, "properties": {"event_date": "2025-09-20", "violence_type": "state-based conflict", "deaths": 4}}, {"type": "Feature", "geometry": {"type": "Point", "coordinates": [34.392875, 31.447656]}, "properties": {"event_date": "2025-09-21", "violence_type": "state-based conflict", "deaths": 4}}, {"type": "Feature", "geometry": {"type": "Point", "coordinates": [34.45, 31.516667]}, "properties": {"event_date": "2025-09-21", "violence_type": "state-based conflict", "deaths": 1}}, {"type": "Feature", "geometry": {"type": "Point", "coordinates": [34.373398, 31.425074]}, "properties": {"event_date": "2025-09-21", "violence_type": "state-based conflict", "deaths": 47}}, {"type": "Feature", "geometry": {"type": "Point", "coordinates": [34.409722, 31.4675]}, "properties": {"event_date": "2025-09-21", "violence_type": "state-based conflict", "deaths": 1}}, {"type": "Feature", "geometry": {"type": "Point", "coordinates": [34.45, 31.516667]}, "properties": {"event_date": "2025-09-21", "violence_type": "state-based conflict", "deaths": 4}}, {"type": "Feature", "geometry": {"type": "Point", "coordinates": [34.402939, 31.439531]}, "properties": {"event_date": "2025-09-21", "violence_type": "state-based conflict", "deaths": 9}}, {"type": "Feature", "geometry": {"type": "Point", "coordinates": [35.43, 33.12]}, "properties": {"event_date": "2025-09-21", "violence_type": "state-based conflict", "deaths": 5}}, {"type": "Feature", "geometry": {"type": "Point", "coordinates": [34.45, 31.516667]}, "properties": {"event_date": "2025-09-21", "violence_type": "state-based conflict", "deaths": 2}}, {"type": "Feature", "geometry": {"type": "Point", "coordinates": [34.45, 31.516667]}, "properties": {"event_date": "2025-09-22", "violence_type": "state-based conflict", "deaths": 1}}, {"type": "Feature", "geometry": {"type": "Point", "coordinates": [34.45, 31.516667]}, "properties": {"event_date": "2025-09-22", "violence_type": "state-based conflict", "deaths": 1}}, {"type": "Feature", "geometry": {"type": "Point", "coordinates": [34.446616, 31.534912]}, "properties": {"event_date": "2025-09-22", "violence_type": "state-based conflict", "deaths": 4}}, {"type": "Feature", "geometry": {"type": "Point", "coordinates": [34.446616, 31.534912]}, "properties": {"event_date": "2025-09-22", "violence_type": "state-based conflict", "deaths": 2}}, {"type": "Feature", "geometry": {"type": "Point", "coordinates": [34.446616, 31.534912]}, "properties": {"event_date": "2025-09-22", "violence_type": "state-based conflict", "deaths": 2}}, {"type": "Feature", "geometry": {"type": "Point", "coordinates": [34.36595, 31.428439]}, "properties": {"event_date": "2025-09-22", "violence_type": "state-based conflict", "deaths": 1}}, {"type": "Feature", "geometry": {"type": "Point", "coordinates": [34.392875, 31.447656]}, "properties": {"event_date": "2025-09-22", "violence_type": "state-based conflict", "deaths": 1}}, {"type": "Feature", "geometry": {"type": "Point", "coordinates": [34.392875, 31.447656]}, "properties": {"event_date": "2025-09-22", "violence_type": "state-based conflict", "deaths": 1}}, {"type": "Feature", "geometry": {"type": "Point", "coordinates": [34.483471, 31.5272]}, "properties": {"event_date": "2025-09-22", "violence_type": "state-based conflict", "deaths": 1}}, {"type": "Feature", "geometry": {"type": "Point", "coordinates": [34.45, 31.516667]}, "properties": {"event_date": "2025-09-22", "violence_type": "state-based conflict", "deaths": 1}}, {"type": "Feature", "geometry": {"type": "Point", "coordinates": [34.392875, 31.447656]}, "properties": {"event_date": "2025-09-22", "violence_type": "state-based conflict", "deaths": 1}}, {"type": "Feature", "geometry": {"type": "Point", "coordinates": [34.45, 31.516667]}, "properties": {"event_date": "2025-09-22", "violence_type": "state-based conflict", "deaths": 2}}, {"type": "Feature", "geometry": {"type": "Point", "coordinates": [34.45, 31.516667]}, "properties": {"event_date": "2025-09-22", "violence_type": "state-based conflict", "deaths": 9}}, {"type": "Feature", "geometry": {"type": "Point", "coordinates": [34.373398, 31.425074]}, "properties": {"event_date": "2025-09-23", "violence_type": "state-based conflict", "deaths": 19}}, {"type": "Feature", "geometry": {"type": "Point", "coordinates": [34.446616, 31.534912]}, "properties": {"event_date": "2025-09-23", "violence_type": "state-based conflict", "deaths": 5}}, {"type": "Feature", "geometry": {"type": "Point", "coordinates": [34.402939, 31.439531]}, "properties": {"event_date": "2025-09-23", "violence_type": "state-based conflict", "deaths": 1}}, {"type": "Feature", "geometry": {"type": "Point", "coordinates": [34.288056, 31.308333]}, "properties": {"event_date": "2025-09-23", "violence_type": "state-based conflict", "deaths": 3}}, {"type": "Feature", "geometry": {"type": "Point", "coordinates": [34.36595, 31.428439]}, "properties": {"event_date": "2025-09-23", "violence_type": "state-based conflict", "deaths": 2}}, {"type": "Feature", "geometry": {"type": "Point", "coordinates": [34.247271, 31.372824]}, "properties": {"event_date": "2025-09-23", "violence_type": "state-based conflict", "deaths": 2}}, {"type": "Feature", "geometry": {"type": "Point", "coordinates": [37.161173, 36.201241]}, "properties": {"event_date": "2025-09-23", "violence_type": "state-based conflict", "deaths": 1}}, {"type": "Feature", "geometry": {"type": "Point", "coordinates": [34.45, 31.516667]}, "properties": {"event_date": "2025-09-23", "violence_type": "state-based conflict", "deaths": 5}}, {"type": "Feature", "geometry": {"type": "Point", "coordinates": [34.45, 31.516667]}, "properties": {"event_date": "2025-09-24", "violence_type": "state-based conflict", "deaths": 1}}, {"type": "Feature", "geometry": {"type": "Point", "coordinates": [34.373398, 31.425074]}, "properties": {"event_date": "2025-09-24", "violence_type": "state-based conflict", "deaths": 24}}, {"type": "Feature", "geometry": {"type": "Point", "coordinates": [34.392875, 31.447656]}, "properties": {"event_date": "2025-09-24", "violence_type": "state-based conflict", "deaths": 13}}, {"type": "Feature", "geometry": {"type": "Point", "coordinates": [34.402939, 31.439531]}, "properties": {"event_date": "2025-09-24", "violence_type": "state-based conflict", "deaths": 1}}, {"type": "Feature", "geometry": {"type": "Point", "coordinates": [34.303056, 31.344444]}, "properties": {"event_date": "2025-09-24", "violence_type": "state-based conflict", "deaths": 3}}, {"type": "Feature", "geometry": {"type": "Point", "coordinates": [34.243439, 31.296999]}, "properties": {"event_date": "2025-09-24", "violence_type": "state-based conflict", "deaths": 3}}, {"type": "Feature", "geometry": {"type": "Point", "coordinates": [34.243439, 31.296999]}, "properties": {"event_date": "2025-09-24", "violence_type": "state-based conflict", "deaths": 8}}, {"type": "Feature", "geometry": {"type": "Point", "coordinates": [34.45, 31.516667]}, "properties": {"event_date": "2025-09-24", "violence_type": "state-based conflict", "deaths": 1}}, {"type": "Feature", "geometry": {"type": "Point", "coordinates": [34.45, 31.516667]}, "properties": {"event_date": "2025-09-24", "violence_type": "state-based conflict", "deaths": 2}}, {"type": "Feature", "geometry": {"type": "Point", "coordinates": [34.45, 31.516667]}, "properties": {"event_date": "2025-09-24", "violence_type": "state-based conflict", "deaths": 2}}, {"type": "Feature", "geometry": {"type": "Point", "coordinates": [34.392875, 31.447656]}, "properties": {"event_date": "2025-09-24", "violence_type": "state-based conflict", "deaths": 1}}, {"type": "Feature", "geometry": {"type": "Point", "coordinates": [34.392875, 31.447656]}, "properties": {"event_date": "2025-09-24", "violence_type": "state-based conflict", "deaths": 4}}, {"type": "Feature", "geometry": {"type": "Point", "coordinates": [34.45, 31.516667]}, "properties": {"event_date": "2025-09-24", "violence_type": "state-based conflict", "deaths": 5}}, {"type": "Feature", "geometry": {"type": "Point", "coordinates": [34.45, 31.516667]}, "properties": {"event_date": "2025-09-24", "violence_type": "state-based conflict", "deaths": 22}}, {"type": "Feature", "geometry": {"type": "Point", "coordinates": [34.45, 31.516667]}, "properties": {"event_date": "2025-09-24", "violence_type": "state-based conflict", "deaths": 1}}, {"type": "Feature", "geometry": {"type": "Point", "coordinates": [34.392875, 31.447656]}, "properties": {"event_date": "2025-09-24", "violence_type": "state-based conflict", "deaths": 2}}, {"type": "Feature", "geometry": {"type": "Point", "coordinates": [34.392875, 31.447656]}, "properties": {"event_date": "2025-09-25", "violence_type": "state-based conflict", "deaths": 4}}, {"type": "Feature", "geometry": {"type": "Point", "coordinates": [34.373398, 31.425074]}, "properties": {"event_date": "2025-09-25", "violence_type": "state-based conflict", "deaths": 15}}, {"type": "Feature", "geometry": {"type": "Point", "coordinates": [34.36595, 31.428439]}, "properties": {"event_date": "2025-09-25", "violence_type": "state-based conflict", "deaths": 11}}, {"type": "Feature", "geometry": {"type": "Point", "coordinates": [34.446616, 31.534912]}, "properties": {"event_date": "2025-09-25", "violence_type": "state-based conflict", "deaths": 1}}, {"type": "Feature", "geometry": {"type": "Point", "coordinates": [44.206667, 15.354722]}, "properties": {"event_date": "2025-09-25", "violence_type": "state-based conflict", "deaths": 33}}, {"type": "Feature", "geometry": {"type": "Point", "coordinates": [34.303056, 31.344444]}, "properties": {"event_date": "2025-09-25", "violence_type": "state-based conflict", "deaths": 4}}, {"type": "Feature", "geometry": {"type": "Point", "coordinates": [34.325344, 31.342778]}, "properties": {"event_date": "2025-09-25", "violence_type": "state-based conflict", "deaths": 1}}, {"type": "Feature", "geometry": {"type": "Point", "coordinates": [34.446616, 31.534912]}, "properties": {"event_date": "2025-09-25", "violence_type": "state-based conflict", "deaths": 6}}, {"type": "Feature", "geometry": {"type": "Point", "coordinates": [34.35014, 31.417479]}, "properties": {"event_date": "2025-09-25", "violence_type": "state-based conflict", "deaths": 2}}, {"type": "Feature", "geometry": {"type": "Point", "coordinates": [34.45, 31.516667]}, "properties": {"event_date": "2025-09-25", "violence_type": "state-based conflict", "deaths": 6}}, {"type": "Feature", "geometry": {"type": "Point", "coordinates": [34.446616, 31.534912]}, "properties": {"event_date": "2025-09-25", "violence_type": "state-based conflict", "deaths": 4}}, {"type": "Feature", "geometry": {"type": "Point", "coordinates": [34.392875, 31.447656]}, "properties": {"event_date": "2025-09-26", "violence_type": "state-based conflict", "deaths": 8}}, {"type": "Feature", "geometry": {"type": "Point", "coordinates": [34.45, 31.516667]}, "properties": {"event_date": "2025-09-26", "violence_type": "state-based conflict", "deaths": 2}}, {"type": "Feature", "geometry": {"type": "Point", "coordinates": [34.373398, 31.425074]}, "properties": {"event_date": "2025-09-26", "violence_type": "state-based conflict", "deaths": 39}}, {"type": "Feature", "geometry": {"type": "Point", "coordinates": [36.717282, 35.87177]}, "properties": {"event_date": "2025-09-26", "violence_type": "one-sided violence", "deaths": 1}}, {"type": "Feature", "geometry": {"type": "Point", "coordinates": [34.413322, 31.482192]}, "properties": {"event_date": "2025-09-26", "violence_type": "state-based conflict", "deaths": 11}}, {"type": "Feature", "geometry": {"type": "Point", "coordinates": [34.45, 31.516667]}, "properties": {"event_date": "2025-09-27", "violence_type": "state-based conflict", "deaths": 1}}, {"type": "Feature", "geometry": {"type": "Point", "coordinates": [34.392875, 31.447656]}, "properties": {"event_date": "2025-09-27", "violence_type": "state-based conflict", "deaths": 3}}, {"type": "Feature", "geometry": {"type": "Point", "coordinates": [34.414752, 31.455404]}, "properties": {"event_date": "2025-09-27", "violence_type": "state-based conflict", "deaths": 1}}, {"type": "Feature", "geometry": {"type": "Point", "coordinates": [34.303056, 31.344444]}, "properties": {"event_date": "2025-09-27", "violence_type": "state-based conflict", "deaths": 4}}, {"type": "Feature", "geometry": {"type": "Point", "coordinates": [34.303056, 31.344444]}, "properties": {"event_date": "2025-09-27", "violence_type": "state-based conflict", "deaths": 2}}, {"type": "Feature", "geometry": {"type": "Point", "coordinates": [34.45, 31.516667]}, "properties": {"event_date": "2025-09-27", "violence_type": "state-based conflict", "deaths": 1}}, {"type": "Feature", "geometry": {"type": "Point", "coordinates": [34.392875, 31.447656]}, "properties": {"event_date": "2025-09-27", "violence_type": "state-based conflict", "deaths": 4}}, {"type": "Feature", "geometry": {"type": "Point", "coordinates": [34.45, 31.516667]}, "properties": {"event_date": "2025-09-27", "violence_type": "state-based conflict", "deaths": 5}}, {"type": "Feature", "geometry": {"type": "Point", "coordinates": [34.45, 31.516667]}, "properties": {"event_date": "2025-09-27", "violence_type": "state-based conflict", "deaths": 11}}, {"type": "Feature", "geometry": {"type": "Point", "coordinates": [34.413322, 31.482192]}, "properties": {"event_date": "2025-09-27", "violence_type": "state-based conflict", "deaths": 3}}, {"type": "Feature", "geometry": {"type": "Point", "coordinates": [34.45, 31.516667]}, "properties": {"event_date": "2025-09-27", "violence_type": "state-based conflict", "deaths": 8}}, {"type": "Feature", "geometry": {"type": "Point", "coordinates": [34.45, 31.516667]}, "properties": {"event_date": "2025-09-27", "violence_type": "state-based conflict", "deaths": 5}}, {"type": "Feature", "geometry": {"type": "Point", "coordinates": [34.392875, 31.447656]}, "properties": {"event_date": "2025-09-27", "violence_type": "state-based conflict", "deaths": 4}}, {"type": "Feature", "geometry": {"type": "Point", "coordinates": [34.36595, 31.428439]}, "properties": {"event_date": "2025-09-27", "violence_type": "state-based conflict", "deaths": 3}}, {"type": "Feature", "geometry": {"type": "Point", "coordinates": [34.446616, 31.534912]}, "properties": {"event_date": "2025-09-27", "violence_type": "state-based conflict", "deaths": 4}}, {"type": "Feature", "geometry": {"type": "Point", "coordinates": [34.392875, 31.447656]}, "properties": {"event_date": "2025-09-27", "violence_type": "state-based conflict", "deaths": 18}}, {"type": "Feature", "geometry": {"type": "Point", "coordinates": [34.35014, 31.417479]}, "properties": {"event_date": "2025-09-27", "violence_type": "state-based conflict", "deaths": 1}}, {"type": "Feature", "geometry": {"type": "Point", "coordinates": [34.373398, 31.425074]}, "properties": {"event_date": "2025-09-27", "violence_type": "state-based conflict", "deaths": 18}}, {"type": "Feature", "geometry": {"type": "Point", "coordinates": [34.45, 31.516667]}, "properties": {"event_date": "2025-09-27", "violence_type": "state-based conflict", "deaths": 1}}, {"type": "Feature", "geometry": {"type": "Point", "coordinates": [34.35014, 31.417479]}, "properties": {"event_date": "2025-09-27", "violence_type": "state-based conflict", "deaths": 1}}, {"type": "Feature", "geometry": {"type": "Point", "coordinates": [34.392875, 31.447656]}, "properties": {"event_date": "2025-09-28", "violence_type": "state-based conflict", "deaths": 16}}, {"type": "Feature", "geometry": {"type": "Point", "coordinates": [34.45, 31.516667]}, "properties": {"event_date": "2025-09-28", "violence_type": "state-based conflict", "deaths": 2}}, {"type": "Feature", "geometry": {"type": "Point", "coordinates": [34.288056, 31.308333]}, "properties": {"event_date": "2025-09-28", "violence_type": "state-based conflict", "deaths": 6}}, {"type": "Feature", "geometry": {"type": "Point", "coordinates": [34.392875, 31.447656]}, "properties": {"event_date": "2025-09-28", "violence_type": "state-based conflict", "deaths": 2}}, {"type": "Feature", "geometry": {"type": "Point", "coordinates": [36.748178, 35.457464]}, "properties": {"event_date": "2025-09-28", "violence_type": "non-state conflict", "deaths": 1}}, {"type": "Feature", "geometry": {"type": "Point", "coordinates": [34.373398, 31.425074]}, "properties": {"event_date": "2025-09-28", "violence_type": "state-based conflict", "deaths": 27}}, {"type": "Feature", "geometry": {"type": "Point", "coordinates": [34.243439, 31.296999]}, "properties": {"event_date": "2025-09-29", "violence_type": "state-based conflict", "deaths": 1}}, {"type": "Feature", "geometry": {"type": "Point", "coordinates": [34.288056, 31.308333]}, "properties": {"event_date": "2025-09-29", "violence_type": "state-based conflict", "deaths": 1}}, {"type": "Feature", "geometry": {"type": "Point", "coordinates": [35.4925, 33.36389]}, "properties": {"event_date": "2025-09-29", "violence_type": "state-based conflict", "deaths": 1}}, {"type": "Feature", "geometry": {"type": "Point", "coordinates": [37.161173, 36.201241]}, "properties": {"event_date": "2025-09-29", "violence_type": "one-sided violence", "deaths": 1}}, {"type": "Feature", "geometry": {"type": "Point", "coordinates": [34.373398, 31.425074]}, "properties": {"event_date": "2025-09-29", "violence_type": "state-based conflict", "deaths": 8}}, {"type": "Feature", "geometry": {"type": "Point", "coordinates": [34.243439, 31.296999]}, "properties": {"event_date": "2025-09-29", "violence_type": "state-based conflict", "deaths": 4}}, {"type": "Feature", "geometry": {"type": "Point", "coordinates": [34.45, 31.516667]}, "properties": {"event_date": "2025-09-29", "violence_type": "state-based conflict", "deaths": 3}}, {"type": "Feature", "geometry": {"type": "Point", "coordinates": [34.45, 31.516667]}, "properties": {"event_date": "2025-09-29", "violence_type": "state-based conflict", "deaths": 5}}, {"type": "Feature", "geometry": {"type": "Point", "coordinates": [34.392875, 31.447656]}, "properties": {"event_date": "2025-09-29", "violence_type": "state-based conflict", "deaths": 1}}, {"type": "Feature", "geometry": {"type": "Point", "coordinates": [34.45, 31.516667]}, "properties": {"event_date": "2025-09-29", "violence_type": "state-based conflict", "deaths": 10}}, {"type": "Feature", "geometry": {"type": "Point", "coordinates": [34.45, 31.516667]}, "properties": {"event_date": "2025-09-29", "violence_type": "state-based conflict", "deaths": 1}}, {"type": "Feature", "geometry": {"type": "Point", "coordinates": [34.392875, 31.447656]}, "properties": {"event_date": "2025-09-30", "violence_type": "state-based conflict", "deaths": 1}}, {"type": "Feature", "geometry": {"type": "Point", "coordinates": [36.178321, 34.675146]}, "properties": {"event_date": "2025-09-30", "violence_type": "one-sided violence", "deaths": 1}}, {"type": "Feature", "geometry": {"type": "Point", "coordinates": [34.373398, 31.425074]}, "properties": {"event_date": "2025-09-30", "violence_type": "state-based conflict", "deaths": 17}}, {"type": "Feature", "geometry": {"type": "Point", "coordinates": [36.12682, 34.93205]}, "properties": {"event_date": "2025-09-30", "violence_type": "one-sided violence", "deaths": 1}}, {"type": "Feature", "geometry": {"type": "Point", "coordinates": [34.303056, 31.344444]}, "properties": {"event_date": "2025-09-30", "violence_type": "state-based conflict", "deaths": 2}}, {"type": "Feature", "geometry": {"type": "Point", "coordinates": [34.392875, 31.447656]}, "properties": {"event_date": "2025-09-30", "violence_type": "state-based conflict", "deaths": 1}}, {"type": "Feature", "geometry": {"type": "Point", "coordinates": [34.45, 31.516667]}, "properties": {"event_date": "2025-09-30", "violence_type": "state-based conflict", "deaths": 2}}, {"type": "Feature", "geometry": {"type": "Point", "coordinates": [34.392875, 31.447656]}, "properties": {"event_date": "2025-09-30", "violence_type": "state-based conflict", "deaths": 4}}, {"type": "Feature", "geometry": {"type": "Point", "coordinates": [34.413322, 31.482192]}, "properties": {"event_date": "2025-09-30", "violence_type": "state-based conflict", "deaths": 1}}, {"type": "Feature", "geometry": {"type": "Point", "coordinates": [34.45, 31.516667]}, "properties": {"event_date": "2025-09-30", "violence_type": "state-based conflict", "deaths": 3}}, {"type": "Feature", "geometry": {"type": "Point", "coordinates": [34.414752, 31.455404]}, "properties": {"event_date": "2025-09-30", "violence_type": "state-based conflict", "deaths": 17}}, {"type": "Feature", "geometry": {"type": "Point", "coordinates": [34.35014, 31.417479]}, "properties": {"event_date": "2025-09-30", "violence_type": "state-based conflict", "deaths": 7}}, {"type": "Feature", "geometry": {"type": "Point", "coordinates": [34.256182, 31.34822]}, "properties": {"event_date": "2025-09-30", "violence_type": "state-based conflict", "deaths": 3}}, {"type": "Feature", "geometry": {"type": "Point", "coordinates": [34.35014, 31.417479]}, "properties": {"event_date": "2025-09-30", "violence_type": "state-based conflict", "deaths": 1}}, {"type": "Feature", "geometry": {"type": "Point", "coordinates": [34.35014, 31.417479]}, "properties": {"event_date": "2025-09-30", "violence_type": "state-based conflict", "deaths": 5}}, {"type": "Feature", "geometry": {"type": "Point", "coordinates": [34.35014, 31.417479]}, "properties": {"event_date": "2025-10-01", "violence_type": "state-based conflict", "deaths": 7}}, {"type": "Feature", "geometry": {"type": "Point", "coordinates": [34.45, 31.516667]}, "properties": {"event_date": "2025-10-01", "violence_type": "state-based conflict", "deaths": 3}}, {"type": "Feature", "geometry": {"type": "Point", "coordinates": [34.373398, 31.425074]}, "properties": {"event_date": "2025-10-01", "violence_type": "state-based conflict", "deaths": 24}}, {"type": "Feature", "geometry": {"type": "Point", "coordinates": [34.35014, 31.417479]}, "properties": {"event_date": "2025-10-01", "violence_type": "state-based conflict", "deaths": 9}}, {"type": "Feature", "geometry": {"type": "Point", "coordinates": [34.303056, 31.344444]}, "properties": {"event_date": "2025-10-01", "violence_type": "state-based conflict", "deaths": 2}}, {"type": "Feature", "geometry": {"type": "Point", "coordinates": [34.446616, 31.534912]}, "properties": {"event_date": "2025-10-01", "violence_type": "state-based conflict", "deaths": 7}}, {"type": "Feature", "geometry": {"type": "Point", "coordinates": [34.45, 31.516667]}, "properties": {"event_date": "2025-10-01", "violence_type": "state-based conflict", "deaths": 1}}, {"type": "Feature", "geometry": {"type": "Point", "coordinates": [35.35111, 33.17472]}, "properties": {"event_date": "2025-10-01", "violence_type": "state-based conflict", "deaths": 1}}, {"type": "Feature", "geometry": {"type": "Point", "coordinates": [34.243439, 31.296999]}, "properties": {"event_date": "2025-10-01", "violence_type": "state-based conflict", "deaths": 1}}, {"type": "Feature", "geometry": {"type": "Point", "coordinates": [34.45, 31.516667]}, "properties": {"event_date": "2025-10-01", "violence_type": "state-based conflict", "deaths": 5}}, {"type": "Feature", "geometry": {"type": "Point", "coordinates": [34.45, 31.516667]}, "properties": {"event_date": "2025-10-01", "violence_type": "state-based conflict", "deaths": 8}}, {"type": "Feature", "geometry": {"type": "Point", "coordinates": [34.402939, 31.439531]}, "properties": {"event_date": "2025-10-01", "violence_type": "state-based conflict", "deaths": 1}}, {"type": "Feature", "geometry": {"type": "Point", "coordinates": [34.35014, 31.417479]}, "properties": {"event_date": "2025-10-01", "violence_type": "state-based conflict", "deaths": 4}}, {"type": "Feature", "geometry": {"type": "Point", "coordinates": [34.392875, 31.447656]}, "properties": {"event_date": "2025-10-01", "violence_type": "state-based conflict", "deaths": 2}}, {"type": "Feature", "geometry": {"type": "Point", "coordinates": [34.331502, 31.418637]}, "properties": {"event_date": "2025-10-01", "violence_type": "state-based conflict", "deaths": 4}}, {"type": "Feature", "geometry": {"type": "Point", "coordinates": [34.45, 31.516667]}, "properties": {"event_date": "2025-10-01", "violence_type": "state-based conflict", "deaths": 1}}, {"type": "Feature", "geometry": {"type": "Point", "coordinates": [34.45, 31.516667]}, "properties": {"event_date": "2025-10-01", "violence_type": "state-based conflict", "deaths": 7}}, {"type": "Feature", "geometry": {"type": "Point", "coordinates": [34.392875, 31.447656]}, "properties": {"event_date": "2025-10-01", "violence_type": "state-based conflict", "deaths": 2}}, {"type": "Feature", "geometry": {"type": "Point", "coordinates": [34.45, 31.516667]}, "properties": {"event_date": "2025-10-01", "violence_type": "state-based conflict", "deaths": 1}}, {"type": "Feature", "geometry": {"type": "Point", "coordinates": [34.45, 31.516667]}, "properties": {"event_date": "2025-10-01", "violence_type": "state-based conflict", "deaths": 2}}, {"type": "Feature", "geometry": {"type": "Point", "coordinates": [34.402939, 31.439531]}, "properties": {"event_date": "2025-10-02", "violence_type": "state-based conflict", "deaths": 4}}, {"type": "Feature", "geometry": {"type": "Point", "coordinates": [34.256182, 31.34822]}, "properties": {"event_date": "2025-10-02", "violence_type": "state-based conflict", "deaths": 11}}, {"type": "Feature", "geometry": {"type": "Point", "coordinates": [35.114167, 31.885833]}, "properties": {"event_date": "2025-10-02", "violence_type": "state-based conflict", "deaths": 1}}, {"type": "Feature", "geometry": {"type": "Point", "coordinates": [34.45, 31.516667]}, "properties": {"event_date": "2025-10-02", "violence_type": "state-based conflict", "deaths": 1}}, {"type": "Feature", "geometry": {"type": "Point", "coordinates": [34.35014, 31.417479]}, "properties": {"event_date": "2025-10-02", "violence_type": "state-based conflict", "deaths": 3}}, {"type": "Feature", "geometry": {"type": "Point", "coordinates": [34.373398, 31.425074]}, "properties": {"event_date": "2025-10-02", "violence_type": "state-based conflict", "deaths": 33}}, {"type": "Feature", "geometry": {"type": "Point", "coordinates": [34.402939, 31.439531]}, "properties": {"event_date": "2025-10-02", "violence_type": "state-based conflict", "deaths": 2}}, {"type": "Feature", "geometry": {"type": "Point", "coordinates": [34.45, 31.516667]}, "properties": {"event_date": "2025-10-02", "violence_type": "state-based conflict", "deaths": 1}}, {"type": "Feature", "geometry": {"type": "Point", "coordinates": [34.373398, 31.425074]}, "properties": {"event_date": "2025-10-02", "violence_type": "state-based conflict", "deaths": 8}}, {"type": "Feature", "geometry": {"type": "Point", "coordinates": [34.35014, 31.417479]}, "properties": {"event_date": "2025-10-02", "violence_type": "state-based conflict", "deaths": 2}}, {"type": "Feature", "geometry": {"type": "Point", "coordinates": [34.303056, 31.344444]}, "properties": {"event_date": "2025-10-03", "violence_type": "state-based conflict", "deaths": 3}}, {"type": "Feature", "geometry": {"type": "Point", "coordinates": [34.256182, 31.34822]}, "properties": {"event_date": "2025-10-03", "violence_type": "state-based conflict", "deaths": 7}}, {"type": "Feature", "geometry": {"type": "Point", "coordinates": [34.45, 31.516667]}, "properties": {"event_date": "2025-10-03", "violence_type": "state-based conflict", "deaths": 6}}, {"type": "Feature", "geometry": {"type": "Point", "coordinates": [34.45, 31.516667]}, "properties": {"event_date": "2025-10-03", "violence_type": "state-based conflict", "deaths": 1}}, {"type": "Feature", "geometry": {"type": "Point", "coordinates": [34.45, 31.516667]}, "properties": {"event_date": "2025-10-03", "violence_type": "state-based conflict", "deaths": 7}}, {"type": "Feature", "geometry": {"type": "Point", "coordinates": [34.45, 31.516667]}, "properties": {"event_date": "2025-10-03", "violence_type": "state-based conflict", "deaths": 5}}, {"type": "Feature", "geometry": {"type": "Point", "coordinates": [34.446616, 31.534912]}, "properties": {"event_date": "2025-10-03", "violence_type": "state-based conflict", "deaths": 2}}, {"type": "Feature", "geometry": {"type": "Point", "coordinates": [34.373398, 31.425074]}, "properties": {"event_date": "2025-10-03", "violence_type": "state-based conflict", "deaths": 36}}, {"type": "Feature", "geometry": {"type": "Point", "coordinates": [34.35014, 31.417479]}, "properties": {"event_date": "2025-10-03", "violence_type": "state-based conflict", "deaths": 1}}, {"type": "Feature", "geometry": {"type": "Point", "coordinates": [34.325344, 31.342778]}, "properties": {"event_date": "2025-10-03", "violence_type": "state-based conflict", "deaths": 4}}, {"type": "Feature", "geometry": {"type": "Point", "coordinates": [34.303056, 31.344444]}, "properties": {"event_date": "2025-10-03", "violence_type": "state-based conflict", "deaths": 2}}, {"type": "Feature", "geometry": {"type": "Point", "coordinates": [34.385375, 31.421358]}, "properties": {"event_date": "2025-10-03", "violence_type": "state-based conflict", "deaths": 7}}, {"type": "Feature", "geometry": {"type": "Point", "coordinates": [34.45, 31.516667]}, "properties": {"event_date": "2025-10-03", "violence_type": "state-based conflict", "deaths": 3}}, {"type": "Feature", "geometry": {"type": "Point", "coordinates": [34.402939, 31.439531]}, "properties": {"event_date": "2025-10-03", "violence_type": "state-based conflict", "deaths": 1}}, {"type": "Feature", "geometry": {"type": "Point", "coordinates": [34.373398, 31.425074]}, "properties": {"event_date": "2025-10-03", "violence_type": "state-based conflict", "deaths": 4}}, {"type": "Feature", "geometry": {"type": "Point", "coordinates": [34.446616, 31.534912]}, "properties": {"event_date": "2025-10-03", "violence_type": "state-based conflict", "deaths": 5}}, {"type": "Feature", "geometry": {"type": "Point", "coordinates": [34.45, 31.516667]}, "properties": {"event_date": "2025-10-04", "violence_type": "state-based conflict", "deaths": 5}}, {"type": "Feature", "geometry": {"type": "Point", "coordinates": [34.45, 31.516667]}, "properties": {"event_date": "2025-10-04", "violence_type": "state-based conflict", "deaths": 1}}, {"type": "Feature", "geometry": {"type": "Point", "coordinates": [34.45, 31.516667]}, "properties": {"event_date": "2025-10-04", "violence_type": "state-based conflict", "deaths": 17}}, {"type": "Feature", "geometry": {"type": "Point", "coordinates": [34.45, 31.516667]}, "properties": {"event_date": "2025-10-04", "violence_type": "state-based conflict", "deaths": 2}}, {"type": "Feature", "geometry": {"type": "Point", "coordinates": [34.373398, 31.425074]}, "properties": {"event_date": "2025-10-04", "violence_type": "state-based conflict", "deaths": 33}}, {"type": "Feature", "geometry": {"type": "Point", "coordinates": [34.392875, 31.447656]}, "properties": {"event_date": "2025-10-04", "violence_type": "state-based conflict", "deaths": 1}}, {"type": "Feature", "geometry": {"type": "Point", "coordinates": [34.45, 31.516667]}, "properties": {"event_date": "2025-10-04", "violence_type": "state-based conflict", "deaths": 2}}, {"type": "Feature", "geometry": {"type": "Point", "coordinates": [34.413322, 31.482192]}, "properties": {"event_date": "2025-10-04", "violence_type": "state-based conflict", "deaths": 1}}, {"type": "Feature", "geometry": {"type": "Point", "coordinates": [34.45, 31.516667]}, "properties": {"event_date": "2025-10-04", "violence_type": "state-based conflict", "deaths": 1}}, {"type": "Feature", "geometry": {"type": "Point", "coordinates": [34.45, 31.516667]}, "properties": {"event_date": "2025-10-04", "violence_type": "state-based conflict", "deaths": 6}}, {"type": "Feature", "geometry": {"type": "Point", "coordinates": [34.256182, 31.34822]}, "properties": {"event_date": "2025-10-04", "violence_type": "state-based conflict", "deaths": 2}}, {"type": "Feature", "geometry": {"type": "Point", "coordinates": [34.413322, 31.482192]}, "properties": {"event_date": "2025-10-05", "violence_type": "state-based conflict", "deaths": 1}}, {"type": "Feature", "geometry": {"type": "Point", "coordinates": [34.243439, 31.296999]}, "properties": {"event_date": "2025-10-05", "violence_type": "state-based conflict", "deaths": 4}}, {"type": "Feature", "geometry": {"type": "Point", "coordinates": [34.45, 31.516667]}, "properties": {"event_date": "2025-10-05", "violence_type": "state-based conflict", "deaths": 5}}, {"type": "Feature", "geometry": {"type": "Point", "coordinates": [34.45, 31.516667]}, "properties": {"event_date": "2025-10-05", "violence_type": "state-based conflict", "deaths": 1}}, {"type": "Feature", "geometry": {"type": "Point", "coordinates": [34.373398, 31.425074]}, "properties": {"event_date": "2025-10-05", "violence_type": "state-based conflict", "deaths": 8}}, {"type": "Feature", "geometry": {"type": "Point", "coordinates": [34.45, 31.516667]}, "properties": {"event_date": "2025-10-05", "violence_type": "state-based conflict", "deaths": 1}}, {"type": "Feature", "geometry": {"type": "Point", "coordinates": [34.45, 31.516667]}, "properties": {"event_date": "2025-10-06", "violence_type": "state-based conflict", "deaths": 2}}, {"type": "Feature", "geometry": {"type": "Point", "coordinates": [34.373398, 31.425074]}, "properties": {"event_date": "2025-10-06", "violence_type": "state-based conflict", "deaths": 8}}, {"type": "Feature", "geometry": {"type": "Point", "coordinates": [37.161173, 36.201241]}, "properties": {"event_date": "2025-10-06", "violence_type": "state-based conflict", "deaths": 3}}, {"type": "Feature", "geometry": {"type": "Point", "coordinates": [34.303056, 31.344444]}, "properties": {"event_date": "2025-10-06", "violence_type": "state-based conflict", "deaths": 2}}, {"type": "Feature", "geometry": {"type": "Point", "coordinates": [35.46306, 33.37472]}, "properties": {"event_date": "2025-10-06", "violence_type": "state-based conflict", "deaths": 2}}, {"type": "Feature", "geometry": {"type": "Point", "coordinates": [34.303056, 31.344444]}, "properties": {"event_date": "2025-10-07", "violence_type": "state-based conflict", "deaths": 2}}, {"type": "Feature", "geometry": {"type": "Point", "coordinates": [34.373398, 31.425074]}, "properties": {"event_date": "2025-10-07", "violence_type": "state-based conflict", "deaths": 3}}, {"type": "Feature", "geometry": {"type": "Point", "coordinates": [35.33028, 33.15417]}, "properties": {"event_date": "2025-10-07", "violence_type": "state-based conflict", "deaths": 1}}, {"type": "Feature", "geometry": {"type": "Point", "coordinates": [34.45, 31.516667]}, "properties": {"event_date": "2025-10-07", "violence_type": "state-based conflict", "deaths": 3}}, {"type": "Feature", "geometry": {"type": "Point", "coordinates": [35.33556, 33.20139]}, "properties": {"event_date": "2025-10-07", "violence_type": "state-based conflict", "deaths": 1}}, {"type": "Feature", "geometry": {"type": "Point", "coordinates": [34.303056, 31.344444]}, "properties": {"event_date": "2025-10-07", "violence_type": "state-based conflict", "deaths": 1}}, {"type": "Feature", "geometry": {"type": "Point", "coordinates": [34.303056, 31.344444]}, "properties": {"event_date": "2025-10-07", "violence_type": "state-based conflict", "deaths": 1}}, {"type": "Feature", "geometry": {"type": "Point", "coordinates": [34.303056, 31.344444]}, "properties": {"event_date": "2025-10-07", "violence_type": "state-based conflict", "deaths": 1}}, {"type": "Feature", "geometry": {"type": "Point", "coordinates": [35.294634, 31.964465]}, "properties": {"event_date": "2025-10-08", "violence_type": "one-sided violence", "deaths": 1}}, {"type": "Feature", "geometry": {"type": "Point", "coordinates": [45.446111, 15.516944]}, "properties": {"event_date": "2025-10-08", "violence_type": "state-based conflict", "deaths": 1}}, {"type": "Feature", "geometry": {"type": "Point", "coordinates": [34.243439, 31.296999]}, "properties": {"event_date": "2025-10-08", "violence_type": "state-based conflict", "deaths": 1}}, {"type": "Feature", "geometry": {"type": "Point", "coordinates": [34.373398, 31.425074]}, "properties": {"event_date": "2025-10-08", "violence_type": "state-based conflict", "deaths": 7}}, {"type": "Feature", "geometry": {"type": "Point", "coordinates": [34.306268, 31.340177]}, "properties": {"event_date": "2025-10-09", "violence_type": "state-based conflict", "deaths": 1}}, {"type": "Feature", "geometry": {"type": "Point", "coordinates": [34.318592, 31.376438]}, "properties": {"event_date": "2025-10-09", "violence_type": "state-based conflict", "deaths": 1}}, {"type": "Feature", "geometry": {"type": "Point", "coordinates": [34.306268, 31.340177]}, "properties": {"event_date": "2025-10-09", "violence_type": "state-based conflict", "deaths": 1}}, {"type": "Feature", "geometry": {"type": "Point", "coordinates": [34.303056, 31.344444]}, "properties": {"event_date": "2025-10-09", "violence_type": "state-based conflict", "deaths": 1}}, {"type": "Feature", "geometry": {"type": "Point", "coordinates": [34.45, 31.516667]}, "properties": {"event_date": "2025-10-09", "violence_type": "state-based conflict", "deaths": 4}}, {"type": "Feature", "geometry": {"type": "Point", "coordinates": [34.373398, 31.425074]}, "properties": {"event_date": "2025-10-09", "violence_type": "state-based conflict", "deaths": 21}}, {"type": "Feature", "geometry": {"type": "Point", "coordinates": [34.45, 31.516667]}, "properties": {"event_date": "2025-10-09", "violence_type": "state-based conflict", "deaths": 1}}, {"type": "Feature", "geometry": {"type": "Point", "coordinates": [34.483471, 31.5272]}, "properties": {"event_date": "2025-10-09", "violence_type": "state-based conflict", "deaths": 1}}, {"type": "Feature", "geometry": {"type": "Point", "coordinates": [34.301549, 31.374349]}, "properties": {"event_date": "2025-10-09", "violence_type": "state-based conflict", "deaths": 1}}, {"type": "Feature", "geometry": {"type": "Point", "coordinates": [34.256182, 31.34822]}, "properties": {"event_date": "2025-10-10", "violence_type": "state-based conflict", "deaths": 1}}, {"type": "Feature", "geometry": {"type": "Point", "coordinates": [34.45, 31.516667]}, "properties": {"event_date": "2025-10-10", "violence_type": "state-based conflict", "deaths": 1}}, {"type": "Feature", "geometry": {"type": "Point", "coordinates": [34.340847, 31.373891]}, "properties": {"event_date": "2025-10-10", "violence_type": "state-based conflict", "deaths": 2}}, {"type": "Feature", "geometry": {"type": "Point", "coordinates": [34.303056, 31.344444]}, "properties": {"event_date": "2025-10-10", "violence_type": "state-based conflict", "deaths": 2}}, {"type": "Feature", "geometry": {"type": "Point", "coordinates": [34.45, 31.516667]}, "properties": {"event_date": "2025-10-10", "violence_type": "state-based conflict", "deaths": 16}}, {"type": "Feature", "geometry": {"type": "Point", "coordinates": [34.373398, 31.425074]}, "properties": {"event_date": "2025-10-11", "violence_type": "state-based conflict", "deaths": 3}}, {"type": "Feature", "geometry": {"type": "Point", "coordinates": [34.340847, 31.373891]}, "properties": {"event_date": "2025-10-11", "violence_type": "state-based conflict", "deaths": 1}}, {"type": "Feature", "geometry": {"type": "Point", "coordinates": [35.351526, 33.478491]}, "properties": {"event_date": "2025-10-11", "violence_type": "state-based conflict", "deaths": 1}}, {"type": "Feature", "geometry": {"type": "Point", "coordinates": [37.161173, 36.201241]}, "properties": {"event_date": "2025-10-11", "violence_type": "state-based conflict", "deaths": 5}}, {"type": "Feature", "geometry": {"type": "Point", "coordinates": [35.41974, 33.26075]}, "properties": {"event_date": "2025-10-11", "violence_type": "state-based conflict", "deaths": 1}}, {"type": "Feature", "geometry": {"type": "Point", "coordinates": [34.303056, 31.344444]}, "properties": {"event_date": "2025-10-12", "violence_type": "state-based conflict", "deaths": 1}}, {"type": "Feature", "geometry": {"type": "Point", "coordinates": [34.303056, 31.344444]}, "properties": {"event_date": "2025-10-13", "violence_type": "state-based conflict", "deaths": 1}}, {"type": "Feature", "geometry": {"type": "Point", "coordinates": [34.45, 31.516667]}, "properties": {"event_date": "2025-10-14", "violence_type": "state-based conflict", "deaths": 5}}, {"type": "Feature", "geometry": {"type": "Point", "coordinates": [34.303056, 31.344444]}, "properties": {"event_date": "2025-10-14", "violence_type": "state-based conflict", "deaths": 1}}, {"type": "Feature", "geometry": {"type": "Point", "coordinates": [34.333011, 31.295054]}, "properties": {"event_date": "2025-10-14", "violence_type": "state-based conflict", "deaths": 1}}, {"type": "Feature", "geometry": {"type": "Point", "coordinates": [34.45, 31.516667]}, "properties": {"event_date": "2025-10-15", "violence_type": "state-based conflict", "deaths": 2}}, {"type": "Feature", "geometry": {"type": "Point", "coordinates": [35.233367, 31.853431]}, "properties": {"event_date": "2025-10-15", "violence_type": "one-sided violence", "deaths": 1}}, {"type": "Feature", "geometry": {"type": "Point", "coordinates": [34.373398, 31.425074]}, "properties": {"event_date": "2025-10-15", "violence_type": "state-based conflict", "deaths": 3}}, {"type": "Feature", "geometry": {"type": "Point", "coordinates": [34.303056, 31.344444]}, "properties": {"event_date": "2025-10-15", "violence_type": "state-based conflict", "deaths": 1}}, {"type": "Feature", "geometry": {"type": "Point", "coordinates": [36.0225, 33.964444]}, "properties": {"event_date": "2025-10-16", "violence_type": "state-based conflict", "deaths": 1}}, {"type": "Feature", "geometry": {"type": "Point", "coordinates": [34.325344, 31.342778]}, "properties": {"event_date": "2025-10-16", "violence_type": "state-based conflict", "deaths": 1}}, {"type": "Feature", "geometry": {"type": "Point", "coordinates": [35.075, 31.470278]}, "properties": {"event_date": "2025-10-16", "violence_type": "one-sided violence", "deaths": 1}}, {"type": "Feature", "geometry": {"type": "Point", "coordinates": [34.347589, 31.323708]}, "properties": {"event_date": "2025-10-16", "violence_type": "state-based conflict", "deaths": 2}}, {"type": "Feature", "geometry": {"type": "Point", "coordinates": [34.45, 31.516667]}, "properties": {"event_date": "2025-10-17", "violence_type": "state-based conflict", "deaths": 11}}, {"type": "Feature", "geometry": {"type": "Point", "coordinates": [35.42407, 33.22931]}, "properties": {"event_date": "2025-10-17", "violence_type": "state-based conflict", "deaths": 1}}, {"type": "Feature", "geometry": {"type": "Point", "coordinates": [35.414168, 33.22918]}, "properties": {"event_date": "2025-10-18", "violence_type": "state-based conflict", "deaths": 1}}, {"type": "Feature", "geometry": {"type": "Point", "coordinates": [34.340847, 31.373891]}, "properties": {"event_date": "2025-10-18", "violence_type": "state-based conflict", "deaths": 2}}, {"type": "Feature", "geometry": {"type": "Point", "coordinates": [35.39918, 33.25769]}, "properties": {"event_date": "2025-10-18", "violence_type": "state-based conflict", "deaths": 1}}, {"type": "Feature", "geometry": {"type": "Point", "coordinates": [34.45, 31.516667]}, "properties": {"event_date": "2025-10-19", "violence_type": "state-based conflict", "deaths": 2}}, {"type": "Feature", "geometry": {"type": "Point", "coordinates": [34.243439, 31.296999]}, "properties": {"event_date": "2025-10-19", "violence_type": "state-based conflict", "deaths": 1}}, {"type": "Feature", "geometry": {"type": "Point", "coordinates": [34.402939, 31.439531]}, "properties": {"event_date": "2025-10-19", "violence_type": "state-based conflict", "deaths": 11}}, {"type": "Feature", "geometry": {"type": "Point", "coordinates": [34.483471, 31.5272]}, "properties": {"event_date": "2025-10-19", "violence_type": "state-based conflict", "deaths": 3}}, {"type": "Feature", "geometry": {"type": "Point", "coordinates": [34.36595, 31.428439]}, "properties": {"event_date": "2025-10-19", "violence_type": "state-based conflict", "deaths": 6}}, {"type": "Feature", "geometry": {"type": "Point", "coordinates": [34.392875, 31.447656]}, "properties": {"event_date": "2025-10-19", "violence_type": "state-based conflict", "deaths": 2}}, {"type": "Feature", "geometry": {"type": "Point", "coordinates": [34.301549, 31.374349]}, "properties": {"event_date": "2025-10-19", "violence_type": "state-based conflict", "deaths": 6}}, {"type": "Feature", "geometry": {"type": "Point", "coordinates": [34.392875, 31.447656]}, "properties": {"event_date": "2025-10-19", "violence_type": "state-based conflict", "deaths": 6}}, {"type": "Feature", "geometry": {"type": "Point", "coordinates": [34.392875, 31.447656]}, "properties": {"event_date": "2025-10-19", "violence_type": "state-based conflict", "deaths": 6}}, {"type": "Feature", "geometry": {"type": "Point", "coordinates": [34.243439, 31.296999]}, "properties": {"event_date": "2025-10-19", "violence_type": "state-based conflict", "deaths": 3}}, {"type": "Feature", "geometry": {"type": "Point", "coordinates": [34.36595, 31.428439]}, "properties": {"event_date": "2025-10-19", "violence_type": "state-based conflict", "deaths": 2}}, {"type": "Feature", "geometry": {"type": "Point", "coordinates": [34.45, 31.516667]}, "properties": {"event_date": "2025-10-20", "violence_type": "state-based conflict", "deaths": 2}}, {"type": "Feature", "geometry": {"type": "Point", "coordinates": [34.45, 31.516667]}, "properties": {"event_date": "2025-10-20", "violence_type": "state-based conflict", "deaths": 2}}, {"type": "Feature", "geometry": {"type": "Point", "coordinates": [34.373398, 31.425074]}, "properties": {"event_date": "2025-10-21", "violence_type": "state-based conflict", "deaths": 1}}, {"type": "Feature", "geometry": {"type": "Point", "coordinates": [35.299167, 33.209167]}, "properties": {"event_date": "2025-10-22", "violence_type": "state-based conflict", "deaths": 1}}, {"type": "Feature", "geometry": {"type": "Point", "coordinates": [34.325344, 31.342778]}, "properties": {"event_date": "2025-10-23", "violence_type": "state-based conflict", "deaths": 1}}, {"type": "Feature", "geometry": {"type": "Point", "coordinates": [36.1075, 33.8575]}, "properties": {"event_date": "2025-10-23", "violence_type": "state-based conflict", "deaths": 1}}, {"type": "Feature", "geometry": {"type": "Point", "coordinates": [36.0225, 33.964444]}, "properties": {"event_date": "2025-10-23", "violence_type": "state-based conflict", "deaths": 1}}, {"type": "Feature", "geometry": {"type": "Point", "coordinates": [34.45, 31.516667]}, "properties": {"event_date": "2025-10-24", "violence_type": "state-based conflict", "deaths": 2}}, {"type": "Feature", "geometry": {"type": "Point", "coordinates": [35.44586, 33.387985]}, "properties": {"event_date": "2025-10-24", "violence_type": "state-based conflict", "deaths": 2}}, {"type": "Feature", "geometry": {"type": "Point", "coordinates": [35.4925, 33.36389]}, "properties": {"event_date": "2025-10-24", "violence_type": "state-based conflict", "deaths": 1}}, {"type": "Feature", "geometry": {"type": "Point", "coordinates": [35.476111, 33.325833]}, "properties": {"event_date": "2025-10-24", "violence_type": "state-based conflict", "deaths": 1}}, {"type": "Feature", "geometry": {"type": "Point", "coordinates": [34.35014, 31.417479]}, "properties": {"event_date": "2025-10-24", "violence_type": "state-based conflict", "deaths": 2}}, {"type": "Feature", "geometry": {"type": "Point", "coordinates": [35.44194, 33.37472]}, "properties": {"event_date": "2025-10-25", "violence_type": "state-based conflict", "deaths": 1}}, {"type": "Feature", "geometry": {"type": "Point", "coordinates": [34.972222, 31.407778]}, "properties": {"event_date": "2025-10-26", "violence_type": "one-sided violence", "deaths": 1}}, {"type": "Feature", "geometry": {"type": "Point", "coordinates": [36.07111, 34.07889]}, "properties": {"event_date": "2025-10-26", "violence_type": "state-based conflict", "deaths": 1}}, {"type": "Feature", "geometry": {"type": "Point", "coordinates": [35.134167, 33.12]}, "properties": {"event_date": "2025-10-26", "violence_type": "state-based conflict", "deaths": 1}}, {"type": "Feature", "geometry": {"type": "Point", "coordinates": [35.180203, 33.162878]}, "properties": {"event_date": "2025-10-27", "violence_type": "state-based conflict", "deaths": 2}}, {"type": "Feature", "geometry": {"type": "Point", "coordinates": [34.347589, 31.323708]}, "properties": {"event_date": "2025-10-27", "violence_type": "state-based conflict", "deaths": 2}}, {"type": "Feature", "geometry": {"type": "Point", "coordinates": [34.495142, 31.546397]}, "properties": {"event_date": "2025-10-28", "violence_type": "state-based conflict", "deaths": 3}}, {"type": "Feature", "geometry": {"type": "Point", "coordinates": [34.373398, 31.425074]}, "properties": {"event_date": "2025-10-28", "violence_type": "state-based conflict", "deaths": 27}}, {"type": "Feature", "geometry": {"type": "Point", "coordinates": [34.402939, 31.439531]}, "properties": {"event_date": "2025-10-28", "violence_type": "state-based conflict", "deaths": 4}}, {"type": "Feature", "geometry": {"type": "Point", "coordinates": [34.45, 31.516667]}, "properties": {"event_date": "2025-10-28", "violence_type": "state-based conflict", "deaths": 10}}, {"type": "Feature", "geometry": {"type": "Point", "coordinates": [34.303056, 31.344444]}, "properties": {"event_date": "2025-10-28", "violence_type": "state-based conflict", "deaths": 2}}, {"type": "Feature", "geometry": {"type": "Point", "coordinates": [34.303056, 31.344444]}, "properties": {"event_date": "2025-10-28", "violence_type": "state-based conflict", "deaths": 6}}, {"type": "Feature", "geometry": {"type": "Point", "coordinates": [34.45, 31.516667]}, "properties": {"event_date": "2025-10-28", "violence_type": "state-based conflict", "deaths": 10}}, {"type": "Feature", "geometry": {"type": "Point", "coordinates": [34.373398, 31.425074]}, "properties": {"event_date": "2025-10-28", "violence_type": "state-based conflict", "deaths": 1}}, {"type": "Feature", "geometry": {"type": "Point", "coordinates": [35.22649, 32.45661]}, "properties": {"event_date": "2025-10-28", "violence_type": "state-based conflict", "deaths": 3}}, {"type": "Feature", "geometry": {"type": "Point", "coordinates": [34.402939, 31.439531]}, "properties": {"event_date": "2025-10-28", "violence_type": "state-based conflict", "deaths": 1}}, {"type": "Feature", "geometry": {"type": "Point", "coordinates": [34.243439, 31.296999]}, "properties": {"event_date": "2025-10-28", "violence_type": "state-based conflict", "deaths": 1}}, {"type": "Feature", "geometry": {"type": "Point", "coordinates": [34.45, 31.516667]}, "properties": {"event_date": "2025-10-29", "violence_type": "state-based conflict", "deaths": 2}}, {"type": "Feature", "geometry": {"type": "Point", "coordinates": [34.35014, 31.417479]}, "properties": {"event_date": "2025-10-29", "violence_type": "state-based conflict", "deaths": 5}}, {"type": "Feature", "geometry": {"type": "Point", "coordinates": [34.392875, 31.447656]}, "properties": {"event_date": "2025-10-29", "violence_type": "state-based conflict", "deaths": 18}}, {"type": "Feature", "geometry": {"type": "Point", "coordinates": [34.486667, 31.557778]}, "properties": {"event_date": "2025-10-29", "violence_type": "state-based conflict", "deaths": 2}}, {"type": "Feature", "geometry": {"type": "Point", "coordinates": [34.256182, 31.34822]}, "properties": {"event_date": "2025-10-29", "violence_type": "state-based conflict", "deaths": 12}}, {"type": "Feature", "geometry": {"type": "Point", "coordinates": [34.35014, 31.417479]}, "properties": {"event_date": "2025-10-29", "violence_type": "state-based conflict", "deaths": 5}}, {"type": "Feature", "geometry": {"type": "Point", "coordinates": [34.392875, 31.447656]}, "properties": {"event_date": "2025-10-29", "violence_type": "state-based conflict", "deaths": 6}}, {"type": "Feature", "geometry": {"type": "Point", "coordinates": [34.303056, 31.344444]}, "properties": {"event_date": "2025-10-29", "violence_type": "state-based conflict", "deaths": 3}}, {"type": "Feature", "geometry": {"type": "Point", "coordinates": [34.45, 31.516667]}, "properties": {"event_date": "2025-10-29", "violence_type": "state-based conflict", "deaths": 7}}, {"type": "Feature", "geometry": {"type": "Point", "coordinates": [34.392875, 31.447656]}, "properties": {"event_date": "2025-10-29", "violence_type": "state-based conflict", "deaths": 2}}, {"type": "Feature", "geometry": {"type": "Point", "coordinates": [34.45, 31.516667]}, "properties": {"event_date": "2025-10-30", "violence_type": "state-based conflict", "deaths": 2}}, {"type": "Feature", "geometry": {"type": "Point", "coordinates": [34.483471, 31.5272]}, "properties": {"event_date": "2025-10-31", "violence_type": "state-based conflict", "deaths": 1}}, {"type": "Feature", "geometry": {"type": "Point", "coordinates": [44.206667, 15.354722]}, "properties": {"event_date": "2025-10-31", "violence_type": "one-sided violence", "deaths": 1}}, {"type": "Feature", "geometry": {"type": "Point", "coordinates": [34.45, 31.516667]}, "properties": {"event_date": "2025-10-31", "violence_type": "state-based conflict", "deaths": 1}}, {"type": "Feature", "geometry": {"type": "Point", "coordinates": [35.437816, 33.149787]}, "properties": {"event_date": "2025-10-31", "violence_type": "state-based conflict", "deaths": 1}}, {"type": "Feature", "geometry": {"type": "Point", "coordinates": [45.39, 15.295]}, "properties": {"event_date": "2025-10-31", "violence_type": "state-based conflict", "deaths": 1}}, {"type": "Feature", "geometry": {"type": "Point", "coordinates": [34.347589, 31.323708]}, "properties": {"event_date": "2025-10-31", "violence_type": "state-based conflict", "deaths": 1}}, {"type": "Feature", "geometry": {"type": "Point", "coordinates": [34.40128, 31.47158]}, "properties": {"event_date": "2025-10-31", "violence_type": "state-based conflict", "deaths": 1}}, {"type": "Feature", "geometry": {"type": "Point", "coordinates": [34.45, 31.516667]}, "properties": {"event_date": "2025-10-31", "violence_type": "state-based conflict", "deaths": 1}}, {"type": "Feature", "geometry": {"type": "Point", "coordinates": [34.45, 31.516667]}, "properties": {"event_date": "2025-10-31", "violence_type": "state-based conflict", "deaths": 1}}, {"type": "Feature", "geometry": {"type": "Point", "coordinates": [35.464758, 33.355315]}, "properties": {"event_date": "2025-10-31", "violence_type": "state-based conflict", "deaths": 1}}, {"type": "Feature", "geometry": {"type": "Point", "coordinates": [34.303056, 31.344444]}, "properties": {"event_date": "2025-11-01", "violence_type": "state-based conflict", "deaths": 1}}, {"type": "Feature", "geometry": {"type": "Point", "coordinates": [34.45, 31.516667]}, "properties": {"event_date": "2025-11-02", "violence_type": "state-based conflict", "deaths": 1}}, {"type": "Feature", "geometry": {"type": "Point", "coordinates": [34.256182, 31.34822]}, "properties": {"event_date": "2025-11-02", "violence_type": "state-based conflict", "deaths": 1}}, {"type": "Feature", "geometry": {"type": "Point", "coordinates": [34.243439, 31.296999]}, "properties": {"event_date": "2025-11-03", "violence_type": "state-based conflict", "deaths": 3}}, {"type": "Feature", "geometry": {"type": "Point", "coordinates": [35.414444, 33.386389]}, "properties": {"event_date": "2025-11-03", "violence_type": "state-based conflict", "deaths": 1}}, {"type": "Feature", "geometry": {"type": "Point", "coordinates": [35.334444, 33.097222]}, "properties": {"event_date": "2025-11-03", "violence_type": "state-based conflict", "deaths": 1}}, {"type": "Feature", "geometry": {"type": "Point", "coordinates": [34.45, 31.516667]}, "properties": {"event_date": "2025-11-04", "violence_type": "state-based conflict", "deaths": 1}}, {"type": "Feature", "geometry": {"type": "Point", "coordinates": [35.28139, 33.30972]}, "properties": {"event_date": "2025-11-05", "violence_type": "state-based conflict", "deaths": 1}}, {"type": "Feature", "geometry": {"type": "Point", "coordinates": [35.197778, 31.858333]}, "properties": {"event_date": "2025-11-06", "violence_type": "one-sided violence", "deaths": 2}}, {"type": "Feature", "geometry": {"type": "Point", "coordinates": [35.29778, 33.29389]}, "properties": {"event_date": "2025-11-06", "violence_type": "state-based conflict", "deaths": 1}}, {"type": "Feature", "geometry": {"type": "Point", "coordinates": [35.8437, 33.50089]}, "properties": {"event_date": "2025-11-08", "violence_type": "state-based conflict", "deaths": 2}}, {"type": "Feature", "geometry": {"type": "Point", "coordinates": [35.443247, 33.175845]}, "properties": {"event_date": "2025-11-08", "violence_type": "state-based conflict", "deaths": 1}}, {"type": "Feature", "geometry": {"type": "Point", "coordinates": [34.402939, 31.439531]}, "properties": {"event_date": "2025-11-08", "violence_type": "state-based conflict", "deaths": 1}}, {"type": "Feature", "geometry": {"type": "Point", "coordinates": [34.306268, 31.340177]}, "properties": {"event_date": "2025-11-08", "violence_type": "state-based conflict", "deaths": 1}}, {"type": "Feature", "geometry": {"type": "Point", "coordinates": [35.44, 33.2325]}, "properties": {"event_date": "2025-11-09", "violence_type": "state-based conflict", "deaths": 1}}, {"type": "Feature", "geometry": {"type": "Point", "coordinates": [34.325344, 31.342778]}, "properties": {"event_date": "2025-11-09", "violence_type": "state-based conflict", "deaths": 1}}, {"type": "Feature", "geometry": {"type": "Point", "coordinates": [35.4925, 33.36389]}, "properties": {"event_date": "2025-11-09", "violence_type": "state-based conflict", "deaths": 1}}, {"type": "Feature", "geometry": {"type": "Point", "coordinates": [34.325344, 31.342778]}, "properties": {"event_date": "2025-11-10", "violence_type": "state-based conflict", "deaths": 2}}, {"type": "Feature", "geometry": {"type": "Point", "coordinates": [35.29948, 33.44948]}, "properties": {"event_date": "2025-11-10", "violence_type": "state-based conflict", "deaths": 1}}, {"type": "Feature", "geometry": {"type": "Point", "coordinates": [34.494541, 31.53639]}, "properties": {"event_date": "2025-11-12", "violence_type": "state-based conflict", "deaths": 1}}, {"type": "Feature", "geometry": {"type": "Point", "coordinates": [35.102222, 31.621389]}, "properties": {"event_date": "2025-11-13", "violence_type": "state-based conflict", "deaths": 0}}, {"type": "Feature", "geometry": {"type": "Point", "coordinates": [34.325344, 31.342778]}, "properties": {"event_date": "2025-11-14", "violence_type": "state-based conflict", "deaths": 3}}, {"type": "Feature", "geometry": {"type": "Point", "coordinates": [34.486667, 31.557778]}, "properties": {"event_date": "2025-11-14", "violence_type": "state-based conflict", "deaths": 1}}, {"type": "Feature", "geometry": {"type": "Point", "coordinates": [34.45, 31.516667]}, "properties": {"event_date": "2025-11-16", "violence_type": "state-based conflict", "deaths": 1}}, {"type": "Feature", "geometry": {"type": "Point", "coordinates": [35.206772, 33.177877]}, "properties": {"event_date": "2025-11-16", "violence_type": "state-based conflict", "deaths": 1}}, {"type": "Feature", "geometry": {"type": "Point", "coordinates": [34.45, 31.516667]}, "properties": {"event_date": "2025-11-17", "violence_type": "state-based conflict", "deaths": 1}}, {"type": "Feature", "geometry": {"type": "Point", "coordinates": [34.495142, 31.546397]}, "properties": {"event_date": "2025-11-17", "violence_type": "state-based conflict", "deaths": 1}}, {"type": "Feature", "geometry": {"type": "Point", "coordinates": [34.35014, 31.417479]}, "properties": {"event_date": "2025-11-17", "violence_type": "state-based conflict", "deaths": 1}}, {"type": "Feature", "geometry": {"type": "Point", "coordinates": [34.486667, 31.557778]}, "properties": {"event_date": "2025-11-17", "violence_type": "state-based conflict", "deaths": 1}}, {"type": "Feature", "geometry": {"type": "Point", "coordinates": [35.132181, 31.646125]}, "properties": {"event_date": "2025-11-18", "violence_type": "state-based conflict", "deaths": 0}}, {"type": "Feature", "geometry": {"type": "Point", "coordinates": [35.43, 33.12]}, "properties": {"event_date": "2025-11-18", "violence_type": "state-based conflict", "deaths": 1}}, {"type": "Feature", "geometry": {"type": "Point", "coordinates": [34.373398, 31.425074]}, "properties": {"event_date": "2025-11-19", "violence_type": "state-based conflict", "deaths": 4}}, {"type": "Feature", "geometry": {"type": "Point", "coordinates": [34.28663, 31.32377]}, "properties": {"event_date": "2025-11-19", "violence_type": "state-based conflict", "deaths": 1}}, {"type": "Feature", "geometry": {"type": "Point", "coordinates": [34.303056, 31.344444]}, "properties": {"event_date": "2025-11-19", "violence_type": "state-based conflict", "deaths": 6}}, {"type": "Feature", "geometry": {"type": "Point", "coordinates": [34.325344, 31.342778]}, "properties": {"event_date": "2025-11-19", "violence_type": "state-based conflict", "deaths": 3}}, {"type": "Feature", "geometry": {"type": "Point", "coordinates": [34.45, 31.516667]}, "properties": {"event_date": "2025-11-19", "violence_type": "state-based conflict", "deaths": 2}}, {"type": "Feature", "geometry": {"type": "Point", "coordinates": [34.303056, 31.344444]}, "properties": {"event_date": "2025-11-19", "violence_type": "state-based conflict", "deaths": 7}}, {"type": "Feature", "geometry": {"type": "Point", "coordinates": [34.45, 31.516667]}, "properties": {"event_date": "2025-11-19", "violence_type": "state-based conflict", "deaths": 10}}, {"type": "Feature", "geometry": {"type": "Point", "coordinates": [34.347589, 31.323708]}, "properties": {"event_date": "2025-11-20", "violence_type": "state-based conflict", "deaths": 1}}, {"type": "Feature", "geometry": {"type": "Point", "coordinates": [34.303056, 31.344444]}, "properties": {"event_date": "2025-11-21", "violence_type": "state-based conflict", "deaths": 1}}, {"type": "Feature", "geometry": {"type": "Point", "coordinates": [34.243439, 31.296999]}, "properties": {"event_date": "2025-11-21", "violence_type": "state-based conflict", "deaths": 6}}, {"type": "Feature", "geometry": {"type": "Point", "coordinates": [35.42866, 33.29539]}, "properties": {"event_date": "2025-11-21", "violence_type": "state-based conflict", "deaths": 1}}, {"type": "Feature", "geometry": {"type": "Point", "coordinates": [35.219722, 31.875833]}, "properties": {"event_date": "2025-11-21", "violence_type": "one-sided violence", "deaths": 2}}, {"type": "Feature", "geometry": {"type": "Point", "coordinates": [35.467362, 33.192306]}, "properties": {"event_date": "2025-11-22", "violence_type": "state-based conflict", "deaths": 1}}, {"type": "Feature", "geometry": {"type": "Point", "coordinates": [35.476111, 33.325833]}, "properties": {"event_date": "2025-11-22", "violence_type": "state-based conflict", "deaths": 1}}, {"type": "Feature", "geometry": {"type": "Point", "coordinates": [34.35014, 31.417479]}, "properties": {"event_date": "2025-11-22", "violence_type": "state-based conflict", "deaths": 3}}, {"type": "Feature", "geometry": {"type": "Point", "coordinates": [34.392875, 31.447656]}, "properties": {"event_date": "2025-11-22", "violence_type": "state-based conflict", "deaths": 12}}, {"type": "Feature", "geometry": {"type": "Point", "coordinates": [34.45, 31.516667]}, "properties": {"event_date": "2025-11-22", "violence_type": "state-based conflict", "deaths": 5}}, {"type": "Feature", "geometry": {"type": "Point", "coordinates": [34.392875, 31.447656]}, "properties": {"event_date": "2025-11-22", "violence_type": "state-based conflict", "deaths": 4}}, {"type": "Feature", "geometry": {"type": "Point", "coordinates": [34.45, 31.516667]}, "properties": {"event_date": "2025-11-22", "violence_type": "state-based conflict", "deaths": 4}}, {"type": "Feature", "geometry": {"type": "Point", "coordinates": [34.256182, 31.34822]}, "properties": {"event_date": "2025-11-22", "violence_type": "state-based conflict", "deaths": 1}}, {"type": "Feature", "geometry": {"type": "Point", "coordinates": [34.373398, 31.425074]}, "properties": {"event_date": "2025-11-22", "violence_type": "state-based conflict", "deaths": 2}}, {"type": "Feature", "geometry": {"type": "Point", "coordinates": [35.475556, 33.344444]}, "properties": {"event_date": "2025-11-22", "violence_type": "state-based conflict", "deaths": 1}}, {"type": "Feature", "geometry": {"type": "Point", "coordinates": [35.334444, 33.097222]}, "properties": {"event_date": "2025-11-23", "violence_type": "state-based conflict", "deaths": 1}}, {"type": "Feature", "geometry": {"type": "Point", "coordinates": [43.179553, 14.090082]}, "properties": {"event_date": "2025-11-23", "violence_type": "state-based conflict", "deaths": 1}}, {"type": "Feature", "geometry": {"type": "Point", "coordinates": [35.294634, 31.964465]}, "properties": {"event_date": "2025-11-23", "violence_type": "state-based conflict", "deaths": 1}}, {"type": "Feature", "geometry": {"type": "Point", "coordinates": [34.303056, 31.344444]}, "properties": {"event_date": "2025-11-24", "violence_type": "state-based conflict", "deaths": 1}}, {"type": "Feature", "geometry": {"type": "Point", "coordinates": [34.45, 31.516667]}, "properties": {"event_date": "2025-11-24", "violence_type": "state-based conflict", "deaths": 1}}, {"type": "Feature", "geometry": {"type": "Point", "coordinates": [34.373398, 31.425074]}, "properties": {"event_date": "2025-11-24", "violence_type": "state-based conflict", "deaths": 1}}, {"type": "Feature", "geometry": {"type": "Point", "coordinates": [34.325344, 31.342778]}, "properties": {"event_date": "2025-11-24", "violence_type": "state-based conflict", "deaths": 1}}, {"type": "Feature", "geometry": {"type": "Point", "coordinates": [34.325344, 31.342778]}, "properties": {"event_date": "2025-11-25", "violence_type": "state-based conflict", "deaths": 1}}, {"type": "Feature", "geometry": {"type": "Point", "coordinates": [34.45, 31.516667]}, "properties": {"event_date": "2025-11-26", "violence_type": "state-based conflict", "deaths": 1}}, {"type": "Feature", "geometry": {"type": "Point", "coordinates": [34.243439, 31.296999]}, "properties": {"event_date": "2025-11-26", "violence_type": "state-based conflict", "deaths": 4}}, {"type": "Feature", "geometry": {"type": "Point", "coordinates": [34.325344, 31.342778]}, "properties": {"event_date": "2025-11-26", "violence_type": "state-based conflict", "deaths": 1}}, {"type": "Feature", "geometry": {"type": "Point", "coordinates": [34.385375, 31.421358]}, "properties": {"event_date": "2025-11-26", "violence_type": "state-based conflict", "deaths": 1}}, {"type": "Feature", "geometry": {"type": "Point", "coordinates": [34.495142, 31.546397]}, "properties": {"event_date": "2025-11-26", "violence_type": "state-based conflict", "deaths": 2}}, {"type": "Feature", "geometry": {"type": "Point", "coordinates": [34.325344, 31.342778]}, "properties": {"event_date": "2025-11-28", "violence_type": "state-based conflict", "deaths": 1}}, {"type": "Feature", "geometry": {"type": "Point", "coordinates": [34.325344, 31.342778]}, "properties": {"event_date": "2025-11-29", "violence_type": "one-sided violence", "deaths": 2}}, {"type": "Feature", "geometry": {"type": "Point", "coordinates": [45.366911, 15.4739]}, "properties": {"event_date": "2025-11-29", "violence_type": "non-state conflict", "deaths": 2}}, {"type": "Feature", "geometry": {"type": "Point", "coordinates": [34.243439, 31.296999]}, "properties": {"event_date": "2025-11-30", "violence_type": "state-based conflict", "deaths": 4}}, {"type": "Feature", "geometry": {"type": "Point", "coordinates": [34.45, 31.516667]}, "properties": {"event_date": "2025-12-01", "violence_type": "state-based conflict", "deaths": 1}}, {"type": "Feature", "geometry": {"type": "Point", "coordinates": [35.093796, 31.529349]}, "properties": {"event_date": "2025-12-02", "violence_type": "state-based conflict", "deaths": 0}}, {"type": "Feature", "geometry": {"type": "Point", "coordinates": [35.16461, 32.00889]}, "properties": {"event_date": "2025-12-02", "violence_type": "state-based conflict", "deaths": 0}}, {"type": "Feature", "geometry": {"type": "Point", "coordinates": [34.402939, 31.439531]}, "properties": {"event_date": "2025-12-02", "violence_type": "state-based conflict", "deaths": 1}}, {"type": "Feature", "geometry": {"type": "Point", "coordinates": [34.303056, 31.344444]}, "properties": {"event_date": "2025-12-02", "violence_type": "state-based conflict", "deaths": 1}}, {"type": "Feature", "geometry": {"type": "Point", "coordinates": [34.256182, 31.34822]}, "properties": {"event_date": "2025-12-03", "violence_type": "state-based conflict", "deaths": 6}}, {"type": "Feature", "geometry": {"type": "Point", "coordinates": [48.793333, 15.943333]}, "properties": {"event_date": "2025-12-03", "violence_type": "non-state conflict", "deaths": 17}}, {"type": "Feature", "geometry": {"type": "Point", "coordinates": [48.793333, 15.943333]}, "properties": {"event_date": "2025-12-03", "violence_type": "non-state conflict", "deaths": 4}}, {"type": "Feature", "geometry": {"type": "Point", "coordinates": [34.45, 31.516667]}, "properties": {"event_date": "2025-12-03", "violence_type": "state-based conflict", "deaths": 2}}, {"type": "Feature", "geometry": {"type": "Point", "coordinates": [48.793333, 15.943333]}, "properties": {"event_date": "2025-12-03", "violence_type": "non-state conflict", "deaths": 8}}, {"type": "Feature", "geometry": {"type": "Point", "coordinates": [48.793333, 15.943333]}, "properties": {"event_date": "2025-12-03", "violence_type": "non-state conflict", "deaths": 59}}, {"type": "Feature", "geometry": {"type": "Point", "coordinates": [34.45, 31.516667]}, "properties": {"event_date": "2025-12-04", "violence_type": "state-based conflict", "deaths": 1}}, {"type": "Feature", "geometry": {"type": "Point", "coordinates": [48.786874, 15.963759]}, "properties": {"event_date": "2025-12-04", "violence_type": "non-state conflict", "deaths": 4}}, {"type": "Feature", "geometry": {"type": "Point", "coordinates": [34.495142, 31.546397]}, "properties": {"event_date": "2025-12-05", "violence_type": "state-based conflict", "deaths": 1}}, {"type": "Feature", "geometry": {"type": "Point", "coordinates": [35.093796, 31.529349]}, "properties": {"event_date": "2025-12-06", "violence_type": "one-sided violence", "deaths": 2}}, {"type": "Feature", "geometry": {"type": "Point", "coordinates": [34.45, 31.516667]}, "properties": {"event_date": "2025-12-06", "violence_type": "state-based conflict", "deaths": 2}}, {"type": "Feature", "geometry": {"type": "Point", "coordinates": [34.483471, 31.5272]}, "properties": {"event_date": "2025-12-06", "violence_type": "state-based conflict", "deaths": 1}}, {"type": "Feature", "geometry": {"type": "Point", "coordinates": [34.486667, 31.557778]}, "properties": {"event_date": "2025-12-06", "violence_type": "state-based conflict", "deaths": 2}}, {"type": "Feature", "geometry": {"type": "Point", "coordinates": [34.243439, 31.296999]}, "properties": {"event_date": "2025-12-07", "violence_type": "state-based conflict", "deaths": 1}}, {"type": "Feature", "geometry": {"type": "Point", "coordinates": [35.05836, 32.17632]}, "properties": {"event_date": "2025-12-07", "violence_type": "state-based conflict", "deaths": 2}}, {"type": "Feature", "geometry": {"type": "Point", "coordinates": [34.866667, 31.933333]}, "properties": {"event_date": "2025-12-08", "violence_type": "one-sided violence", "deaths": 2}}, {"type": "Feature", "geometry": {"type": "Point", "coordinates": [34.494541, 31.53639]}, "properties": {"event_date": "2025-12-08", "violence_type": "state-based conflict", "deaths": 1}}, {"type": "Feature", "geometry": {"type": "Point", "coordinates": [45.40936, 15.50419]}, "properties": {"event_date": "2025-12-08", "violence_type": "non-state conflict", "deaths": 2}}, {"type": "Feature", "geometry": {"type": "Point", "coordinates": [34.35014, 31.417479]}, "properties": {"event_date": "2025-12-08", "violence_type": "state-based conflict", "deaths": 1}}, {"type": "Feature", "geometry": {"type": "Point", "coordinates": [34.486667, 31.557778]}, "properties": {"event_date": "2025-12-09", "violence_type": "state-based conflict", "deaths": 1}}, {"type": "Feature", "geometry": {"type": "Point", "coordinates": [34.483471, 31.5272]}, "properties": {"event_date": "2025-12-10", "violence_type": "state-based conflict", "deaths": 3}}, {"type": "Feature", "geometry": {"type": "Point", "coordinates": [34.243439, 31.296999]}, "properties": {"event_date": "2025-12-10", "violence_type": "state-based conflict", "deaths": 1}}, {"type": "Feature", "geometry": {"type": "Point", "coordinates": [34.35014, 31.417479]}, "properties": {"event_date": "2025-12-10", "violence_type": "one-sided violence", "deaths": 1}}, {"type": "Feature", "geometry": {"type": "Point", "coordinates": [34.494541, 31.53639]}, "properties": {"event_date": "2025-12-11", "violence_type": "state-based conflict", "deaths": 1}}, {"type": "Feature", "geometry": {"type": "Point", "coordinates": [34.483471, 31.5272]}, "properties": {"event_date": "2025-12-13", "violence_type": "state-based conflict", "deaths": 1}}, {"type": "Feature", "geometry": {"type": "Point", "coordinates": [35.227656, 32.508125]}, "properties": {"event_date": "2025-12-13", "violence_type": "state-based conflict", "deaths": 1}}, {"type": "Feature", "geometry": {"type": "Point", "coordinates": [34.45, 31.516667]}, "properties": {"event_date": "2025-12-13", "violence_type": "state-based conflict", "deaths": 5}}, {"type": "Feature", "geometry": {"type": "Point", "coordinates": [35.093796, 31.529349]}, "properties": {"event_date": "2025-12-14", "violence_type": "state-based conflict", "deaths": 0}}, {"type": "Feature", "geometry": {"type": "Point", "coordinates": [35.433181, 33.200298]}, "properties": {"event_date": "2025-12-14", "violence_type": "state-based conflict", "deaths": 1}}, {"type": "Feature", "geometry": {"type": "Point", "coordinates": [36.676019, 35.648379]}, "properties": {"event_date": "2025-12-14", "violence_type": "state-based conflict", "deaths": 4}}, {"type": "Feature", "geometry": {"type": "Point", "coordinates": [35.331944, 33.239722]}, "properties": {"event_date": "2025-12-14", "violence_type": "state-based conflict", "deaths": 1}}, {"type": "Feature", "geometry": {"type": "Point", "coordinates": [34.385375, 31.421358]}, "properties": {"event_date": "2025-12-14", "violence_type": "state-based conflict", "deaths": 0}}, {"type": "Feature", "geometry": {"type": "Point", "coordinates": [35.33028, 33.15417]}, "properties": {"event_date": "2025-12-14", "violence_type": "state-based conflict", "deaths": 1}}, {"type": "Feature", "geometry": {"type": "Point", "coordinates": [35.233367, 31.853431]}, "properties": {"event_date": "2025-12-17", "violence_type": "one-sided violence", "deaths": 1}}, {"type": "Feature", "geometry": {"type": "Point", "coordinates": [45.35, 15.416667]}, "properties": {"event_date": "2025-12-18", "violence_type": "state-based conflict", "deaths": 2}}, {"type": "Feature", "geometry": {"type": "Point", "coordinates": [34.303056, 31.344444]}, "properties": {"event_date": "2025-12-18", "violence_type": "state-based conflict", "deaths": 1}}, {"type": "Feature", "geometry": {"type": "Point", "coordinates": [34.392875, 31.447656]}, "properties": {"event_date": "2025-12-18", "violence_type": "state-based conflict", "deaths": 1}}, {"type": "Feature", "geometry": {"type": "Point", "coordinates": [34.325344, 31.342778]}, "properties": {"event_date": "2025-12-18", "violence_type": "state-based conflict", "deaths": 4}}, {"type": "Feature", "geometry": {"type": "Point", "coordinates": [38.28402, 34.5624]}, "properties": {"event_date": "2025-12-19", "violence_type": "state-based conflict", "deaths": 5}}, {"type": "Feature", "geometry": {"type": "Point", "coordinates": [34.45, 31.516667]}, "properties": {"event_date": "2025-12-19", "violence_type": "state-based conflict", "deaths": 6}}, {"type": "Feature", "geometry": {"type": "Point", "coordinates": [34.373398, 31.425074]}, "properties": {"event_date": "2025-12-20", "violence_type": "state-based conflict", "deaths": 2}}, {"type": "Feature", "geometry": {"type": "Point", "coordinates": [35.227656, 32.508125]}, "properties": {"event_date": "2025-12-20", "violence_type": "state-based conflict", "deaths": 1}}, {"type": "Feature", "geometry": {"type": "Point", "coordinates": [34.45, 31.516667]}, "properties": {"event_date": "2025-12-21", "violence_type": "state-based conflict", "deaths": 3}}, {"type": "Feature", "geometry": {"type": "Point", "coordinates": [35.33028, 33.15417]}, "properties": {"event_date": "2025-12-21", "violence_type": "state-based conflict", "deaths": 1}}, {"type": "Feature", "geometry": {"type": "Point", "coordinates": [37.161173, 36.201241]}, "properties": {"event_date": "2025-12-22", "violence_type": "state-based conflict", "deaths": 5}}, {"type": "Feature", "geometry": {"type": "Point", "coordinates": [34.45, 31.516667]}, "properties": {"event_date": "2025-12-22", "violence_type": "state-based conflict", "deaths": 2}}, {"type": "Feature", "geometry": {"type": "Point", "coordinates": [45.358278, 15.451354]}, "properties": {"event_date": "2025-12-23", "violence_type": "non-state conflict", "deaths": 2}}, {"type": "Feature", "geometry": {"type": "Point", "coordinates": [34.483471, 31.5272]}, "properties": {"event_date": "2025-12-24", "violence_type": "state-based conflict", "deaths": 1}}, {"type": "Feature", "geometry": {"type": "Point", "coordinates": [51.423056, 35.696111]}, "properties": {"event_date": "2025-12-24", "violence_type": "one-sided violence", "deaths": 2}}, {"type": "Feature", "geometry": {"type": "Point", "coordinates": [35.283333, 33.416667]}, "properties": {"event_date": "2025-12-25", "violence_type": "state-based conflict", "deaths": 2}}, {"type": "Feature", "geometry": {"type": "Point", "coordinates": [35.468941, 33.223409]}, "properties": {"event_date": "2025-12-25", "violence_type": "state-based conflict", "deaths": 1}}, {"type": "Feature", "geometry": {"type": "Point", "coordinates": [34.45, 31.516667]}, "properties": {"event_date": "2025-12-26", "violence_type": "state-based conflict", "deaths": 1}}, {"type": "Feature", "geometry": {"type": "Point", "coordinates": [35.8333, 33.8333]}, "properties": {"event_date": "2026-03-02", "violence_type": "state-based conflict", "deaths": 1236}}, {"type": "Feature", "geometry": {"type": "Point", "coordinates": [45.35, 15.416667]}, "properties": {"event_date": "2026-04-01", "violence_type": "state-based conflict", "deaths": 2}}, {"type": "Feature", "geometry": {"type": "Point", "coordinates": [51.423056, 35.696111]}, "properties": {"event_date": "2026-04-01", "violence_type": "state-based conflict", "deaths": 2}}, {"type": "Feature", "geometry": {"type": "Point", "coordinates": [36.34449, 33.48709]}, "properties": {"event_date": "2026-04-02", "violence_type": "state-based conflict", "deaths": 1}}, {"type": "Feature", "geometry": {"type": "Point", "coordinates": [35.401437, 33.326299]}, "properties": {"event_date": "2026-04-02", "violence_type": "state-based conflict", "deaths": 3}}, {"type": "Feature", "geometry": {"type": "Point", "coordinates": [35.46306, 33.37472]}, "properties": {"event_date": "2026-04-02", "violence_type": "state-based conflict", "deaths": 3}}, {"type": "Feature", "geometry": {"type": "Point", "coordinates": [35.27667, 33.19889]}, "properties": {"event_date": "2026-04-02", "violence_type": "state-based conflict", "deaths": 4}}, {"type": "Feature", "geometry": {"type": "Point", "coordinates": [34.303056, 31.344444]}, "properties": {"event_date": "2026-04-02", "violence_type": "state-based conflict", "deaths": 1}}, {"type": "Feature", "geometry": {"type": "Point", "coordinates": [35.41974, 33.26075]}, "properties": {"event_date": "2026-04-03", "violence_type": "state-based conflict", "deaths": 1}}, {"type": "Feature", "geometry": {"type": "Point", "coordinates": [51.423056, 35.696111]}, "properties": {"event_date": "2026-04-03", "violence_type": "state-based conflict", "deaths": 2}}, {"type": "Feature", "geometry": {"type": "Point", "coordinates": [35.26528, 33.19694]}, "properties": {"event_date": "2026-04-03", "violence_type": "state-based conflict", "deaths": 1}}, {"type": "Feature", "geometry": {"type": "Point", "coordinates": [35.26973, 33.23308]}, "properties": {"event_date": "2026-04-04", "violence_type": "state-based conflict", "deaths": 2}}, {"type": "Feature", "geometry": {"type": "Point", "coordinates": [35.299167, 33.209167]}, "properties": {"event_date": "2026-04-04", "violence_type": "state-based conflict", "deaths": 1}}, {"type": "Feature", "geometry": {"type": "Point", "coordinates": [35.252222, 33.301944]}, "properties": {"event_date": "2026-04-04", "violence_type": "state-based conflict", "deaths": 2}}, {"type": "Feature", "geometry": {"type": "Point", "coordinates": [34.385375, 31.421358]}, "properties": {"event_date": "2026-04-04", "violence_type": "state-based conflict", "deaths": 1}}, {"type": "Feature", "geometry": {"type": "Point", "coordinates": [35.19389, 33.27333]}, "properties": {"event_date": "2026-04-04", "violence_type": "state-based conflict", "deaths": 1}}, {"type": "Feature", "geometry": {"type": "Point", "coordinates": [35.25583, 33.22556]}, "properties": {"event_date": "2026-04-04", "violence_type": "state-based conflict", "deaths": 1}}, {"type": "Feature", "geometry": {"type": "Point", "coordinates": [35.30861, 33.27306]}, "properties": {"event_date": "2026-04-04", "violence_type": "state-based conflict", "deaths": 5}}, {"type": "Feature", "geometry": {"type": "Point", "coordinates": [35.355287, 33.197668]}, "properties": {"event_date": "2026-04-04", "violence_type": "state-based conflict", "deaths": 1}}, {"type": "Feature", "geometry": {"type": "Point", "coordinates": [34.99928, 32.81303]}, "properties": {"event_date": "2026-04-05", "violence_type": "state-based conflict", "deaths": 4}}, {"type": "Feature", "geometry": {"type": "Point", "coordinates": [34.45, 31.516667]}, "properties": {"event_date": "2026-04-05", "violence_type": "state-based conflict", "deaths": 3}}, {"type": "Feature", "geometry": {"type": "Point", "coordinates": [35.31013, 33.18983]}, "properties": {"event_date": "2026-04-05", "violence_type": "state-based conflict", "deaths": 3}}, {"type": "Feature", "geometry": {"type": "Point", "coordinates": [35.8333, 33.8333]}, "properties": {"event_date": "2026-04-05", "violence_type": "state-based conflict", "deaths": 1}}, {"type": "Feature", "geometry": {"type": "Point", "coordinates": [51.423056, 35.696111]}, "properties": {"event_date": "2026-04-05", "violence_type": "state-based conflict", "deaths": 1}}, {"type": "Feature", "geometry": {"type": "Point", "coordinates": [48.2973, 38.2514]}, "properties": {"event_date": "2026-04-05", "violence_type": "state-based conflict", "deaths": 5}}, {"type": "Feature", "geometry": {"type": "Point", "coordinates": [36.364003, 33.55837]}, "properties": {"event_date": "2026-04-05", "violence_type": "one-sided violence", "deaths": 1}}, {"type": "Feature", "geometry": {"type": "Point", "coordinates": [34.243439, 31.296999]}, "properties": {"event_date": "2026-04-05", "violence_type": "state-based conflict", "deaths": 1}}, {"type": "Feature", "geometry": {"type": "Point", "coordinates": [35.59639, 33.86389]}, "properties": {"event_date": "2026-04-05", "violence_type": "state-based conflict", "deaths": 3}}, {"type": "Feature", "geometry": {"type": "Point", "coordinates": [36.18763, 33.65553]}, "properties": {"event_date": "2026-04-05", "violence_type": "one-sided violence", "deaths": 1}}, {"type": "Feature", "geometry": {"type": "Point", "coordinates": [34.303056, 31.344444]}, "properties": {"event_date": "2026-04-05", "violence_type": "state-based conflict", "deaths": 1}}, {"type": "Feature", "geometry": {"type": "Point", "coordinates": [34.45, 31.516667]}, "properties": {"event_date": "2026-04-05", "violence_type": "state-based conflict", "deaths": 4}}, {"type": "Feature", "geometry": {"type": "Point", "coordinates": [35.24222, 33.28833]}, "properties": {"event_date": "2026-04-06", "violence_type": "state-based conflict", "deaths": 1}}, {"type": "Feature", "geometry": {"type": "Point", "coordinates": [35.28139, 33.30972]}, "properties": {"event_date": "2026-04-06", "violence_type": "state-based conflict", "deaths": 3}}, {"type": "Feature", "geometry": {"type": "Point", "coordinates": [34.99928, 32.81303]}, "properties": {"event_date": "2026-04-06", "violence_type": "state-based conflict", "deaths": 2}}, {"type": "Feature", "geometry": {"type": "Point", "coordinates": [35.37661, 33.174684]}, "properties": {"event_date": "2026-04-06", "violence_type": "state-based conflict", "deaths": 2}}, {"type": "Feature", "geometry": {"type": "Point", "coordinates": [35.4925, 33.36389]}, "properties": {"event_date": "2026-04-06", "violence_type": "state-based conflict", "deaths": 1}}, {"type": "Feature", "geometry": {"type": "Point", "coordinates": [51.15, 35.53333]}, "properties": {"event_date": "2026-04-06", "violence_type": "state-based conflict", "deaths": 23}}, {"type": "Feature", "geometry": {"type": "Point", "coordinates": [35.44586, 33.387985]}, "properties": {"event_date": "2026-04-06", "violence_type": "state-based conflict", "deaths": 2}}, {"type": "Feature", "geometry": {"type": "Point", "coordinates": [35.19389, 33.27333]}, "properties": {"event_date": "2026-04-06", "violence_type": "state-based conflict", "deaths": 3}}, {"type": "Feature", "geometry": {"type": "Point", "coordinates": [34.385375, 31.421358]}, "properties": {"event_date": "2026-04-06", "violence_type": "state-based conflict", "deaths": 10}}, {"type": "Feature", "geometry": {"type": "Point", "coordinates": [34.45, 31.516667]}, "properties": {"event_date": "2026-04-06", "violence_type": "state-based conflict", "deaths": 1}}, {"type": "Feature", "geometry": {"type": "Point", "coordinates": [34.303056, 31.344444]}, "properties": {"event_date": "2026-04-06", "violence_type": "one-sided violence", "deaths": 1}}, {"type": "Feature", "geometry": {"type": "Point", "coordinates": [51.423056, 35.696111]}, "properties": {"event_date": "2026-04-06", "violence_type": "state-based conflict", "deaths": 1}}, {"type": "Feature", "geometry": {"type": "Point", "coordinates": [51.223889, 35.546944]}, "properties": {"event_date": "2026-04-06", "violence_type": "state-based conflict", "deaths": 13}}, {"type": "Feature", "geometry": {"type": "Point", "coordinates": [36.18763, 33.65553]}, "properties": {"event_date": "2026-04-06", "violence_type": "one-sided violence", "deaths": 1}}, {"type": "Feature", "geometry": {"type": "Point", "coordinates": [35.31013, 33.18983]}, "properties": {"event_date": "2026-04-06", "violence_type": "state-based conflict", "deaths": 1}}, {"type": "Feature", "geometry": {"type": "Point", "coordinates": [35.30861, 33.27306]}, "properties": {"event_date": "2026-04-07", "violence_type": "state-based conflict", "deaths": 3}}, {"type": "Feature", "geometry": {"type": "Point", "coordinates": [35.27861, 33.27444]}, "properties": {"event_date": "2026-04-07", "violence_type": "state-based conflict", "deaths": 2}}, {"type": "Feature", "geometry": {"type": "Point", "coordinates": [44.0, 36.1]}, "properties": {"event_date": "2026-04-07", "violence_type": "state-based conflict", "deaths": 2}}, {"type": "Feature", "geometry": {"type": "Point", "coordinates": [36.17917, 33.98778]}, "properties": {"event_date": "2026-04-08", "violence_type": "state-based conflict", "deaths": 6}}, {"type": "Feature", "geometry": {"type": "Point", "coordinates": [34.45, 31.516667]}, "properties": {"event_date": "2026-04-08", "violence_type": "state-based conflict", "deaths": 2}}, {"type": "Feature", "geometry": {"type": "Point", "coordinates": [34.45, 31.516667]}, "properties": {"event_date": "2026-04-08", "violence_type": "state-based conflict", "deaths": 2}}, {"type": "Feature", "geometry": {"type": "Point", "coordinates": [35.274736, 33.404331]}, "properties": {"event_date": "2026-04-08", "violence_type": "state-based conflict", "deaths": 3}}, {"type": "Feature", "geometry": {"type": "Point", "coordinates": [36.0225, 33.964444]}, "properties": {"event_date": "2026-04-08", "violence_type": "state-based conflict", "deaths": 10}}, {"type": "Feature", "geometry": {"type": "Point", "coordinates": [36.309127, 33.606113]}, "properties": {"event_date": "2026-04-08", "violence_type": "one-sided violence", "deaths": 1}}, {"type": "Feature", "geometry": {"type": "Point", "coordinates": [35.41974, 33.26075]}, "properties": {"event_date": "2026-04-08", "violence_type": "state-based conflict", "deaths": 1}}, {"type": "Feature", "geometry": {"type": "Point", "coordinates": [35.206772, 33.177877]}, "properties": {"event_date": "2026-04-08", "violence_type": "state-based conflict", "deaths": 1}}, {"type": "Feature", "geometry": {"type": "Point", "coordinates": [35.294722, 33.315]}, "properties": {"event_date": "2026-04-08", "violence_type": "state-based conflict", "deaths": 4}}, {"type": "Feature", "geometry": {"type": "Point", "coordinates": [35.8333, 33.8333]}, "properties": {"event_date": "2026-04-08", "violence_type": "state-based conflict", "deaths": 262}}, {"type": "Feature", "geometry": {"type": "Point", "coordinates": [34.303056, 31.344444]}, "properties": {"event_date": "2026-04-09", "violence_type": "state-based conflict", "deaths": 1}}, {"type": "Feature", "geometry": {"type": "Point", "coordinates": [34.483471, 31.5272]}, "properties": {"event_date": "2026-04-09", "violence_type": "state-based conflict", "deaths": 2}}, {"type": "Feature", "geometry": {"type": "Point", "coordinates": [34.495142, 31.546397]}, "properties": {"event_date": "2026-04-09", "violence_type": "state-based conflict", "deaths": 1}}, {"type": "Feature", "geometry": {"type": "Point", "coordinates": [35.283067, 33.298535]}, "properties": {"event_date": "2026-04-09", "violence_type": "state-based conflict", "deaths": 7}}, {"type": "Feature", "geometry": {"type": "Point", "coordinates": [34.303056, 31.344444]}, "properties": {"event_date": "2026-04-09", "violence_type": "state-based conflict", "deaths": 1}}, {"type": "Feature", "geometry": {"type": "Point", "coordinates": [35.41974, 33.26075]}, "properties": {"event_date": "2026-04-09", "violence_type": "state-based conflict", "deaths": 4}}, {"type": "Feature", "geometry": {"type": "Point", "coordinates": [35.48383, 33.37717]}, "properties": {"event_date": "2026-04-10", "violence_type": "state-based conflict", "deaths": 13}}, {"type": "Feature", "geometry": {"type": "Point", "coordinates": [36.291575, 33.513364]}, "properties": {"event_date": "2026-04-10", "violence_type": "one-sided violence", "deaths": 1}}, {"type": "Feature", "geometry": {"type": "Point", "coordinates": [34.402939, 31.439531]}, "properties": {"event_date": "2026-04-11", "violence_type": "state-based conflict", "deaths": 7}}, {"type": "Feature", "geometry": {"type": "Point", "coordinates": [34.494541, 31.53639]}, "properties": {"event_date": "2026-04-11", "violence_type": "state-based conflict", "deaths": 1}}, {"type": "Feature", "geometry": {"type": "Point", "coordinates": [34.495142, 31.546397]}, "properties": {"event_date": "2026-04-11", "violence_type": "state-based conflict", "deaths": 3}}, {"type": "Feature", "geometry": {"type": "Point", "coordinates": [35.294634, 31.964465]}, "properties": {"event_date": "2026-04-11", "violence_type": "one-sided violence", "deaths": 1}}, {"type": "Feature", "geometry": {"type": "Point", "coordinates": [35.475556, 33.344444]}, "properties": {"event_date": "2026-04-11", "violence_type": "state-based conflict", "deaths": 3}}, {"type": "Feature", "geometry": {"type": "Point", "coordinates": [35.37111, 33.43806]}, "properties": {"event_date": "2026-04-11", "violence_type": "state-based conflict", "deaths": 7}}, {"type": "Feature", "geometry": {"type": "Point", "coordinates": [35.34722, 33.28583]}, "properties": {"event_date": "2026-04-12", "violence_type": "state-based conflict", "deaths": 6}}, {"type": "Feature", "geometry": {"type": "Point", "coordinates": [35.290269, 33.21628]}, "properties": {"event_date": "2026-04-12", "violence_type": "state-based conflict", "deaths": 5}}, {"type": "Feature", "geometry": {"type": "Point", "coordinates": [34.303056, 31.344444]}, "properties": {"event_date": "2026-04-12", "violence_type": "state-based conflict", "deaths": 1}}, {"type": "Feature", "geometry": {"type": "Point", "coordinates": [35.271038, 33.255477]}, "properties": {"event_date": "2026-04-13", "violence_type": "state-based conflict", "deaths": 1}}, {"type": "Feature", "geometry": {"type": "Point", "coordinates": [35.367327, 33.320852]}, "properties": {"event_date": "2026-04-13", "violence_type": "state-based conflict", "deaths": 1}}, {"type": "Feature", "geometry": {"type": "Point", "coordinates": [35.4925, 33.36389]}, "properties": {"event_date": "2026-04-13", "violence_type": "state-based conflict", "deaths": 1}}, {"type": "Feature", "geometry": {"type": "Point", "coordinates": [34.35014, 31.417479]}, "properties": {"event_date": "2026-04-13", "violence_type": "state-based conflict", "deaths": 3}}, {"type": "Feature", "geometry": {"type": "Point", "coordinates": [34.45, 31.516667]}, "properties": {"event_date": "2026-04-13", "violence_type": "state-based conflict", "deaths": 2}}, {"type": "Feature", "geometry": {"type": "Point", "coordinates": [35.421777, 33.158991]}, "properties": {"event_date": "2026-04-13", "violence_type": "state-based conflict", "deaths": 1}}, {"type": "Feature", "geometry": {"type": "Point", "coordinates": [35.34722, 33.28583]}, "properties": {"event_date": "2026-04-13", "violence_type": "state-based conflict", "deaths": 4}}, {"type": "Feature", "geometry": {"type": "Point", "coordinates": [34.243439, 31.296999]}, "properties": {"event_date": "2026-04-13", "violence_type": "state-based conflict", "deaths": 1}}, {"type": "Feature", "geometry": {"type": "Point", "coordinates": [34.303056, 31.344444]}, "properties": {"event_date": "2026-04-13", "violence_type": "state-based conflict", "deaths": 1}}, {"type": "Feature", "geometry": {"type": "Point", "coordinates": [45.35, 15.416667]}, "properties": {"event_date": "2026-04-13", "violence_type": "state-based conflict", "deaths": 2}}, {"type": "Feature", "geometry": {"type": "Point", "coordinates": [35.355287, 33.197668]}, "properties": {"event_date": "2026-04-14", "violence_type": "state-based conflict", "deaths": 1}}, {"type": "Feature", "geometry": {"type": "Point", "coordinates": [35.350297, 33.478128]}, "properties": {"event_date": "2026-04-14", "violence_type": "state-based conflict", "deaths": 2}}, {"type": "Feature", "geometry": {"type": "Point", "coordinates": [35.223716, 33.197816]}, "properties": {"event_date": "2026-04-14", "violence_type": "state-based conflict", "deaths": 1}}, {"type": "Feature", "geometry": {"type": "Point", "coordinates": [36.38376, 33.51926]}, "properties": {"event_date": "2026-04-14", "violence_type": "one-sided violence", "deaths": 1}}, {"type": "Feature", "geometry": {"type": "Point", "coordinates": [36.40077, 35.83657]}, "properties": {"event_date": "2026-04-14", "violence_type": "one-sided violence", "deaths": 1}}, {"type": "Feature", "geometry": {"type": "Point", "coordinates": [34.483471, 31.5272]}, "properties": {"event_date": "2026-04-14", "violence_type": "state-based conflict", "deaths": 1}}, {"type": "Feature", "geometry": {"type": "Point", "coordinates": [34.494541, 31.53639]}, "properties": {"event_date": "2026-04-14", "violence_type": "state-based conflict", "deaths": 1}}, {"type": "Feature", "geometry": {"type": "Point", "coordinates": [35.30647, 33.22754]}, "properties": {"event_date": "2026-04-14", "violence_type": "state-based conflict", "deaths": 1}}, {"type": "Feature", "geometry": {"type": "Point", "coordinates": [35.19389, 33.27333]}, "properties": {"event_date": "2026-04-14", "violence_type": "state-based conflict", "deaths": 1}}, {"type": "Feature", "geometry": {"type": "Point", "coordinates": [34.446616, 31.534912]}, "properties": {"event_date": "2026-04-14", "violence_type": "state-based conflict", "deaths": 5}}, {"type": "Feature", "geometry": {"type": "Point", "coordinates": [34.45, 31.516667]}, "properties": {"event_date": "2026-04-14", "violence_type": "state-based conflict", "deaths": 5}}, {"type": "Feature", "geometry": {"type": "Point", "coordinates": [34.495142, 31.546397]}, "properties": {"event_date": "2026-04-14", "violence_type": "state-based conflict", "deaths": 1}}, {"type": "Feature", "geometry": {"type": "Point", "coordinates": [35.31013, 33.18983]}, "properties": {"event_date": "2026-04-14", "violence_type": "state-based conflict", "deaths": 1}}, {"type": "Feature", "geometry": {"type": "Point", "coordinates": [35.230217, 33.292422]}, "properties": {"event_date": "2026-04-14", "violence_type": "state-based conflict", "deaths": 1}}, {"type": "Feature", "geometry": {"type": "Point", "coordinates": [35.37533, 33.21898]}, "properties": {"event_date": "2026-04-14", "violence_type": "state-based conflict", "deaths": 3}}, {"type": "Feature", "geometry": {"type": "Point", "coordinates": [35.283333, 33.416667]}, "properties": {"event_date": "2026-04-15", "violence_type": "state-based conflict", "deaths": 5}}, {"type": "Feature", "geometry": {"type": "Point", "coordinates": [36.291575, 33.513364]}, "properties": {"event_date": "2026-04-15", "violence_type": "one-sided violence", "deaths": 1}}, {"type": "Feature", "geometry": {"type": "Point", "coordinates": [35.252222, 33.301944]}, "properties": {"event_date": "2026-04-15", "violence_type": "state-based conflict", "deaths": 4}}, {"type": "Feature", "geometry": {"type": "Point", "coordinates": [36.27383, 34.71846]}, "properties": {"event_date": "2026-04-15", "violence_type": "one-sided violence", "deaths": 1}}, {"type": "Feature", "geometry": {"type": "Point", "coordinates": [35.475556, 33.344444]}, "properties": {"event_date": "2026-04-15", "violence_type": "state-based conflict", "deaths": 3}}, {"type": "Feature", "geometry": {"type": "Point", "coordinates": [35.411369, 33.159635]}, "properties": {"event_date": "2026-04-15", "violence_type": "state-based conflict", "deaths": 2}}, {"type": "Feature", "geometry": {"type": "Point", "coordinates": [35.26973, 33.23308]}, "properties": {"event_date": "2026-04-15", "violence_type": "state-based conflict", "deaths": 1}}, {"type": "Feature", "geometry": {"type": "Point", "coordinates": [35.283067, 33.298535]}, "properties": {"event_date": "2026-04-15", "violence_type": "state-based conflict", "deaths": 8}}, {"type": "Feature", "geometry": {"type": "Point", "coordinates": [35.42595, 33.4433]}, "properties": {"event_date": "2026-04-16", "violence_type": "state-based conflict", "deaths": 1}}, {"type": "Feature", "geometry": {"type": "Point", "coordinates": [36.542102, 33.485094]}, "properties": {"event_date": "2026-04-16", "violence_type": "one-sided violence", "deaths": 1}}, {"type": "Feature", "geometry": {"type": "Point", "coordinates": [35.36111, 33.22917]}, "properties": {"event_date": "2026-04-16", "violence_type": "state-based conflict", "deaths": 1}}, {"type": "Feature", "geometry": {"type": "Point", "coordinates": [35.274736, 33.404331]}, "properties": {"event_date": "2026-04-16", "violence_type": "state-based conflict", "deaths": 3}}, {"type": "Feature", "geometry": {"type": "Point", "coordinates": [35.3338, 33.34338]}, "properties": {"event_date": "2026-04-16", "violence_type": "state-based conflict", "deaths": 3}}, {"type": "Feature", "geometry": {"type": "Point", "coordinates": [34.45, 31.516667]}, "properties": {"event_date": "2026-04-16", "violence_type": "state-based conflict", "deaths": 1}}, {"type": "Feature", "geometry": {"type": "Point", "coordinates": [35.13124, 31.85911]}, "properties": {"event_date": "2026-04-16", "violence_type": "state-based conflict", "deaths": 0}}, {"type": "Feature", "geometry": {"type": "Point", "coordinates": [34.303056, 31.344444]}, "properties": {"event_date": "2026-04-16", "violence_type": "state-based conflict", "deaths": 1}}, {"type": "Feature", "geometry": {"type": "Point", "coordinates": [34.45, 31.516667]}, "properties": {"event_date": "2026-04-16", "violence_type": "state-based conflict", "deaths": 1}}, {"type": "Feature", "geometry": {"type": "Point", "coordinates": [34.495142, 31.546397]}, "properties": {"event_date": "2026-04-16", "violence_type": "state-based conflict", "deaths": 2}}, {"type": "Feature", "geometry": {"type": "Point", "coordinates": [35.355287, 33.197668]}, "properties": {"event_date": "2026-04-16", "violence_type": "state-based conflict", "deaths": 1}}, {"type": "Feature", "geometry": {"type": "Point", "coordinates": [35.287222, 33.4375]}, "properties": {"event_date": "2026-04-16", "violence_type": "state-based conflict", "deaths": 4}}, {"type": "Feature", "geometry": {"type": "Point", "coordinates": [35.355287, 33.197668]}, "properties": {"event_date": "2026-04-17", "violence_type": "state-based conflict", "deaths": 1}}, {"type": "Feature", "geometry": {"type": "Point", "coordinates": [44.0, 36.166667]}, "properties": {"event_date": "2026-04-17", "violence_type": "state-based conflict", "deaths": 3}}, {"type": "Feature", "geometry": {"type": "Point", "coordinates": [34.495142, 31.546397]}, "properties": {"event_date": "2026-04-17", "violence_type": "state-based conflict", "deaths": 1}}, {"type": "Feature", "geometry": {"type": "Point", "coordinates": [35.468941, 33.223409]}, "properties": {"event_date": "2026-04-17", "violence_type": "state-based conflict", "deaths": 1}}, {"type": "Feature", "geometry": {"type": "Point", "coordinates": [35.19389, 33.27333]}, "properties": {"event_date": "2026-04-17", "violence_type": "state-based conflict", "deaths": 11}}, {"type": "Feature", "geometry": {"type": "Point", "coordinates": [35.437816, 33.149787]}, "properties": {"event_date": "2026-04-17", "violence_type": "state-based conflict", "deaths": 1}}, {"type": "Feature", "geometry": {"type": "Point", "coordinates": [34.45, 31.516667]}, "properties": {"event_date": "2026-04-17", "violence_type": "state-based conflict", "deaths": 2}}, {"type": "Feature", "geometry": {"type": "Point", "coordinates": [34.243439, 31.296999]}, "properties": {"event_date": "2026-04-18", "violence_type": "state-based conflict", "deaths": 1}}, {"type": "Feature", "geometry": {"type": "Point", "coordinates": [35.00036, 31.49097]}, "properties": {"event_date": "2026-04-18", "violence_type": "state-based conflict", "deaths": 1}}, {"type": "Feature", "geometry": {"type": "Point", "coordinates": [34.494541, 31.53639]}, "properties": {"event_date": "2026-04-18", "violence_type": "state-based conflict", "deaths": 1}}, {"type": "Feature", "geometry": {"type": "Point", "coordinates": [35.355287, 33.197668]}, "properties": {"event_date": "2026-04-18", "violence_type": "state-based conflict", "deaths": 2}}, {"type": "Feature", "geometry": {"type": "Point", "coordinates": [34.982788, 31.492418]}, "properties": {"event_date": "2026-04-18", "violence_type": "state-based conflict", "deaths": 0}}, {"type": "Feature", "geometry": {"type": "Point", "coordinates": [35.355287, 33.197668]}, "properties": {"event_date": "2026-04-19", "violence_type": "state-based conflict", "deaths": 1}}, {"type": "Feature", "geometry": {"type": "Point", "coordinates": [34.483471, 31.5272]}, "properties": {"event_date": "2026-04-19", "violence_type": "state-based conflict", "deaths": 1}}, {"type": "Feature", "geometry": {"type": "Point", "coordinates": [34.392875, 31.447656]}, "properties": {"event_date": "2026-04-19", "violence_type": "state-based conflict", "deaths": 1}}, {"type": "Feature", "geometry": {"type": "Point", "coordinates": [34.385375, 31.421358]}, "properties": {"event_date": "2026-04-19", "violence_type": "state-based conflict", "deaths": 1}}, {"type": "Feature", "geometry": {"type": "Point", "coordinates": [35.43, 33.12]}, "properties": {"event_date": "2026-04-20", "violence_type": "state-based conflict", "deaths": 2}}, {"type": "Feature", "geometry": {"type": "Point", "coordinates": [34.45, 31.516667]}, "properties": {"event_date": "2026-04-20", "violence_type": "state-based conflict", "deaths": 1}}, {"type": "Feature", "geometry": {"type": "Point", "coordinates": [34.303056, 31.344444]}, "properties": {"event_date": "2026-04-20", "violence_type": "state-based conflict", "deaths": 0}}, {"type": "Feature", "geometry": {"type": "Point", "coordinates": [34.303056, 31.344444]}, "properties": {"event_date": "2026-04-20", "violence_type": "state-based conflict", "deaths": 3}}, {"type": "Feature", "geometry": {"type": "Point", "coordinates": [34.45, 31.516667]}, "properties": {"event_date": "2026-04-20", "violence_type": "state-based conflict", "deaths": 1}}, {"type": "Feature", "geometry": {"type": "Point", "coordinates": [34.402939, 31.439531]}, "properties": {"event_date": "2026-04-20", "violence_type": "state-based conflict", "deaths": 1}}, {"type": "Feature", "geometry": {"type": "Point", "coordinates": [34.303056, 31.344444]}, "properties": {"event_date": "2026-04-21", "violence_type": "state-based conflict", "deaths": 1}}, {"type": "Feature", "geometry": {"type": "Point", "coordinates": [34.495142, 31.546397]}, "properties": {"event_date": "2026-04-21", "violence_type": "state-based conflict", "deaths": 1}}, {"type": "Feature", "geometry": {"type": "Point", "coordinates": [35.444444, 33.249167]}, "properties": {"event_date": "2026-04-21", "violence_type": "state-based conflict", "deaths": 2}}, {"type": "Feature", "geometry": {"type": "Point", "coordinates": [34.303056, 31.344444]}, "properties": {"event_date": "2026-04-21", "violence_type": "state-based conflict", "deaths": 4}}, {"type": "Feature", "geometry": {"type": "Point", "coordinates": [35.7841, 33.6264]}, "properties": {"event_date": "2026-04-22", "violence_type": "state-based conflict", "deaths": 1}}, {"type": "Feature", "geometry": {"type": "Point", "coordinates": [34.495142, 31.546397]}, "properties": {"event_date": "2026-04-22", "violence_type": "state-based conflict", "deaths": 5}}, {"type": "Feature", "geometry": {"type": "Point", "coordinates": [34.35014, 31.417479]}, "properties": {"event_date": "2026-04-22", "violence_type": "state-based conflict", "deaths": 1}}, {"type": "Feature", "geometry": {"type": "Point", "coordinates": [35.26661, 31.91112]}, "properties": {"event_date": "2026-04-22", "violence_type": "non-state conflict", "deaths": 1}}, {"type": "Feature", "geometry": {"type": "Point", "coordinates": [34.483471, 31.5272]}, "properties": {"event_date": "2026-04-22", "violence_type": "state-based conflict", "deaths": 1}}, {"type": "Feature", "geometry": {"type": "Point", "coordinates": [35.406667, 33.141389]}, "properties": {"event_date": "2026-04-22", "violence_type": "state-based conflict", "deaths": 3}}, {"type": "Feature", "geometry": {"type": "Point", "coordinates": [45.3942, 15.44832]}, "properties": {"event_date": "2026-04-22", "violence_type": "non-state conflict", "deaths": 1}}, {"type": "Feature", "geometry": {"type": "Point", "coordinates": [34.303056, 31.344444]}, "properties": {"event_date": "2026-04-23", "violence_type": "state-based conflict", "deaths": 1}}, {"type": "Feature", "geometry": {"type": "Point", "coordinates": [35.464758, 33.355315]}, "properties": {"event_date": "2026-04-23", "violence_type": "state-based conflict", "deaths": 3}}, {"type": "Feature", "geometry": {"type": "Point", "coordinates": [34.385375, 31.421358]}, "properties": {"event_date": "2026-04-23", "violence_type": "state-based conflict", "deaths": 3}}, {"type": "Feature", "geometry": {"type": "Point", "coordinates": [35.435793, 33.295896]}, "properties": {"event_date": "2026-04-24", "violence_type": "state-based conflict", "deaths": 2}}, {"type": "Feature", "geometry": {"type": "Point", "coordinates": [35.397129, 33.28145]}, "properties": {"event_date": "2026-04-24", "violence_type": "state-based conflict", "deaths": 1}}, {"type": "Feature", "geometry": {"type": "Point", "coordinates": [35.33028, 33.15417]}, "properties": {"event_date": "2026-04-24", "violence_type": "state-based conflict", "deaths": 1}}, {"type": "Feature", "geometry": {"type": "Point", "coordinates": [35.444444, 33.249167]}, "properties": {"event_date": "2026-04-24", "violence_type": "state-based conflict", "deaths": 2}}, {"type": "Feature", "geometry": {"type": "Point", "coordinates": [35.43, 33.12]}, "properties": {"event_date": "2026-04-24", "violence_type": "state-based conflict", "deaths": 6}}, {"type": "Feature", "geometry": {"type": "Point", "coordinates": [34.45, 31.516667]}, "properties": {"event_date": "2026-04-24", "violence_type": "state-based conflict", "deaths": 2}}, {"type": "Feature", "geometry": {"type": "Point", "coordinates": [34.256182, 31.34822]}, "properties": {"event_date": "2026-04-24", "violence_type": "state-based conflict", "deaths": 8}}, {"type": "Feature", "geometry": {"type": "Point", "coordinates": [34.495142, 31.546397]}, "properties": {"event_date": "2026-04-24", "violence_type": "state-based conflict", "deaths": 3}}, {"type": "Feature", "geometry": {"type": "Point", "coordinates": [35.355287, 33.197668]}, "properties": {"event_date": "2026-04-25", "violence_type": "state-based conflict", "deaths": 2}}, {"type": "Feature", "geometry": {"type": "Point", "coordinates": [36.2419, 33.3581]}, "properties": {"event_date": "2026-04-25", "violence_type": "non-state conflict", "deaths": 1}}, {"type": "Feature", "geometry": {"type": "Point", "coordinates": [36.338065, 33.446314]}, "properties": {"event_date": "2026-04-25", "violence_type": "one-sided violence", "deaths": 1}}, {"type": "Feature", "geometry": {"type": "Point", "coordinates": [35.433181, 33.200298]}, "properties": {"event_date": "2026-04-25", "violence_type": "state-based conflict", "deaths": 2}}, {"type": "Feature", "geometry": {"type": "Point", "coordinates": [34.45, 31.516667]}, "properties": {"event_date": "2026-04-25", "violence_type": "state-based conflict", "deaths": 3}}, {"type": "Feature", "geometry": {"type": "Point", "coordinates": [34.495142, 31.546397]}, "properties": {"event_date": "2026-04-25", "violence_type": "state-based conflict", "deaths": 1}}, {"type": "Feature", "geometry": {"type": "Point", "coordinates": [34.494541, 31.53639]}, "properties": {"event_date": "2026-04-25", "violence_type": "state-based conflict", "deaths": 1}}, {"type": "Feature", "geometry": {"type": "Point", "coordinates": [34.409722, 31.4675]}, "properties": {"event_date": "2026-04-26", "violence_type": "state-based conflict", "deaths": 1}}, {"type": "Feature", "geometry": {"type": "Point", "coordinates": [34.303056, 31.344444]}, "properties": {"event_date": "2026-04-26", "violence_type": "state-based conflict", "deaths": 1}}, {"type": "Feature", "geometry": {"type": "Point", "coordinates": [35.41974, 33.26075]}, "properties": {"event_date": "2026-04-26", "violence_type": "state-based conflict", "deaths": 1}}, {"type": "Feature", "geometry": {"type": "Point", "coordinates": [34.45, 31.516667]}, "properties": {"event_date": "2026-04-26", "violence_type": "state-based conflict", "deaths": 2}}, {"type": "Feature", "geometry": {"type": "Point", "coordinates": [35.443247, 33.175845]}, "properties": {"event_date": "2026-04-27", "violence_type": "state-based conflict", "deaths": 1}}, {"type": "Feature", "geometry": {"type": "Point", "coordinates": [35.223716, 33.197816]}, "properties": {"event_date": "2026-04-27", "violence_type": "state-based conflict", "deaths": 1}}, {"type": "Feature", "geometry": {"type": "Point", "coordinates": [34.495142, 31.546397]}, "properties": {"event_date": "2026-04-27", "violence_type": "state-based conflict", "deaths": 1}}, {"type": "Feature", "geometry": {"type": "Point", "coordinates": [34.303056, 31.344444]}, "properties": {"event_date": "2026-04-28", "violence_type": "state-based conflict", "deaths": 1}}, {"type": "Feature", "geometry": {"type": "Point", "coordinates": [36.21563, 33.54832]}, "properties": {"event_date": "2026-04-28", "violence_type": "one-sided violence", "deaths": 1}}, {"type": "Feature", "geometry": {"type": "Point", "coordinates": [35.227049, 33.151219]}, "properties": {"event_date": "2026-04-28", "violence_type": "state-based conflict", "deaths": 5}}, {"type": "Feature", "geometry": {"type": "Point", "coordinates": [35.432621, 33.365364]}, "properties": {"event_date": "2026-04-28", "violence_type": "state-based conflict", "deaths": 5}}, {"type": "Feature", "geometry": {"type": "Point", "coordinates": [34.45, 31.516667]}, "properties": {"event_date": "2026-04-28", "violence_type": "state-based conflict", "deaths": 4}}, {"type": "Feature", "geometry": {"type": "Point", "coordinates": [35.42407, 33.22931]}, "properties": {"event_date": "2026-04-29", "violence_type": "state-based conflict", "deaths": 2}}, {"type": "Feature", "geometry": {"type": "Point", "coordinates": [34.45, 31.516667]}, "properties": {"event_date": "2026-04-29", "violence_type": "state-based conflict", "deaths": 1}}, {"type": "Feature", "geometry": {"type": "Point", "coordinates": [35.22329, 33.1857]}, "properties": {"event_date": "2026-04-29", "violence_type": "state-based conflict", "deaths": 3}}, {"type": "Feature", "geometry": {"type": "Point", "coordinates": [35.331944, 33.239722]}, "properties": {"event_date": "2026-04-29", "violence_type": "state-based conflict", "deaths": 2}}, {"type": "Feature", "geometry": {"type": "Point", "coordinates": [35.093796, 31.529349]}, "properties": {"event_date": "2026-04-29", "violence_type": "state-based conflict", "deaths": 0}}, {"type": "Feature", "geometry": {"type": "Point", "coordinates": [35.26528, 33.19694]}, "properties": {"event_date": "2026-04-29", "violence_type": "state-based conflict", "deaths": 1}}, {"type": "Feature", "geometry": {"type": "Point", "coordinates": [35.259167, 31.986111]}, "properties": {"event_date": "2026-04-29", "violence_type": "state-based conflict", "deaths": 0}}, {"type": "Feature", "geometry": {"type": "Point", "coordinates": [35.299167, 33.209167]}, "properties": {"event_date": "2026-04-30", "violence_type": "state-based conflict", "deaths": 2}}, {"type": "Feature", "geometry": {"type": "Point", "coordinates": [36.56737, 32.711796]}, "properties": {"event_date": "2026-04-30", "violence_type": "non-state conflict", "deaths": 1}}, {"type": "Feature", "geometry": {"type": "Point", "coordinates": [35.432621, 33.365364]}, "properties": {"event_date": "2026-04-30", "violence_type": "state-based conflict", "deaths": 4}}, {"type": "Feature", "geometry": {"type": "Point", "coordinates": [35.44586, 33.387985]}, "properties": {"event_date": "2026-04-30", "violence_type": "state-based conflict", "deaths": 4}}, {"type": "Feature", "geometry": {"type": "Point", "coordinates": [35.4925, 33.36389]}, "properties": {"event_date": "2026-04-30", "violence_type": "state-based conflict", "deaths": 2}}, {"type": "Feature", "geometry": {"type": "Point", "coordinates": [35.44194, 33.37472]}, "properties": {"event_date": "2026-04-30", "violence_type": "state-based conflict", "deaths": 1}}, {"type": "Feature", "geometry": {"type": "Point", "coordinates": [34.45, 31.516667]}, "properties": {"event_date": "2026-04-30", "violence_type": "state-based conflict", "deaths": 3}}]}