{"type": "FeatureCollection", "metadata": {"title": "UCDP GED conflict events (region + time window)", "lookback_months": 12, "start_date": "2025-08-01", "source": "UCDP GED (Uppsala Conflict Data Program), CC BY 4.0", "radius_km": 30.0, "note": "Georeferenced events within the 30 km radius of a site; exactly the events the conflict score component counts per site."}, "features": [{"type": "Feature", "geometry": {"type": "Point", "coordinates": [34.35014, 31.41748]}, "properties": {"date": "2025-08-01", "year": 2025, "violence_type": "state-based conflict", "deaths": 4}}, {"type": "Feature", "geometry": {"type": "Point", "coordinates": [34.45, 31.51667]}, "properties": {"date": "2025-08-01", "year": 2025, "violence_type": "state-based conflict", "deaths": 4}}, {"type": "Feature", "geometry": {"type": "Point", "coordinates": [34.45, 31.51667]}, "properties": {"date": "2025-08-01", "year": 2025, "violence_type": "state-based conflict", "deaths": 8}}, {"type": "Feature", "geometry": {"type": "Point", "coordinates": [34.25618, 31.34822]}, "properties": {"date": "2025-08-01", "year": 2025, "violence_type": "state-based conflict", "deaths": 1}}, {"type": "Feature", "geometry": {"type": "Point", "coordinates": [34.40294, 31.43953]}, "properties": {"date": "2025-08-01", "year": 2025, "violence_type": "state-based conflict", "deaths": 1}}, {"type": "Feature", "geometry": {"type": "Point", "coordinates": [34.25618, 31.34822]}, "properties": {"date": "2025-08-01", "year": 2025, "violence_type": "state-based conflict", "deaths": 4}}, {"type": "Feature", "geometry": {"type": "Point", "coordinates": [34.30306, 31.34444]}, "properties": {"date": "2025-08-01", "year": 2025, "violence_type": "state-based conflict", "deaths": 2}}, {"type": "Feature", "geometry": {"type": "Point", "coordinates": [34.45, 31.51667]}, "properties": {"date": "2025-08-01", "year": 2025, "violence_type": "state-based conflict", "deaths": 2}}, {"type": "Feature", "geometry": {"type": "Point", "coordinates": [34.24344, 31.297]}, "properties": {"date": "2025-08-01", "year": 2025, "violence_type": "state-based conflict", "deaths": 15}}, {"type": "Feature", "geometry": {"type": "Point", "coordinates": [34.45, 31.51667]}, "properties": {"date": "2025-08-01", "year": 2025, "violence_type": "state-based conflict", "deaths": 5}}, {"type": "Feature", "geometry": {"type": "Point", "coordinates": [34.34085, 31.37389]}, "properties": {"date": "2025-08-01", "year": 2025, "violence_type": "state-based conflict", "deaths": 2}}, {"type": "Feature", "geometry": {"type": "Point", "coordinates": [34.45, 31.51667]}, "properties": {"date": "2025-08-01", "year": 2025, "violence_type": "state-based conflict", "deaths": 11}}, {"type": "Feature", "geometry": {"type": "Point", "coordinates": [34.45, 31.51667]}, "properties": {"date": "2025-08-02", "year": 2025, "violence_type": "state-based conflict", "deaths": 3}}, {"type": "Feature", "geometry": {"type": "Point", "coordinates": [34.5, 31.55]}, "properties": {"date": "2025-08-02", "year": 2025, "violence_type": "state-based conflict", "deaths": 3}}, {"type": "Feature", "geometry": {"type": "Point", "coordinates": [34.24344, 31.297]}, "properties": {"date": "2025-08-02", "year": 2025, "violence_type": "state-based conflict", "deaths": 1}}, {"type": "Feature", "geometry": {"type": "Point", "coordinates": [34.30306, 31.34444]}, "properties": {"date": "2025-08-02", "year": 2025, "violence_type": "state-based conflict", "deaths": 3}}, {"type": "Feature", "geometry": {"type": "Point", "coordinates": [34.41332, 31.48219]}, "properties": {"date": "2025-08-02", "year": 2025, "violence_type": "state-based conflict", "deaths": 12}}, {"type": "Feature", "geometry": {"type": "Point", "coordinates": [34.45, 31.51667]}, "properties": {"date": "2025-08-02", "year": 2025, "violence_type": "state-based conflict", "deaths": 2}}, {"type": "Feature", "geometry": {"type": "Point", "coordinates": [34.5, 31.55]}, "properties": {"date": "2025-08-02", "year": 2025, "violence_type": "state-based conflict", "deaths": 8}}, {"type": "Feature", "geometry": {"type": "Point", "coordinates": [34.36595, 31.42844]}, "properties": {"date": "2025-08-02", "year": 2025, "violence_type": "state-based conflict", "deaths": 5}}, {"type": "Feature", "geometry": {"type": "Point", "coordinates": [34.30306, 31.34444]}, "properties": {"date": "2025-08-02", "year": 2025, "violence_type": "state-based conflict", "deaths": 3}}, {"type": "Feature", "geometry": {"type": "Point", "coordinates": [34.30306, 31.34444]}, "properties": {"date": "2025-08-02", "year": 2025, "violence_type": "state-based conflict", "deaths": 1}}, {"type": "Feature", "geometry": {"type": "Point", "coordinates": [34.45, 31.51667]}, "properties": {"date": "2025-08-02", "year": 2025, "violence_type": "state-based conflict", "deaths": 2}}, {"type": "Feature", "geometry": {"type": "Point", "coordinates": [34.45, 31.51667]}, "properties": {"date": "2025-08-02", "year": 2025, "violence_type": "state-based conflict", "deaths": 3}}, {"type": "Feature", "geometry": {"type": "Point", "coordinates": [34.41475, 31.4554]}, "properties": {"date": "2025-08-02", "year": 2025, "violence_type": "state-based conflict", "deaths": 3}}, {"type": "Feature", "geometry": {"type": "Point", "coordinates": [34.41332, 31.48219]}, "properties": {"date": "2025-08-02", "year": 2025, "violence_type": "state-based conflict", "deaths": 3}}, {"type": "Feature", "geometry": {"type": "Point", "coordinates": [34.30306, 31.34444]}, "properties": {"date": "2025-08-02", "year": 2025, "violence_type": "state-based conflict", "deaths": 2}}, {"type": "Feature", "geometry": {"type": "Point", "coordinates": [34.36595, 31.42844]}, "properties": {"date": "2025-08-02", "year": 2025, "violence_type": "state-based conflict", "deaths": 1}}, {"type": "Feature", "geometry": {"type": "Point", "coordinates": [34.3601, 31.40984]}, "properties": {"date": "2025-08-02", "year": 2025, "violence_type": "state-based conflict", "deaths": 5}}, {"type": "Feature", "geometry": {"type": "Point", "coordinates": [34.49382, 31.59195]}, "properties": {"date": "2025-08-03", "year": 2025, "violence_type": "state-based conflict", "deaths": 16}}, {"type": "Feature", "geometry": {"type": "Point", "coordinates": [34.3734, 31.42507]}, "properties": {"date": "2025-08-03", "year": 2025, "violence_type": "state-based conflict", "deaths": 16}}, {"type": "Feature", "geometry": {"type": "Point", "coordinates": [34.30306, 31.34444]}, "properties": {"date": "2025-08-03", "year": 2025, "violence_type": "state-based conflict", "deaths": 5}}, {"type": "Feature", "geometry": {"type": "Point", "coordinates": [34.45, 31.51667]}, "properties": {"date": "2025-08-03", "year": 2025, "violence_type": "state-based conflict", "deaths": 3}}, {"type": "Feature", "geometry": {"type": "Point", "coordinates": [34.45, 31.51667]}, "properties": {"date": "2025-08-03", "year": 2025, "violence_type": "state-based conflict", "deaths": 22}}, {"type": "Feature", "geometry": {"type": "Point", "coordinates": [34.24344, 31.297]}, "properties": {"date": "2025-08-03", "year": 2025, "violence_type": "state-based conflict", "deaths": 9}}, {"type": "Feature", "geometry": {"type": "Point", "coordinates": [34.45, 31.51667]}, "properties": {"date": "2025-08-03", "year": 2025, "violence_type": "state-based conflict", "deaths": 2}}, {"type": "Feature", "geometry": {"type": "Point", "coordinates": [34.39287, 31.44766]}, "properties": {"date": "2025-08-03", "year": 2025, "violence_type": "state-based conflict", "deaths": 1}}, {"type": "Feature", "geometry": {"type": "Point", "coordinates": [34.28806, 31.30833]}, "properties": {"date": "2025-08-03", "year": 2025, "violence_type": "state-based conflict", "deaths": 7}}, {"type": "Feature", "geometry": {"type": "Point", "coordinates": [34.41332, 31.48219]}, "properties": {"date": "2025-08-03", "year": 2025, "violence_type": "state-based conflict", "deaths": 4}}, {"type": "Feature", "geometry": {"type": "Point", "coordinates": [34.24344, 31.297]}, "properties": {"date": "2025-08-03", "year": 2025, "violence_type": "state-based conflict", "deaths": 1}}, {"type": "Feature", "geometry": {"type": "Point", "coordinates": [34.30306, 31.34444]}, "properties": {"date": "2025-08-03", "year": 2025, "violence_type": "state-based conflict", "deaths": 1}}, {"type": "Feature", "geometry": {"type": "Point", "coordinates": [34.45, 31.51667]}, "properties": {"date": "2025-08-04", "year": 2025, "violence_type": "state-based conflict", "deaths": 5}}, {"type": "Feature", "geometry": {"type": "Point", "coordinates": [34.3734, 31.42507]}, "properties": {"date": "2025-08-04", "year": 2025, "violence_type": "state-based conflict", "deaths": 52}}, {"type": "Feature", "geometry": {"type": "Point", "coordinates": [34.3601, 31.40984]}, "properties": {"date": "2025-08-04", "year": 2025, "violence_type": "state-based conflict", "deaths": 9}}, {"type": "Feature", "geometry": {"type": "Point", "coordinates": [34.49514, 31.5464]}, "properties": {"date": "2025-08-04", "year": 2025, "violence_type": "state-based conflict", "deaths": 9}}, {"type": "Feature", "geometry": {"type": "Point", "coordinates": [34.39287, 31.44766]}, "properties": {"date": "2025-08-04", "year": 2025, "violence_type": "state-based conflict", "deaths": 1}}, {"type": "Feature", "geometry": {"type": "Point", "coordinates": [34.24344, 31.297]}, "properties": {"date": "2025-08-04", "year": 2025, "violence_type": "state-based conflict", "deaths": 2}}, {"type": "Feature", "geometry": {"type": "Point", "coordinates": [35.28088, 32.40955]}, "properties": {"date": "2025-08-04", "year": 2025, "violence_type": "state-based conflict", "deaths": 1}}, {"type": "Feature", "geometry": {"type": "Point", "coordinates": [34.35014, 31.41748]}, "properties": {"date": "2025-08-04", "year": 2025, "violence_type": "state-based conflict", "deaths": 1}}, {"type": "Feature", "geometry": {"type": "Point", "coordinates": [34.45, 31.51667]}, "properties": {"date": "2025-08-04", "year": 2025, "violence_type": "state-based conflict", "deaths": 5}}, {"type": "Feature", "geometry": {"type": "Point", "coordinates": [36.14808, 33.93487]}, "properties": {"date": "2025-08-05", "year": 2025, "violence_type": "state-based conflict", "deaths": 1}}, {"type": "Feature", "geometry": {"type": "Point", "coordinates": [34.32534, 31.34278]}, "properties": {"date": "2025-08-05", "year": 2025, "violence_type": "state-based conflict", "deaths": 1}}, {"type": "Feature", "geometry": {"type": "Point", "coordinates": [34.28806, 31.30833]}, "properties": {"date": "2025-08-05", "year": 2025, "violence_type": "state-based conflict", "deaths": 7}}, {"type": "Feature", "geometry": {"type": "Point", "coordinates": [34.3734, 31.42507]}, "properties": {"date": "2025-08-05", "year": 2025, "violence_type": "state-based conflict", "deaths": 11}}, {"type": "Feature", "geometry": {"type": "Point", "coordinates": [34.5, 31.55]}, "properties": {"date": "2025-08-05", "year": 2025, "violence_type": "state-based conflict", "deaths": 6}}, {"type": "Feature", "geometry": {"type": "Point", "coordinates": [34.45, 31.51667]}, "properties": {"date": "2025-08-05", "year": 2025, "violence_type": "state-based conflict", "deaths": 6}}, {"type": "Feature", "geometry": {"type": "Point", "coordinates": [34.45, 31.51667]}, "properties": {"date": "2025-08-06", "year": 2025, "violence_type": "state-based conflict", "deaths": 3}}, {"type": "Feature", "geometry": {"type": "Point", "coordinates": [34.39287, 31.44766]}, "properties": {"date": "2025-08-06", "year": 2025, "violence_type": "state-based conflict", "deaths": 5}}, {"type": "Feature", "geometry": {"type": "Point", "coordinates": [35.44444, 33.24917]}, "properties": {"date": "2025-08-06", "year": 2025, "violence_type": "state-based conflict", "deaths": 1}}, {"type": "Feature", "geometry": {"type": "Point", "coordinates": [34.24344, 31.297]}, "properties": {"date": "2025-08-06", "year": 2025, "violence_type": "state-based conflict", "deaths": 5}}, {"type": "Feature", "geometry": {"type": "Point", "coordinates": [34.41332, 31.48219]}, "properties": {"date": "2025-08-06", "year": 2025, "violence_type": "state-based conflict", "deaths": 1}}, {"type": "Feature", "geometry": {"type": "Point", "coordinates": [34.45, 31.51667]}, "properties": {"date": "2025-08-06", "year": 2025, "violence_type": "state-based conflict", "deaths": 1}}, {"type": "Feature", "geometry": {"type": "Point", "coordinates": [34.35014, 31.41748]}, "properties": {"date": "2025-08-06", "year": 2025, "violence_type": "state-based conflict", "deaths": 2}}, {"type": "Feature", "geometry": {"type": "Point", "coordinates": [34.30306, 31.34444]}, "properties": {"date": "2025-08-06", "year": 2025, "violence_type": "state-based conflict", "deaths": 1}}, {"type": "Feature", "geometry": {"type": "Point", "coordinates": [34.3734, 31.42507]}, "properties": {"date": "2025-08-06", "year": 2025, "violence_type": "state-based conflict", "deaths": 22}}, {"type": "Feature", "geometry": {"type": "Point", "coordinates": [34.45, 31.51667]}, "properties": {"date": "2025-08-06", "year": 2025, "violence_type": "state-based conflict", "deaths": 1}}, {"type": "Feature", "geometry": {"type": "Point", "coordinates": [35.92882, 33.7015]}, "properties": {"date": "2025-08-07", "year": 2025, "violence_type": "state-based conflict", "deaths": 6}}, {"type": "Feature", "geometry": {"type": "Point", "coordinates": [34.30306, 31.34444]}, "properties": {"date": "2025-08-07", "year": 2025, "violence_type": "state-based conflict", "deaths": 1}}, {"type": "Feature", "geometry": {"type": "Point", "coordinates": [35.49954, 33.29169]}, "properties": {"date": "2025-08-07", "year": 2025, "violence_type": "state-based conflict", "deaths": 1}}, {"type": "Feature", "geometry": {"type": "Point", "coordinates": [36.04639, 34.01111]}, "properties": {"date": "2025-08-07", "year": 2025, "violence_type": "state-based conflict", "deaths": 1}}, {"type": "Feature", "geometry": {"type": "Point", "coordinates": [34.39287, 31.44766]}, "properties": {"date": "2025-08-07", "year": 2025, "violence_type": "state-based conflict", "deaths": 4}}, {"type": "Feature", "geometry": {"type": "Point", "coordinates": [34.44662, 31.53491]}, "properties": {"date": "2025-08-07", "year": 2025, "violence_type": "state-based conflict", "deaths": 4}}, {"type": "Feature", "geometry": {"type": "Point", "coordinates": [34.45, 31.51667]}, "properties": {"date": "2025-08-07", "year": 2025, "violence_type": "state-based conflict", "deaths": 3}}, {"type": "Feature", "geometry": {"type": "Point", "coordinates": [34.29336, 31.34929]}, "properties": {"date": "2025-08-07", "year": 2025, "violence_type": "state-based conflict", "deaths": 4}}, {"type": "Feature", "geometry": {"type": "Point", "coordinates": [34.45, 31.51667]}, "properties": {"date": "2025-08-07", "year": 2025, "violence_type": "state-based conflict", "deaths": 1}}, {"type": "Feature", "geometry": {"type": "Point", "coordinates": [34.35014, 31.41748]}, "properties": {"date": "2025-08-07", "year": 2025, "violence_type": "state-based conflict", "deaths": 4}}, {"type": "Feature", "geometry": {"type": "Point", "coordinates": [34.24344, 31.297]}, "properties": {"date": "2025-08-07", "year": 2025, "violence_type": "state-based conflict", "deaths": 5}}, {"type": "Feature", "geometry": {"type": "Point", "coordinates": [34.45, 31.51667]}, "properties": {"date": "2025-08-07", "year": 2025, "violence_type": "state-based conflict", "deaths": 6}}, {"type": "Feature", "geometry": {"type": "Point", "coordinates": [34.35014, 31.41748]}, "properties": {"date": "2025-08-07", "year": 2025, "violence_type": "state-based conflict", "deaths": 5}}, {"type": "Feature", "geometry": {"type": "Point", "coordinates": [34.30306, 31.34444]}, "properties": {"date": "2025-08-07", "year": 2025, "violence_type": "state-based conflict", "deaths": 2}}, {"type": "Feature", "geometry": {"type": "Point", "coordinates": [34.30306, 31.34444]}, "properties": {"date": "2025-08-07", "year": 2025, "violence_type": "state-based conflict", "deaths": 1}}, {"type": "Feature", "geometry": {"type": "Point", "coordinates": [34.3697, 31.37446]}, "properties": {"date": "2025-08-08", "year": 2025, "violence_type": "state-based conflict", "deaths": 6}}, {"type": "Feature", "geometry": {"type": "Point", "coordinates": [34.45, 31.51667]}, "properties": {"date": "2025-08-08", "year": 2025, "violence_type": "state-based conflict", "deaths": 1}}, {"type": "Feature", "geometry": {"type": "Point", "coordinates": [34.45, 31.51667]}, "properties": {"date": "2025-08-08", "year": 2025, "violence_type": "state-based conflict", "deaths": 1}}, {"type": "Feature", "geometry": {"type": "Point", "coordinates": [34.32534, 31.34278]}, "properties": {"date": "2025-08-08", "year": 2025, "violence_type": "state-based conflict", "deaths": 9}}, {"type": "Feature", "geometry": {"type": "Point", "coordinates": [34.35014, 31.41748]}, "properties": {"date": "2025-08-08", "year": 2025, "violence_type": "state-based conflict", "deaths": 3}}, {"type": "Feature", "geometry": {"type": "Point", "coordinates": [34.49382, 31.59195]}, "properties": {"date": "2025-08-09", "year": 2025, "violence_type": "state-based conflict", "deaths": 4}}, {"type": "Feature", "geometry": {"type": "Point", "coordinates": [35.4352, 33.12893]}, "properties": {"date": "2025-08-09", "year": 2025, "violence_type": "state-based conflict", "deaths": 1}}, {"type": "Feature", "geometry": {"type": "Point", "coordinates": [34.25618, 31.34822]}, "properties": {"date": "2025-08-09", "year": 2025, "violence_type": "state-based conflict", "deaths": 1}}, {"type": "Feature", "geometry": {"type": "Point", "coordinates": [35.26694, 33.16556]}, "properties": {"date": "2025-08-09", "year": 2025, "violence_type": "state-based conflict", "deaths": 6}}, {"type": "Feature", "geometry": {"type": "Point", "coordinates": [34.39287, 31.44766]}, "properties": {"date": "2025-08-09", "year": 2025, "violence_type": "state-based conflict", "deaths": 5}}, {"type": "Feature", "geometry": {"type": "Point", "coordinates": [34.25618, 31.34822]}, "properties": {"date": "2025-08-09", "year": 2025, "violence_type": "state-based conflict", "deaths": 3}}, {"type": "Feature", "geometry": {"type": "Point", "coordinates": [34.3734, 31.42507]}, "properties": {"date": "2025-08-09", "year": 2025, "violence_type": "state-based conflict", "deaths": 19}}, {"type": "Feature", "geometry": {"type": "Point", "coordinates": [34.24344, 31.297]}, "properties": {"date": "2025-08-09", "year": 2025, "violence_type": "state-based conflict", "deaths": 2}}, {"type": "Feature", "geometry": {"type": "Point", "coordinates": [34.30306, 31.34444]}, "properties": {"date": "2025-08-09", "year": 2025, "violence_type": "state-based conflict", "deaths": 1}}, {"type": "Feature", "geometry": {"type": "Point", "coordinates": [34.46411, 31.51065]}, "properties": {"date": "2025-08-09", "year": 2025, "violence_type": "state-based conflict", "deaths": 2}}, {"type": "Feature", "geometry": {"type": "Point", "coordinates": [34.3601, 31.40984]}, "properties": {"date": "2025-08-09", "year": 2025, "violence_type": "state-based conflict", "deaths": 6}}, {"type": "Feature", "geometry": {"type": "Point", "coordinates": [34.30306, 31.34444]}, "properties": {"date": "2025-08-09", "year": 2025, "violence_type": "state-based conflict", "deaths": 2}}, {"type": "Feature", "geometry": {"type": "Point", "coordinates": [34.3601, 31.40984]}, "properties": {"date": "2025-08-09", "year": 2025, "violence_type": "state-based conflict", "deaths": 2}}, {"type": "Feature", "geometry": {"type": "Point", "coordinates": [34.24344, 31.297]}, "properties": {"date": "2025-08-09", "year": 2025, "violence_type": "state-based conflict", "deaths": 5}}, {"type": "Feature", "geometry": {"type": "Point", "coordinates": [34.30306, 31.34444]}, "properties": {"date": "2025-08-10", "year": 2025, "violence_type": "state-based conflict", "deaths": 4}}, {"type": "Feature", "geometry": {"type": "Point", "coordinates": [34.30306, 31.34444]}, "properties": {"date": "2025-08-10", "year": 2025, "violence_type": "state-based conflict", "deaths": 2}}, {"type": "Feature", "geometry": {"type": "Point", "coordinates": [34.3601, 31.40984]}, "properties": {"date": "2025-08-10", "year": 2025, "violence_type": "state-based conflict", "deaths": 5}}, {"type": "Feature", "geometry": {"type": "Point", "coordinates": [34.41332, 31.48219]}, "properties": {"date": "2025-08-10", "year": 2025, "violence_type": "state-based conflict", "deaths": 2}}, {"type": "Feature", "geometry": {"type": "Point", "coordinates": [34.24344, 31.297]}, "properties": {"date": "2025-08-10", "year": 2025, "violence_type": "state-based conflict", "deaths": 1}}, {"type": "Feature", "geometry": {"type": "Point", "coordinates": [34.45, 31.51667]}, "properties": {"date": "2025-08-10", "year": 2025, "violence_type": "state-based conflict", "deaths": 10}}, {"type": "Feature", "geometry": {"type": "Point", "coordinates": [34.39287, 31.44766]}, "properties": {"date": "2025-08-10", "year": 2025, "violence_type": "state-based conflict", "deaths": 3}}, {"type": "Feature", "geometry": {"type": "Point", "coordinates": [34.3734, 31.42507]}, "properties": {"date": "2025-08-10", "year": 2025, "violence_type": "state-based conflict", "deaths": 18}}, {"type": "Feature", "geometry": {"type": "Point", "coordinates": [34.45, 31.51667]}, "properties": {"date": "2025-08-10", "year": 2025, "violence_type": "state-based conflict", "deaths": 7}}, {"type": "Feature", "geometry": {"type": "Point", "coordinates": [34.45, 31.51667]}, "properties": {"date": "2025-08-10", "year": 2025, "violence_type": "state-based conflict", "deaths": 5}}, {"type": "Feature", "geometry": {"type": "Point", "coordinates": [34.28806, 31.30833]}, "properties": {"date": "2025-08-10", "year": 2025, "violence_type": "state-based conflict", "deaths": 5}}, {"type": "Feature", "geometry": {"type": "Point", "coordinates": [34.39287, 31.44766]}, "properties": {"date": "2025-08-10", "year": 2025, "violence_type": "state-based conflict", "deaths": 1}}, {"type": "Feature", "geometry": {"type": "Point", "coordinates": [34.24344, 31.297]}, "properties": {"date": "2025-08-11", "year": 2025, "violence_type": "state-based conflict", "deaths": 6}}, {"type": "Feature", "geometry": {"type": "Point", "coordinates": [34.49382, 31.59195]}, "properties": {"date": "2025-08-11", "year": 2025, "violence_type": "state-based conflict", "deaths": 2}}, {"type": "Feature", "geometry": {"type": "Point", "coordinates": [34.29336, 31.34929]}, "properties": {"date": "2025-08-11", "year": 2025, "violence_type": "state-based conflict", "deaths": 7}}, {"type": "Feature", "geometry": {"type": "Point", "coordinates": [34.45, 31.51667]}, "properties": {"date": "2025-08-11", "year": 2025, "violence_type": "state-based conflict", "deaths": 3}}, {"type": "Feature", "geometry": {"type": "Point", "coordinates": [34.45, 31.51667]}, "properties": {"date": "2025-08-11", "year": 2025, "violence_type": "state-based conflict", "deaths": 9}}, {"type": "Feature", "geometry": {"type": "Point", "coordinates": [34.3601, 31.40984]}, "properties": {"date": "2025-08-11", "year": 2025, "violence_type": "state-based conflict", "deaths": 1}}, {"type": "Feature", "geometry": {"type": "Point", "coordinates": [34.49514, 31.5464]}, "properties": {"date": "2025-08-11", "year": 2025, "violence_type": "state-based conflict", "deaths": 8}}, {"type": "Feature", "geometry": {"type": "Point", "coordinates": [34.35014, 31.41748]}, "properties": {"date": "2025-08-11", "year": 2025, "violence_type": "state-based conflict", "deaths": 6}}, {"type": "Feature", "geometry": {"type": "Point", "coordinates": [34.45, 31.51667]}, "properties": {"date": "2025-08-11", "year": 2025, "violence_type": "state-based conflict", "deaths": 2}}, {"type": "Feature", "geometry": {"type": "Point", "coordinates": [34.45, 31.51667]}, "properties": {"date": "2025-08-12", "year": 2025, "violence_type": "state-based conflict", "deaths": 2}}, {"type": "Feature", "geometry": {"type": "Point", "coordinates": [34.45, 31.51667]}, "properties": {"date": "2025-08-12", "year": 2025, "violence_type": "state-based conflict", "deaths": 8}}, {"type": "Feature", "geometry": {"type": "Point", "coordinates": [34.35014, 31.41748]}, "properties": {"date": "2025-08-12", "year": 2025, "violence_type": "state-based conflict", "deaths": 3}}, {"type": "Feature", "geometry": {"type": "Point", "coordinates": [34.25618, 31.34822]}, "properties": {"date": "2025-08-12", "year": 2025, "violence_type": "state-based conflict", "deaths": 5}}, {"type": "Feature", "geometry": {"type": "Point", "coordinates": [34.30306, 31.34444]}, "properties": {"date": "2025-08-12", "year": 2025, "violence_type": "state-based conflict", "deaths": 2}}, {"type": "Feature", "geometry": {"type": "Point", "coordinates": [34.35014, 31.41748]}, "properties": {"date": "2025-08-13", "year": 2025, "violence_type": "state-based conflict", "deaths": 5}}, {"type": "Feature", "geometry": {"type": "Point", "coordinates": [34.45, 31.51667]}, "properties": {"date": "2025-08-13", "year": 2025, "violence_type": "state-based conflict", "deaths": 7}}, {"type": "Feature", "geometry": {"type": "Point", "coordinates": [34.45, 31.51667]}, "properties": {"date": "2025-08-13", "year": 2025, "violence_type": "state-based conflict", "deaths": 7}}, {"type": "Feature", "geometry": {"type": "Point", "coordinates": [34.3601, 31.40984]}, "properties": {"date": "2025-08-13", "year": 2025, "violence_type": "state-based conflict", "deaths": 5}}, {"type": "Feature", "geometry": {"type": "Point", "coordinates": [34.45, 31.51667]}, "properties": {"date": "2025-08-13", "year": 2025, "violence_type": "state-based conflict", "deaths": 12}}, {"type": "Feature", "geometry": {"type": "Point", "coordinates": [34.30306, 31.34444]}, "properties": {"date": "2025-08-13", "year": 2025, "violence_type": "state-based conflict", "deaths": 1}}, {"type": "Feature", "geometry": {"type": "Point", "coordinates": [34.30306, 31.34444]}, "properties": {"date": "2025-08-13", "year": 2025, "violence_type": "state-based conflict", "deaths": 14}}, {"type": "Feature", "geometry": {"type": "Point", "coordinates": [34.45, 31.51667]}, "properties": {"date": "2025-08-13", "year": 2025, "violence_type": "state-based conflict", "deaths": 3}}, {"type": "Feature", "geometry": {"type": "Point", "coordinates": [34.45, 31.51667]}, "properties": {"date": "2025-08-13", "year": 2025, "violence_type": "state-based conflict", "deaths": 7}}, {"type": "Feature", "geometry": {"type": "Point", "coordinates": [34.3734, 31.42507]}, "properties": {"date": "2025-08-13", "year": 2025, "violence_type": "state-based conflict", "deaths": 45}}, {"type": "Feature", "geometry": {"type": "Point", "coordinates": [35.38996, 33.16462]}, "properties": {"date": "2025-08-13", "year": 2025, "violence_type": "state-based conflict", "deaths": 1}}, {"type": "Feature", "geometry": {"type": "Point", "coordinates": [34.35014, 31.41748]}, "properties": {"date": "2025-08-13", "year": 2025, "violence_type": "state-based conflict", "deaths": 3}}, {"type": "Feature", "geometry": {"type": "Point", "coordinates": [34.28806, 31.30833]}, "properties": {"date": "2025-08-14", "year": 2025, "violence_type": "state-based conflict", "deaths": 12}}, {"type": "Feature", "geometry": {"type": "Point", "coordinates": [34.35014, 31.41748]}, "properties": {"date": "2025-08-14", "year": 2025, "violence_type": "state-based conflict", "deaths": 1}}, {"type": "Feature", "geometry": {"type": "Point", "coordinates": [34.30306, 31.34444]}, "properties": {"date": "2025-08-14", "year": 2025, "violence_type": "state-based conflict", "deaths": 1}}, {"type": "Feature", "geometry": {"type": "Point", "coordinates": [36.48256, 32.52013]}, "properties": {"date": "2025-08-14", "year": 2025, "violence_type": "one-sided violence", "deaths": 1}}, {"type": "Feature", "geometry": {"type": "Point", "coordinates": [34.45, 31.51667]}, "properties": {"date": "2025-08-14", "year": 2025, "violence_type": "state-based conflict", "deaths": 8}}, {"type": "Feature", "geometry": {"type": "Point", "coordinates": [34.45, 31.51667]}, "properties": {"date": "2025-08-14", "year": 2025, "violence_type": "state-based conflict", "deaths": 2}}, {"type": "Feature", "geometry": {"type": "Point", "coordinates": [34.24344, 31.297]}, "properties": {"date": "2025-08-14", "year": 2025, "violence_type": "state-based conflict", "deaths": 5}}, {"type": "Feature", "geometry": {"type": "Point", "coordinates": [34.3734, 31.42507]}, "properties": {"date": "2025-08-14", "year": 2025, "violence_type": "state-based conflict", "deaths": 15}}, {"type": "Feature", "geometry": {"type": "Point", "coordinates": [36.22455, 34.66391]}, "properties": {"date": "2025-08-15", "year": 2025, "violence_type": "one-sided violence", "deaths": 1}}, {"type": "Feature", "geometry": {"type": "Point", "coordinates": [34.3734, 31.42507]}, "properties": {"date": "2025-08-15", "year": 2025, "violence_type": "state-based conflict", "deaths": 9}}, {"type": "Feature", "geometry": {"type": "Point", "coordinates": [34.45, 31.51667]}, "properties": {"date": "2025-08-15", "year": 2025, "violence_type": "state-based conflict", "deaths": 7}}, {"type": "Feature", "geometry": {"type": "Point", "coordinates": [34.45, 31.51667]}, "properties": {"date": "2025-08-15", "year": 2025, "violence_type": "state-based conflict", "deaths": 1}}, {"type": "Feature", "geometry": {"type": "Point", "coordinates": [34.45, 31.51667]}, "properties": {"date": "2025-08-15", "year": 2025, "violence_type": "state-based conflict", "deaths": 7}}, {"type": "Feature", "geometry": {"type": "Point", "coordinates": [34.35014, 31.41748]}, "properties": {"date": "2025-08-15", "year": 2025, "violence_type": "state-based conflict", "deaths": 1}}, {"type": "Feature", "geometry": {"type": "Point", "coordinates": [34.24344, 31.297]}, "properties": {"date": "2025-08-15", "year": 2025, "violence_type": "state-based conflict", "deaths": 3}}, {"type": "Feature", "geometry": {"type": "Point", "coordinates": [34.35014, 31.41748]}, "properties": {"date": "2025-08-15", "year": 2025, "violence_type": "state-based conflict", "deaths": 2}}, {"type": "Feature", "geometry": {"type": "Point", "coordinates": [34.49382, 31.59195]}, "properties": {"date": "2025-08-15", "year": 2025, "violence_type": "state-based conflict", "deaths": 7}}, {"type": "Feature", "geometry": {"type": "Point", "coordinates": [34.45, 31.51667]}, "properties": {"date": "2025-08-16", "year": 2025, "violence_type": "state-based conflict", "deaths": 1}}, {"type": "Feature", "geometry": {"type": "Point", "coordinates": [34.45, 31.51667]}, "properties": {"date": "2025-08-16", "year": 2025, "violence_type": "state-based conflict", "deaths": 2}}, {"type": "Feature", "geometry": {"type": "Point", "coordinates": [34.24344, 31.297]}, "properties": {"date": "2025-08-16", "year": 2025, "violence_type": "state-based conflict", "deaths": 2}}, {"type": "Feature", "geometry": {"type": "Point", "coordinates": [34.45, 31.51667]}, "properties": {"date": "2025-08-16", "year": 2025, "violence_type": "state-based conflict", "deaths": 1}}, {"type": "Feature", "geometry": {"type": "Point", "coordinates": [34.49454, 31.53639]}, "properties": {"date": "2025-08-16", "year": 2025, "violence_type": "state-based conflict", "deaths": 5}}, {"type": "Feature", "geometry": {"type": "Point", "coordinates": [34.49382, 31.59195]}, "properties": {"date": "2025-08-16", "year": 2025, "violence_type": "state-based conflict", "deaths": 5}}, {"type": "Feature", "geometry": {"type": "Point", "coordinates": [34.30306, 31.34444]}, "properties": {"date": "2025-08-16", "year": 2025, "violence_type": "state-based conflict", "deaths": 2}}, {"type": "Feature", "geometry": {"type": "Point", "coordinates": [34.5, 31.55]}, "properties": {"date": "2025-08-16", "year": 2025, "violence_type": "state-based conflict", "deaths": 9}}, {"type": "Feature", "geometry": {"type": "Point", "coordinates": [34.34363, 31.51647]}, "properties": {"date": "2025-08-16", "year": 2025, "violence_type": "one-sided violence", "deaths": 1}}, {"type": "Feature", "geometry": {"type": "Point", "coordinates": [34.40294, 31.43953]}, "properties": {"date": "2025-08-16", "year": 2025, "violence_type": "state-based conflict", "deaths": 6}}, {"type": "Feature", "geometry": {"type": "Point", "coordinates": [34.34085, 31.37389]}, "properties": {"date": "2025-08-16", "year": 2025, "violence_type": "state-based conflict", "deaths": 3}}, {"type": "Feature", "geometry": {"type": "Point", "coordinates": [34.39287, 31.44766]}, "properties": {"date": "2025-08-16", "year": 2025, "violence_type": "state-based conflict", "deaths": 2}}, {"type": "Feature", "geometry": {"type": "Point", "coordinates": [34.3734, 31.42507]}, "properties": {"date": "2025-08-17", "year": 2025, "violence_type": "state-based conflict", "deaths": 25}}, {"type": "Feature", "geometry": {"type": "Point", "coordinates": [34.25618, 31.34822]}, "properties": {"date": "2025-08-17", "year": 2025, "violence_type": "state-based conflict", "deaths": 4}}, {"type": "Feature", "geometry": {"type": "Point", "coordinates": [34.40294, 31.43953]}, "properties": {"date": "2025-08-17", "year": 2025, "violence_type": "state-based conflict", "deaths": 3}}, {"type": "Feature", "geometry": {"type": "Point", "coordinates": [34.49382, 31.59195]}, "properties": {"date": "2025-08-17", "year": 2025, "violence_type": "state-based conflict", "deaths": 2}}, {"type": "Feature", "geometry": {"type": "Point", "coordinates": [34.45, 31.51667]}, "properties": {"date": "2025-08-17", "year": 2025, "violence_type": "state-based conflict", "deaths": 1}}, {"type": "Feature", "geometry": {"type": "Point", "coordinates": [34.24344, 31.297]}, "properties": {"date": "2025-08-17", "year": 2025, "violence_type": "state-based conflict", "deaths": 3}}, {"type": "Feature", "geometry": {"type": "Point", "coordinates": [34.28806, 31.30833]}, "properties": {"date": "2025-08-17", "year": 2025, "violence_type": "state-based conflict", "deaths": 31}}, {"type": "Feature", "geometry": {"type": "Point", "coordinates": [34.45, 31.51667]}, "properties": {"date": "2025-08-17", "year": 2025, "violence_type": "state-based conflict", "deaths": 7}}, {"type": "Feature", "geometry": {"type": "Point", "coordinates": [34.24344, 31.297]}, "properties": {"date": "2025-08-18", "year": 2025, "violence_type": "state-based conflict", "deaths": 3}}, {"type": "Feature", "geometry": {"type": "Point", "coordinates": [34.45, 31.51667]}, "properties": {"date": "2025-08-18", "year": 2025, "violence_type": "state-based conflict", "deaths": 3}}, {"type": "Feature", "geometry": {"type": "Point", "coordinates": [34.34363, 31.51647]}, "properties": {"date": "2025-08-18", "year": 2025, "violence_type": "state-based conflict", "deaths": 1}}, {"type": "Feature", "geometry": {"type": "Point", "coordinates": [34.45, 31.51667]}, "properties": {"date": "2025-08-18", "year": 2025, "violence_type": "state-based conflict", "deaths": 1}}, {"type": "Feature", "geometry": {"type": "Point", "coordinates": [34.45, 31.51667]}, "properties": {"date": "2025-08-18", "year": 2025, "violence_type": "state-based conflict", "deaths": 2}}, {"type": "Feature", "geometry": {"type": "Point", "coordinates": [34.35014, 31.41748]}, "properties": {"date": "2025-08-18", "year": 2025, "violence_type": "state-based conflict", "deaths": 2}}, {"type": "Feature", "geometry": {"type": "Point", "coordinates": [34.39287, 31.44766]}, "properties": {"date": "2025-08-18", "year": 2025, "violence_type": "state-based conflict", "deaths": 1}}, {"type": "Feature", "geometry": {"type": "Point", "coordinates": [34.45, 31.51667]}, "properties": {"date": "2025-08-19", "year": 2025, "violence_type": "state-based conflict", "deaths": 2}}, {"type": "Feature", "geometry": {"type": "Point", "coordinates": [34.49382, 31.59195]}, "properties": {"date": "2025-08-19", "year": 2025, "violence_type": "state-based conflict", "deaths": 2}}, {"type": "Feature", "geometry": {"type": "Point", "coordinates": [34.3734, 31.42507]}, "properties": {"date": "2025-08-19", "year": 2025, "violence_type": "state-based conflict", "deaths": 10}}, {"type": "Feature", "geometry": {"type": "Point", "coordinates": [34.3697, 31.37446]}, "properties": {"date": "2025-08-19", "year": 2025, "violence_type": "state-based conflict", "deaths": 5}}, {"type": "Feature", "geometry": {"type": "Point", "coordinates": [34.25618, 31.34822]}, "properties": {"date": "2025-08-19", "year": 2025, "violence_type": "state-based conflict", "deaths": 4}}, {"type": "Feature", "geometry": {"type": "Point", "coordinates": [34.35014, 31.41748]}, "properties": {"date": "2025-08-19", "year": 2025, "violence_type": "state-based conflict", "deaths": 5}}, {"type": "Feature", "geometry": {"type": "Point", "coordinates": [34.25618, 31.34822]}, "properties": {"date": "2025-08-19", "year": 2025, "violence_type": "state-based conflict", "deaths": 8}}, {"type": "Feature", "geometry": {"type": "Point", "coordinates": [34.30306, 31.34444]}, "properties": {"date": "2025-08-19", "year": 2025, "violence_type": "state-based conflict", "deaths": 2}}, {"type": "Feature", "geometry": {"type": "Point", "coordinates": [34.30306, 31.34444]}, "properties": {"date": "2025-08-19", "year": 2025, "violence_type": "state-based conflict", "deaths": 1}}, {"type": "Feature", "geometry": {"type": "Point", "coordinates": [34.48347, 31.5272]}, "properties": {"date": "2025-08-19", "year": 2025, "violence_type": "state-based conflict", "deaths": 5}}, {"type": "Feature", "geometry": {"type": "Point", "coordinates": [34.35014, 31.41748]}, "properties": {"date": "2025-08-19", "year": 2025, "violence_type": "state-based conflict", "deaths": 2}}, {"type": "Feature", "geometry": {"type": "Point", "coordinates": [34.35014, 31.41748]}, "properties": {"date": "2025-08-19", "year": 2025, "violence_type": "state-based conflict", "deaths": 5}}, {"type": "Feature", "geometry": {"type": "Point", "coordinates": [34.25618, 31.34822]}, "properties": {"date": "2025-08-19", "year": 2025, "violence_type": "state-based conflict", "deaths": 1}}, {"type": "Feature", "geometry": {"type": "Point", "coordinates": [34.24344, 31.297]}, "properties": {"date": "2025-08-19", "year": 2025, "violence_type": "state-based conflict", "deaths": 1}}, {"type": "Feature", "geometry": {"type": "Point", "coordinates": [34.41332, 31.48219]}, "properties": {"date": "2025-08-19", "year": 2025, "violence_type": "state-based conflict", "deaths": 2}}, {"type": "Feature", "geometry": {"type": "Point", "coordinates": [34.44662, 31.53491]}, "properties": {"date": "2025-08-20", "year": 2025, "violence_type": "state-based conflict", "deaths": 6}}, {"type": "Feature", "geometry": {"type": "Point", "coordinates": [34.45, 31.51667]}, "properties": {"date": "2025-08-20", "year": 2025, "violence_type": "state-based conflict", "deaths": 2}}, {"type": "Feature", "geometry": {"type": "Point", "coordinates": [34.45, 31.51667]}, "properties": {"date": "2025-08-20", "year": 2025, "violence_type": "state-based conflict", "deaths": 2}}, {"type": "Feature", "geometry": {"type": "Point", "coordinates": [34.45, 31.51667]}, "properties": {"date": "2025-08-20", "year": 2025, "violence_type": "state-based conflict", "deaths": 2}}, {"type": "Feature", "geometry": {"type": "Point", "coordinates": [34.39287, 31.44766]}, "properties": {"date": "2025-08-20", "year": 2025, "violence_type": "state-based conflict", "deaths": 4}}, {"type": "Feature", "geometry": {"type": "Point", "coordinates": [34.30306, 31.34444]}, "properties": {"date": "2025-08-20", "year": 2025, "violence_type": "state-based conflict", "deaths": 3}}, {"type": "Feature", "geometry": {"type": "Point", "coordinates": [34.30306, 31.34444]}, "properties": {"date": "2025-08-20", "year": 2025, "violence_type": "state-based conflict", "deaths": 1}}, {"type": "Feature", "geometry": {"type": "Point", "coordinates": [34.30306, 31.34444]}, "properties": {"date": "2025-08-20", "year": 2025, "violence_type": "state-based conflict", "deaths": 8}}, {"type": "Feature", "geometry": {"type": "Point", "coordinates": [34.3734, 31.42507]}, "properties": {"date": "2025-08-20", "year": 2025, "violence_type": "state-based conflict", "deaths": 52}}, {"type": "Feature", "geometry": {"type": "Point", "coordinates": [34.45, 31.51667]}, "properties": {"date": "2025-08-20", "year": 2025, "violence_type": "state-based conflict", "deaths": 2}}, {"type": "Feature", "geometry": {"type": "Point", "coordinates": [34.41332, 31.48219]}, "properties": {"date": "2025-08-20", "year": 2025, "violence_type": "state-based conflict", "deaths": 8}}, {"type": "Feature", "geometry": {"type": "Point", "coordinates": [34.45, 31.51667]}, "properties": {"date": "2025-08-20", "year": 2025, "violence_type": "state-based conflict", "deaths": 4}}, {"type": "Feature", "geometry": {"type": "Point", "coordinates": [34.3601, 31.40984]}, "properties": {"date": "2025-08-21", "year": 2025, "violence_type": "state-based conflict", "deaths": 1}}, {"type": "Feature", "geometry": {"type": "Point", "coordinates": [34.48347, 31.5272]}, "properties": {"date": "2025-08-21", "year": 2025, "violence_type": "state-based conflict", "deaths": 2}}, {"type": "Feature", "geometry": {"type": "Point", "coordinates": [34.45, 31.51667]}, "properties": {"date": "2025-08-21", "year": 2025, "violence_type": "state-based conflict", "deaths": 1}}, {"type": "Feature", "geometry": {"type": "Point", "coordinates": [34.24344, 31.297]}, "properties": {"date": "2025-08-21", "year": 2025, "violence_type": "state-based conflict", "deaths": 3}}, {"type": "Feature", "geometry": {"type": "Point", "coordinates": [34.45, 31.51667]}, "properties": {"date": "2025-08-21", "year": 2025, "violence_type": "state-based conflict", "deaths": 4}}, {"type": "Feature", "geometry": {"type": "Point", "coordinates": [34.45, 31.51667]}, "properties": {"date": "2025-08-21", "year": 2025, "violence_type": "state-based conflict", "deaths": 1}}, {"type": "Feature", "geometry": {"type": "Point", "coordinates": [34.48347, 31.5272]}, "properties": {"date": "2025-08-21", "year": 2025, "violence_type": "state-based conflict", "deaths": 4}}, {"type": "Feature", "geometry": {"type": "Point", "coordinates": [34.45, 31.51667]}, "properties": {"date": "2025-08-21", "year": 2025, "violence_type": "state-based conflict", "deaths": 4}}, {"type": "Feature", "geometry": {"type": "Point", "coordinates": [34.45, 31.51667]}, "properties": {"date": "2025-08-21", "year": 2025, "violence_type": "state-based conflict", "deaths": 3}}, {"type": "Feature", "geometry": {"type": "Point", "coordinates": [34.45, 31.51667]}, "properties": {"date": "2025-08-21", "year": 2025, "violence_type": "state-based conflict", "deaths": 2}}, {"type": "Feature", "geometry": {"type": "Point", "coordinates": [34.3601, 31.40984]}, "properties": {"date": "2025-08-21", "year": 2025, "violence_type": "state-based conflict", "deaths": 5}}, {"type": "Feature", "geometry": {"type": "Point", "coordinates": [34.41475, 31.4554]}, "properties": {"date": "2025-08-21", "year": 2025, "violence_type": "state-based conflict", "deaths": 7}}, {"type": "Feature", "geometry": {"type": "Point", "coordinates": [35.49954, 33.29169]}, "properties": {"date": "2025-08-21", "year": 2025, "violence_type": "state-based conflict", "deaths": 1}}, {"type": "Feature", "geometry": {"type": "Point", "coordinates": [34.30306, 31.34444]}, "properties": {"date": "2025-08-21", "year": 2025, "violence_type": "state-based conflict", "deaths": 5}}, {"type": "Feature", "geometry": {"type": "Point", "coordinates": [34.45, 31.51667]}, "properties": {"date": "2025-08-21", "year": 2025, "violence_type": "state-based conflict", "deaths": 8}}, {"type": "Feature", "geometry": {"type": "Point", "coordinates": [35.0938, 31.52935]}, "properties": {"date": "2025-08-21", "year": 2025, "violence_type": "one-sided violence", "deaths": 1}}, {"type": "Feature", "geometry": {"type": "Point", "coordinates": [34.3734, 31.42507]}, "properties": {"date": "2025-08-22", "year": 2025, "violence_type": "state-based conflict", "deaths": 12}}, {"type": "Feature", "geometry": {"type": "Point", "coordinates": [34.39287, 31.44766]}, "properties": {"date": "2025-08-22", "year": 2025, "violence_type": "state-based conflict", "deaths": 2}}, {"type": "Feature", "geometry": {"type": "Point", "coordinates": [34.45, 31.51667]}, "properties": {"date": "2025-08-22", "year": 2025, "violence_type": "state-based conflict", "deaths": 2}}, {"type": "Feature", "geometry": {"type": "Point", "coordinates": [34.45, 31.51667]}, "properties": {"date": "2025-08-22", "year": 2025, "violence_type": "state-based conflict", "deaths": 2}}, {"type": "Feature", "geometry": {"type": "Point", "coordinates": [34.45, 31.51667]}, "properties": {"date": "2025-08-22", "year": 2025, "violence_type": "state-based conflict", "deaths": 3}}, {"type": "Feature", "geometry": {"type": "Point", "coordinates": [34.44662, 31.53491]}, "properties": {"date": "2025-08-22", "year": 2025, "violence_type": "state-based conflict", "deaths": 4}}, {"type": "Feature", "geometry": {"type": "Point", "coordinates": [34.45, 31.51667]}, "properties": {"date": "2025-08-22", "year": 2025, "violence_type": "state-based conflict", "deaths": 5}}, {"type": "Feature", "geometry": {"type": "Point", "coordinates": [34.3734, 31.42507]}, "properties": {"date": "2025-08-22", "year": 2025, "violence_type": "state-based conflict", "deaths": 1}}, {"type": "Feature", "geometry": {"type": "Point", "coordinates": [34.45, 31.51667]}, "properties": {"date": "2025-08-22", "year": 2025, "violence_type": "state-based conflict", "deaths": 12}}, {"type": "Feature", "geometry": {"type": "Point", "coordinates": [35.33444, 33.09722]}, "properties": {"date": "2025-08-22", "year": 2025, "violence_type": "state-based conflict", "deaths": 1}}, {"type": "Feature", "geometry": {"type": "Point", "coordinates": [34.30306, 31.34444]}, "properties": {"date": "2025-08-22", "year": 2025, "violence_type": "state-based conflict", "deaths": 5}}, {"type": "Feature", "geometry": {"type": "Point", "coordinates": [34.3734, 31.42507]}, "properties": {"date": "2025-08-23", "year": 2025, "violence_type": "state-based conflict", "deaths": 34}}, {"type": "Feature", "geometry": {"type": "Point", "coordinates": [34.24344, 31.297]}, "properties": {"date": "2025-08-23", "year": 2025, "violence_type": "state-based conflict", "deaths": 1}}, {"type": "Feature", "geometry": {"type": "Point", "coordinates": [34.45, 31.51667]}, "properties": {"date": "2025-08-23", "year": 2025, "violence_type": "state-based conflict", "deaths": 1}}, {"type": "Feature", "geometry": {"type": "Point", "coordinates": [34.49382, 31.59195]}, "properties": {"date": "2025-08-23", "year": 2025, "violence_type": "one-sided violence", "deaths": 1}}, {"type": "Feature", "geometry": {"type": "Point", "coordinates": [34.48347, 31.5272]}, "properties": {"date": "2025-08-23", "year": 2025, "violence_type": "state-based conflict", "deaths": 2}}, {"type": "Feature", "geometry": {"type": "Point", "coordinates": [34.45, 31.51667]}, "properties": {"date": "2025-08-23", "year": 2025, "violence_type": "state-based conflict", "deaths": 6}}, {"type": "Feature", "geometry": {"type": "Point", "coordinates": [34.29336, 31.34929]}, "properties": {"date": "2025-08-23", "year": 2025, "violence_type": "state-based conflict", "deaths": 2}}, {"type": "Feature", "geometry": {"type": "Point", "coordinates": [34.38538, 31.42136]}, "properties": {"date": "2025-08-23", "year": 2025, "violence_type": "state-based conflict", "deaths": 2}}, {"type": "Feature", "geometry": {"type": "Point", "coordinates": [34.35014, 31.41748]}, "properties": {"date": "2025-08-23", "year": 2025, "violence_type": "state-based conflict", "deaths": 1}}, {"type": "Feature", "geometry": {"type": "Point", "coordinates": [34.30306, 31.34444]}, "properties": {"date": "2025-08-23", "year": 2025, "violence_type": "state-based conflict", "deaths": 17}}, {"type": "Feature", "geometry": {"type": "Point", "coordinates": [34.48347, 31.5272]}, "properties": {"date": "2025-08-23", "year": 2025, "violence_type": "state-based conflict", "deaths": 3}}, {"type": "Feature", "geometry": {"type": "Point", "coordinates": [34.45, 31.51667]}, "properties": {"date": "2025-08-23", "year": 2025, "violence_type": "state-based conflict", "deaths": 1}}, {"type": "Feature", "geometry": {"type": "Point", "coordinates": [44.20667, 15.35472]}, "properties": {"date": "2025-08-24", "year": 2025, "violence_type": "state-based conflict", "deaths": 10}}, {"type": "Feature", "geometry": {"type": "Point", "coordinates": [36.29158, 33.51336]}, "properties": {"date": "2025-08-24", "year": 2025, "violence_type": "one-sided violence", "deaths": 1}}, {"type": "Feature", "geometry": {"type": "Point", "coordinates": [34.45, 31.51667]}, "properties": {"date": "2025-08-24", "year": 2025, "violence_type": "state-based conflict", "deaths": 3}}, {"type": "Feature", "geometry": {"type": "Point", "coordinates": [34.49514, 31.5464]}, "properties": {"date": "2025-08-24", "year": 2025, "violence_type": "state-based conflict", "deaths": 10}}, {"type": "Feature", "geometry": {"type": "Point", "coordinates": [34.24344, 31.297]}, "properties": {"date": "2025-08-24", "year": 2025, "violence_type": "state-based conflict", "deaths": 1}}, {"type": "Feature", "geometry": {"type": "Point", "coordinates": [34.41332, 31.48219]}, "properties": {"date": "2025-08-24", "year": 2025, "violence_type": "state-based conflict", "deaths": 3}}, {"type": "Feature", "geometry": {"type": "Point", "coordinates": [34.45, 31.51667]}, "properties": {"date": "2025-08-24", "year": 2025, "violence_type": "state-based conflict", "deaths": 1}}, {"type": "Feature", "geometry": {"type": "Point", "coordinates": [34.48347, 31.5272]}, "properties": {"date": "2025-08-24", "year": 2025, "violence_type": "state-based conflict", "deaths": 1}}, {"type": "Feature", "geometry": {"type": "Point", "coordinates": [34.45, 31.51667]}, "properties": {"date": "2025-08-24", "year": 2025, "violence_type": "state-based conflict", "deaths": 2}}, {"type": "Feature", "geometry": {"type": "Point", "coordinates": [34.29336, 31.34929]}, "properties": {"date": "2025-08-24", "year": 2025, "violence_type": "state-based conflict", "deaths": 4}}, {"type": "Feature", "geometry": {"type": "Point", "coordinates": [34.35014, 31.41748]}, "properties": {"date": "2025-08-24", "year": 2025, "violence_type": "state-based conflict", "deaths": 1}}, {"type": "Feature", "geometry": {"type": "Point", "coordinates": [34.45, 31.51667]}, "properties": {"date": "2025-08-24", "year": 2025, "violence_type": "state-based conflict", "deaths": 6}}, {"type": "Feature", "geometry": {"type": "Point", "coordinates": [34.45, 31.51667]}, "properties": {"date": "2025-08-25", "year": 2025, "violence_type": "state-based conflict", "deaths": 5}}, {"type": "Feature", "geometry": {"type": "Point", "coordinates": [34.45, 31.51667]}, "properties": {"date": "2025-08-25", "year": 2025, "violence_type": "state-based conflict", "deaths": 2}}, {"type": "Feature", "geometry": {"type": "Point", "coordinates": [34.30306, 31.34444]}, "properties": {"date": "2025-08-25", "year": 2025, "violence_type": "state-based conflict", "deaths": 2}}, {"type": "Feature", "geometry": {"type": "Point", "coordinates": [34.39287, 31.44766]}, "properties": {"date": "2025-08-25", "year": 2025, "violence_type": "state-based conflict", "deaths": 1}}, {"type": "Feature", "geometry": {"type": "Point", "coordinates": [36.30645, 33.27934]}, "properties": {"date": "2025-08-25", "year": 2025, "violence_type": "one-sided violence", "deaths": 1}}, {"type": "Feature", "geometry": {"type": "Point", "coordinates": [34.25618, 31.34822]}, "properties": {"date": "2025-08-25", "year": 2025, "violence_type": "state-based conflict", "deaths": 1}}, {"type": "Feature", "geometry": {"type": "Point", "coordinates": [34.48347, 31.5272]}, "properties": {"date": "2025-08-25", "year": 2025, "violence_type": "state-based conflict", "deaths": 1}}, {"type": "Feature", "geometry": {"type": "Point", "coordinates": [34.29336, 31.34929]}, "properties": {"date": "2025-08-25", "year": 2025, "violence_type": "state-based conflict", "deaths": 1}}, {"type": "Feature", "geometry": {"type": "Point", "coordinates": [34.30627, 31.34018]}, "properties": {"date": "2025-08-25", "year": 2025, "violence_type": "state-based conflict", "deaths": 1}}, {"type": "Feature", "geometry": {"type": "Point", "coordinates": [34.35014, 31.41748]}, "properties": {"date": "2025-08-25", "year": 2025, "violence_type": "state-based conflict", "deaths": 3}}, {"type": "Feature", "geometry": {"type": "Point", "coordinates": [34.30306, 31.34444]}, "properties": {"date": "2025-08-25", "year": 2025, "violence_type": "state-based conflict", "deaths": 22}}, {"type": "Feature", "geometry": {"type": "Point", "coordinates": [34.34085, 31.37389]}, "properties": {"date": "2025-08-26", "year": 2025, "violence_type": "state-based conflict", "deaths": 6}}, {"type": "Feature", "geometry": {"type": "Point", "coordinates": [36.38458, 33.33498]}, "properties": {"date": "2025-08-26", "year": 2025, "violence_type": "state-based conflict", "deaths": 6}}, {"type": "Feature", "geometry": {"type": "Point", "coordinates": [34.45, 31.51667]}, "properties": {"date": "2025-08-26", "year": 2025, "violence_type": "state-based conflict", "deaths": 9}}, {"type": "Feature", "geometry": {"type": "Point", "coordinates": [34.35014, 31.41748]}, "properties": {"date": "2025-08-26", "year": 2025, "violence_type": "state-based conflict", "deaths": 10}}, {"type": "Feature", "geometry": {"type": "Point", "coordinates": [34.45, 31.51667]}, "properties": {"date": "2025-08-26", "year": 2025, "violence_type": "state-based conflict", "deaths": 2}}, {"type": "Feature", "geometry": {"type": "Point", "coordinates": [34.45, 31.51667]}, "properties": {"date": "2025-08-26", "year": 2025, "violence_type": "state-based conflict", "deaths": 2}}, {"type": "Feature", "geometry": {"type": "Point", "coordinates": [34.45, 31.51667]}, "properties": {"date": "2025-08-26", "year": 2025, "violence_type": "state-based conflict", "deaths": 2}}, {"type": "Feature", "geometry": {"type": "Point", "coordinates": [34.45, 31.51667]}, "properties": {"date": "2025-08-26", "year": 2025, "violence_type": "state-based conflict", "deaths": 1}}, {"type": "Feature", "geometry": {"type": "Point", "coordinates": [34.41332, 31.48219]}, "properties": {"date": "2025-08-26", "year": 2025, "violence_type": "state-based conflict", "deaths": 1}}, {"type": "Feature", "geometry": {"type": "Point", "coordinates": [34.39287, 31.44766]}, "properties": {"date": "2025-08-26", "year": 2025, "violence_type": "state-based conflict", "deaths": 2}}, {"type": "Feature", "geometry": {"type": "Point", "coordinates": [34.35014, 31.41748]}, "properties": {"date": "2025-08-26", "year": 2025, "violence_type": "state-based conflict", "deaths": 2}}, {"type": "Feature", "geometry": {"type": "Point", "coordinates": [34.45, 31.51667]}, "properties": {"date": "2025-08-26", "year": 2025, "violence_type": "state-based conflict", "deaths": 3}}, {"type": "Feature", "geometry": {"type": "Point", "coordinates": [34.3734, 31.42507]}, "properties": {"date": "2025-08-26", "year": 2025, "violence_type": "state-based conflict", "deaths": 15}}, {"type": "Feature", "geometry": {"type": "Point", "coordinates": [34.45, 31.51667]}, "properties": {"date": "2025-08-26", "year": 2025, "violence_type": "state-based conflict", "deaths": 1}}, {"type": "Feature", "geometry": {"type": "Point", "coordinates": [34.45, 31.51667]}, "properties": {"date": "2025-08-26", "year": 2025, "violence_type": "state-based conflict", "deaths": 1}}, {"type": "Feature", "geometry": {"type": "Point", "coordinates": [34.45, 31.51667]}, "properties": {"date": "2025-08-26", "year": 2025, "violence_type": "state-based conflict", "deaths": 5}}, {"type": "Feature", "geometry": {"type": "Point", "coordinates": [34.45, 31.51667]}, "properties": {"date": "2025-08-26", "year": 2025, "violence_type": "state-based conflict", "deaths": 3}}, {"type": "Feature", "geometry": {"type": "Point", "coordinates": [34.45, 31.51667]}, "properties": {"date": "2025-08-26", "year": 2025, "violence_type": "state-based conflict", "deaths": 1}}, {"type": "Feature", "geometry": {"type": "Point", "coordinates": [34.41475, 31.4554]}, "properties": {"date": "2025-08-26", "year": 2025, "violence_type": "state-based conflict", "deaths": 7}}, {"type": "Feature", "geometry": {"type": "Point", "coordinates": [34.45, 31.51667]}, "properties": {"date": "2025-08-26", "year": 2025, "violence_type": "state-based conflict", "deaths": 4}}, {"type": "Feature", "geometry": {"type": "Point", "coordinates": [34.45, 31.51667]}, "properties": {"date": "2025-08-26", "year": 2025, "violence_type": "state-based conflict", "deaths": 7}}, {"type": "Feature", "geometry": {"type": "Point", "coordinates": [34.41332, 31.48219]}, "properties": {"date": "2025-08-27", "year": 2025, "violence_type": "state-based conflict", "deaths": 2}}, {"type": "Feature", "geometry": {"type": "Point", "coordinates": [34.30306, 31.34444]}, "properties": {"date": "2025-08-27", "year": 2025, "violence_type": "state-based conflict", "deaths": 4}}, {"type": "Feature", "geometry": {"type": "Point", "coordinates": [34.3697, 31.37446]}, "properties": {"date": "2025-08-27", "year": 2025, "violence_type": "state-based conflict", "deaths": 1}}, {"type": "Feature", "geometry": {"type": "Point", "coordinates": [34.45, 31.51667]}, "properties": {"date": "2025-08-27", "year": 2025, "violence_type": "state-based conflict", "deaths": 1}}, {"type": "Feature", "geometry": {"type": "Point", "coordinates": [34.45, 31.51667]}, "properties": {"date": "2025-08-27", "year": 2025, "violence_type": "state-based conflict", "deaths": 2}}, {"type": "Feature", "geometry": {"type": "Point", "coordinates": [34.45, 31.51667]}, "properties": {"date": "2025-08-27", "year": 2025, "violence_type": "state-based conflict", "deaths": 4}}, {"type": "Feature", "geometry": {"type": "Point", "coordinates": [34.30155, 31.37435]}, "properties": {"date": "2025-08-27", "year": 2025, "violence_type": "state-based conflict", "deaths": 3}}, {"type": "Feature", "geometry": {"type": "Point", "coordinates": [34.45, 31.51667]}, "properties": {"date": "2025-08-28", "year": 2025, "violence_type": "state-based conflict", "deaths": 1}}, {"type": "Feature", "geometry": {"type": "Point", "coordinates": [35.13417, 33.12]}, "properties": {"date": "2025-08-28", "year": 2025, "violence_type": "state-based conflict", "deaths": 2}}, {"type": "Feature", "geometry": {"type": "Point", "coordinates": [34.45, 31.51667]}, "properties": {"date": "2025-08-28", "year": 2025, "violence_type": "state-based conflict", "deaths": 1}}, {"type": "Feature", "geometry": {"type": "Point", "coordinates": [34.45, 31.51667]}, "properties": {"date": "2025-08-28", "year": 2025, "violence_type": "state-based conflict", "deaths": 1}}, {"type": "Feature", "geometry": {"type": "Point", "coordinates": [34.25618, 31.34822]}, "properties": {"date": "2025-08-28", "year": 2025, "violence_type": "state-based conflict", "deaths": 1}}, {"type": "Feature", "geometry": {"type": "Point", "coordinates": [44.20356, 15.2731]}, "properties": {"date": "2025-08-28", "year": 2025, "violence_type": "state-based conflict", "deaths": 20}}, {"type": "Feature", "geometry": {"type": "Point", "coordinates": [34.30155, 31.37435]}, "properties": {"date": "2025-08-28", "year": 2025, "violence_type": "state-based conflict", "deaths": 2}}, {"type": "Feature", "geometry": {"type": "Point", "coordinates": [34.48347, 31.5272]}, "properties": {"date": "2025-08-28", "year": 2025, "violence_type": "state-based conflict", "deaths": 5}}, {"type": "Feature", "geometry": {"type": "Point", "coordinates": [34.40294, 31.43953]}, "properties": {"date": "2025-08-28", "year": 2025, "violence_type": "state-based conflict", "deaths": 4}}, {"type": "Feature", "geometry": {"type": "Point", "coordinates": [34.25618, 31.34822]}, "properties": {"date": "2025-08-28", "year": 2025, "violence_type": "state-based conflict", "deaths": 5}}, {"type": "Feature", "geometry": {"type": "Point", "coordinates": [34.41475, 31.4554]}, "properties": {"date": "2025-08-28", "year": 2025, "violence_type": "state-based conflict", "deaths": 7}}, {"type": "Feature", "geometry": {"type": "Point", "coordinates": [34.40294, 31.43953]}, "properties": {"date": "2025-08-28", "year": 2025, "violence_type": "state-based conflict", "deaths": 2}}, {"type": "Feature", "geometry": {"type": "Point", "coordinates": [34.3734, 31.42507]}, "properties": {"date": "2025-08-28", "year": 2025, "violence_type": "state-based conflict", "deaths": 25}}, {"type": "Feature", "geometry": {"type": "Point", "coordinates": [34.45, 31.51667]}, "properties": {"date": "2025-08-28", "year": 2025, "violence_type": "state-based conflict", "deaths": 3}}, {"type": "Feature", "geometry": {"type": "Point", "coordinates": [34.30306, 31.34444]}, "properties": {"date": "2025-08-28", "year": 2025, "violence_type": "state-based conflict", "deaths": 1}}, {"type": "Feature", "geometry": {"type": "Point", "coordinates": [34.39287, 31.44766]}, "properties": {"date": "2025-08-29", "year": 2025, "violence_type": "state-based conflict", "deaths": 5}}, {"type": "Feature", "geometry": {"type": "Point", "coordinates": [34.45, 31.51667]}, "properties": {"date": "2025-08-29", "year": 2025, "violence_type": "state-based conflict", "deaths": 2}}, {"type": "Feature", "geometry": {"type": "Point", "coordinates": [34.3734, 31.42507]}, "properties": {"date": "2025-08-29", "year": 2025, "violence_type": "state-based conflict", "deaths": 17}}, {"type": "Feature", "geometry": {"type": "Point", "coordinates": [34.45, 31.51667]}, "properties": {"date": "2025-08-29", "year": 2025, "violence_type": "state-based conflict", "deaths": 3}}, {"type": "Feature", "geometry": {"type": "Point", "coordinates": [34.49514, 31.5464]}, "properties": {"date": "2025-08-29", "year": 2025, "violence_type": "state-based conflict", "deaths": 4}}, {"type": "Feature", "geometry": {"type": "Point", "coordinates": [34.30306, 31.34444]}, "properties": {"date": "2025-08-29", "year": 2025, "violence_type": "state-based conflict", "deaths": 2}}, {"type": "Feature", "geometry": {"type": "Point", "coordinates": [34.45, 31.51667]}, "properties": {"date": "2025-08-29", "year": 2025, "violence_type": "state-based conflict", "deaths": 1}}, {"type": "Feature", "geometry": {"type": "Point", "coordinates": [34.25618, 31.34822]}, "properties": {"date": "2025-08-29", "year": 2025, "violence_type": "state-based conflict", "deaths": 6}}, {"type": "Feature", "geometry": {"type": "Point", "coordinates": [34.40294, 31.43953]}, "properties": {"date": "2025-08-29", "year": 2025, "violence_type": "state-based conflict", "deaths": 2}}, {"type": "Feature", "geometry": {"type": "Point", "coordinates": [34.45, 31.51667]}, "properties": {"date": "2025-08-29", "year": 2025, "violence_type": "state-based conflict", "deaths": 9}}, {"type": "Feature", "geometry": {"type": "Point", "coordinates": [35.36733, 33.32085]}, "properties": {"date": "2025-08-29", "year": 2025, "violence_type": "state-based conflict", "deaths": 1}}, {"type": "Feature", "geometry": {"type": "Point", "coordinates": [34.39287, 31.44766]}, "properties": {"date": "2025-08-29", "year": 2025, "violence_type": "state-based conflict", "deaths": 8}}, {"type": "Feature", "geometry": {"type": "Point", "coordinates": [34.35014, 31.41748]}, "properties": {"date": "2025-08-29", "year": 2025, "violence_type": "state-based conflict", "deaths": 2}}, {"type": "Feature", "geometry": {"type": "Point", "coordinates": [34.49382, 31.59195]}, "properties": {"date": "2025-08-29", "year": 2025, "violence_type": "state-based conflict", "deaths": 9}}, {"type": "Feature", "geometry": {"type": "Point", "coordinates": [34.35014, 31.41748]}, "properties": {"date": "2025-08-29", "year": 2025, "violence_type": "state-based conflict", "deaths": 3}}, {"type": "Feature", "geometry": {"type": "Point", "coordinates": [34.34363, 31.51647]}, "properties": {"date": "2025-08-29", "year": 2025, "violence_type": "state-based conflict", "deaths": 1}}, {"type": "Feature", "geometry": {"type": "Point", "coordinates": [34.39287, 31.44766]}, "properties": {"date": "2025-08-29", "year": 2025, "violence_type": "state-based conflict", "deaths": 4}}, {"type": "Feature", "geometry": {"type": "Point", "coordinates": [34.45, 31.51667]}, "properties": {"date": "2025-08-30", "year": 2025, "violence_type": "state-based conflict", "deaths": 4}}, {"type": "Feature", "geometry": {"type": "Point", "coordinates": [34.45, 31.51667]}, "properties": {"date": "2025-08-30", "year": 2025, "violence_type": "state-based conflict", "deaths": 1}}, {"type": "Feature", "geometry": {"type": "Point", "coordinates": [34.45, 31.51667]}, "properties": {"date": "2025-08-30", "year": 2025, "violence_type": "state-based conflict", "deaths": 5}}, {"type": "Feature", "geometry": {"type": "Point", "coordinates": [34.44662, 31.53491]}, "properties": {"date": "2025-08-30", "year": 2025, "violence_type": "state-based conflict", "deaths": 5}}, {"type": "Feature", "geometry": {"type": "Point", "coordinates": [34.48347, 31.5272]}, "properties": {"date": "2025-08-30", "year": 2025, "violence_type": "state-based conflict", "deaths": 2}}, {"type": "Feature", "geometry": {"type": "Point", "coordinates": [34.45, 31.51667]}, "properties": {"date": "2025-08-30", "year": 2025, "violence_type": "state-based conflict", "deaths": 12}}, {"type": "Feature", "geometry": {"type": "Point", "coordinates": [34.45, 31.51667]}, "properties": {"date": "2025-08-30", "year": 2025, "violence_type": "state-based conflict", "deaths": 3}}, {"type": "Feature", "geometry": {"type": "Point", "coordinates": [34.30306, 31.34444]}, "properties": {"date": "2025-08-30", "year": 2025, "violence_type": "state-based conflict", "deaths": 1}}, {"type": "Feature", "geometry": {"type": "Point", "coordinates": [34.30306, 31.34444]}, "properties": {"date": "2025-08-30", "year": 2025, "violence_type": "state-based conflict", "deaths": 3}}, {"type": "Feature", "geometry": {"type": "Point", "coordinates": [34.40294, 31.43953]}, "properties": {"date": "2025-08-30", "year": 2025, "violence_type": "state-based conflict", "deaths": 1}}, {"type": "Feature", "geometry": {"type": "Point", "coordinates": [34.3601, 31.40984]}, "properties": {"date": "2025-08-30", "year": 2025, "violence_type": "state-based conflict", "deaths": 5}}, {"type": "Feature", "geometry": {"type": "Point", "coordinates": [34.35014, 31.41748]}, "properties": {"date": "2025-08-30", "year": 2025, "violence_type": "state-based conflict", "deaths": 1}}, {"type": "Feature", "geometry": {"type": "Point", "coordinates": [34.45, 31.51667]}, "properties": {"date": "2025-08-30", "year": 2025, "violence_type": "state-based conflict", "deaths": 1}}, {"type": "Feature", "geometry": {"type": "Point", "coordinates": [34.45, 31.51667]}, "properties": {"date": "2025-08-30", "year": 2025, "violence_type": "state-based conflict", "deaths": 11}}, {"type": "Feature", "geometry": {"type": "Point", "coordinates": [34.45, 31.51667]}, "properties": {"date": "2025-08-30", "year": 2025, "violence_type": "state-based conflict", "deaths": 1}}, {"type": "Feature", "geometry": {"type": "Point", "coordinates": [34.49514, 31.5464]}, "properties": {"date": "2025-08-30", "year": 2025, "violence_type": "state-based conflict", "deaths": 4}}, {"type": "Feature", "geometry": {"type": "Point", "coordinates": [34.3734, 31.42507]}, "properties": {"date": "2025-08-30", "year": 2025, "violence_type": "state-based conflict", "deaths": 2}}, {"type": "Feature", "geometry": {"type": "Point", "coordinates": [34.45, 31.51667]}, "properties": {"date": "2025-08-30", "year": 2025, "violence_type": "state-based conflict", "deaths": 1}}, {"type": "Feature", "geometry": {"type": "Point", "coordinates": [34.45, 31.51667]}, "properties": {"date": "2025-08-30", "year": 2025, "violence_type": "state-based conflict", "deaths": 1}}, {"type": "Feature", "geometry": {"type": "Point", "coordinates": [34.39287, 31.44766]}, "properties": {"date": "2025-08-30", "year": 2025, "violence_type": "state-based conflict", "deaths": 3}}, {"type": "Feature", "geometry": {"type": "Point", "coordinates": [34.24344, 31.297]}, "properties": {"date": "2025-08-30", "year": 2025, "violence_type": "state-based conflict", "deaths": 2}}, {"type": "Feature", "geometry": {"type": "Point", "coordinates": [34.41475, 31.4554]}, "properties": {"date": "2025-08-30", "year": 2025, "violence_type": "state-based conflict", "deaths": 5}}, {"type": "Feature", "geometry": {"type": "Point", "coordinates": [34.45, 31.51667]}, "properties": {"date": "2025-08-30", "year": 2025, "violence_type": "state-based conflict", "deaths": 1}}, {"type": "Feature", "geometry": {"type": "Point", "coordinates": [34.45, 31.51667]}, "properties": {"date": "2025-08-31", "year": 2025, "violence_type": "state-based conflict", "deaths": 3}}, {"type": "Feature", "geometry": {"type": "Point", "coordinates": [34.35014, 31.41748]}, "properties": {"date": "2025-08-31", "year": 2025, "violence_type": "state-based conflict", "deaths": 4}}, {"type": "Feature", "geometry": {"type": "Point", "coordinates": [34.45, 31.51667]}, "properties": {"date": "2025-08-31", "year": 2025, "violence_type": "state-based conflict", "deaths": 1}}, {"type": "Feature", "geometry": {"type": "Point", "coordinates": [34.45, 31.51667]}, "properties": {"date": "2025-08-31", "year": 2025, "violence_type": "state-based conflict", "deaths": 2}}, {"type": "Feature", "geometry": {"type": "Point", "coordinates": [34.45, 31.51667]}, "properties": {"date": "2025-08-31", "year": 2025, "violence_type": "state-based conflict", "deaths": 1}}, {"type": "Feature", "geometry": {"type": "Point", "coordinates": [34.45, 31.51667]}, "properties": {"date": "2025-08-31", "year": 2025, "violence_type": "state-based conflict", "deaths": 2}}, {"type": "Feature", "geometry": {"type": "Point", "coordinates": [34.45, 31.51667]}, "properties": {"date": "2025-08-31", "year": 2025, "violence_type": "state-based conflict", "deaths": 8}}, {"type": "Feature", "geometry": {"type": "Point", "coordinates": [34.48347, 31.5272]}, "properties": {"date": "2025-08-31", "year": 2025, "violence_type": "state-based conflict", "deaths": 2}}, {"type": "Feature", "geometry": {"type": "Point", "coordinates": [34.45, 31.51667]}, "properties": {"date": "2025-08-31", "year": 2025, "violence_type": "state-based conflict", "deaths": 1}}, {"type": "Feature", "geometry": {"type": "Point", "coordinates": [34.45, 31.51667]}, "properties": {"date": "2025-08-31", "year": 2025, "violence_type": "state-based conflict", "deaths": 1}}, {"type": "Feature", "geometry": {"type": "Point", "coordinates": [34.35014, 31.41748]}, "properties": {"date": "2025-08-31", "year": 2025, "violence_type": "state-based conflict", "deaths": 1}}, {"type": "Feature", "geometry": {"type": "Point", "coordinates": [34.24344, 31.297]}, "properties": {"date": "2025-08-31", "year": 2025, "violence_type": "state-based conflict", "deaths": 2}}, {"type": "Feature", "geometry": {"type": "Point", "coordinates": [34.45, 31.51667]}, "properties": {"date": "2025-08-31", "year": 2025, "violence_type": "state-based conflict", "deaths": 2}}, {"type": "Feature", "geometry": {"type": "Point", "coordinates": [34.38538, 31.42136]}, "properties": {"date": "2025-08-31", "year": 2025, "violence_type": "state-based conflict", "deaths": 1}}, {"type": "Feature", "geometry": {"type": "Point", "coordinates": [34.34085, 31.37389]}, "properties": {"date": "2025-08-31", "year": 2025, "violence_type": "state-based conflict", "deaths": 1}}, {"type": "Feature", "geometry": {"type": "Point", "coordinates": [34.3734, 31.42507]}, "properties": {"date": "2025-08-31", "year": 2025, "violence_type": "state-based conflict", "deaths": 13}}, {"type": "Feature", "geometry": {"type": "Point", "coordinates": [34.45, 31.51667]}, "properties": {"date": "2025-08-31", "year": 2025, "violence_type": "state-based conflict", "deaths": 2}}, {"type": "Feature", "geometry": {"type": "Point", "coordinates": [34.48347, 31.5272]}, "properties": {"date": "2025-08-31", "year": 2025, "violence_type": "state-based conflict", "deaths": 7}}, {"type": "Feature", "geometry": {"type": "Point", "coordinates": [34.45, 31.51667]}, "properties": {"date": "2025-08-31", "year": 2025, "violence_type": "state-based conflict", "deaths": 4}}, {"type": "Feature", "geometry": {"type": "Point", "coordinates": [35.4925, 33.36389]}, "properties": {"date": "2025-08-31", "year": 2025, "violence_type": "state-based conflict", "deaths": 1}}, {"type": "Feature", "geometry": {"type": "Point", "coordinates": [34.41475, 31.4554]}, "properties": {"date": "2025-08-31", "year": 2025, "violence_type": "state-based conflict", "deaths": 7}}, {"type": "Feature", "geometry": {"type": "Point", "coordinates": [34.28806, 31.30833]}, "properties": {"date": "2025-08-31", "year": 2025, "violence_type": "state-based conflict", "deaths": 14}}, {"type": "Feature", "geometry": {"type": "Point", "coordinates": [34.49514, 31.5464]}, "properties": {"date": "2025-08-31", "year": 2025, "violence_type": "state-based conflict", "deaths": 7}}, {"type": "Feature", "geometry": {"type": "Point", "coordinates": [34.45, 31.51667]}, "properties": {"date": "2025-08-31", "year": 2025, "violence_type": "state-based conflict", "deaths": 4}}, {"type": "Feature", "geometry": {"type": "Point", "coordinates": [34.44662, 31.53491]}, "properties": {"date": "2025-09-01", "year": 2025, "violence_type": "state-based conflict", "deaths": 2}}, {"type": "Feature", "geometry": {"type": "Point", "coordinates": [34.45, 31.51667]}, "properties": {"date": "2025-09-01", "year": 2025, "violence_type": "state-based conflict", "deaths": 5}}, {"type": "Feature", "geometry": {"type": "Point", "coordinates": [34.35014, 31.41748]}, "properties": {"date": "2025-09-01", "year": 2025, "violence_type": "state-based conflict", "deaths": 1}}, {"type": "Feature", "geometry": {"type": "Point", "coordinates": [34.25618, 31.34822]}, "properties": {"date": "2025-09-01", "year": 2025, "violence_type": "state-based conflict", "deaths": 1}}, {"type": "Feature", "geometry": {"type": "Point", "coordinates": [34.45, 31.51667]}, "properties": {"date": "2025-09-01", "year": 2025, "violence_type": "state-based conflict", "deaths": 2}}, {"type": "Feature", "geometry": {"type": "Point", "coordinates": [34.45, 31.51667]}, "properties": {"date": "2025-09-01", "year": 2025, "violence_type": "state-based conflict", "deaths": 2}}, {"type": "Feature", "geometry": {"type": "Point", "coordinates": [34.44662, 31.53491]}, "properties": {"date": "2025-09-01", "year": 2025, "violence_type": "state-based conflict", "deaths": 2}}, {"type": "Feature", "geometry": {"type": "Point", "coordinates": [34.45, 31.51667]}, "properties": {"date": "2025-09-01", "year": 2025, "violence_type": "state-based conflict", "deaths": 3}}, {"type": "Feature", "geometry": {"type": "Point", "coordinates": [34.32534, 31.34278]}, "properties": {"date": "2025-09-01", "year": 2025, "violence_type": "state-based conflict", "deaths": 3}}, {"type": "Feature", "geometry": {"type": "Point", "coordinates": [34.45, 31.51667]}, "properties": {"date": "2025-09-01", "year": 2025, "violence_type": "state-based conflict", "deaths": 3}}, {"type": "Feature", "geometry": {"type": "Point", "coordinates": [34.45, 31.51667]}, "properties": {"date": "2025-09-01", "year": 2025, "violence_type": "state-based conflict", "deaths": 2}}, {"type": "Feature", "geometry": {"type": "Point", "coordinates": [34.45, 31.51667]}, "properties": {"date": "2025-09-01", "year": 2025, "violence_type": "state-based conflict", "deaths": 5}}, {"type": "Feature", "geometry": {"type": "Point", "coordinates": [34.45, 31.51667]}, "properties": {"date": "2025-09-01", "year": 2025, "violence_type": "state-based conflict", "deaths": 1}}, {"type": "Feature", "geometry": {"type": "Point", "coordinates": [34.35014, 31.41748]}, "properties": {"date": "2025-09-01", "year": 2025, "violence_type": "state-based conflict", "deaths": 1}}, {"type": "Feature", "geometry": {"type": "Point", "coordinates": [34.25618, 31.34822]}, "properties": {"date": "2025-09-01", "year": 2025, "violence_type": "state-based conflict", "deaths": 1}}, {"type": "Feature", "geometry": {"type": "Point", "coordinates": [34.45, 31.51667]}, "properties": {"date": "2025-09-01", "year": 2025, "violence_type": "state-based conflict", "deaths": 4}}, {"type": "Feature", "geometry": {"type": "Point", "coordinates": [34.45, 31.51667]}, "properties": {"date": "2025-09-01", "year": 2025, "violence_type": "state-based conflict", "deaths": 3}}, {"type": "Feature", "geometry": {"type": "Point", "coordinates": [34.45, 31.51667]}, "properties": {"date": "2025-09-01", "year": 2025, "violence_type": "state-based conflict", "deaths": 3}}, {"type": "Feature", "geometry": {"type": "Point", "coordinates": [34.41475, 31.4554]}, "properties": {"date": "2025-09-02", "year": 2025, "violence_type": "state-based conflict", "deaths": 10}}, {"type": "Feature", "geometry": {"type": "Point", "coordinates": [34.30306, 31.34444]}, "properties": {"date": "2025-09-02", "year": 2025, "violence_type": "state-based conflict", "deaths": 10}}, {"type": "Feature", "geometry": {"type": "Point", "coordinates": [34.25618, 31.34822]}, "properties": {"date": "2025-09-02", "year": 2025, "violence_type": "state-based conflict", "deaths": 13}}, {"type": "Feature", "geometry": {"type": "Point", "coordinates": [34.45, 31.51667]}, "properties": {"date": "2025-09-02", "year": 2025, "violence_type": "state-based conflict", "deaths": 1}}, {"type": "Feature", "geometry": {"type": "Point", "coordinates": [34.45, 31.51667]}, "properties": {"date": "2025-09-02", "year": 2025, "violence_type": "state-based conflict", "deaths": 7}}, {"type": "Feature", "geometry": {"type": "Point", "coordinates": [34.45, 31.51667]}, "properties": {"date": "2025-09-02", "year": 2025, "violence_type": "state-based conflict", "deaths": 11}}, {"type": "Feature", "geometry": {"type": "Point", "coordinates": [34.45, 31.51667]}, "properties": {"date": "2025-09-02", "year": 2025, "violence_type": "state-based conflict", "deaths": 0}}, {"type": "Feature", "geometry": {"type": "Point", "coordinates": [34.41475, 31.4554]}, "properties": {"date": "2025-09-02", "year": 2025, "violence_type": "state-based conflict", "deaths": 4}}, {"type": "Feature", "geometry": {"type": "Point", "coordinates": [34.41475, 31.4554]}, "properties": {"date": "2025-09-02", "year": 2025, "violence_type": "state-based conflict", "deaths": 2}}, {"type": "Feature", "geometry": {"type": "Point", "coordinates": [34.3734, 31.42507]}, "properties": {"date": "2025-09-02", "year": 2025, "violence_type": "state-based conflict", "deaths": 34}}, {"type": "Feature", "geometry": {"type": "Point", "coordinates": [34.45, 31.51667]}, "properties": {"date": "2025-09-02", "year": 2025, "violence_type": "state-based conflict", "deaths": 9}}, {"type": "Feature", "geometry": {"type": "Point", "coordinates": [34.30627, 31.34018]}, "properties": {"date": "2025-09-02", "year": 2025, "violence_type": "state-based conflict", "deaths": 1}}, {"type": "Feature", "geometry": {"type": "Point", "coordinates": [34.45, 31.51667]}, "properties": {"date": "2025-09-02", "year": 2025, "violence_type": "state-based conflict", "deaths": 1}}, {"type": "Feature", "geometry": {"type": "Point", "coordinates": [34.35014, 31.41748]}, "properties": {"date": "2025-09-02", "year": 2025, "violence_type": "state-based conflict", "deaths": 1}}, {"type": "Feature", "geometry": {"type": "Point", "coordinates": [34.45, 31.51667]}, "properties": {"date": "2025-09-02", "year": 2025, "violence_type": "state-based conflict", "deaths": 3}}, {"type": "Feature", "geometry": {"type": "Point", "coordinates": [34.45, 31.51667]}, "properties": {"date": "2025-09-02", "year": 2025, "violence_type": "state-based conflict", "deaths": 1}}, {"type": "Feature", "geometry": {"type": "Point", "coordinates": [34.45, 31.51667]}, "properties": {"date": "2025-09-02", "year": 2025, "violence_type": "state-based conflict", "deaths": 1}}, {"type": "Feature", "geometry": {"type": "Point", "coordinates": [34.45, 31.51667]}, "properties": {"date": "2025-09-02", "year": 2025, "violence_type": "state-based conflict", "deaths": 2}}, {"type": "Feature", "geometry": {"type": "Point", "coordinates": [34.40294, 31.43953]}, "properties": {"date": "2025-09-02", "year": 2025, "violence_type": "state-based conflict", "deaths": 1}}, {"type": "Feature", "geometry": {"type": "Point", "coordinates": [34.24344, 31.297]}, "properties": {"date": "2025-09-03", "year": 2025, "violence_type": "state-based conflict", "deaths": 2}}, {"type": "Feature", "geometry": {"type": "Point", "coordinates": [34.45, 31.51667]}, "properties": {"date": "2025-09-03", "year": 2025, "violence_type": "state-based conflict", "deaths": 5}}, {"type": "Feature", "geometry": {"type": "Point", "coordinates": [34.45, 31.51667]}, "properties": {"date": "2025-09-03", "year": 2025, "violence_type": "state-based conflict", "deaths": 3}}, {"type": "Feature", "geometry": {"type": "Point", "coordinates": [34.24344, 31.297]}, "properties": {"date": "2025-09-03", "year": 2025, "violence_type": "state-based conflict", "deaths": 3}}, {"type": "Feature", "geometry": {"type": "Point", "coordinates": [35.33028, 33.15417]}, "properties": {"date": "2025-09-03", "year": 2025, "violence_type": "state-based conflict", "deaths": 1}}, {"type": "Feature", "geometry": {"type": "Point", "coordinates": [34.38538, 31.42136]}, "properties": {"date": "2025-09-03", "year": 2025, "violence_type": "state-based conflict", "deaths": 4}}, {"type": "Feature", "geometry": {"type": "Point", "coordinates": [34.28806, 31.30833]}, "properties": {"date": "2025-09-03", "year": 2025, "violence_type": "state-based conflict", "deaths": 10}}, {"type": "Feature", "geometry": {"type": "Point", "coordinates": [34.45, 31.51667]}, "properties": {"date": "2025-09-03", "year": 2025, "violence_type": "state-based conflict", "deaths": 8}}, {"type": "Feature", "geometry": {"type": "Point", "coordinates": [34.3734, 31.42507]}, "properties": {"date": "2025-09-03", "year": 2025, "violence_type": "state-based conflict", "deaths": 11}}, {"type": "Feature", "geometry": {"type": "Point", "coordinates": [34.45, 31.51667]}, "properties": {"date": "2025-09-03", "year": 2025, "violence_type": "state-based conflict", "deaths": 1}}, {"type": "Feature", "geometry": {"type": "Point", "coordinates": [34.45, 31.51667]}, "properties": {"date": "2025-09-03", "year": 2025, "violence_type": "state-based conflict", "deaths": 0}}, {"type": "Feature", "geometry": {"type": "Point", "coordinates": [34.45, 31.51667]}, "properties": {"date": "2025-09-03", "year": 2025, "violence_type": "state-based conflict", "deaths": 5}}, {"type": "Feature", "geometry": {"type": "Point", "coordinates": [34.45, 31.51667]}, "properties": {"date": "2025-09-03", "year": 2025, "violence_type": "state-based conflict", "deaths": 7}}, {"type": "Feature", "geometry": {"type": "Point", "coordinates": [34.45, 31.51667]}, "properties": {"date": "2025-09-03", "year": 2025, "violence_type": "state-based conflict", "deaths": 10}}, {"type": "Feature", "geometry": {"type": "Point", "coordinates": [34.45, 31.51667]}, "properties": {"date": "2025-09-03", "year": 2025, "violence_type": "state-based conflict", "deaths": 7}}, {"type": "Feature", "geometry": {"type": "Point", "coordinates": [34.30306, 31.34444]}, "properties": {"date": "2025-09-03", "year": 2025, "violence_type": "state-based conflict", "deaths": 1}}, {"type": "Feature", "geometry": {"type": "Point", "coordinates": [34.45, 31.51667]}, "properties": {"date": "2025-09-04", "year": 2025, "violence_type": "state-based conflict", "deaths": 5}}, {"type": "Feature", "geometry": {"type": "Point", "coordinates": [34.35014, 31.41748]}, "properties": {"date": "2025-09-04", "year": 2025, "violence_type": "state-based conflict", "deaths": 4}}, {"type": "Feature", "geometry": {"type": "Point", "coordinates": [34.45, 31.51667]}, "properties": {"date": "2025-09-04", "year": 2025, "violence_type": "state-based conflict", "deaths": 11}}, {"type": "Feature", "geometry": {"type": "Point", "coordinates": [34.24344, 31.297]}, "properties": {"date": "2025-09-04", "year": 2025, "violence_type": "state-based conflict", "deaths": 7}}, {"type": "Feature", "geometry": {"type": "Point", "coordinates": [34.35014, 31.41748]}, "properties": {"date": "2025-09-04", "year": 2025, "violence_type": "state-based conflict", "deaths": 1}}, {"type": "Feature", "geometry": {"type": "Point", "coordinates": [34.3734, 31.42507]}, "properties": {"date": "2025-09-04", "year": 2025, "violence_type": "state-based conflict", "deaths": 38}}, {"type": "Feature", "geometry": {"type": "Point", "coordinates": [34.30306, 31.34444]}, "properties": {"date": "2025-09-04", "year": 2025, "violence_type": "state-based conflict", "deaths": 3}}, {"type": "Feature", "geometry": {"type": "Point", "coordinates": [34.39287, 31.44766]}, "properties": {"date": "2025-09-04", "year": 2025, "violence_type": "state-based conflict", "deaths": 7}}, {"type": "Feature", "geometry": {"type": "Point", "coordinates": [34.45, 31.51667]}, "properties": {"date": "2025-09-04", "year": 2025, "violence_type": "state-based conflict", "deaths": 2}}, {"type": "Feature", "geometry": {"type": "Point", "coordinates": [34.45, 31.51667]}, "properties": {"date": "2025-09-04", "year": 2025, "violence_type": "state-based conflict", "deaths": 4}}, {"type": "Feature", "geometry": {"type": "Point", "coordinates": [34.45, 31.51667]}, "properties": {"date": "2025-09-04", "year": 2025, "violence_type": "state-based conflict", "deaths": 3}}, {"type": "Feature", "geometry": {"type": "Point", "coordinates": [34.45, 31.51667]}, "properties": {"date": "2025-09-04", "year": 2025, "violence_type": "state-based conflict", "deaths": 3}}, {"type": "Feature", "geometry": {"type": "Point", "coordinates": [34.35014, 31.41748]}, "properties": {"date": "2025-09-04", "year": 2025, "violence_type": "state-based conflict", "deaths": 1}}, {"type": "Feature", "geometry": {"type": "Point", "coordinates": [34.45, 31.51667]}, "properties": {"date": "2025-09-04", "year": 2025, "violence_type": "state-based conflict", "deaths": 3}}, {"type": "Feature", "geometry": {"type": "Point", "coordinates": [34.45, 31.51667]}, "properties": {"date": "2025-09-04", "year": 2025, "violence_type": "state-based conflict", "deaths": 5}}, {"type": "Feature", "geometry": {"type": "Point", "coordinates": [34.45, 31.51667]}, "properties": {"date": "2025-09-05", "year": 2025, "violence_type": "state-based conflict", "deaths": 3}}, {"type": "Feature", "geometry": {"type": "Point", "coordinates": [34.45, 31.51667]}, "properties": {"date": "2025-09-05", "year": 2025, "violence_type": "state-based conflict", "deaths": 2}}, {"type": "Feature", "geometry": {"type": "Point", "coordinates": [34.45, 31.51667]}, "properties": {"date": "2025-09-05", "year": 2025, "violence_type": "state-based conflict", "deaths": 2}}, {"type": "Feature", "geometry": {"type": "Point", "coordinates": [34.45, 31.51667]}, "properties": {"date": "2025-09-05", "year": 2025, "violence_type": "state-based conflict", "deaths": 1}}, {"type": "Feature", "geometry": {"type": "Point", "coordinates": [34.45, 31.51667]}, "properties": {"date": "2025-09-05", "year": 2025, "violence_type": "state-based conflict", "deaths": 4}}, {"type": "Feature", "geometry": {"type": "Point", "coordinates": [35.26362, 32.21992]}, "properties": {"date": "2025-09-05", "year": 2025, "violence_type": "one-sided violence", "deaths": 1}}, {"type": "Feature", "geometry": {"type": "Point", "coordinates": [34.3734, 31.42507]}, "properties": {"date": "2025-09-05", "year": 2025, "violence_type": "state-based conflict", "deaths": 41}}, {"type": "Feature", "geometry": {"type": "Point", "coordinates": [34.35014, 31.41748]}, "properties": {"date": "2025-09-05", "year": 2025, "violence_type": "state-based conflict", "deaths": 4}}, {"type": "Feature", "geometry": {"type": "Point", "coordinates": [34.45, 31.51667]}, "properties": {"date": "2025-09-05", "year": 2025, "violence_type": "state-based conflict", "deaths": 4}}, {"type": "Feature", "geometry": {"type": "Point", "coordinates": [34.45, 31.51667]}, "properties": {"date": "2025-09-05", "year": 2025, "violence_type": "state-based conflict", "deaths": 6}}, {"type": "Feature", "geometry": {"type": "Point", "coordinates": [34.45, 31.51667]}, "properties": {"date": "2025-09-05", "year": 2025, "violence_type": "state-based conflict", "deaths": 3}}, {"type": "Feature", "geometry": {"type": "Point", "coordinates": [34.25618, 31.34822]}, "properties": {"date": "2025-09-06", "year": 2025, "violence_type": "state-based conflict", "deaths": 2}}, {"type": "Feature", "geometry": {"type": "Point", "coordinates": [34.30306, 31.34444]}, "properties": {"date": "2025-09-06", "year": 2025, "violence_type": "state-based conflict", "deaths": 3}}, {"type": "Feature", "geometry": {"type": "Point", "coordinates": [34.49514, 31.5464]}, "properties": {"date": "2025-09-06", "year": 2025, "violence_type": "state-based conflict", "deaths": 13}}, {"type": "Feature", "geometry": {"type": "Point", "coordinates": [34.25618, 31.34822]}, "properties": {"date": "2025-09-06", "year": 2025, "violence_type": "state-based conflict", "deaths": 1}}, {"type": "Feature", "geometry": {"type": "Point", "coordinates": [34.49382, 31.59195]}, "properties": {"date": "2025-09-06", "year": 2025, "violence_type": "state-based conflict", "deaths": 3}}, {"type": "Feature", "geometry": {"type": "Point", "coordinates": [34.3734, 31.42507]}, "properties": {"date": "2025-09-06", "year": 2025, "violence_type": "state-based conflict", "deaths": 14}}, {"type": "Feature", "geometry": {"type": "Point", "coordinates": [34.45, 31.51667]}, "properties": {"date": "2025-09-06", "year": 2025, "violence_type": "state-based conflict", "deaths": 1}}, {"type": "Feature", "geometry": {"type": "Point", "coordinates": [34.30306, 31.34444]}, "properties": {"date": "2025-09-06", "year": 2025, "violence_type": "state-based conflict", "deaths": 1}}, {"type": "Feature", "geometry": {"type": "Point", "coordinates": [34.45, 31.51667]}, "properties": {"date": "2025-09-06", "year": 2025, "violence_type": "state-based conflict", "deaths": 1}}, {"type": "Feature", "geometry": {"type": "Point", "coordinates": [34.45, 31.51667]}, "properties": {"date": "2025-09-06", "year": 2025, "violence_type": "state-based conflict", "deaths": 2}}, {"type": "Feature", "geometry": {"type": "Point", "coordinates": [34.45, 31.51667]}, "properties": {"date": "2025-09-06", "year": 2025, "violence_type": "state-based conflict", "deaths": 1}}, {"type": "Feature", "geometry": {"type": "Point", "coordinates": [34.35014, 31.41748]}, "properties": {"date": "2025-09-06", "year": 2025, "violence_type": "state-based conflict", "deaths": 2}}, {"type": "Feature", "geometry": {"type": "Point", "coordinates": [34.45, 31.51667]}, "properties": {"date": "2025-09-06", "year": 2025, "violence_type": "state-based conflict", "deaths": 2}}, {"type": "Feature", "geometry": {"type": "Point", "coordinates": [45.31444, 15.33694]}, "properties": {"date": "2025-09-06", "year": 2025, "violence_type": "state-based conflict", "deaths": 4}}, {"type": "Feature", "geometry": {"type": "Point", "coordinates": [34.30306, 31.34444]}, "properties": {"date": "2025-09-06", "year": 2025, "violence_type": "state-based conflict", "deaths": 1}}, {"type": "Feature", "geometry": {"type": "Point", "coordinates": [34.45, 31.51667]}, "properties": {"date": "2025-09-06", "year": 2025, "violence_type": "state-based conflict", "deaths": 8}}, {"type": "Feature", "geometry": {"type": "Point", "coordinates": [34.30306, 31.34444]}, "properties": {"date": "2025-09-06", "year": 2025, "violence_type": "state-based conflict", "deaths": 3}}, {"type": "Feature", "geometry": {"type": "Point", "coordinates": [34.41475, 31.4554]}, "properties": {"date": "2025-09-06", "year": 2025, "violence_type": "state-based conflict", "deaths": 2}}, {"type": "Feature", "geometry": {"type": "Point", "coordinates": [34.25618, 31.34822]}, "properties": {"date": "2025-09-06", "year": 2025, "violence_type": "state-based conflict", "deaths": 1}}, {"type": "Feature", "geometry": {"type": "Point", "coordinates": [34.45, 31.51667]}, "properties": {"date": "2025-09-06", "year": 2025, "violence_type": "state-based conflict", "deaths": 1}}, {"type": "Feature", "geometry": {"type": "Point", "coordinates": [34.44662, 31.53491]}, "properties": {"date": "2025-09-06", "year": 2025, "violence_type": "state-based conflict", "deaths": 6}}, {"type": "Feature", "geometry": {"type": "Point", "coordinates": [34.30306, 31.34444]}, "properties": {"date": "2025-09-06", "year": 2025, "violence_type": "state-based conflict", "deaths": 2}}, {"type": "Feature", "geometry": {"type": "Point", "coordinates": [34.45, 31.51667]}, "properties": {"date": "2025-09-07", "year": 2025, "violence_type": "state-based conflict", "deaths": 2}}, {"type": "Feature", "geometry": {"type": "Point", "coordinates": [34.45, 31.51667]}, "properties": {"date": "2025-09-07", "year": 2025, "violence_type": "state-based conflict", "deaths": 2}}, {"type": "Feature", "geometry": {"type": "Point", "coordinates": [34.45, 31.51667]}, "properties": {"date": "2025-09-07", "year": 2025, "violence_type": "state-based conflict", "deaths": 3}}, {"type": "Feature", "geometry": {"type": "Point", "coordinates": [34.45, 31.51667]}, "properties": {"date": "2025-09-07", "year": 2025, "violence_type": "state-based conflict", "deaths": 2}}, {"type": "Feature", "geometry": {"type": "Point", "coordinates": [34.39287, 31.44766]}, "properties": {"date": "2025-09-07", "year": 2025, "violence_type": "state-based conflict", "deaths": 3}}, {"type": "Feature", "geometry": {"type": "Point", "coordinates": [34.49514, 31.5464]}, "properties": {"date": "2025-09-07", "year": 2025, "violence_type": "state-based conflict", "deaths": 5}}, {"type": "Feature", "geometry": {"type": "Point", "coordinates": [34.29336, 31.34929]}, "properties": {"date": "2025-09-07", "year": 2025, "violence_type": "state-based conflict", "deaths": 2}}, {"type": "Feature", "geometry": {"type": "Point", "coordinates": [34.39287, 31.44766]}, "properties": {"date": "2025-09-07", "year": 2025, "violence_type": "state-based conflict", "deaths": 5}}, {"type": "Feature", "geometry": {"type": "Point", "coordinates": [34.45, 31.51667]}, "properties": {"date": "2025-09-07", "year": 2025, "violence_type": "state-based conflict", "deaths": 1}}, {"type": "Feature", "geometry": {"type": "Point", "coordinates": [34.45, 31.51667]}, "properties": {"date": "2025-09-07", "year": 2025, "violence_type": "state-based conflict", "deaths": 1}}, {"type": "Feature", "geometry": {"type": "Point", "coordinates": [34.3734, 31.42507]}, "properties": {"date": "2025-09-07", "year": 2025, "violence_type": "state-based conflict", "deaths": 0}}, {"type": "Feature", "geometry": {"type": "Point", "coordinates": [34.45, 31.51667]}, "properties": {"date": "2025-09-07", "year": 2025, "violence_type": "state-based conflict", "deaths": 8}}, {"type": "Feature", "geometry": {"type": "Point", "coordinates": [34.45, 31.51667]}, "properties": {"date": "2025-09-07", "year": 2025, "violence_type": "state-based conflict", "deaths": 9}}, {"type": "Feature", "geometry": {"type": "Point", "coordinates": [34.45, 31.51667]}, "properties": {"date": "2025-09-07", "year": 2025, "violence_type": "state-based conflict", "deaths": 15}}, {"type": "Feature", "geometry": {"type": "Point", "coordinates": [34.45, 31.51667]}, "properties": {"date": "2025-09-07", "year": 2025, "violence_type": "state-based conflict", "deaths": 4}}, {"type": "Feature", "geometry": {"type": "Point", "coordinates": [34.30306, 31.34444]}, "properties": {"date": "2025-09-07", "year": 2025, "violence_type": "state-based conflict", "deaths": 6}}, {"type": "Feature", "geometry": {"type": "Point", "coordinates": [34.45, 31.51667]}, "properties": {"date": "2025-09-07", "year": 2025, "violence_type": "state-based conflict", "deaths": 2}}, {"type": "Feature", "geometry": {"type": "Point", "coordinates": [36.35543, 34.19728]}, "properties": {"date": "2025-09-08", "year": 2025, "violence_type": "state-based conflict", "deaths": 2}}, {"type": "Feature", "geometry": {"type": "Point", "coordinates": [34.45, 31.51667]}, "properties": {"date": "2025-09-08", "year": 2025, "violence_type": "state-based conflict", "deaths": 1}}, {"type": "Feature", "geometry": {"type": "Point", "coordinates": [34.45, 31.51667]}, "properties": {"date": "2025-09-08", "year": 2025, "violence_type": "state-based conflict", "deaths": 3}}, {"type": "Feature", "geometry": {"type": "Point", "coordinates": [34.48347, 31.5272]}, "properties": {"date": "2025-09-08", "year": 2025, "violence_type": "state-based conflict", "deaths": 4}}, {"type": "Feature", "geometry": {"type": "Point", "coordinates": [34.45, 31.51667]}, "properties": {"date": "2025-09-08", "year": 2025, "violence_type": "state-based conflict", "deaths": 2}}, {"type": "Feature", "geometry": {"type": "Point", "coordinates": [34.45, 31.51667]}, "properties": {"date": "2025-09-08", "year": 2025, "violence_type": "state-based conflict", "deaths": 2}}, {"type": "Feature", "geometry": {"type": "Point", "coordinates": [34.45, 31.51667]}, "properties": {"date": "2025-09-08", "year": 2025, "violence_type": "state-based conflict", "deaths": 1}}, {"type": "Feature", "geometry": {"type": "Point", "coordinates": [34.30306, 31.34444]}, "properties": {"date": "2025-09-08", "year": 2025, "violence_type": "state-based conflict", "deaths": 6}}, {"type": "Feature", "geometry": {"type": "Point", "coordinates": [34.45, 31.51667]}, "properties": {"date": "2025-09-08", "year": 2025, "violence_type": "state-based conflict", "deaths": 1}}, {"type": "Feature", "geometry": {"type": "Point", "coordinates": [34.45, 31.51667]}, "properties": {"date": "2025-09-08", "year": 2025, "violence_type": "state-based conflict", "deaths": 3}}, {"type": "Feature", "geometry": {"type": "Point", "coordinates": [34.45, 31.51667]}, "properties": {"date": "2025-09-08", "year": 2025, "violence_type": "state-based conflict", "deaths": 5}}, {"type": "Feature", "geometry": {"type": "Point", "coordinates": [34.45, 31.51667]}, "properties": {"date": "2025-09-08", "year": 2025, "violence_type": "state-based conflict", "deaths": 2}}, {"type": "Feature", "geometry": {"type": "Point", "coordinates": [34.25618, 31.34822]}, "properties": {"date": "2025-09-08", "year": 2025, "violence_type": "state-based conflict", "deaths": 3}}, {"type": "Feature", "geometry": {"type": "Point", "coordinates": [35.28808, 32.46047]}, "properties": {"date": "2025-09-08", "year": 2025, "violence_type": "one-sided violence", "deaths": 2}}, {"type": "Feature", "geometry": {"type": "Point", "coordinates": [34.39287, 31.44766]}, "properties": {"date": "2025-09-08", "year": 2025, "violence_type": "state-based conflict", "deaths": 5}}, {"type": "Feature", "geometry": {"type": "Point", "coordinates": [34.45, 31.51667]}, "properties": {"date": "2025-09-08", "year": 2025, "violence_type": "state-based conflict", "deaths": 6}}, {"type": "Feature", "geometry": {"type": "Point", "coordinates": [34.44662, 31.53491]}, "properties": {"date": "2025-09-08", "year": 2025, "violence_type": "state-based conflict", "deaths": 4}}, {"type": "Feature", "geometry": {"type": "Point", "coordinates": [34.3734, 31.42507]}, "properties": {"date": "2025-09-08", "year": 2025, "violence_type": "state-based conflict", "deaths": 15}}, {"type": "Feature", "geometry": {"type": "Point", "coordinates": [34.30306, 31.34444]}, "properties": {"date": "2025-09-09", "year": 2025, "violence_type": "state-based conflict", "deaths": 5}}, {"type": "Feature", "geometry": {"type": "Point", "coordinates": [34.45, 31.51667]}, "properties": {"date": "2025-09-09", "year": 2025, "violence_type": "state-based conflict", "deaths": 2}}, {"type": "Feature", "geometry": {"type": "Point", "coordinates": [34.30306, 31.34444]}, "properties": {"date": "2025-09-09", "year": 2025, "violence_type": "state-based conflict", "deaths": 1}}, {"type": "Feature", "geometry": {"type": "Point", "coordinates": [34.45, 31.51667]}, "properties": {"date": "2025-09-09", "year": 2025, "violence_type": "state-based conflict", "deaths": 2}}, {"type": "Feature", "geometry": {"type": "Point", "coordinates": [34.3734, 31.42507]}, "properties": {"date": "2025-09-09", "year": 2025, "violence_type": "state-based conflict", "deaths": 35}}, {"type": "Feature", "geometry": {"type": "Point", "coordinates": [34.24344, 31.297]}, "properties": {"date": "2025-09-09", "year": 2025, "violence_type": "state-based conflict", "deaths": 9}}, {"type": "Feature", "geometry": {"type": "Point", "coordinates": [34.35014, 31.41748]}, "properties": {"date": "2025-09-09", "year": 2025, "violence_type": "state-based conflict", "deaths": 1}}, {"type": "Feature", "geometry": {"type": "Point", "coordinates": [34.3734, 31.42507]}, "properties": {"date": "2025-09-10", "year": 2025, "violence_type": "state-based conflict", "deaths": 37}}, {"type": "Feature", "geometry": {"type": "Point", "coordinates": [44.20667, 15.35472]}, "properties": {"date": "2025-09-10", "year": 2025, "violence_type": "state-based conflict", "deaths": 39}}, {"type": "Feature", "geometry": {"type": "Point", "coordinates": [34.45, 31.51667]}, "properties": {"date": "2025-09-10", "year": 2025, "violence_type": "state-based conflict", "deaths": 1}}, {"type": "Feature", "geometry": {"type": "Point", "coordinates": [34.40294, 31.43953]}, "properties": {"date": "2025-09-10", "year": 2025, "violence_type": "state-based conflict", "deaths": 1}}, {"type": "Feature", "geometry": {"type": "Point", "coordinates": [34.35014, 31.41748]}, "properties": {"date": "2025-09-10", "year": 2025, "violence_type": "state-based conflict", "deaths": 1}}, {"type": "Feature", "geometry": {"type": "Point", "coordinates": [34.45, 31.51667]}, "properties": {"date": "2025-09-10", "year": 2025, "violence_type": "state-based conflict", "deaths": 15}}, {"type": "Feature", "geometry": {"type": "Point", "coordinates": [34.30306, 31.34444]}, "properties": {"date": "2025-09-10", "year": 2025, "violence_type": "state-based conflict", "deaths": 4}}, {"type": "Feature", "geometry": {"type": "Point", "coordinates": [34.45, 31.51667]}, "properties": {"date": "2025-09-10", "year": 2025, "violence_type": "state-based conflict", "deaths": 5}}, {"type": "Feature", "geometry": {"type": "Point", "coordinates": [34.49514, 31.5464]}, "properties": {"date": "2025-09-10", "year": 2025, "violence_type": "state-based conflict", "deaths": 1}}, {"type": "Feature", "geometry": {"type": "Point", "coordinates": [34.45, 31.51667]}, "properties": {"date": "2025-09-10", "year": 2025, "violence_type": "state-based conflict", "deaths": 1}}, {"type": "Feature", "geometry": {"type": "Point", "coordinates": [34.45, 31.51667]}, "properties": {"date": "2025-09-10", "year": 2025, "violence_type": "state-based conflict", "deaths": 3}}, {"type": "Feature", "geometry": {"type": "Point", "coordinates": [34.44662, 31.53491]}, "properties": {"date": "2025-09-10", "year": 2025, "violence_type": "state-based conflict", "deaths": 3}}, {"type": "Feature", "geometry": {"type": "Point", "coordinates": [34.39287, 31.44766]}, "properties": {"date": "2025-09-10", "year": 2025, "violence_type": "state-based conflict", "deaths": 4}}, {"type": "Feature", "geometry": {"type": "Point", "coordinates": [34.45, 31.51667]}, "properties": {"date": "2025-09-10", "year": 2025, "violence_type": "state-based conflict", "deaths": 2}}, {"type": "Feature", "geometry": {"type": "Point", "coordinates": [34.30306, 31.34444]}, "properties": {"date": "2025-09-10", "year": 2025, "violence_type": "state-based conflict", "deaths": 1}}, {"type": "Feature", "geometry": {"type": "Point", "coordinates": [35.26973, 33.23308]}, "properties": {"date": "2025-09-11", "year": 2025, "violence_type": "state-based conflict", "deaths": 1}}, {"type": "Feature", "geometry": {"type": "Point", "coordinates": [34.3734, 31.42507]}, "properties": {"date": "2025-09-11", "year": 2025, "violence_type": "state-based conflict", "deaths": 8}}, {"type": "Feature", "geometry": {"type": "Point", "coordinates": [34.39287, 31.44766]}, "properties": {"date": "2025-09-11", "year": 2025, "violence_type": "state-based conflict", "deaths": 2}}, {"type": "Feature", "geometry": {"type": "Point", "coordinates": [34.39287, 31.44766]}, "properties": {"date": "2025-09-11", "year": 2025, "violence_type": "state-based conflict", "deaths": 1}}, {"type": "Feature", "geometry": {"type": "Point", "coordinates": [34.40294, 31.43953]}, "properties": {"date": "2025-09-11", "year": 2025, "violence_type": "state-based conflict", "deaths": 1}}, {"type": "Feature", "geometry": {"type": "Point", "coordinates": [34.45, 31.51667]}, "properties": {"date": "2025-09-11", "year": 2025, "violence_type": "state-based conflict", "deaths": 2}}, {"type": "Feature", "geometry": {"type": "Point", "coordinates": [34.30306, 31.34444]}, "properties": {"date": "2025-09-11", "year": 2025, "violence_type": "state-based conflict", "deaths": 4}}, {"type": "Feature", "geometry": {"type": "Point", "coordinates": [34.49514, 31.5464]}, "properties": {"date": "2025-09-11", "year": 2025, "violence_type": "state-based conflict", "deaths": 17}}, {"type": "Feature", "geometry": {"type": "Point", "coordinates": [34.25186, 31.28537]}, "properties": {"date": "2025-09-11", "year": 2025, "violence_type": "state-based conflict", "deaths": 2}}, {"type": "Feature", "geometry": {"type": "Point", "coordinates": [34.45, 31.51667]}, "properties": {"date": "2025-09-11", "year": 2025, "violence_type": "state-based conflict", "deaths": 2}}, {"type": "Feature", "geometry": {"type": "Point", "coordinates": [34.41475, 31.4554]}, "properties": {"date": "2025-09-11", "year": 2025, "violence_type": "state-based conflict", "deaths": 4}}, {"type": "Feature", "geometry": {"type": "Point", "coordinates": [34.46411, 31.51065]}, "properties": {"date": "2025-09-11", "year": 2025, "violence_type": "state-based conflict", "deaths": 1}}, {"type": "Feature", "geometry": {"type": "Point", "coordinates": [34.44662, 31.53491]}, "properties": {"date": "2025-09-11", "year": 2025, "violence_type": "state-based conflict", "deaths": 6}}, {"type": "Feature", "geometry": {"type": "Point", "coordinates": [34.45, 31.51667]}, "properties": {"date": "2025-09-12", "year": 2025, "violence_type": "state-based conflict", "deaths": 2}}, {"type": "Feature", "geometry": {"type": "Point", "coordinates": [34.44662, 31.53491]}, "properties": {"date": "2025-09-12", "year": 2025, "violence_type": "state-based conflict", "deaths": 1}}, {"type": "Feature", "geometry": {"type": "Point", "coordinates": [35.46667, 33.11667]}, "properties": {"date": "2025-09-12", "year": 2025, "violence_type": "state-based conflict", "deaths": 1}}, {"type": "Feature", "geometry": {"type": "Point", "coordinates": [34.32534, 31.34278]}, "properties": {"date": "2025-09-12", "year": 2025, "violence_type": "state-based conflict", "deaths": 2}}, {"type": "Feature", "geometry": {"type": "Point", "coordinates": [34.35014, 31.41748]}, "properties": {"date": "2025-09-12", "year": 2025, "violence_type": "state-based conflict", "deaths": 1}}, {"type": "Feature", "geometry": {"type": "Point", "coordinates": [34.39287, 31.44766]}, "properties": {"date": "2025-09-12", "year": 2025, "violence_type": "state-based conflict", "deaths": 1}}, {"type": "Feature", "geometry": {"type": "Point", "coordinates": [34.49514, 31.5464]}, "properties": {"date": "2025-09-12", "year": 2025, "violence_type": "state-based conflict", "deaths": 2}}, {"type": "Feature", "geometry": {"type": "Point", "coordinates": [34.30306, 31.34444]}, "properties": {"date": "2025-09-12", "year": 2025, "violence_type": "state-based conflict", "deaths": 1}}, {"type": "Feature", "geometry": {"type": "Point", "coordinates": [34.45, 31.51667]}, "properties": {"date": "2025-09-12", "year": 2025, "violence_type": "state-based conflict", "deaths": 14}}, {"type": "Feature", "geometry": {"type": "Point", "coordinates": [34.3734, 31.42507]}, "properties": {"date": "2025-09-12", "year": 2025, "violence_type": "state-based conflict", "deaths": 24}}, {"type": "Feature", "geometry": {"type": "Point", "coordinates": [34.45, 31.51667]}, "properties": {"date": "2025-09-12", "year": 2025, "violence_type": "state-based conflict", "deaths": 1}}, {"type": "Feature", "geometry": {"type": "Point", "coordinates": [34.48347, 31.5272]}, "properties": {"date": "2025-09-12", "year": 2025, "violence_type": "state-based conflict", "deaths": 4}}, {"type": "Feature", "geometry": {"type": "Point", "coordinates": [34.45, 31.51667]}, "properties": {"date": "2025-09-12", "year": 2025, "violence_type": "state-based conflict", "deaths": 2}}, {"type": "Feature", "geometry": {"type": "Point", "coordinates": [34.24344, 31.297]}, "properties": {"date": "2025-09-12", "year": 2025, "violence_type": "state-based conflict", "deaths": 1}}, {"type": "Feature", "geometry": {"type": "Point", "coordinates": [34.44662, 31.53491]}, "properties": {"date": "2025-09-12", "year": 2025, "violence_type": "state-based conflict", "deaths": 2}}, {"type": "Feature", "geometry": {"type": "Point", "coordinates": [34.45, 31.51667]}, "properties": {"date": "2025-09-12", "year": 2025, "violence_type": "state-based conflict", "deaths": 1}}, {"type": "Feature", "geometry": {"type": "Point", "coordinates": [34.45, 31.51667]}, "properties": {"date": "2025-09-12", "year": 2025, "violence_type": "state-based conflict", "deaths": 4}}, {"type": "Feature", "geometry": {"type": "Point", "coordinates": [34.45, 31.51667]}, "properties": {"date": "2025-09-12", "year": 2025, "violence_type": "state-based conflict", "deaths": 4}}, {"type": "Feature", "geometry": {"type": "Point", "coordinates": [34.30306, 31.34444]}, "properties": {"date": "2025-09-12", "year": 2025, "violence_type": "state-based conflict", "deaths": 3}}, {"type": "Feature", "geometry": {"type": "Point", "coordinates": [34.45, 31.51667]}, "properties": {"date": "2025-09-13", "year": 2025, "violence_type": "state-based conflict", "deaths": 2}}, {"type": "Feature", "geometry": {"type": "Point", "coordinates": [34.30306, 31.34444]}, "properties": {"date": "2025-09-13", "year": 2025, "violence_type": "state-based conflict", "deaths": 1}}, {"type": "Feature", "geometry": {"type": "Point", "coordinates": [34.45, 31.51667]}, "properties": {"date": "2025-09-13", "year": 2025, "violence_type": "state-based conflict", "deaths": 2}}, {"type": "Feature", "geometry": {"type": "Point", "coordinates": [34.25618, 31.34822]}, "properties": {"date": "2025-09-13", "year": 2025, "violence_type": "state-based conflict", "deaths": 1}}, {"type": "Feature", "geometry": {"type": "Point", "coordinates": [34.45, 31.51667]}, "properties": {"date": "2025-09-13", "year": 2025, "violence_type": "state-based conflict", "deaths": 3}}, {"type": "Feature", "geometry": {"type": "Point", "coordinates": [34.3734, 31.42507]}, "properties": {"date": "2025-09-13", "year": 2025, "violence_type": "state-based conflict", "deaths": 20}}, {"type": "Feature", "geometry": {"type": "Point", "coordinates": [34.45, 31.51667]}, "properties": {"date": "2025-09-13", "year": 2025, "violence_type": "state-based conflict", "deaths": 1}}, {"type": "Feature", "geometry": {"type": "Point", "coordinates": [34.45, 31.51667]}, "properties": {"date": "2025-09-13", "year": 2025, "violence_type": "state-based conflict", "deaths": 1}}, {"type": "Feature", "geometry": {"type": "Point", "coordinates": [34.45, 31.51667]}, "properties": {"date": "2025-09-13", "year": 2025, "violence_type": "state-based conflict", "deaths": 4}}, {"type": "Feature", "geometry": {"type": "Point", "coordinates": [34.41475, 31.4554]}, "properties": {"date": "2025-09-13", "year": 2025, "violence_type": "state-based conflict", "deaths": 4}}, {"type": "Feature", "geometry": {"type": "Point", "coordinates": [34.30306, 31.34444]}, "properties": {"date": "2025-09-13", "year": 2025, "violence_type": "state-based conflict", "deaths": 3}}, {"type": "Feature", "geometry": {"type": "Point", "coordinates": [34.45, 31.51667]}, "properties": {"date": "2025-09-13", "year": 2025, "violence_type": "state-based conflict", "deaths": 2}}, {"type": "Feature", "geometry": {"type": "Point", "coordinates": [34.45, 31.51667]}, "properties": {"date": "2025-09-13", "year": 2025, "violence_type": "state-based conflict", "deaths": 5}}, {"type": "Feature", "geometry": {"type": "Point", "coordinates": [34.24344, 31.297]}, "properties": {"date": "2025-09-13", "year": 2025, "violence_type": "state-based conflict", "deaths": 2}}, {"type": "Feature", "geometry": {"type": "Point", "coordinates": [34.40294, 31.43953]}, "properties": {"date": "2025-09-13", "year": 2025, "violence_type": "state-based conflict", "deaths": 1}}, {"type": "Feature", "geometry": {"type": "Point", "coordinates": [34.30306, 31.34444]}, "properties": {"date": "2025-09-14", "year": 2025, "violence_type": "state-based conflict", "deaths": 0}}, {"type": "Feature", "geometry": {"type": "Point", "coordinates": [34.53579, 31.5353]}, "properties": {"date": "2025-09-14", "year": 2025, "violence_type": "state-based conflict", "deaths": 13}}, {"type": "Feature", "geometry": {"type": "Point", "coordinates": [34.38538, 31.42136]}, "properties": {"date": "2025-09-14", "year": 2025, "violence_type": "state-based conflict", "deaths": 2}}, {"type": "Feature", "geometry": {"type": "Point", "coordinates": [34.45, 31.51667]}, "properties": {"date": "2025-09-14", "year": 2025, "violence_type": "state-based conflict", "deaths": 1}}, {"type": "Feature", "geometry": {"type": "Point", "coordinates": [34.45, 31.51667]}, "properties": {"date": "2025-09-14", "year": 2025, "violence_type": "state-based conflict", "deaths": 5}}, {"type": "Feature", "geometry": {"type": "Point", "coordinates": [34.45, 31.51667]}, "properties": {"date": "2025-09-14", "year": 2025, "violence_type": "state-based conflict", "deaths": 4}}, {"type": "Feature", "geometry": {"type": "Point", "coordinates": [34.45, 31.51667]}, "properties": {"date": "2025-09-14", "year": 2025, "violence_type": "state-based conflict", "deaths": 1}}, {"type": "Feature", "geometry": {"type": "Point", "coordinates": [34.30306, 31.34444]}, "properties": {"date": "2025-09-14", "year": 2025, "violence_type": "state-based conflict", "deaths": 1}}, {"type": "Feature", "geometry": {"type": "Point", "coordinates": [34.3734, 31.42507]}, "properties": {"date": "2025-09-14", "year": 2025, "violence_type": "state-based conflict", "deaths": 7}}, {"type": "Feature", "geometry": {"type": "Point", "coordinates": [34.24344, 31.297]}, "properties": {"date": "2025-09-14", "year": 2025, "violence_type": "state-based conflict", "deaths": 4}}, {"type": "Feature", "geometry": {"type": "Point", "coordinates": [34.35014, 31.41748]}, "properties": {"date": "2025-09-14", "year": 2025, "violence_type": "state-based conflict", "deaths": 6}}, {"type": "Feature", "geometry": {"type": "Point", "coordinates": [34.45, 31.51667]}, "properties": {"date": "2025-09-14", "year": 2025, "violence_type": "state-based conflict", "deaths": 1}}, {"type": "Feature", "geometry": {"type": "Point", "coordinates": [35.41974, 33.26075]}, "properties": {"date": "2025-09-14", "year": 2025, "violence_type": "state-based conflict", "deaths": 1}}, {"type": "Feature", "geometry": {"type": "Point", "coordinates": [34.45, 31.51667]}, "properties": {"date": "2025-09-14", "year": 2025, "violence_type": "state-based conflict", "deaths": 7}}, {"type": "Feature", "geometry": {"type": "Point", "coordinates": [35.4925, 33.36389]}, "properties": {"date": "2025-09-14", "year": 2025, "violence_type": "state-based conflict", "deaths": 1}}, {"type": "Feature", "geometry": {"type": "Point", "coordinates": [34.39287, 31.44766]}, "properties": {"date": "2025-09-15", "year": 2025, "violence_type": "state-based conflict", "deaths": 4}}, {"type": "Feature", "geometry": {"type": "Point", "coordinates": [34.25618, 31.34822]}, "properties": {"date": "2025-09-15", "year": 2025, "violence_type": "state-based conflict", "deaths": 1}}, {"type": "Feature", "geometry": {"type": "Point", "coordinates": [34.45, 31.51667]}, "properties": {"date": "2025-09-15", "year": 2025, "violence_type": "state-based conflict", "deaths": 4}}, {"type": "Feature", "geometry": {"type": "Point", "coordinates": [34.45, 31.51667]}, "properties": {"date": "2025-09-15", "year": 2025, "violence_type": "state-based conflict", "deaths": 1}}, {"type": "Feature", "geometry": {"type": "Point", "coordinates": [34.25618, 31.34822]}, "properties": {"date": "2025-09-15", "year": 2025, "violence_type": "state-based conflict", "deaths": 3}}, {"type": "Feature", "geometry": {"type": "Point", "coordinates": [34.45, 31.51667]}, "properties": {"date": "2025-09-15", "year": 2025, "violence_type": "state-based conflict", "deaths": 5}}, {"type": "Feature", "geometry": {"type": "Point", "coordinates": [34.40972, 31.4675]}, "properties": {"date": "2025-09-15", "year": 2025, "violence_type": "state-based conflict", "deaths": 1}}, {"type": "Feature", "geometry": {"type": "Point", "coordinates": [34.45, 31.51667]}, "properties": {"date": "2025-09-15", "year": 2025, "violence_type": "state-based conflict", "deaths": 2}}, {"type": "Feature", "geometry": {"type": "Point", "coordinates": [34.32534, 31.34278]}, "properties": {"date": "2025-09-15", "year": 2025, "violence_type": "state-based conflict", "deaths": 1}}, {"type": "Feature", "geometry": {"type": "Point", "coordinates": [34.45, 31.51667]}, "properties": {"date": "2025-09-15", "year": 2025, "violence_type": "state-based conflict", "deaths": 9}}, {"type": "Feature", "geometry": {"type": "Point", "coordinates": [34.45, 31.51667]}, "properties": {"date": "2025-09-15", "year": 2025, "violence_type": "state-based conflict", "deaths": 10}}, {"type": "Feature", "geometry": {"type": "Point", "coordinates": [34.45, 31.51667]}, "properties": {"date": "2025-09-15", "year": 2025, "violence_type": "state-based conflict", "deaths": 2}}, {"type": "Feature", "geometry": {"type": "Point", "coordinates": [34.3734, 31.42507]}, "properties": {"date": "2025-09-15", "year": 2025, "violence_type": "state-based conflict", "deaths": 19}}, {"type": "Feature", "geometry": {"type": "Point", "coordinates": [34.97063, 32.18966]}, "properties": {"date": "2025-09-15", "year": 2025, "violence_type": "state-based conflict", "deaths": 2}}, {"type": "Feature", "geometry": {"type": "Point", "coordinates": [36.46169, 34.65665]}, "properties": {"date": "2025-09-15", "year": 2025, "violence_type": "one-sided violence", "deaths": 1}}, {"type": "Feature", "geometry": {"type": "Point", "coordinates": [35.23337, 31.85343]}, "properties": {"date": "2025-09-15", "year": 2025, "violence_type": "one-sided violence", "deaths": 1}}, {"type": "Feature", "geometry": {"type": "Point", "coordinates": [34.44662, 31.53491]}, "properties": {"date": "2025-09-16", "year": 2025, "violence_type": "state-based conflict", "deaths": 2}}, {"type": "Feature", "geometry": {"type": "Point", "coordinates": [34.45, 31.51667]}, "properties": {"date": "2025-09-16", "year": 2025, "violence_type": "state-based conflict", "deaths": 47}}, {"type": "Feature", "geometry": {"type": "Point", "coordinates": [34.45, 31.51667]}, "properties": {"date": "2025-09-16", "year": 2025, "violence_type": "state-based conflict", "deaths": 2}}, {"type": "Feature", "geometry": {"type": "Point", "coordinates": [34.45, 31.51667]}, "properties": {"date": "2025-09-16", "year": 2025, "violence_type": "state-based conflict", "deaths": 4}}, {"type": "Feature", "geometry": {"type": "Point", "coordinates": [34.34056, 31.42583]}, "properties": {"date": "2025-09-16", "year": 2025, "violence_type": "state-based conflict", "deaths": 3}}, {"type": "Feature", "geometry": {"type": "Point", "coordinates": [34.41332, 31.48219]}, "properties": {"date": "2025-09-16", "year": 2025, "violence_type": "state-based conflict", "deaths": 1}}, {"type": "Feature", "geometry": {"type": "Point", "coordinates": [34.45, 31.51667]}, "properties": {"date": "2025-09-16", "year": 2025, "violence_type": "state-based conflict", "deaths": 20}}, {"type": "Feature", "geometry": {"type": "Point", "coordinates": [34.45, 31.51667]}, "properties": {"date": "2025-09-16", "year": 2025, "violence_type": "state-based conflict", "deaths": 5}}, {"type": "Feature", "geometry": {"type": "Point", "coordinates": [34.44662, 31.53491]}, "properties": {"date": "2025-09-16", "year": 2025, "violence_type": "state-based conflict", "deaths": 12}}, {"type": "Feature", "geometry": {"type": "Point", "coordinates": [34.3734, 31.42507]}, "properties": {"date": "2025-09-16", "year": 2025, "violence_type": "state-based conflict", "deaths": 5}}, {"type": "Feature", "geometry": {"type": "Point", "coordinates": [34.41475, 31.4554]}, "properties": {"date": "2025-09-16", "year": 2025, "violence_type": "state-based conflict", "deaths": 7}}, {"type": "Feature", "geometry": {"type": "Point", "coordinates": [34.25618, 31.34822]}, "properties": {"date": "2025-09-17", "year": 2025, "violence_type": "state-based conflict", "deaths": 3}}, {"type": "Feature", "geometry": {"type": "Point", "coordinates": [34.39287, 31.44766]}, "properties": {"date": "2025-09-17", "year": 2025, "violence_type": "state-based conflict", "deaths": 3}}, {"type": "Feature", "geometry": {"type": "Point", "coordinates": [36.22, 34.01]}, "properties": {"date": "2025-09-17", "year": 2025, "violence_type": "state-based conflict", "deaths": 2}}, {"type": "Feature", "geometry": {"type": "Point", "coordinates": [34.45, 31.51667]}, "properties": {"date": "2025-09-17", "year": 2025, "violence_type": "state-based conflict", "deaths": 2}}, {"type": "Feature", "geometry": {"type": "Point", "coordinates": [34.45, 31.51667]}, "properties": {"date": "2025-09-17", "year": 2025, "violence_type": "state-based conflict", "deaths": 2}}, {"type": "Feature", "geometry": {"type": "Point", "coordinates": [34.24344, 31.297]}, "properties": {"date": "2025-09-17", "year": 2025, "violence_type": "state-based conflict", "deaths": 5}}, {"type": "Feature", "geometry": {"type": "Point", "coordinates": [34.25618, 31.34822]}, "properties": {"date": "2025-09-17", "year": 2025, "violence_type": "state-based conflict", "deaths": 5}}, {"type": "Feature", "geometry": {"type": "Point", "coordinates": [34.45, 31.51667]}, "properties": {"date": "2025-09-17", "year": 2025, "violence_type": "state-based conflict", "deaths": 2}}, {"type": "Feature", "geometry": {"type": "Point", "coordinates": [34.45, 31.51667]}, "properties": {"date": "2025-09-17", "year": 2025, "violence_type": "state-based conflict", "deaths": 1}}, {"type": "Feature", "geometry": {"type": "Point", "coordinates": [34.45, 31.51667]}, "properties": {"date": "2025-09-17", "year": 2025, "violence_type": "state-based conflict", "deaths": 13}}, {"type": "Feature", "geometry": {"type": "Point", "coordinates": [34.45, 31.51667]}, "properties": {"date": "2025-09-17", "year": 2025, "violence_type": "state-based conflict", "deaths": 3}}, {"type": "Feature", "geometry": {"type": "Point", "coordinates": [34.3734, 31.42507]}, "properties": {"date": "2025-09-17", "year": 2025, "violence_type": "state-based conflict", "deaths": 53}}, {"type": "Feature", "geometry": {"type": "Point", "coordinates": [34.45, 31.51667]}, "properties": {"date": "2025-09-17", "year": 2025, "violence_type": "state-based conflict", "deaths": 1}}, {"type": "Feature", "geometry": {"type": "Point", "coordinates": [34.44662, 31.53491]}, "properties": {"date": "2025-09-17", "year": 2025, "violence_type": "state-based conflict", "deaths": 6}}, {"type": "Feature", "geometry": {"type": "Point", "coordinates": [34.3734, 31.42507]}, "properties": {"date": "2025-09-18", "year": 2025, "violence_type": "state-based conflict", "deaths": 27}}, {"type": "Feature", "geometry": {"type": "Point", "coordinates": [34.45, 31.51667]}, "properties": {"date": "2025-09-18", "year": 2025, "violence_type": "state-based conflict", "deaths": 4}}, {"type": "Feature", "geometry": {"type": "Point", "coordinates": [34.31859, 31.37644]}, "properties": {"date": "2025-09-18", "year": 2025, "violence_type": "state-based conflict", "deaths": 1}}, {"type": "Feature", "geometry": {"type": "Point", "coordinates": [34.45, 31.51667]}, "properties": {"date": "2025-09-18", "year": 2025, "violence_type": "state-based conflict", "deaths": 1}}, {"type": "Feature", "geometry": {"type": "Point", "coordinates": [34.45, 31.51667]}, "properties": {"date": "2025-09-18", "year": 2025, "violence_type": "state-based conflict", "deaths": 2}}, {"type": "Feature", "geometry": {"type": "Point", "coordinates": [34.44662, 31.53491]}, "properties": {"date": "2025-09-18", "year": 2025, "violence_type": "state-based conflict", "deaths": 1}}, {"type": "Feature", "geometry": {"type": "Point", "coordinates": [34.45, 31.51667]}, "properties": {"date": "2025-09-18", "year": 2025, "violence_type": "state-based conflict", "deaths": 4}}, {"type": "Feature", "geometry": {"type": "Point", "coordinates": [34.45, 31.51667]}, "properties": {"date": "2025-09-18", "year": 2025, "violence_type": "state-based conflict", "deaths": 2}}, {"type": "Feature", "geometry": {"type": "Point", "coordinates": [34.45, 31.51667]}, "properties": {"date": "2025-09-18", "year": 2025, "violence_type": "state-based conflict", "deaths": 1}}, {"type": "Feature", "geometry": {"type": "Point", "coordinates": [34.45, 31.51667]}, "properties": {"date": "2025-09-18", "year": 2025, "violence_type": "state-based conflict", "deaths": 3}}, {"type": "Feature", "geometry": {"type": "Point", "coordinates": [34.24344, 31.297]}, "properties": {"date": "2025-09-18", "year": 2025, "violence_type": "state-based conflict", "deaths": 4}}, {"type": "Feature", "geometry": {"type": "Point", "coordinates": [34.40294, 31.43953]}, "properties": {"date": "2025-09-18", "year": 2025, "violence_type": "state-based conflict", "deaths": 4}}, {"type": "Feature", "geometry": {"type": "Point", "coordinates": [34.39287, 31.44766]}, "properties": {"date": "2025-09-19", "year": 2025, "violence_type": "state-based conflict", "deaths": 1}}, {"type": "Feature", "geometry": {"type": "Point", "coordinates": [34.30306, 31.34444]}, "properties": {"date": "2025-09-19", "year": 2025, "violence_type": "state-based conflict", "deaths": 1}}, {"type": "Feature", "geometry": {"type": "Point", "coordinates": [34.35014, 31.41748]}, "properties": {"date": "2025-09-19", "year": 2025, "violence_type": "state-based conflict", "deaths": 1}}, {"type": "Feature", "geometry": {"type": "Point", "coordinates": [34.3734, 31.42507]}, "properties": {"date": "2025-09-19", "year": 2025, "violence_type": "state-based conflict", "deaths": 24}}, {"type": "Feature", "geometry": {"type": "Point", "coordinates": [34.24344, 31.297]}, "properties": {"date": "2025-09-19", "year": 2025, "violence_type": "state-based conflict", "deaths": 2}}, {"type": "Feature", "geometry": {"type": "Point", "coordinates": [34.39287, 31.44766]}, "properties": {"date": "2025-09-19", "year": 2025, "violence_type": "state-based conflict", "deaths": 1}}, {"type": "Feature", "geometry": {"type": "Point", "coordinates": [34.45, 31.51667]}, "properties": {"date": "2025-09-19", "year": 2025, "violence_type": "state-based conflict", "deaths": 8}}, {"type": "Feature", "geometry": {"type": "Point", "coordinates": [34.39287, 31.44766]}, "properties": {"date": "2025-09-19", "year": 2025, "violence_type": "state-based conflict", "deaths": 4}}, {"type": "Feature", "geometry": {"type": "Point", "coordinates": [34.25618, 31.34822]}, "properties": {"date": "2025-09-19", "year": 2025, "violence_type": "state-based conflict", "deaths": 2}}, {"type": "Feature", "geometry": {"type": "Point", "coordinates": [35.405, 33.195]}, "properties": {"date": "2025-09-19", "year": 2025, "violence_type": "state-based conflict", "deaths": 1}}, {"type": "Feature", "geometry": {"type": "Point", "coordinates": [35.35, 33.38333]}, "properties": {"date": "2025-09-19", "year": 2025, "violence_type": "state-based conflict", "deaths": 1}}, {"type": "Feature", "geometry": {"type": "Point", "coordinates": [34.45, 31.51667]}, "properties": {"date": "2025-09-20", "year": 2025, "violence_type": "state-based conflict", "deaths": 4}}, {"type": "Feature", "geometry": {"type": "Point", "coordinates": [34.45, 31.51667]}, "properties": {"date": "2025-09-20", "year": 2025, "violence_type": "state-based conflict", "deaths": 6}}, {"type": "Feature", "geometry": {"type": "Point", "coordinates": [34.3734, 31.42507]}, "properties": {"date": "2025-09-20", "year": 2025, "violence_type": "state-based conflict", "deaths": 41}}, {"type": "Feature", "geometry": {"type": "Point", "coordinates": [34.24344, 31.297]}, "properties": {"date": "2025-09-20", "year": 2025, "violence_type": "state-based conflict", "deaths": 1}}, {"type": "Feature", "geometry": {"type": "Point", "coordinates": [34.39287, 31.44766]}, "properties": {"date": "2025-09-20", "year": 2025, "violence_type": "state-based conflict", "deaths": 1}}, {"type": "Feature", "geometry": {"type": "Point", "coordinates": [34.44662, 31.53491]}, "properties": {"date": "2025-09-20", "year": 2025, "violence_type": "state-based conflict", "deaths": 5}}, {"type": "Feature", "geometry": {"type": "Point", "coordinates": [34.45, 31.51667]}, "properties": {"date": "2025-09-20", "year": 2025, "violence_type": "state-based conflict", "deaths": 1}}, {"type": "Feature", "geometry": {"type": "Point", "coordinates": [34.45, 31.51667]}, "properties": {"date": "2025-09-20", "year": 2025, "violence_type": "state-based conflict", "deaths": 22}}, {"type": "Feature", "geometry": {"type": "Point", "coordinates": [34.45, 31.51667]}, "properties": {"date": "2025-09-20", "year": 2025, "violence_type": "state-based conflict", "deaths": 4}}, {"type": "Feature", "geometry": {"type": "Point", "coordinates": [34.45, 31.51667]}, "properties": {"date": "2025-09-20", "year": 2025, "violence_type": "state-based conflict", "deaths": 2}}, {"type": "Feature", "geometry": {"type": "Point", "coordinates": [34.39287, 31.44766]}, "properties": {"date": "2025-09-20", "year": 2025, "violence_type": "state-based conflict", "deaths": 3}}, {"type": "Feature", "geometry": {"type": "Point", "coordinates": [34.45, 31.51667]}, "properties": {"date": "2025-09-20", "year": 2025, "violence_type": "state-based conflict", "deaths": 9}}, {"type": "Feature", "geometry": {"type": "Point", "coordinates": [34.40972, 31.4675]}, "properties": {"date": "2025-09-20", "year": 2025, "violence_type": "state-based conflict", "deaths": 6}}, {"type": "Feature", "geometry": {"type": "Point", "coordinates": [34.45, 31.51667]}, "properties": {"date": "2025-09-20", "year": 2025, "violence_type": "state-based conflict", "deaths": 1}}, {"type": "Feature", "geometry": {"type": "Point", "coordinates": [34.45, 31.51667]}, "properties": {"date": "2025-09-20", "year": 2025, "violence_type": "state-based conflict", "deaths": 1}}, {"type": "Feature", "geometry": {"type": "Point", "coordinates": [34.45, 31.51667]}, "properties": {"date": "2025-09-20", "year": 2025, "violence_type": "state-based conflict", "deaths": 4}}, {"type": "Feature", "geometry": {"type": "Point", "coordinates": [34.31859, 31.37644]}, "properties": {"date": "2025-09-20", "year": 2025, "violence_type": "state-based conflict", "deaths": 1}}, {"type": "Feature", "geometry": {"type": "Point", "coordinates": [34.39287, 31.44766]}, "properties": {"date": "2025-09-21", "year": 2025, "violence_type": "state-based conflict", "deaths": 4}}, {"type": "Feature", "geometry": {"type": "Point", "coordinates": [34.40972, 31.4675]}, "properties": {"date": "2025-09-21", "year": 2025, "violence_type": "state-based conflict", "deaths": 1}}, {"type": "Feature", "geometry": {"type": "Point", "coordinates": [34.3734, 31.42507]}, "properties": {"date": "2025-09-21", "year": 2025, "violence_type": "state-based conflict", "deaths": 47}}, {"type": "Feature", "geometry": {"type": "Point", "coordinates": [34.45, 31.51667]}, "properties": {"date": "2025-09-21", "year": 2025, "violence_type": "state-based conflict", "deaths": 1}}, {"type": "Feature", "geometry": {"type": "Point", "coordinates": [34.45, 31.51667]}, "properties": {"date": "2025-09-21", "year": 2025, "violence_type": "state-based conflict", "deaths": 2}}, {"type": "Feature", "geometry": {"type": "Point", "coordinates": [35.43, 33.12]}, "properties": {"date": "2025-09-21", "year": 2025, "violence_type": "state-based conflict", "deaths": 5}}, {"type": "Feature", "geometry": {"type": "Point", "coordinates": [34.45, 31.51667]}, "properties": {"date": "2025-09-21", "year": 2025, "violence_type": "state-based conflict", "deaths": 4}}, {"type": "Feature", "geometry": {"type": "Point", "coordinates": [34.40294, 31.43953]}, "properties": {"date": "2025-09-21", "year": 2025, "violence_type": "state-based conflict", "deaths": 9}}, {"type": "Feature", "geometry": {"type": "Point", "coordinates": [34.45, 31.51667]}, "properties": {"date": "2025-09-22", "year": 2025, "violence_type": "state-based conflict", "deaths": 1}}, {"type": "Feature", "geometry": {"type": "Point", "coordinates": [34.48347, 31.5272]}, "properties": {"date": "2025-09-22", "year": 2025, "violence_type": "state-based conflict", "deaths": 1}}, {"type": "Feature", "geometry": {"type": "Point", "coordinates": [34.39287, 31.44766]}, "properties": {"date": "2025-09-22", "year": 2025, "violence_type": "state-based conflict", "deaths": 1}}, {"type": "Feature", "geometry": {"type": "Point", "coordinates": [34.39287, 31.44766]}, "properties": {"date": "2025-09-22", "year": 2025, "violence_type": "state-based conflict", "deaths": 1}}, {"type": "Feature", "geometry": {"type": "Point", "coordinates": [34.44662, 31.53491]}, "properties": {"date": "2025-09-22", "year": 2025, "violence_type": "state-based conflict", "deaths": 2}}, {"type": "Feature", "geometry": {"type": "Point", "coordinates": [34.39287, 31.44766]}, "properties": {"date": "2025-09-22", "year": 2025, "violence_type": "state-based conflict", "deaths": 1}}, {"type": "Feature", "geometry": {"type": "Point", "coordinates": [34.45, 31.51667]}, "properties": {"date": "2025-09-22", "year": 2025, "violence_type": "state-based conflict", "deaths": 2}}, {"type": "Feature", "geometry": {"type": "Point", "coordinates": [34.45, 31.51667]}, "properties": {"date": "2025-09-22", "year": 2025, "violence_type": "state-based conflict", "deaths": 1}}, {"type": "Feature", "geometry": {"type": "Point", "coordinates": [34.44662, 31.53491]}, "properties": {"date": "2025-09-22", "year": 2025, "violence_type": "state-based conflict", "deaths": 2}}, {"type": "Feature", "geometry": {"type": "Point", "coordinates": [34.36595, 31.42844]}, "properties": {"date": "2025-09-22", "year": 2025, "violence_type": "state-based conflict", "deaths": 1}}, {"type": "Feature", "geometry": {"type": "Point", "coordinates": [34.45, 31.51667]}, "properties": {"date": "2025-09-22", "year": 2025, "violence_type": "state-based conflict", "deaths": 9}}, {"type": "Feature", "geometry": {"type": "Point", "coordinates": [34.44662, 31.53491]}, "properties": {"date": "2025-09-22", "year": 2025, "violence_type": "state-based conflict", "deaths": 4}}, {"type": "Feature", "geometry": {"type": "Point", "coordinates": [34.45, 31.51667]}, "properties": {"date": "2025-09-22", "year": 2025, "violence_type": "state-based conflict", "deaths": 1}}, {"type": "Feature", "geometry": {"type": "Point", "coordinates": [34.3734, 31.42507]}, "properties": {"date": "2025-09-23", "year": 2025, "violence_type": "state-based conflict", "deaths": 19}}, {"type": "Feature", "geometry": {"type": "Point", "coordinates": [34.36595, 31.42844]}, "properties": {"date": "2025-09-23", "year": 2025, "violence_type": "state-based conflict", "deaths": 2}}, {"type": "Feature", "geometry": {"type": "Point", "coordinates": [34.28806, 31.30833]}, "properties": {"date": "2025-09-23", "year": 2025, "violence_type": "state-based conflict", "deaths": 3}}, {"type": "Feature", "geometry": {"type": "Point", "coordinates": [34.24727, 31.37282]}, "properties": {"date": "2025-09-23", "year": 2025, "violence_type": "state-based conflict", "deaths": 2}}, {"type": "Feature", "geometry": {"type": "Point", "coordinates": [34.40294, 31.43953]}, "properties": {"date": "2025-09-23", "year": 2025, "violence_type": "state-based conflict", "deaths": 1}}, {"type": "Feature", "geometry": {"type": "Point", "coordinates": [34.44662, 31.53491]}, "properties": {"date": "2025-09-23", "year": 2025, "violence_type": "state-based conflict", "deaths": 5}}, {"type": "Feature", "geometry": {"type": "Point", "coordinates": [34.45, 31.51667]}, "properties": {"date": "2025-09-23", "year": 2025, "violence_type": "state-based conflict", "deaths": 5}}, {"type": "Feature", "geometry": {"type": "Point", "coordinates": [37.16117, 36.20124]}, "properties": {"date": "2025-09-23", "year": 2025, "violence_type": "state-based conflict", "deaths": 1}}, {"type": "Feature", "geometry": {"type": "Point", "coordinates": [34.40294, 31.43953]}, "properties": {"date": "2025-09-24", "year": 2025, "violence_type": "state-based conflict", "deaths": 1}}, {"type": "Feature", "geometry": {"type": "Point", "coordinates": [34.45, 31.51667]}, "properties": {"date": "2025-09-24", "year": 2025, "violence_type": "state-based conflict", "deaths": 22}}, {"type": "Feature", "geometry": {"type": "Point", "coordinates": [34.45, 31.51667]}, "properties": {"date": "2025-09-24", "year": 2025, "violence_type": "state-based conflict", "deaths": 5}}, {"type": "Feature", "geometry": {"type": "Point", "coordinates": [34.45, 31.51667]}, "properties": {"date": "2025-09-24", "year": 2025, "violence_type": "state-based conflict", "deaths": 1}}, {"type": "Feature", "geometry": {"type": "Point", "coordinates": [34.39287, 31.44766]}, "properties": {"date": "2025-09-24", "year": 2025, "violence_type": "state-based conflict", "deaths": 4}}, {"type": "Feature", "geometry": {"type": "Point", "coordinates": [34.39287, 31.44766]}, "properties": {"date": "2025-09-24", "year": 2025, "violence_type": "state-based conflict", "deaths": 1}}, {"type": "Feature", "geometry": {"type": "Point", "coordinates": [34.45, 31.51667]}, "properties": {"date": "2025-09-24", "year": 2025, "violence_type": "state-based conflict", "deaths": 2}}, {"type": "Feature", "geometry": {"type": "Point", "coordinates": [34.45, 31.51667]}, "properties": {"date": "2025-09-24", "year": 2025, "violence_type": "state-based conflict", "deaths": 2}}, {"type": "Feature", "geometry": {"type": "Point", "coordinates": [34.39287, 31.44766]}, "properties": {"date": "2025-09-24", "year": 2025, "violence_type": "state-based conflict", "deaths": 13}}, {"type": "Feature", "geometry": {"type": "Point", "coordinates": [34.24344, 31.297]}, "properties": {"date": "2025-09-24", "year": 2025, "violence_type": "state-based conflict", "deaths": 8}}, {"type": "Feature", "geometry": {"type": "Point", "coordinates": [34.24344, 31.297]}, "properties": {"date": "2025-09-24", "year": 2025, "violence_type": "state-based conflict", "deaths": 3}}, {"type": "Feature", "geometry": {"type": "Point", "coordinates": [34.30306, 31.34444]}, "properties": {"date": "2025-09-24", "year": 2025, "violence_type": "state-based conflict", "deaths": 3}}, {"type": "Feature", "geometry": {"type": "Point", "coordinates": [34.45, 31.51667]}, "properties": {"date": "2025-09-24", "year": 2025, "violence_type": "state-based conflict", "deaths": 1}}, {"type": "Feature", "geometry": {"type": "Point", "coordinates": [34.3734, 31.42507]}, "properties": {"date": "2025-09-24", "year": 2025, "violence_type": "state-based conflict", "deaths": 24}}, {"type": "Feature", "geometry": {"type": "Point", "coordinates": [34.45, 31.51667]}, "properties": {"date": "2025-09-24", "year": 2025, "violence_type": "state-based conflict", "deaths": 1}}, {"type": "Feature", "geometry": {"type": "Point", "coordinates": [34.39287, 31.44766]}, "properties": {"date": "2025-09-24", "year": 2025, "violence_type": "state-based conflict", "deaths": 2}}, {"type": "Feature", "geometry": {"type": "Point", "coordinates": [44.20667, 15.35472]}, "properties": {"date": "2025-09-25", "year": 2025, "violence_type": "state-based conflict", "deaths": 33}}, {"type": "Feature", "geometry": {"type": "Point", "coordinates": [34.45, 31.51667]}, "properties": {"date": "2025-09-25", "year": 2025, "violence_type": "state-based conflict", "deaths": 6}}, {"type": "Feature", "geometry": {"type": "Point", "coordinates": [35.38583, 32.28417]}, "properties": {"date": "2025-09-25", "year": 2025, "violence_type": "state-based conflict", "deaths": 2}}, {"type": "Feature", "geometry": {"type": "Point", "coordinates": [34.36595, 31.42844]}, "properties": {"date": "2025-09-25", "year": 2025, "violence_type": "state-based conflict", "deaths": 11}}, {"type": "Feature", "geometry": {"type": "Point", "coordinates": [34.44662, 31.53491]}, "properties": {"date": "2025-09-25", "year": 2025, "violence_type": "state-based conflict", "deaths": 1}}, {"type": "Feature", "geometry": {"type": "Point", "coordinates": [34.30306, 31.34444]}, "properties": {"date": "2025-09-25", "year": 2025, "violence_type": "state-based conflict", "deaths": 4}}, {"type": "Feature", "geometry": {"type": "Point", "coordinates": [34.39287, 31.44766]}, "properties": {"date": "2025-09-25", "year": 2025, "violence_type": "state-based conflict", "deaths": 4}}, {"type": "Feature", "geometry": {"type": "Point", "coordinates": [34.3734, 31.42507]}, "properties": {"date": "2025-09-25", "year": 2025, "violence_type": "state-based conflict", "deaths": 15}}, {"type": "Feature", "geometry": {"type": "Point", "coordinates": [34.32534, 31.34278]}, "properties": {"date": "2025-09-25", "year": 2025, "violence_type": "state-based conflict", "deaths": 1}}, {"type": "Feature", "geometry": {"type": "Point", "coordinates": [34.44662, 31.53491]}, "properties": {"date": "2025-09-25", "year": 2025, "violence_type": "state-based conflict", "deaths": 6}}, {"type": "Feature", "geometry": {"type": "Point", "coordinates": [34.35014, 31.41748]}, "properties": {"date": "2025-09-25", "year": 2025, "violence_type": "state-based conflict", "deaths": 2}}, {"type": "Feature", "geometry": {"type": "Point", "coordinates": [34.44662, 31.53491]}, "properties": {"date": "2025-09-25", "year": 2025, "violence_type": "state-based conflict", "deaths": 4}}, {"type": "Feature", "geometry": {"type": "Point", "coordinates": [34.41332, 31.48219]}, "properties": {"date": "2025-09-26", "year": 2025, "violence_type": "state-based conflict", "deaths": 11}}, {"type": "Feature", "geometry": {"type": "Point", "coordinates": [36.71728, 35.87177]}, "properties": {"date": "2025-09-26", "year": 2025, "violence_type": "one-sided violence", "deaths": 1}}, {"type": "Feature", "geometry": {"type": "Point", "coordinates": [34.45, 31.51667]}, "properties": {"date": "2025-09-26", "year": 2025, "violence_type": "state-based conflict", "deaths": 2}}, {"type": "Feature", "geometry": {"type": "Point", "coordinates": [34.39287, 31.44766]}, "properties": {"date": "2025-09-26", "year": 2025, "violence_type": "state-based conflict", "deaths": 8}}, {"type": "Feature", "geometry": {"type": "Point", "coordinates": [34.3734, 31.42507]}, "properties": {"date": "2025-09-26", "year": 2025, "violence_type": "state-based conflict", "deaths": 39}}, {"type": "Feature", "geometry": {"type": "Point", "coordinates": [34.39287, 31.44766]}, "properties": {"date": "2025-09-27", "year": 2025, "violence_type": "state-based conflict", "deaths": 3}}, {"type": "Feature", "geometry": {"type": "Point", "coordinates": [34.30306, 31.34444]}, "properties": {"date": "2025-09-27", "year": 2025, "violence_type": "state-based conflict", "deaths": 2}}, {"type": "Feature", "geometry": {"type": "Point", "coordinates": [34.45, 31.51667]}, "properties": {"date": "2025-09-27", "year": 2025, "violence_type": "state-based conflict", "deaths": 5}}, {"type": "Feature", "geometry": {"type": "Point", "coordinates": [34.35014, 31.41748]}, "properties": {"date": "2025-09-27", "year": 2025, "violence_type": "state-based conflict", "deaths": 1}}, {"type": "Feature", "geometry": {"type": "Point", "coordinates": [34.35014, 31.41748]}, "properties": {"date": "2025-09-27", "year": 2025, "violence_type": "state-based conflict", "deaths": 1}}, {"type": "Feature", "geometry": {"type": "Point", "coordinates": [34.45, 31.51667]}, "properties": {"date": "2025-09-27", "year": 2025, "violence_type": "state-based conflict", "deaths": 1}}, {"type": "Feature", "geometry": {"type": "Point", "coordinates": [34.45, 31.51667]}, "properties": {"date": "2025-09-27", "year": 2025, "violence_type": "state-based conflict", "deaths": 1}}, {"type": "Feature", "geometry": {"type": "Point", "coordinates": [34.45, 31.51667]}, "properties": {"date": "2025-09-27", "year": 2025, "violence_type": "state-based conflict", "deaths": 1}}, {"type": "Feature", "geometry": {"type": "Point", "coordinates": [34.41475, 31.4554]}, "properties": {"date": "2025-09-27", "year": 2025, "violence_type": "state-based conflict", "deaths": 1}}, {"type": "Feature", "geometry": {"type": "Point", "coordinates": [34.39287, 31.44766]}, "properties": {"date": "2025-09-27", "year": 2025, "violence_type": "state-based conflict", "deaths": 4}}, {"type": "Feature", "geometry": {"type": "Point", "coordinates": [34.45, 31.51667]}, "properties": {"date": "2025-09-27", "year": 2025, "violence_type": "state-based conflict", "deaths": 5}}, {"type": "Feature", "geometry": {"type": "Point", "coordinates": [34.30306, 31.34444]}, "properties": {"date": "2025-09-27", "year": 2025, "violence_type": "state-based conflict", "deaths": 4}}, {"type": "Feature", "geometry": {"type": "Point", "coordinates": [34.36595, 31.42844]}, "properties": {"date": "2025-09-27", "year": 2025, "violence_type": "state-based conflict", "deaths": 3}}, {"type": "Feature", "geometry": {"type": "Point", "coordinates": [34.44662, 31.53491]}, "properties": {"date": "2025-09-27", "year": 2025, "violence_type": "state-based conflict", "deaths": 4}}, {"type": "Feature", "geometry": {"type": "Point", "coordinates": [34.39287, 31.44766]}, "properties": {"date": "2025-09-27", "year": 2025, "violence_type": "state-based conflict", "deaths": 18}}, {"type": "Feature", "geometry": {"type": "Point", "coordinates": [34.45, 31.51667]}, "properties": {"date": "2025-09-27", "year": 2025, "violence_type": "state-based conflict", "deaths": 8}}, {"type": "Feature", "geometry": {"type": "Point", "coordinates": [34.39287, 31.44766]}, "properties": {"date": "2025-09-27", "year": 2025, "violence_type": "state-based conflict", "deaths": 4}}, {"type": "Feature", "geometry": {"type": "Point", "coordinates": [34.3734, 31.42507]}, "properties": {"date": "2025-09-27", "year": 2025, "violence_type": "state-based conflict", "deaths": 18}}, {"type": "Feature", "geometry": {"type": "Point", "coordinates": [34.41332, 31.48219]}, "properties": {"date": "2025-09-27", "year": 2025, "violence_type": "state-based conflict", "deaths": 3}}, {"type": "Feature", "geometry": {"type": "Point", "coordinates": [34.45, 31.51667]}, "properties": {"date": "2025-09-27", "year": 2025, "violence_type": "state-based conflict", "deaths": 11}}, {"type": "Feature", "geometry": {"type": "Point", "coordinates": [34.45, 31.51667]}, "properties": {"date": "2025-09-28", "year": 2025, "violence_type": "state-based conflict", "deaths": 2}}, {"type": "Feature", "geometry": {"type": "Point", "coordinates": [34.28806, 31.30833]}, "properties": {"date": "2025-09-28", "year": 2025, "violence_type": "state-based conflict", "deaths": 6}}, {"type": "Feature", "geometry": {"type": "Point", "coordinates": [35.17081, 32.21431]}, "properties": {"date": "2025-09-28", "year": 2025, "violence_type": "state-based conflict", "deaths": 0}}, {"type": "Feature", "geometry": {"type": "Point", "coordinates": [34.39287, 31.44766]}, "properties": {"date": "2025-09-28", "year": 2025, "violence_type": "state-based conflict", "deaths": 16}}, {"type": "Feature", "geometry": {"type": "Point", "coordinates": [36.74818, 35.45746]}, "properties": {"date": "2025-09-28", "year": 2025, "violence_type": "non-state conflict", "deaths": 1}}, {"type": "Feature", "geometry": {"type": "Point", "coordinates": [34.3734, 31.42507]}, "properties": {"date": "2025-09-28", "year": 2025, "violence_type": "state-based conflict", "deaths": 27}}, {"type": "Feature", "geometry": {"type": "Point", "coordinates": [34.39287, 31.44766]}, "properties": {"date": "2025-09-28", "year": 2025, "violence_type": "state-based conflict", "deaths": 2}}, {"type": "Feature", "geometry": {"type": "Point", "coordinates": [34.3734, 31.42507]}, "properties": {"date": "2025-09-29", "year": 2025, "violence_type": "state-based conflict", "deaths": 8}}, {"type": "Feature", "geometry": {"type": "Point", "coordinates": [37.16117, 36.20124]}, "properties": {"date": "2025-09-29", "year": 2025, "violence_type": "one-sided violence", "deaths": 1}}, {"type": "Feature", "geometry": {"type": "Point", "coordinates": [34.28806, 31.30833]}, "properties": {"date": "2025-09-29", "year": 2025, "violence_type": "state-based conflict", "deaths": 1}}, {"type": "Feature", "geometry": {"type": "Point", "coordinates": [35.4925, 33.36389]}, "properties": {"date": "2025-09-29", "year": 2025, "violence_type": "state-based conflict", "deaths": 1}}, {"type": "Feature", "geometry": {"type": "Point", "coordinates": [34.24344, 31.297]}, "properties": {"date": "2025-09-29", "year": 2025, "violence_type": "state-based conflict", "deaths": 1}}, {"type": "Feature", "geometry": {"type": "Point", "coordinates": [34.45, 31.51667]}, "properties": {"date": "2025-09-29", "year": 2025, "violence_type": "state-based conflict", "deaths": 5}}, {"type": "Feature", "geometry": {"type": "Point", "coordinates": [34.24344, 31.297]}, "properties": {"date": "2025-09-29", "year": 2025, "violence_type": "state-based conflict", "deaths": 4}}, {"type": "Feature", "geometry": {"type": "Point", "coordinates": [34.45, 31.51667]}, "properties": {"date": "2025-09-29", "year": 2025, "violence_type": "state-based conflict", "deaths": 3}}, {"type": "Feature", "geometry": {"type": "Point", "coordinates": [34.45, 31.51667]}, "properties": {"date": "2025-09-29", "year": 2025, "violence_type": "state-based conflict", "deaths": 1}}, {"type": "Feature", "geometry": {"type": "Point", "coordinates": [34.45, 31.51667]}, "properties": {"date": "2025-09-29", "year": 2025, "violence_type": "state-based conflict", "deaths": 10}}, {"type": "Feature", "geometry": {"type": "Point", "coordinates": [34.39287, 31.44766]}, "properties": {"date": "2025-09-29", "year": 2025, "violence_type": "state-based conflict", "deaths": 1}}, {"type": "Feature", "geometry": {"type": "Point", "coordinates": [36.12682, 34.93205]}, "properties": {"date": "2025-09-30", "year": 2025, "violence_type": "one-sided violence", "deaths": 1}}, {"type": "Feature", "geometry": {"type": "Point", "coordinates": [34.35014, 31.41748]}, "properties": {"date": "2025-09-30", "year": 2025, "violence_type": "state-based conflict", "deaths": 7}}, {"type": "Feature", "geometry": {"type": "Point", "coordinates": [34.41475, 31.4554]}, "properties": {"date": "2025-09-30", "year": 2025, "violence_type": "state-based conflict", "deaths": 17}}, {"type": "Feature", "geometry": {"type": "Point", "coordinates": [34.45, 31.51667]}, "properties": {"date": "2025-09-30", "year": 2025, "violence_type": "state-based conflict", "deaths": 3}}, {"type": "Feature", "geometry": {"type": "Point", "coordinates": [34.41332, 31.48219]}, "properties": {"date": "2025-09-30", "year": 2025, "violence_type": "state-based conflict", "deaths": 1}}, {"type": "Feature", "geometry": {"type": "Point", "coordinates": [34.45, 31.51667]}, "properties": {"date": "2025-09-30", "year": 2025, "violence_type": "state-based conflict", "deaths": 2}}, {"type": "Feature", "geometry": {"type": "Point", "coordinates": [34.39287, 31.44766]}, "properties": {"date": "2025-09-30", "year": 2025, "violence_type": "state-based conflict", "deaths": 4}}, {"type": "Feature", "geometry": {"type": "Point", "coordinates": [34.35014, 31.41748]}, "properties": {"date": "2025-09-30", "year": 2025, "violence_type": "state-based conflict", "deaths": 5}}, {"type": "Feature", "geometry": {"type": "Point", "coordinates": [34.39287, 31.44766]}, "properties": {"date": "2025-09-30", "year": 2025, "violence_type": "state-based conflict", "deaths": 1}}, {"type": "Feature", "geometry": {"type": "Point", "coordinates": [34.30306, 31.34444]}, "properties": {"date": "2025-09-30", "year": 2025, "violence_type": "state-based conflict", "deaths": 2}}, {"type": "Feature", "geometry": {"type": "Point", "coordinates": [34.3734, 31.42507]}, "properties": {"date": "2025-09-30", "year": 2025, "violence_type": "state-based conflict", "deaths": 17}}, {"type": "Feature", "geometry": {"type": "Point", "coordinates": [36.17832, 34.67515]}, "properties": {"date": "2025-09-30", "year": 2025, "violence_type": "one-sided violence", "deaths": 1}}, {"type": "Feature", "geometry": {"type": "Point", "coordinates": [34.39287, 31.44766]}, "properties": {"date": "2025-09-30", "year": 2025, "violence_type": "state-based conflict", "deaths": 1}}, {"type": "Feature", "geometry": {"type": "Point", "coordinates": [34.25618, 31.34822]}, "properties": {"date": "2025-09-30", "year": 2025, "violence_type": "state-based conflict", "deaths": 3}}, {"type": "Feature", "geometry": {"type": "Point", "coordinates": [34.35014, 31.41748]}, "properties": {"date": "2025-09-30", "year": 2025, "violence_type": "state-based conflict", "deaths": 1}}, {"type": "Feature", "geometry": {"type": "Point", "coordinates": [34.45, 31.51667]}, "properties": {"date": "2025-10-01", "year": 2025, "violence_type": "state-based conflict", "deaths": 3}}, {"type": "Feature", "geometry": {"type": "Point", "coordinates": [35.35111, 33.17472]}, "properties": {"date": "2025-10-01", "year": 2025, "violence_type": "state-based conflict", "deaths": 1}}, {"type": "Feature", "geometry": {"type": "Point", "coordinates": [34.40294, 31.43953]}, "properties": {"date": "2025-10-01", "year": 2025, "violence_type": "state-based conflict", "deaths": 1}}, {"type": "Feature", "geometry": {"type": "Point", "coordinates": [34.39287, 31.44766]}, "properties": {"date": "2025-10-01", "year": 2025, "violence_type": "state-based conflict", "deaths": 2}}, {"type": "Feature", "geometry": {"type": "Point", "coordinates": [34.45, 31.51667]}, "properties": {"date": "2025-10-01", "year": 2025, "violence_type": "state-based conflict", "deaths": 1}}, {"type": "Feature", "geometry": {"type": "Point", "coordinates": [34.45, 31.51667]}, "properties": {"date": "2025-10-01", "year": 2025, "violence_type": "state-based conflict", "deaths": 7}}, {"type": "Feature", "geometry": {"type": "Point", "coordinates": [34.39287, 31.44766]}, "properties": {"date": "2025-10-01", "year": 2025, "violence_type": "state-based conflict", "deaths": 2}}, {"type": "Feature", "geometry": {"type": "Point", "coordinates": [34.45, 31.51667]}, "properties": {"date": "2025-10-01", "year": 2025, "violence_type": "state-based conflict", "deaths": 5}}, {"type": "Feature", "geometry": {"type": "Point", "coordinates": [34.45, 31.51667]}, "properties": {"date": "2025-10-01", "year": 2025, "violence_type": "state-based conflict", "deaths": 8}}, {"type": "Feature", "geometry": {"type": "Point", "coordinates": [34.44662, 31.53491]}, "properties": {"date": "2025-10-01", "year": 2025, "violence_type": "state-based conflict", "deaths": 7}}, {"type": "Feature", "geometry": {"type": "Point", "coordinates": [34.3734, 31.42507]}, "properties": {"date": "2025-10-01", "year": 2025, "violence_type": "state-based conflict", "deaths": 24}}, {"type": "Feature", "geometry": {"type": "Point", "coordinates": [34.45, 31.51667]}, "properties": {"date": "2025-10-01", "year": 2025, "violence_type": "state-based conflict", "deaths": 1}}, {"type": "Feature", "geometry": {"type": "Point", "coordinates": [34.45, 31.51667]}, "properties": {"date": "2025-10-01", "year": 2025, "violence_type": "state-based conflict", "deaths": 2}}, {"type": "Feature", "geometry": {"type": "Point", "coordinates": [34.24344, 31.297]}, "properties": {"date": "2025-10-01", "year": 2025, "violence_type": "state-based conflict", "deaths": 1}}, {"type": "Feature", "geometry": {"type": "Point", "coordinates": [34.3315, 31.41864]}, "properties": {"date": "2025-10-01", "year": 2025, "violence_type": "state-based conflict", "deaths": 4}}, {"type": "Feature", "geometry": {"type": "Point", "coordinates": [34.45, 31.51667]}, "properties": {"date": "2025-10-01", "year": 2025, "violence_type": "state-based conflict", "deaths": 1}}, {"type": "Feature", "geometry": {"type": "Point", "coordinates": [34.30306, 31.34444]}, "properties": {"date": "2025-10-01", "year": 2025, "violence_type": "state-based conflict", "deaths": 2}}, {"type": "Feature", "geometry": {"type": "Point", "coordinates": [34.35014, 31.41748]}, "properties": {"date": "2025-10-01", "year": 2025, "violence_type": "state-based conflict", "deaths": 4}}, {"type": "Feature", "geometry": {"type": "Point", "coordinates": [34.35014, 31.41748]}, "properties": {"date": "2025-10-01", "year": 2025, "violence_type": "state-based conflict", "deaths": 9}}, {"type": "Feature", "geometry": {"type": "Point", "coordinates": [34.35014, 31.41748]}, "properties": {"date": "2025-10-01", "year": 2025, "violence_type": "state-based conflict", "deaths": 7}}, {"type": "Feature", "geometry": {"type": "Point", "coordinates": [34.35014, 31.41748]}, "properties": {"date": "2025-10-02", "year": 2025, "violence_type": "state-based conflict", "deaths": 2}}, {"type": "Feature", "geometry": {"type": "Point", "coordinates": [34.25618, 31.34822]}, "properties": {"date": "2025-10-02", "year": 2025, "violence_type": "state-based conflict", "deaths": 11}}, {"type": "Feature", "geometry": {"type": "Point", "coordinates": [34.45, 31.51667]}, "properties": {"date": "2025-10-02", "year": 2025, "violence_type": "state-based conflict", "deaths": 1}}, {"type": "Feature", "geometry": {"type": "Point", "coordinates": [34.40294, 31.43953]}, "properties": {"date": "2025-10-02", "year": 2025, "violence_type": "state-based conflict", "deaths": 4}}, {"type": "Feature", "geometry": {"type": "Point", "coordinates": [35.11417, 31.88583]}, "properties": {"date": "2025-10-02", "year": 2025, "violence_type": "state-based conflict", "deaths": 1}}, {"type": "Feature", "geometry": {"type": "Point", "coordinates": [34.3734, 31.42507]}, "properties": {"date": "2025-10-02", "year": 2025, "violence_type": "state-based conflict", "deaths": 33}}, {"type": "Feature", "geometry": {"type": "Point", "coordinates": [34.40294, 31.43953]}, "properties": {"date": "2025-10-02", "year": 2025, "violence_type": "state-based conflict", "deaths": 2}}, {"type": "Feature", "geometry": {"type": "Point", "coordinates": [34.45, 31.51667]}, "properties": {"date": "2025-10-02", "year": 2025, "violence_type": "state-based conflict", "deaths": 1}}, {"type": "Feature", "geometry": {"type": "Point", "coordinates": [34.3734, 31.42507]}, "properties": {"date": "2025-10-02", "year": 2025, "violence_type": "state-based conflict", "deaths": 8}}, {"type": "Feature", "geometry": {"type": "Point", "coordinates": [34.35014, 31.41748]}, "properties": {"date": "2025-10-02", "year": 2025, "violence_type": "state-based conflict", "deaths": 3}}, {"type": "Feature", "geometry": {"type": "Point", "coordinates": [34.44662, 31.53491]}, "properties": {"date": "2025-10-03", "year": 2025, "violence_type": "state-based conflict", "deaths": 5}}, {"type": "Feature", "geometry": {"type": "Point", "coordinates": [34.40294, 31.43953]}, "properties": {"date": "2025-10-03", "year": 2025, "violence_type": "state-based conflict", "deaths": 1}}, {"type": "Feature", "geometry": {"type": "Point", "coordinates": [34.32534, 31.34278]}, "properties": {"date": "2025-10-03", "year": 2025, "violence_type": "state-based conflict", "deaths": 4}}, {"type": "Feature", "geometry": {"type": "Point", "coordinates": [34.30306, 31.34444]}, "properties": {"date": "2025-10-03", "year": 2025, "violence_type": "state-based conflict", "deaths": 2}}, {"type": "Feature", "geometry": {"type": "Point", "coordinates": [34.3734, 31.42507]}, "properties": {"date": "2025-10-03", "year": 2025, "violence_type": "state-based conflict", "deaths": 4}}, {"type": "Feature", "geometry": {"type": "Point", "coordinates": [34.3734, 31.42507]}, "properties": {"date": "2025-10-03", "year": 2025, "violence_type": "state-based conflict", "deaths": 36}}, {"type": "Feature", "geometry": {"type": "Point", "coordinates": [34.45, 31.51667]}, "properties": {"date": "2025-10-03", "year": 2025, "violence_type": "state-based conflict", "deaths": 7}}, {"type": "Feature", "geometry": {"type": "Point", "coordinates": [34.44662, 31.53491]}, "properties": {"date": "2025-10-03", "year": 2025, "violence_type": "state-based conflict", "deaths": 2}}, {"type": "Feature", "geometry": {"type": "Point", "coordinates": [34.45, 31.51667]}, "properties": {"date": "2025-10-03", "year": 2025, "violence_type": "state-based conflict", "deaths": 1}}, {"type": "Feature", "geometry": {"type": "Point", "coordinates": [34.45, 31.51667]}, "properties": {"date": "2025-10-03", "year": 2025, "violence_type": "state-based conflict", "deaths": 6}}, {"type": "Feature", "geometry": {"type": "Point", "coordinates": [34.30306, 31.34444]}, "properties": {"date": "2025-10-03", "year": 2025, "violence_type": "state-based conflict", "deaths": 3}}, {"type": "Feature", "geometry": {"type": "Point", "coordinates": [34.25618, 31.34822]}, "properties": {"date": "2025-10-03", "year": 2025, "violence_type": "state-based conflict", "deaths": 7}}, {"type": "Feature", "geometry": {"type": "Point", "coordinates": [34.35014, 31.41748]}, "properties": {"date": "2025-10-03", "year": 2025, "violence_type": "state-based conflict", "deaths": 1}}, {"type": "Feature", "geometry": {"type": "Point", "coordinates": [34.45, 31.51667]}, "properties": {"date": "2025-10-03", "year": 2025, "violence_type": "state-based conflict", "deaths": 3}}, {"type": "Feature", "geometry": {"type": "Point", "coordinates": [34.45, 31.51667]}, "properties": {"date": "2025-10-03", "year": 2025, "violence_type": "state-based conflict", "deaths": 5}}, {"type": "Feature", "geometry": {"type": "Point", "coordinates": [34.38538, 31.42136]}, "properties": {"date": "2025-10-03", "year": 2025, "violence_type": "state-based conflict", "deaths": 7}}, {"type": "Feature", "geometry": {"type": "Point", "coordinates": [34.45, 31.51667]}, "properties": {"date": "2025-10-04", "year": 2025, "violence_type": "state-based conflict", "deaths": 17}}, {"type": "Feature", "geometry": {"type": "Point", "coordinates": [34.45, 31.51667]}, "properties": {"date": "2025-10-04", "year": 2025, "violence_type": "state-based conflict", "deaths": 2}}, {"type": "Feature", "geometry": {"type": "Point", "coordinates": [34.45, 31.51667]}, "properties": {"date": "2025-10-04", "year": 2025, "violence_type": "state-based conflict", "deaths": 5}}, {"type": "Feature", "geometry": {"type": "Point", "coordinates": [34.45, 31.51667]}, "properties": {"date": "2025-10-04", "year": 2025, "violence_type": "state-based conflict", "deaths": 1}}, {"type": "Feature", "geometry": {"type": "Point", "coordinates": [34.45, 31.51667]}, "properties": {"date": "2025-10-04", "year": 2025, "violence_type": "state-based conflict", "deaths": 2}}, {"type": "Feature", "geometry": {"type": "Point", "coordinates": [34.41332, 31.48219]}, "properties": {"date": "2025-10-04", "year": 2025, "violence_type": "state-based conflict", "deaths": 1}}, {"type": "Feature", "geometry": {"type": "Point", "coordinates": [34.45, 31.51667]}, "properties": {"date": "2025-10-04", "year": 2025, "violence_type": "state-based conflict", "deaths": 1}}, {"type": "Feature", "geometry": {"type": "Point", "coordinates": [34.45, 31.51667]}, "properties": {"date": "2025-10-04", "year": 2025, "violence_type": "state-based conflict", "deaths": 6}}, {"type": "Feature", "geometry": {"type": "Point", "coordinates": [34.3734, 31.42507]}, "properties": {"date": "2025-10-04", "year": 2025, "violence_type": "state-based conflict", "deaths": 33}}, {"type": "Feature", "geometry": {"type": "Point", "coordinates": [34.25618, 31.34822]}, "properties": {"date": "2025-10-04", "year": 2025, "violence_type": "state-based conflict", "deaths": 2}}, {"type": "Feature", "geometry": {"type": "Point", "coordinates": [34.39287, 31.44766]}, "properties": {"date": "2025-10-04", "year": 2025, "violence_type": "state-based conflict", "deaths": 1}}, {"type": "Feature", "geometry": {"type": "Point", "coordinates": [34.45, 31.51667]}, "properties": {"date": "2025-10-05", "year": 2025, "violence_type": "state-based conflict", "deaths": 1}}, {"type": "Feature", "geometry": {"type": "Point", "coordinates": [34.24344, 31.297]}, "properties": {"date": "2025-10-05", "year": 2025, "violence_type": "state-based conflict", "deaths": 4}}, {"type": "Feature", "geometry": {"type": "Point", "coordinates": [34.41332, 31.48219]}, "properties": {"date": "2025-10-05", "year": 2025, "violence_type": "state-based conflict", "deaths": 1}}, {"type": "Feature", "geometry": {"type": "Point", "coordinates": [34.45, 31.51667]}, "properties": {"date": "2025-10-05", "year": 2025, "violence_type": "state-based conflict", "deaths": 5}}, {"type": "Feature", "geometry": {"type": "Point", "coordinates": [34.45, 31.51667]}, "properties": {"date": "2025-10-05", "year": 2025, "violence_type": "state-based conflict", "deaths": 1}}, {"type": "Feature", "geometry": {"type": "Point", "coordinates": [34.3734, 31.42507]}, "properties": {"date": "2025-10-05", "year": 2025, "violence_type": "state-based conflict", "deaths": 8}}, {"type": "Feature", "geometry": {"type": "Point", "coordinates": [34.3734, 31.42507]}, "properties": {"date": "2025-10-06", "year": 2025, "violence_type": "state-based conflict", "deaths": 8}}, {"type": "Feature", "geometry": {"type": "Point", "coordinates": [37.16117, 36.20124]}, "properties": {"date": "2025-10-06", "year": 2025, "violence_type": "state-based conflict", "deaths": 3}}, {"type": "Feature", "geometry": {"type": "Point", "coordinates": [34.30306, 31.34444]}, "properties": {"date": "2025-10-06", "year": 2025, "violence_type": "state-based conflict", "deaths": 2}}, {"type": "Feature", "geometry": {"type": "Point", "coordinates": [35.46306, 33.37472]}, "properties": {"date": "2025-10-06", "year": 2025, "violence_type": "state-based conflict", "deaths": 2}}, {"type": "Feature", "geometry": {"type": "Point", "coordinates": [34.45, 31.51667]}, "properties": {"date": "2025-10-06", "year": 2025, "violence_type": "state-based conflict", "deaths": 2}}, {"type": "Feature", "geometry": {"type": "Point", "coordinates": [34.45, 31.51667]}, "properties": {"date": "2025-10-07", "year": 2025, "violence_type": "state-based conflict", "deaths": 3}}, {"type": "Feature", "geometry": {"type": "Point", "coordinates": [34.30306, 31.34444]}, "properties": {"date": "2025-10-07", "year": 2025, "violence_type": "state-based conflict", "deaths": 1}}, {"type": "Feature", "geometry": {"type": "Point", "coordinates": [34.30306, 31.34444]}, "properties": {"date": "2025-10-07", "year": 2025, "violence_type": "state-based conflict", "deaths": 1}}, {"type": "Feature", "geometry": {"type": "Point", "coordinates": [34.3734, 31.42507]}, "properties": {"date": "2025-10-07", "year": 2025, "violence_type": "state-based conflict", "deaths": 3}}, {"type": "Feature", "geometry": {"type": "Point", "coordinates": [35.33556, 33.20139]}, "properties": {"date": "2025-10-07", "year": 2025, "violence_type": "state-based conflict", "deaths": 1}}, {"type": "Feature", "geometry": {"type": "Point", "coordinates": [34.30306, 31.34444]}, "properties": {"date": "2025-10-07", "year": 2025, "violence_type": "state-based conflict", "deaths": 2}}, {"type": "Feature", "geometry": {"type": "Point", "coordinates": [34.30306, 31.34444]}, "properties": {"date": "2025-10-07", "year": 2025, "violence_type": "state-based conflict", "deaths": 1}}, {"type": "Feature", "geometry": {"type": "Point", "coordinates": [35.33028, 33.15417]}, "properties": {"date": "2025-10-07", "year": 2025, "violence_type": "state-based conflict", "deaths": 1}}, {"type": "Feature", "geometry": {"type": "Point", "coordinates": [34.3734, 31.42507]}, "properties": {"date": "2025-10-08", "year": 2025, "violence_type": "state-based conflict", "deaths": 7}}, {"type": "Feature", "geometry": {"type": "Point", "coordinates": [45.44611, 15.51694]}, "properties": {"date": "2025-10-08", "year": 2025, "violence_type": "state-based conflict", "deaths": 1}}, {"type": "Feature", "geometry": {"type": "Point", "coordinates": [35.29463, 31.96447]}, "properties": {"date": "2025-10-08", "year": 2025, "violence_type": "one-sided violence", "deaths": 1}}, {"type": "Feature", "geometry": {"type": "Point", "coordinates": [34.24344, 31.297]}, "properties": {"date": "2025-10-08", "year": 2025, "violence_type": "state-based conflict", "deaths": 1}}, {"type": "Feature", "geometry": {"type": "Point", "coordinates": [34.30155, 31.37435]}, "properties": {"date": "2025-10-09", "year": 2025, "violence_type": "state-based conflict", "deaths": 1}}, {"type": "Feature", "geometry": {"type": "Point", "coordinates": [34.45, 31.51667]}, "properties": {"date": "2025-10-09", "year": 2025, "violence_type": "state-based conflict", "deaths": 1}}, {"type": "Feature", "geometry": {"type": "Point", "coordinates": [34.30627, 31.34018]}, "properties": {"date": "2025-10-09", "year": 2025, "violence_type": "state-based conflict", "deaths": 1}}, {"type": "Feature", "geometry": {"type": "Point", "coordinates": [34.30627, 31.34018]}, "properties": {"date": "2025-10-09", "year": 2025, "violence_type": "state-based conflict", "deaths": 1}}, {"type": "Feature", "geometry": {"type": "Point", "coordinates": [34.3734, 31.42507]}, "properties": {"date": "2025-10-09", "year": 2025, "violence_type": "state-based conflict", "deaths": 21}}, {"type": "Feature", "geometry": {"type": "Point", "coordinates": [34.45, 31.51667]}, "properties": {"date": "2025-10-09", "year": 2025, "violence_type": "state-based conflict", "deaths": 4}}, {"type": "Feature", "geometry": {"type": "Point", "coordinates": [34.30306, 31.34444]}, "properties": {"date": "2025-10-09", "year": 2025, "violence_type": "state-based conflict", "deaths": 1}}, {"type": "Feature", "geometry": {"type": "Point", "coordinates": [34.31859, 31.37644]}, "properties": {"date": "2025-10-09", "year": 2025, "violence_type": "state-based conflict", "deaths": 1}}, {"type": "Feature", "geometry": {"type": "Point", "coordinates": [34.48347, 31.5272]}, "properties": {"date": "2025-10-09", "year": 2025, "violence_type": "state-based conflict", "deaths": 1}}, {"type": "Feature", "geometry": {"type": "Point", "coordinates": [34.30306, 31.34444]}, "properties": {"date": "2025-10-10", "year": 2025, "violence_type": "state-based conflict", "deaths": 2}}, {"type": "Feature", "geometry": {"type": "Point", "coordinates": [34.45, 31.51667]}, "properties": {"date": "2025-10-10", "year": 2025, "violence_type": "state-based conflict", "deaths": 16}}, {"type": "Feature", "geometry": {"type": "Point", "coordinates": [34.45, 31.51667]}, "properties": {"date": "2025-10-10", "year": 2025, "violence_type": "state-based conflict", "deaths": 1}}, {"type": "Feature", "geometry": {"type": "Point", "coordinates": [35.30086, 32.45943]}, "properties": {"date": "2025-10-10", "year": 2025, "violence_type": "state-based conflict", "deaths": 1}}, {"type": "Feature", "geometry": {"type": "Point", "coordinates": [34.34085, 31.37389]}, "properties": {"date": "2025-10-10", "year": 2025, "violence_type": "state-based conflict", "deaths": 2}}, {"type": "Feature", "geometry": {"type": "Point", "coordinates": [34.25618, 31.34822]}, "properties": {"date": "2025-10-10", "year": 2025, "violence_type": "state-based conflict", "deaths": 1}}, {"type": "Feature", "geometry": {"type": "Point", "coordinates": [34.34085, 31.37389]}, "properties": {"date": "2025-10-11", "year": 2025, "violence_type": "state-based conflict", "deaths": 1}}, {"type": "Feature", "geometry": {"type": "Point", "coordinates": [37.16117, 36.20124]}, "properties": {"date": "2025-10-11", "year": 2025, "violence_type": "state-based conflict", "deaths": 5}}, {"type": "Feature", "geometry": {"type": "Point", "coordinates": [35.35153, 33.47849]}, "properties": {"date": "2025-10-11", "year": 2025, "violence_type": "state-based conflict", "deaths": 1}}, {"type": "Feature", "geometry": {"type": "Point", "coordinates": [34.3734, 31.42507]}, "properties": {"date": "2025-10-11", "year": 2025, "violence_type": "state-based conflict", "deaths": 3}}, {"type": "Feature", "geometry": {"type": "Point", "coordinates": [35.41974, 33.26075]}, "properties": {"date": "2025-10-11", "year": 2025, "violence_type": "state-based conflict", "deaths": 1}}, {"type": "Feature", "geometry": {"type": "Point", "coordinates": [34.30306, 31.34444]}, "properties": {"date": "2025-10-12", "year": 2025, "violence_type": "state-based conflict", "deaths": 1}}, {"type": "Feature", "geometry": {"type": "Point", "coordinates": [34.30306, 31.34444]}, "properties": {"date": "2025-10-13", "year": 2025, "violence_type": "state-based conflict", "deaths": 1}}, {"type": "Feature", "geometry": {"type": "Point", "coordinates": [34.45, 31.51667]}, "properties": {"date": "2025-10-14", "year": 2025, "violence_type": "state-based conflict", "deaths": 5}}, {"type": "Feature", "geometry": {"type": "Point", "coordinates": [34.33301, 31.29505]}, "properties": {"date": "2025-10-14", "year": 2025, "violence_type": "state-based conflict", "deaths": 1}}, {"type": "Feature", "geometry": {"type": "Point", "coordinates": [34.30306, 31.34444]}, "properties": {"date": "2025-10-14", "year": 2025, "violence_type": "state-based conflict", "deaths": 1}}, {"type": "Feature", "geometry": {"type": "Point", "coordinates": [34.30306, 31.34444]}, "properties": {"date": "2025-10-15", "year": 2025, "violence_type": "state-based conflict", "deaths": 1}}, {"type": "Feature", "geometry": {"type": "Point", "coordinates": [34.3734, 31.42507]}, "properties": {"date": "2025-10-15", "year": 2025, "violence_type": "state-based conflict", "deaths": 3}}, {"type": "Feature", "geometry": {"type": "Point", "coordinates": [35.23337, 31.85343]}, "properties": {"date": "2025-10-15", "year": 2025, "violence_type": "one-sided violence", "deaths": 1}}, {"type": "Feature", "geometry": {"type": "Point", "coordinates": [34.45, 31.51667]}, "properties": {"date": "2025-10-15", "year": 2025, "violence_type": "state-based conflict", "deaths": 2}}, {"type": "Feature", "geometry": {"type": "Point", "coordinates": [35.075, 31.47028]}, "properties": {"date": "2025-10-16", "year": 2025, "violence_type": "one-sided violence", "deaths": 1}}, {"type": "Feature", "geometry": {"type": "Point", "coordinates": [34.34759, 31.32371]}, "properties": {"date": "2025-10-16", "year": 2025, "violence_type": "state-based conflict", "deaths": 2}}, {"type": "Feature", "geometry": {"type": "Point", "coordinates": [34.32534, 31.34278]}, "properties": {"date": "2025-10-16", "year": 2025, "violence_type": "state-based conflict", "deaths": 1}}, {"type": "Feature", "geometry": {"type": "Point", "coordinates": [36.0225, 33.96444]}, "properties": {"date": "2025-10-16", "year": 2025, "violence_type": "state-based conflict", "deaths": 1}}, {"type": "Feature", "geometry": {"type": "Point", "coordinates": [35.42407, 33.22931]}, "properties": {"date": "2025-10-17", "year": 2025, "violence_type": "state-based conflict", "deaths": 1}}, {"type": "Feature", "geometry": {"type": "Point", "coordinates": [34.45, 31.51667]}, "properties": {"date": "2025-10-17", "year": 2025, "violence_type": "state-based conflict", "deaths": 11}}, {"type": "Feature", "geometry": {"type": "Point", "coordinates": [34.34085, 31.37389]}, "properties": {"date": "2025-10-18", "year": 2025, "violence_type": "state-based conflict", "deaths": 2}}, {"type": "Feature", "geometry": {"type": "Point", "coordinates": [35.39918, 33.25769]}, "properties": {"date": "2025-10-18", "year": 2025, "violence_type": "state-based conflict", "deaths": 1}}, {"type": "Feature", "geometry": {"type": "Point", "coordinates": [35.41417, 33.22918]}, "properties": {"date": "2025-10-18", "year": 2025, "violence_type": "state-based conflict", "deaths": 1}}, {"type": "Feature", "geometry": {"type": "Point", "coordinates": [34.36595, 31.42844]}, "properties": {"date": "2025-10-19", "year": 2025, "violence_type": "state-based conflict", "deaths": 2}}, {"type": "Feature", "geometry": {"type": "Point", "coordinates": [34.39287, 31.44766]}, "properties": {"date": "2025-10-19", "year": 2025, "violence_type": "state-based conflict", "deaths": 6}}, {"type": "Feature", "geometry": {"type": "Point", "coordinates": [34.24344, 31.297]}, "properties": {"date": "2025-10-19", "year": 2025, "violence_type": "state-based conflict", "deaths": 1}}, {"type": "Feature", "geometry": {"type": "Point", "coordinates": [34.30155, 31.37435]}, "properties": {"date": "2025-10-19", "year": 2025, "violence_type": "state-based conflict", "deaths": 6}}, {"type": "Feature", "geometry": {"type": "Point", "coordinates": [34.39287, 31.44766]}, "properties": {"date": "2025-10-19", "year": 2025, "violence_type": "state-based conflict", "deaths": 2}}, {"type": "Feature", "geometry": {"type": "Point", "coordinates": [35.24956, 32.23025]}, "properties": {"date": "2025-10-19", "year": 2025, "violence_type": "one-sided violence", "deaths": 1}}, {"type": "Feature", "geometry": {"type": "Point", "coordinates": [34.36595, 31.42844]}, "properties": {"date": "2025-10-19", "year": 2025, "violence_type": "state-based conflict", "deaths": 6}}, {"type": "Feature", "geometry": {"type": "Point", "coordinates": [34.48347, 31.5272]}, "properties": {"date": "2025-10-19", "year": 2025, "violence_type": "state-based conflict", "deaths": 3}}, {"type": "Feature", "geometry": {"type": "Point", "coordinates": [34.39287, 31.44766]}, "properties": {"date": "2025-10-19", "year": 2025, "violence_type": "state-based conflict", "deaths": 6}}, {"type": "Feature", "geometry": {"type": "Point", "coordinates": [34.40294, 31.43953]}, "properties": {"date": "2025-10-19", "year": 2025, "violence_type": "state-based conflict", "deaths": 11}}, {"type": "Feature", "geometry": {"type": "Point", "coordinates": [34.45, 31.51667]}, "properties": {"date": "2025-10-19", "year": 2025, "violence_type": "state-based conflict", "deaths": 2}}, {"type": "Feature", "geometry": {"type": "Point", "coordinates": [34.24344, 31.297]}, "properties": {"date": "2025-10-19", "year": 2025, "violence_type": "state-based conflict", "deaths": 3}}, {"type": "Feature", "geometry": {"type": "Point", "coordinates": [34.45, 31.51667]}, "properties": {"date": "2025-10-20", "year": 2025, "violence_type": "state-based conflict", "deaths": 2}}, {"type": "Feature", "geometry": {"type": "Point", "coordinates": [34.45, 31.51667]}, "properties": {"date": "2025-10-20", "year": 2025, "violence_type": "state-based conflict", "deaths": 2}}, {"type": "Feature", "geometry": {"type": "Point", "coordinates": [34.3734, 31.42507]}, "properties": {"date": "2025-10-21", "year": 2025, "violence_type": "state-based conflict", "deaths": 1}}, {"type": "Feature", "geometry": {"type": "Point", "coordinates": [35.29917, 33.20917]}, "properties": {"date": "2025-10-22", "year": 2025, "violence_type": "state-based conflict", "deaths": 1}}, {"type": "Feature", "geometry": {"type": "Point", "coordinates": [36.0225, 33.96444]}, "properties": {"date": "2025-10-23", "year": 2025, "violence_type": "state-based conflict", "deaths": 1}}, {"type": "Feature", "geometry": {"type": "Point", "coordinates": [36.1075, 33.8575]}, "properties": {"date": "2025-10-23", "year": 2025, "violence_type": "state-based conflict", "deaths": 1}}, {"type": "Feature", "geometry": {"type": "Point", "coordinates": [34.32534, 31.34278]}, "properties": {"date": "2025-10-23", "year": 2025, "violence_type": "state-based conflict", "deaths": 1}}, {"type": "Feature", "geometry": {"type": "Point", "coordinates": [35.47611, 33.32583]}, "properties": {"date": "2025-10-24", "year": 2025, "violence_type": "state-based conflict", "deaths": 1}}, {"type": "Feature", "geometry": {"type": "Point", "coordinates": [35.4925, 33.36389]}, "properties": {"date": "2025-10-24", "year": 2025, "violence_type": "state-based conflict", "deaths": 1}}, {"type": "Feature", "geometry": {"type": "Point", "coordinates": [35.44586, 33.38799]}, "properties": {"date": "2025-10-24", "year": 2025, "violence_type": "state-based conflict", "deaths": 2}}, {"type": "Feature", "geometry": {"type": "Point", "coordinates": [34.45, 31.51667]}, "properties": {"date": "2025-10-24", "year": 2025, "violence_type": "state-based conflict", "deaths": 2}}, {"type": "Feature", "geometry": {"type": "Point", "coordinates": [34.35014, 31.41748]}, "properties": {"date": "2025-10-24", "year": 2025, "violence_type": "state-based conflict", "deaths": 2}}, {"type": "Feature", "geometry": {"type": "Point", "coordinates": [35.44194, 33.37472]}, "properties": {"date": "2025-10-25", "year": 2025, "violence_type": "state-based conflict", "deaths": 1}}, {"type": "Feature", "geometry": {"type": "Point", "coordinates": [34.97222, 31.40778]}, "properties": {"date": "2025-10-26", "year": 2025, "violence_type": "one-sided violence", "deaths": 1}}, {"type": "Feature", "geometry": {"type": "Point", "coordinates": [35.13417, 33.12]}, "properties": {"date": "2025-10-26", "year": 2025, "violence_type": "state-based conflict", "deaths": 1}}, {"type": "Feature", "geometry": {"type": "Point", "coordinates": [36.07111, 34.07889]}, "properties": {"date": "2025-10-26", "year": 2025, "violence_type": "state-based conflict", "deaths": 1}}, {"type": "Feature", "geometry": {"type": "Point", "coordinates": [34.34759, 31.32371]}, "properties": {"date": "2025-10-27", "year": 2025, "violence_type": "state-based conflict", "deaths": 2}}, {"type": "Feature", "geometry": {"type": "Point", "coordinates": [35.1802, 33.16288]}, "properties": {"date": "2025-10-27", "year": 2025, "violence_type": "state-based conflict", "deaths": 2}}, {"type": "Feature", "geometry": {"type": "Point", "coordinates": [34.3734, 31.42507]}, "properties": {"date": "2025-10-28", "year": 2025, "violence_type": "state-based conflict", "deaths": 27}}, {"type": "Feature", "geometry": {"type": "Point", "coordinates": [34.40294, 31.43953]}, "properties": {"date": "2025-10-28", "year": 2025, "violence_type": "state-based conflict", "deaths": 4}}, {"type": "Feature", "geometry": {"type": "Point", "coordinates": [34.49514, 31.5464]}, "properties": {"date": "2025-10-28", "year": 2025, "violence_type": "state-based conflict", "deaths": 3}}, {"type": "Feature", "geometry": {"type": "Point", "coordinates": [34.45, 31.51667]}, "properties": {"date": "2025-10-28", "year": 2025, "violence_type": "state-based conflict", "deaths": 10}}, {"type": "Feature", "geometry": {"type": "Point", "coordinates": [34.30306, 31.34444]}, "properties": {"date": "2025-10-28", "year": 2025, "violence_type": "state-based conflict", "deaths": 2}}, {"type": "Feature", "geometry": {"type": "Point", "coordinates": [34.24344, 31.297]}, "properties": {"date": "2025-10-28", "year": 2025, "violence_type": "state-based conflict", "deaths": 1}}, {"type": "Feature", "geometry": {"type": "Point", "coordinates": [34.30306, 31.34444]}, "properties": {"date": "2025-10-28", "year": 2025, "violence_type": "state-based conflict", "deaths": 6}}, {"type": "Feature", "geometry": {"type": "Point", "coordinates": [34.40294, 31.43953]}, "properties": {"date": "2025-10-28", "year": 2025, "violence_type": "state-based conflict", "deaths": 1}}, {"type": "Feature", "geometry": {"type": "Point", "coordinates": [34.45, 31.51667]}, "properties": {"date": "2025-10-28", "year": 2025, "violence_type": "state-based conflict", "deaths": 10}}, {"type": "Feature", "geometry": {"type": "Point", "coordinates": [34.3734, 31.42507]}, "properties": {"date": "2025-10-28", "year": 2025, "violence_type": "state-based conflict", "deaths": 1}}, {"type": "Feature", "geometry": {"type": "Point", "coordinates": [35.22649, 32.45661]}, "properties": {"date": "2025-10-28", "year": 2025, "violence_type": "state-based conflict", "deaths": 3}}, {"type": "Feature", "geometry": {"type": "Point", "coordinates": [34.39287, 31.44766]}, "properties": {"date": "2025-10-29", "year": 2025, "violence_type": "state-based conflict", "deaths": 6}}, {"type": "Feature", "geometry": {"type": "Point", "coordinates": [34.45, 31.51667]}, "properties": {"date": "2025-10-29", "year": 2025, "violence_type": "state-based conflict", "deaths": 2}}, {"type": "Feature", "geometry": {"type": "Point", "coordinates": [34.35014, 31.41748]}, "properties": {"date": "2025-10-29", "year": 2025, "violence_type": "state-based conflict", "deaths": 5}}, {"type": "Feature", "geometry": {"type": "Point", "coordinates": [34.39287, 31.44766]}, "properties": {"date": "2025-10-29", "year": 2025, "violence_type": "state-based conflict", "deaths": 18}}, {"type": "Feature", "geometry": {"type": "Point", "coordinates": [34.25618, 31.34822]}, "properties": {"date": "2025-10-29", "year": 2025, "violence_type": "state-based conflict", "deaths": 12}}, {"type": "Feature", "geometry": {"type": "Point", "coordinates": [34.48667, 31.55778]}, "properties": {"date": "2025-10-29", "year": 2025, "violence_type": "state-based conflict", "deaths": 2}}, {"type": "Feature", "geometry": {"type": "Point", "coordinates": [34.39287, 31.44766]}, "properties": {"date": "2025-10-29", "year": 2025, "violence_type": "state-based conflict", "deaths": 2}}, {"type": "Feature", "geometry": {"type": "Point", "coordinates": [34.45, 31.51667]}, "properties": {"date": "2025-10-29", "year": 2025, "violence_type": "state-based conflict", "deaths": 7}}, {"type": "Feature", "geometry": {"type": "Point", "coordinates": [34.30306, 31.34444]}, "properties": {"date": "2025-10-29", "year": 2025, "violence_type": "state-based conflict", "deaths": 3}}, {"type": "Feature", "geometry": {"type": "Point", "coordinates": [34.35014, 31.41748]}, "properties": {"date": "2025-10-29", "year": 2025, "violence_type": "state-based conflict", "deaths": 5}}, {"type": "Feature", "geometry": {"type": "Point", "coordinates": [35.51417, 33.14167]}, "properties": {"date": "2025-10-30", "year": 2025, "violence_type": "state-based conflict", "deaths": 1}}, {"type": "Feature", "geometry": {"type": "Point", "coordinates": [34.45, 31.51667]}, "properties": {"date": "2025-10-30", "year": 2025, "violence_type": "state-based conflict", "deaths": 2}}, {"type": "Feature", "geometry": {"type": "Point", "coordinates": [34.45, 31.51667]}, "properties": {"date": "2025-10-31", "year": 2025, "violence_type": "state-based conflict", "deaths": 1}}, {"type": "Feature", "geometry": {"type": "Point", "coordinates": [34.40128, 31.47158]}, "properties": {"date": "2025-10-31", "year": 2025, "violence_type": "state-based conflict", "deaths": 1}}, {"type": "Feature", "geometry": {"type": "Point", "coordinates": [34.48347, 31.5272]}, "properties": {"date": "2025-10-31", "year": 2025, "violence_type": "state-based conflict", "deaths": 1}}, {"type": "Feature", "geometry": {"type": "Point", "coordinates": [34.45, 31.51667]}, "properties": {"date": "2025-10-31", "year": 2025, "violence_type": "state-based conflict", "deaths": 1}}, {"type": "Feature", "geometry": {"type": "Point", "coordinates": [34.45, 31.51667]}, "properties": {"date": "2025-10-31", "year": 2025, "violence_type": "state-based conflict", "deaths": 1}}, {"type": "Feature", "geometry": {"type": "Point", "coordinates": [35.46476, 33.35531]}, "properties": {"date": "2025-10-31", "year": 2025, "violence_type": "state-based conflict", "deaths": 1}}, {"type": "Feature", "geometry": {"type": "Point", "coordinates": [34.34759, 31.32371]}, "properties": {"date": "2025-10-31", "year": 2025, "violence_type": "state-based conflict", "deaths": 1}}, {"type": "Feature", "geometry": {"type": "Point", "coordinates": [45.39, 15.295]}, "properties": {"date": "2025-10-31", "year": 2025, "violence_type": "state-based conflict", "deaths": 1}}, {"type": "Feature", "geometry": {"type": "Point", "coordinates": [35.43782, 33.14979]}, "properties": {"date": "2025-10-31", "year": 2025, "violence_type": "state-based conflict", "deaths": 1}}, {"type": "Feature", "geometry": {"type": "Point", "coordinates": [44.20667, 15.35472]}, "properties": {"date": "2025-10-31", "year": 2025, "violence_type": "one-sided violence", "deaths": 1}}, {"type": "Feature", "geometry": {"type": "Point", "coordinates": [34.30306, 31.34444]}, "properties": {"date": "2025-11-01", "year": 2025, "violence_type": "state-based conflict", "deaths": 1}}, {"type": "Feature", "geometry": {"type": "Point", "coordinates": [34.45, 31.51667]}, "properties": {"date": "2025-11-02", "year": 2025, "violence_type": "state-based conflict", "deaths": 1}}, {"type": "Feature", "geometry": {"type": "Point", "coordinates": [34.25618, 31.34822]}, "properties": {"date": "2025-11-02", "year": 2025, "violence_type": "state-based conflict", "deaths": 1}}, {"type": "Feature", "geometry": {"type": "Point", "coordinates": [35.33639, 32.17694]}, "properties": {"date": "2025-11-02", "year": 2025, "violence_type": "one-sided violence", "deaths": 1}}, {"type": "Feature", "geometry": {"type": "Point", "coordinates": [35.33444, 33.09722]}, "properties": {"date": "2025-11-03", "year": 2025, "violence_type": "state-based conflict", "deaths": 1}}, {"type": "Feature", "geometry": {"type": "Point", "coordinates": [35.41444, 33.38639]}, "properties": {"date": "2025-11-03", "year": 2025, "violence_type": "state-based conflict", "deaths": 1}}, {"type": "Feature", "geometry": {"type": "Point", "coordinates": [34.24344, 31.297]}, "properties": {"date": "2025-11-03", "year": 2025, "violence_type": "state-based conflict", "deaths": 3}}, {"type": "Feature", "geometry": {"type": "Point", "coordinates": [34.45, 31.51667]}, "properties": {"date": "2025-11-04", "year": 2025, "violence_type": "state-based conflict", "deaths": 1}}, {"type": "Feature", "geometry": {"type": "Point", "coordinates": [35.28139, 33.30972]}, "properties": {"date": "2025-11-05", "year": 2025, "violence_type": "state-based conflict", "deaths": 1}}, {"type": "Feature", "geometry": {"type": "Point", "coordinates": [35.19778, 31.85833]}, "properties": {"date": "2025-11-06", "year": 2025, "violence_type": "one-sided violence", "deaths": 2}}, {"type": "Feature", "geometry": {"type": "Point", "coordinates": [35.29778, 33.29389]}, "properties": {"date": "2025-11-06", "year": 2025, "violence_type": "state-based conflict", "deaths": 1}}, {"type": "Feature", "geometry": {"type": "Point", "coordinates": [35.44325, 33.17585]}, "properties": {"date": "2025-11-08", "year": 2025, "violence_type": "state-based conflict", "deaths": 1}}, {"type": "Feature", "geometry": {"type": "Point", "coordinates": [35.8437, 33.50089]}, "properties": {"date": "2025-11-08", "year": 2025, "violence_type": "state-based conflict", "deaths": 2}}, {"type": "Feature", "geometry": {"type": "Point", "coordinates": [34.40294, 31.43953]}, "properties": {"date": "2025-11-08", "year": 2025, "violence_type": "state-based conflict", "deaths": 1}}, {"type": "Feature", "geometry": {"type": "Point", "coordinates": [34.30627, 31.34018]}, "properties": {"date": "2025-11-08", "year": 2025, "violence_type": "state-based conflict", "deaths": 1}}, {"type": "Feature", "geometry": {"type": "Point", "coordinates": [35.34437, 32.29399]}, "properties": {"date": "2025-11-08", "year": 2025, "violence_type": "state-based conflict", "deaths": 1}}, {"type": "Feature", "geometry": {"type": "Point", "coordinates": [35.44, 33.2325]}, "properties": {"date": "2025-11-09", "year": 2025, "violence_type": "state-based conflict", "deaths": 1}}, {"type": "Feature", "geometry": {"type": "Point", "coordinates": [35.4925, 33.36389]}, "properties": {"date": "2025-11-09", "year": 2025, "violence_type": "state-based conflict", "deaths": 1}}, {"type": "Feature", "geometry": {"type": "Point", "coordinates": [34.32534, 31.34278]}, "properties": {"date": "2025-11-09", "year": 2025, "violence_type": "state-based conflict", "deaths": 1}}, {"type": "Feature", "geometry": {"type": "Point", "coordinates": [34.32534, 31.34278]}, "properties": {"date": "2025-11-10", "year": 2025, "violence_type": "state-based conflict", "deaths": 2}}, {"type": "Feature", "geometry": {"type": "Point", "coordinates": [35.29948, 33.44948]}, "properties": {"date": "2025-11-10", "year": 2025, "violence_type": "state-based conflict", "deaths": 1}}, {"type": "Feature", "geometry": {"type": "Point", "coordinates": [34.49454, 31.53639]}, "properties": {"date": "2025-11-12", "year": 2025, "violence_type": "state-based conflict", "deaths": 1}}, {"type": "Feature", "geometry": {"type": "Point", "coordinates": [35.10222, 31.62139]}, "properties": {"date": "2025-11-13", "year": 2025, "violence_type": "state-based conflict", "deaths": 0}}, {"type": "Feature", "geometry": {"type": "Point", "coordinates": [34.32534, 31.34278]}, "properties": {"date": "2025-11-14", "year": 2025, "violence_type": "state-based conflict", "deaths": 3}}, {"type": "Feature", "geometry": {"type": "Point", "coordinates": [34.48667, 31.55778]}, "properties": {"date": "2025-11-14", "year": 2025, "violence_type": "state-based conflict", "deaths": 1}}, {"type": "Feature", "geometry": {"type": "Point", "coordinates": [34.45, 31.51667]}, "properties": {"date": "2025-11-16", "year": 2025, "violence_type": "state-based conflict", "deaths": 1}}, {"type": "Feature", "geometry": {"type": "Point", "coordinates": [35.34437, 32.29399]}, "properties": {"date": "2025-11-16", "year": 2025, "violence_type": "one-sided violence", "deaths": 1}}, {"type": "Feature", "geometry": {"type": "Point", "coordinates": [35.20677, 33.17788]}, "properties": {"date": "2025-11-16", "year": 2025, "violence_type": "state-based conflict", "deaths": 1}}, {"type": "Feature", "geometry": {"type": "Point", "coordinates": [34.45, 31.51667]}, "properties": {"date": "2025-11-17", "year": 2025, "violence_type": "state-based conflict", "deaths": 1}}, {"type": "Feature", "geometry": {"type": "Point", "coordinates": [34.48667, 31.55778]}, "properties": {"date": "2025-11-17", "year": 2025, "violence_type": "state-based conflict", "deaths": 1}}, {"type": "Feature", "geometry": {"type": "Point", "coordinates": [34.35014, 31.41748]}, "properties": {"date": "2025-11-17", "year": 2025, "violence_type": "state-based conflict", "deaths": 1}}, {"type": "Feature", "geometry": {"type": "Point", "coordinates": [34.49514, 31.5464]}, "properties": {"date": "2025-11-17", "year": 2025, "violence_type": "state-based conflict", "deaths": 1}}, {"type": "Feature", "geometry": {"type": "Point", "coordinates": [35.43, 33.12]}, "properties": {"date": "2025-11-18", "year": 2025, "violence_type": "state-based conflict", "deaths": 1}}, {"type": "Feature", "geometry": {"type": "Point", "coordinates": [35.13218, 31.64613]}, "properties": {"date": "2025-11-18", "year": 2025, "violence_type": "state-based conflict", "deaths": 0}}, {"type": "Feature", "geometry": {"type": "Point", "coordinates": [35.51417, 33.14167]}, "properties": {"date": "2025-11-18", "year": 2025, "violence_type": "state-based conflict", "deaths": 1}}, {"type": "Feature", "geometry": {"type": "Point", "coordinates": [34.45, 31.51667]}, "properties": {"date": "2025-11-19", "year": 2025, "violence_type": "state-based conflict", "deaths": 10}}, {"type": "Feature", "geometry": {"type": "Point", "coordinates": [34.32534, 31.34278]}, "properties": {"date": "2025-11-19", "year": 2025, "violence_type": "state-based conflict", "deaths": 3}}, {"type": "Feature", "geometry": {"type": "Point", "coordinates": [34.3734, 31.42507]}, "properties": {"date": "2025-11-19", "year": 2025, "violence_type": "state-based conflict", "deaths": 4}}, {"type": "Feature", "geometry": {"type": "Point", "coordinates": [34.45, 31.51667]}, "properties": {"date": "2025-11-19", "year": 2025, "violence_type": "state-based conflict", "deaths": 2}}, {"type": "Feature", "geometry": {"type": "Point", "coordinates": [34.30306, 31.34444]}, "properties": {"date": "2025-11-19", "year": 2025, "violence_type": "state-based conflict", "deaths": 6}}, {"type": "Feature", "geometry": {"type": "Point", "coordinates": [34.30306, 31.34444]}, "properties": {"date": "2025-11-19", "year": 2025, "violence_type": "state-based conflict", "deaths": 7}}, {"type": "Feature", "geometry": {"type": "Point", "coordinates": [34.28663, 31.32377]}, "properties": {"date": "2025-11-19", "year": 2025, "violence_type": "state-based conflict", "deaths": 1}}, {"type": "Feature", "geometry": {"type": "Point", "coordinates": [34.34759, 31.32371]}, "properties": {"date": "2025-11-20", "year": 2025, "violence_type": "state-based conflict", "deaths": 1}}, {"type": "Feature", "geometry": {"type": "Point", "coordinates": [35.42866, 33.29539]}, "properties": {"date": "2025-11-21", "year": 2025, "violence_type": "state-based conflict", "deaths": 1}}, {"type": "Feature", "geometry": {"type": "Point", "coordinates": [35.21293, 32.20068]}, "properties": {"date": "2025-11-21", "year": 2025, "violence_type": "state-based conflict", "deaths": 1}}, {"type": "Feature", "geometry": {"type": "Point", "coordinates": [34.24344, 31.297]}, "properties": {"date": "2025-11-21", "year": 2025, "violence_type": "state-based conflict", "deaths": 6}}, {"type": "Feature", "geometry": {"type": "Point", "coordinates": [35.21972, 31.87583]}, "properties": {"date": "2025-11-21", "year": 2025, "violence_type": "one-sided violence", "deaths": 2}}, {"type": "Feature", "geometry": {"type": "Point", "coordinates": [34.30306, 31.34444]}, "properties": {"date": "2025-11-21", "year": 2025, "violence_type": "state-based conflict", "deaths": 1}}, {"type": "Feature", "geometry": {"type": "Point", "coordinates": [34.45, 31.51667]}, "properties": {"date": "2025-11-22", "year": 2025, "violence_type": "state-based conflict", "deaths": 5}}, {"type": "Feature", "geometry": {"type": "Point", "coordinates": [35.46736, 33.19231]}, "properties": {"date": "2025-11-22", "year": 2025, "violence_type": "state-based conflict", "deaths": 1}}, {"type": "Feature", "geometry": {"type": "Point", "coordinates": [34.3734, 31.42507]}, "properties": {"date": "2025-11-22", "year": 2025, "violence_type": "state-based conflict", "deaths": 2}}, {"type": "Feature", "geometry": {"type": "Point", "coordinates": [35.515, 33.20917]}, "properties": {"date": "2025-11-22", "year": 2025, "violence_type": "state-based conflict", "deaths": 1}}, {"type": "Feature", "geometry": {"type": "Point", "coordinates": [35.47556, 33.34444]}, "properties": {"date": "2025-11-22", "year": 2025, "violence_type": "state-based conflict", "deaths": 1}}, {"type": "Feature", "geometry": {"type": "Point", "coordinates": [34.39287, 31.44766]}, "properties": {"date": "2025-11-22", "year": 2025, "violence_type": "state-based conflict", "deaths": 12}}, {"type": "Feature", "geometry": {"type": "Point", "coordinates": [34.25618, 31.34822]}, "properties": {"date": "2025-11-22", "year": 2025, "violence_type": "state-based conflict", "deaths": 1}}, {"type": "Feature", "geometry": {"type": "Point", "coordinates": [35.47611, 33.32583]}, "properties": {"date": "2025-11-22", "year": 2025, "violence_type": "state-based conflict", "deaths": 1}}, {"type": "Feature", "geometry": {"type": "Point", "coordinates": [34.39287, 31.44766]}, "properties": {"date": "2025-11-22", "year": 2025, "violence_type": "state-based conflict", "deaths": 4}}, {"type": "Feature", "geometry": {"type": "Point", "coordinates": [34.35014, 31.41748]}, "properties": {"date": "2025-11-22", "year": 2025, "violence_type": "state-based conflict", "deaths": 3}}, {"type": "Feature", "geometry": {"type": "Point", "coordinates": [34.45, 31.51667]}, "properties": {"date": "2025-11-22", "year": 2025, "violence_type": "state-based conflict", "deaths": 4}}, {"type": "Feature", "geometry": {"type": "Point", "coordinates": [43.17955, 14.09008]}, "properties": {"date": "2025-11-23", "year": 2025, "violence_type": "state-based conflict", "deaths": 1}}, {"type": "Feature", "geometry": {"type": "Point", "coordinates": [35.29463, 31.96447]}, "properties": {"date": "2025-11-23", "year": 2025, "violence_type": "state-based conflict", "deaths": 1}}, {"type": "Feature", "geometry": {"type": "Point", "coordinates": [35.33444, 33.09722]}, "properties": {"date": "2025-11-23", "year": 2025, "violence_type": "state-based conflict", "deaths": 1}}, {"type": "Feature", "geometry": {"type": "Point", "coordinates": [34.3734, 31.42507]}, "properties": {"date": "2025-11-24", "year": 2025, "violence_type": "state-based conflict", "deaths": 1}}, {"type": "Feature", "geometry": {"type": "Point", "coordinates": [34.30306, 31.34444]}, "properties": {"date": "2025-11-24", "year": 2025, "violence_type": "state-based conflict", "deaths": 1}}, {"type": "Feature", "geometry": {"type": "Point", "coordinates": [34.32534, 31.34278]}, "properties": {"date": "2025-11-24", "year": 2025, "violence_type": "state-based conflict", "deaths": 1}}, {"type": "Feature", "geometry": {"type": "Point", "coordinates": [34.45, 31.51667]}, "properties": {"date": "2025-11-24", "year": 2025, "violence_type": "state-based conflict", "deaths": 1}}, {"type": "Feature", "geometry": {"type": "Point", "coordinates": [35.26362, 32.21992]}, "properties": {"date": "2025-11-24", "year": 2025, "violence_type": "state-based conflict", "deaths": 1}}, {"type": "Feature", "geometry": {"type": "Point", "coordinates": [34.32534, 31.34278]}, "properties": {"date": "2025-11-25", "year": 2025, "violence_type": "state-based conflict", "deaths": 1}}, {"type": "Feature", "geometry": {"type": "Point", "coordinates": [35.23807, 32.39583]}, "properties": {"date": "2025-11-25", "year": 2025, "violence_type": "state-based conflict", "deaths": 1}}, {"type": "Feature", "geometry": {"type": "Point", "coordinates": [34.24344, 31.297]}, "properties": {"date": "2025-11-26", "year": 2025, "violence_type": "state-based conflict", "deaths": 4}}, {"type": "Feature", "geometry": {"type": "Point", "coordinates": [34.45, 31.51667]}, "properties": {"date": "2025-11-26", "year": 2025, "violence_type": "state-based conflict", "deaths": 1}}, {"type": "Feature", "geometry": {"type": "Point", "coordinates": [35.28088, 32.40955]}, "properties": {"date": "2025-11-26", "year": 2025, "violence_type": "one-sided violence", "deaths": 1}}, {"type": "Feature", "geometry": {"type": "Point", "coordinates": [34.49514, 31.5464]}, "properties": {"date": "2025-11-26", "year": 2025, "violence_type": "state-based conflict", "deaths": 2}}, {"type": "Feature", "geometry": {"type": "Point", "coordinates": [34.38538, 31.42136]}, "properties": {"date": "2025-11-26", "year": 2025, "violence_type": "state-based conflict", "deaths": 1}}, {"type": "Feature", "geometry": {"type": "Point", "coordinates": [34.32534, 31.34278]}, "properties": {"date": "2025-11-26", "year": 2025, "violence_type": "state-based conflict", "deaths": 1}}, {"type": "Feature", "geometry": {"type": "Point", "coordinates": [35.30086, 32.45943]}, "properties": {"date": "2025-11-27", "year": 2025, "violence_type": "state-based conflict", "deaths": 2}}, {"type": "Feature", "geometry": {"type": "Point", "coordinates": [34.32534, 31.34278]}, "properties": {"date": "2025-11-28", "year": 2025, "violence_type": "state-based conflict", "deaths": 1}}, {"type": "Feature", "geometry": {"type": "Point", "coordinates": [45.36691, 15.4739]}, "properties": {"date": "2025-11-29", "year": 2025, "violence_type": "non-state conflict", "deaths": 2}}, {"type": "Feature", "geometry": {"type": "Point", "coordinates": [34.32534, 31.34278]}, "properties": {"date": "2025-11-29", "year": 2025, "violence_type": "one-sided violence", "deaths": 2}}, {"type": "Feature", "geometry": {"type": "Point", "coordinates": [34.24344, 31.297]}, "properties": {"date": "2025-11-30", "year": 2025, "violence_type": "state-based conflict", "deaths": 4}}, {"type": "Feature", "geometry": {"type": "Point", "coordinates": [34.45, 31.51667]}, "properties": {"date": "2025-12-01", "year": 2025, "violence_type": "state-based conflict", "deaths": 1}}, {"type": "Feature", "geometry": {"type": "Point", "coordinates": [34.40294, 31.43953]}, "properties": {"date": "2025-12-02", "year": 2025, "violence_type": "state-based conflict", "deaths": 1}}, {"type": "Feature", "geometry": {"type": "Point", "coordinates": [35.16461, 32.00889]}, "properties": {"date": "2025-12-02", "year": 2025, "violence_type": "state-based conflict", "deaths": 0}}, {"type": "Feature", "geometry": {"type": "Point", "coordinates": [35.0938, 31.52935]}, "properties": {"date": "2025-12-02", "year": 2025, "violence_type": "state-based conflict", "deaths": 0}}, {"type": "Feature", "geometry": {"type": "Point", "coordinates": [34.30306, 31.34444]}, "properties": {"date": "2025-12-02", "year": 2025, "violence_type": "state-based conflict", "deaths": 1}}, {"type": "Feature", "geometry": {"type": "Point", "coordinates": [34.45, 31.51667]}, "properties": {"date": "2025-12-03", "year": 2025, "violence_type": "state-based conflict", "deaths": 2}}, {"type": "Feature", "geometry": {"type": "Point", "coordinates": [48.79333, 15.94333]}, "properties": {"date": "2025-12-03", "year": 2025, "violence_type": "non-state conflict", "deaths": 59}}, {"type": "Feature", "geometry": {"type": "Point", "coordinates": [48.79333, 15.94333]}, "properties": {"date": "2025-12-03", "year": 2025, "violence_type": "non-state conflict", "deaths": 8}}, {"type": "Feature", "geometry": {"type": "Point", "coordinates": [34.25618, 31.34822]}, "properties": {"date": "2025-12-03", "year": 2025, "violence_type": "state-based conflict", "deaths": 6}}, {"type": "Feature", "geometry": {"type": "Point", "coordinates": [48.79333, 15.94333]}, "properties": {"date": "2025-12-03", "year": 2025, "violence_type": "non-state conflict", "deaths": 17}}, {"type": "Feature", "geometry": {"type": "Point", "coordinates": [48.79333, 15.94333]}, "properties": {"date": "2025-12-03", "year": 2025, "violence_type": "non-state conflict", "deaths": 4}}, {"type": "Feature", "geometry": {"type": "Point", "coordinates": [34.45, 31.51667]}, "properties": {"date": "2025-12-04", "year": 2025, "violence_type": "state-based conflict", "deaths": 1}}, {"type": "Feature", "geometry": {"type": "Point", "coordinates": [48.78687, 15.96376]}, "properties": {"date": "2025-12-04", "year": 2025, "violence_type": "non-state conflict", "deaths": 4}}, {"type": "Feature", "geometry": {"type": "Point", "coordinates": [34.49514, 31.5464]}, "properties": {"date": "2025-12-05", "year": 2025, "violence_type": "state-based conflict", "deaths": 1}}, {"type": "Feature", "geometry": {"type": "Point", "coordinates": [35.27646, 32.15363]}, "properties": {"date": "2025-12-05", "year": 2025, "violence_type": "state-based conflict", "deaths": 0}}, {"type": "Feature", "geometry": {"type": "Point", "coordinates": [34.48667, 31.55778]}, "properties": {"date": "2025-12-06", "year": 2025, "violence_type": "state-based conflict", "deaths": 2}}, {"type": "Feature", "geometry": {"type": "Point", "coordinates": [34.48347, 31.5272]}, "properties": {"date": "2025-12-06", "year": 2025, "violence_type": "state-based conflict", "deaths": 1}}, {"type": "Feature", "geometry": {"type": "Point", "coordinates": [34.45, 31.51667]}, "properties": {"date": "2025-12-06", "year": 2025, "violence_type": "state-based conflict", "deaths": 2}}, {"type": "Feature", "geometry": {"type": "Point", "coordinates": [35.0938, 31.52935]}, "properties": {"date": "2025-12-06", "year": 2025, "violence_type": "one-sided violence", "deaths": 2}}, {"type": "Feature", "geometry": {"type": "Point", "coordinates": [35.05836, 32.17632]}, "properties": {"date": "2025-12-07", "year": 2025, "violence_type": "state-based conflict", "deaths": 2}}, {"type": "Feature", "geometry": {"type": "Point", "coordinates": [34.24344, 31.297]}, "properties": {"date": "2025-12-07", "year": 2025, "violence_type": "state-based conflict", "deaths": 1}}, {"type": "Feature", "geometry": {"type": "Point", "coordinates": [34.49454, 31.53639]}, "properties": {"date": "2025-12-08", "year": 2025, "violence_type": "state-based conflict", "deaths": 1}}, {"type": "Feature", "geometry": {"type": "Point", "coordinates": [34.35014, 31.41748]}, "properties": {"date": "2025-12-08", "year": 2025, "violence_type": "state-based conflict", "deaths": 1}}, {"type": "Feature", "geometry": {"type": "Point", "coordinates": [34.86667, 31.93333]}, "properties": {"date": "2025-12-08", "year": 2025, "violence_type": "one-sided violence", "deaths": 2}}, {"type": "Feature", "geometry": {"type": "Point", "coordinates": [45.40936, 15.50419]}, "properties": {"date": "2025-12-08", "year": 2025, "violence_type": "non-state conflict", "deaths": 2}}, {"type": "Feature", "geometry": {"type": "Point", "coordinates": [34.48667, 31.55778]}, "properties": {"date": "2025-12-09", "year": 2025, "violence_type": "state-based conflict", "deaths": 1}}, {"type": "Feature", "geometry": {"type": "Point", "coordinates": [34.35014, 31.41748]}, "properties": {"date": "2025-12-10", "year": 2025, "violence_type": "one-sided violence", "deaths": 1}}, {"type": "Feature", "geometry": {"type": "Point", "coordinates": [34.24344, 31.297]}, "properties": {"date": "2025-12-10", "year": 2025, "violence_type": "state-based conflict", "deaths": 1}}, {"type": "Feature", "geometry": {"type": "Point", "coordinates": [34.48347, 31.5272]}, "properties": {"date": "2025-12-10", "year": 2025, "violence_type": "state-based conflict", "deaths": 3}}, {"type": "Feature", "geometry": {"type": "Point", "coordinates": [34.49454, 31.53639]}, "properties": {"date": "2025-12-11", "year": 2025, "violence_type": "state-based conflict", "deaths": 1}}, {"type": "Feature", "geometry": {"type": "Point", "coordinates": [34.45, 31.51667]}, "properties": {"date": "2025-12-13", "year": 2025, "violence_type": "state-based conflict", "deaths": 5}}, {"type": "Feature", "geometry": {"type": "Point", "coordinates": [34.48347, 31.5272]}, "properties": {"date": "2025-12-13", "year": 2025, "violence_type": "state-based conflict", "deaths": 1}}, {"type": "Feature", "geometry": {"type": "Point", "coordinates": [35.22766, 32.50812]}, "properties": {"date": "2025-12-13", "year": 2025, "violence_type": "state-based conflict", "deaths": 1}}, {"type": "Feature", "geometry": {"type": "Point", "coordinates": [35.0938, 31.52935]}, "properties": {"date": "2025-12-14", "year": 2025, "violence_type": "state-based conflict", "deaths": 0}}, {"type": "Feature", "geometry": {"type": "Point", "coordinates": [35.33028, 33.15417]}, "properties": {"date": "2025-12-14", "year": 2025, "violence_type": "state-based conflict", "deaths": 1}}, {"type": "Feature", "geometry": {"type": "Point", "coordinates": [36.67602, 35.64838]}, "properties": {"date": "2025-12-14", "year": 2025, "violence_type": "state-based conflict", "deaths": 4}}, {"type": "Feature", "geometry": {"type": "Point", "coordinates": [34.38538, 31.42136]}, "properties": {"date": "2025-12-14", "year": 2025, "violence_type": "state-based conflict", "deaths": 0}}, {"type": "Feature", "geometry": {"type": "Point", "coordinates": [35.43318, 33.2003]}, "properties": {"date": "2025-12-14", "year": 2025, "violence_type": "state-based conflict", "deaths": 1}}, {"type": "Feature", "geometry": {"type": "Point", "coordinates": [35.33194, 33.23972]}, "properties": {"date": "2025-12-14", "year": 2025, "violence_type": "state-based conflict", "deaths": 1}}, {"type": "Feature", "geometry": {"type": "Point", "coordinates": [35.23337, 31.85343]}, "properties": {"date": "2025-12-17", "year": 2025, "violence_type": "one-sided violence", "deaths": 1}}, {"type": "Feature", "geometry": {"type": "Point", "coordinates": [34.32534, 31.34278]}, "properties": {"date": "2025-12-18", "year": 2025, "violence_type": "state-based conflict", "deaths": 4}}, {"type": "Feature", "geometry": {"type": "Point", "coordinates": [34.30306, 31.34444]}, "properties": {"date": "2025-12-18", "year": 2025, "violence_type": "state-based conflict", "deaths": 1}}, {"type": "Feature", "geometry": {"type": "Point", "coordinates": [45.35, 15.41667]}, "properties": {"date": "2025-12-18", "year": 2025, "violence_type": "state-based conflict", "deaths": 2}}, {"type": "Feature", "geometry": {"type": "Point", "coordinates": [34.39287, 31.44766]}, "properties": {"date": "2025-12-18", "year": 2025, "violence_type": "state-based conflict", "deaths": 1}}, {"type": "Feature", "geometry": {"type": "Point", "coordinates": [34.45, 31.51667]}, "properties": {"date": "2025-12-19", "year": 2025, "violence_type": "state-based conflict", "deaths": 6}}, {"type": "Feature", "geometry": {"type": "Point", "coordinates": [38.28402, 34.5624]}, "properties": {"date": "2025-12-19", "year": 2025, "violence_type": "state-based conflict", "deaths": 5}}, {"type": "Feature", "geometry": {"type": "Point", "coordinates": [35.28088, 32.40955]}, "properties": {"date": "2025-12-20", "year": 2025, "violence_type": "state-based conflict", "deaths": 1}}, {"type": "Feature", "geometry": {"type": "Point", "coordinates": [35.22766, 32.50812]}, "properties": {"date": "2025-12-20", "year": 2025, "violence_type": "state-based conflict", "deaths": 1}}, {"type": "Feature", "geometry": {"type": "Point", "coordinates": [34.3734, 31.42507]}, "properties": {"date": "2025-12-20", "year": 2025, "violence_type": "state-based conflict", "deaths": 2}}, {"type": "Feature", "geometry": {"type": "Point", "coordinates": [34.45, 31.51667]}, "properties": {"date": "2025-12-21", "year": 2025, "violence_type": "state-based conflict", "deaths": 3}}, {"type": "Feature", "geometry": {"type": "Point", "coordinates": [35.33028, 33.15417]}, "properties": {"date": "2025-12-21", "year": 2025, "violence_type": "state-based conflict", "deaths": 1}}, {"type": "Feature", "geometry": {"type": "Point", "coordinates": [37.16117, 36.20124]}, "properties": {"date": "2025-12-22", "year": 2025, "violence_type": "state-based conflict", "deaths": 5}}, {"type": "Feature", "geometry": {"type": "Point", "coordinates": [34.45, 31.51667]}, "properties": {"date": "2025-12-22", "year": 2025, "violence_type": "state-based conflict", "deaths": 2}}, {"type": "Feature", "geometry": {"type": "Point", "coordinates": [45.35828, 15.45135]}, "properties": {"date": "2025-12-23", "year": 2025, "violence_type": "non-state conflict", "deaths": 2}}, {"type": "Feature", "geometry": {"type": "Point", "coordinates": [34.48347, 31.5272]}, "properties": {"date": "2025-12-24", "year": 2025, "violence_type": "state-based conflict", "deaths": 1}}, {"type": "Feature", "geometry": {"type": "Point", "coordinates": [51.42306, 35.69611]}, "properties": {"date": "2025-12-24", "year": 2025, "violence_type": "one-sided violence", "deaths": 2}}, {"type": "Feature", "geometry": {"type": "Point", "coordinates": [35.28333, 33.41667]}, "properties": {"date": "2025-12-25", "year": 2025, "violence_type": "state-based conflict", "deaths": 2}}, {"type": "Feature", "geometry": {"type": "Point", "coordinates": [35.46894, 33.22341]}, "properties": {"date": "2025-12-25", "year": 2025, "violence_type": "state-based conflict", "deaths": 1}}, {"type": "Feature", "geometry": {"type": "Point", "coordinates": [34.45, 31.51667]}, "properties": {"date": "2025-12-26", "year": 2025, "violence_type": "state-based conflict", "deaths": 1}}, {"type": "Feature", "geometry": {"type": "Point", "coordinates": [35.28639, 32.16144]}, "properties": {"date": "2025-12-30", "year": 2025, "violence_type": "one-sided violence", "deaths": 1}}, {"type": "Feature", "geometry": {"type": "Point", "coordinates": [35.8333, 33.8333]}, "properties": {"date": "2026-03-02", "year": 2026, "violence_type": "state-based conflict", "deaths": 1652}}, {"type": "Feature", "geometry": {"type": "Point", "coordinates": [36.33807, 33.44631]}, "properties": {"date": "2026-05-01", "year": 2026, "violence_type": "one-sided violence", "deaths": 1}}, {"type": "Feature", "geometry": {"type": "Point", "coordinates": [35.48383, 33.37717]}, "properties": {"date": "2026-05-01", "year": 2026, "violence_type": "state-based conflict", "deaths": 4}}, {"type": "Feature", "geometry": {"type": "Point", "coordinates": [35.24472, 33.22306]}, "properties": {"date": "2026-05-01", "year": 2026, "violence_type": "state-based conflict", "deaths": 2}}, {"type": "Feature", "geometry": {"type": "Point", "coordinates": [35.41974, 33.26075]}, "properties": {"date": "2026-05-01", "year": 2026, "violence_type": "state-based conflict", "deaths": 1}}, {"type": "Feature", "geometry": {"type": "Point", "coordinates": [35.26973, 33.23308]}, "properties": {"date": "2026-05-01", "year": 2026, "violence_type": "state-based conflict", "deaths": 1}}, {"type": "Feature", "geometry": {"type": "Point", "coordinates": [36.27383, 34.71846]}, "properties": {"date": "2026-05-02", "year": 2026, "violence_type": "one-sided violence", "deaths": 1}}, {"type": "Feature", "geometry": {"type": "Point", "coordinates": [35.23632, 33.22192]}, "properties": {"date": "2026-05-02", "year": 2026, "violence_type": "state-based conflict", "deaths": 3}}, {"type": "Feature", "geometry": {"type": "Point", "coordinates": [35.24278, 33.20412]}, "properties": {"date": "2026-05-02", "year": 2026, "violence_type": "state-based conflict", "deaths": 2}}, {"type": "Feature", "geometry": {"type": "Point", "coordinates": [35.44483, 33.39435]}, "properties": {"date": "2026-05-02", "year": 2026, "violence_type": "state-based conflict", "deaths": 4}}, {"type": "Feature", "geometry": {"type": "Point", "coordinates": [34.35014, 31.41748]}, "properties": {"date": "2026-05-02", "year": 2026, "violence_type": "state-based conflict", "deaths": 1}}, {"type": "Feature", "geometry": {"type": "Point", "coordinates": [34.30306, 31.34444]}, "properties": {"date": "2026-05-02", "year": 2026, "violence_type": "state-based conflict", "deaths": 1}}, {"type": "Feature", "geometry": {"type": "Point", "coordinates": [35.37661, 33.17468]}, "properties": {"date": "2026-05-03", "year": 2026, "violence_type": "state-based conflict", "deaths": 1}}, {"type": "Feature", "geometry": {"type": "Point", "coordinates": [34.48347, 31.5272]}, "properties": {"date": "2026-05-03", "year": 2026, "violence_type": "state-based conflict", "deaths": 1}}, {"type": "Feature", "geometry": {"type": "Point", "coordinates": [35.26362, 32.21992]}, "properties": {"date": "2026-05-03", "year": 2026, "violence_type": "state-based conflict", "deaths": 0}}, {"type": "Feature", "geometry": {"type": "Point", "coordinates": [34.49454, 31.53639]}, "properties": {"date": "2026-05-03", "year": 2026, "violence_type": "state-based conflict", "deaths": 1}}, {"type": "Feature", "geometry": {"type": "Point", "coordinates": [36.65181, 35.7784]}, "properties": {"date": "2026-05-03", "year": 2026, "violence_type": "one-sided violence", "deaths": 1}}, {"type": "Feature", "geometry": {"type": "Point", "coordinates": [34.30306, 31.34444]}, "properties": {"date": "2026-05-03", "year": 2026, "violence_type": "state-based conflict", "deaths": 1}}, {"type": "Feature", "geometry": {"type": "Point", "coordinates": [34.30306, 31.34444]}, "properties": {"date": "2026-05-03", "year": 2026, "violence_type": "state-based conflict", "deaths": 1}}, {"type": "Feature", "geometry": {"type": "Point", "coordinates": [35.35529, 33.19767]}, "properties": {"date": "2026-05-04", "year": 2026, "violence_type": "state-based conflict", "deaths": 1}}, {"type": "Feature", "geometry": {"type": "Point", "coordinates": [35.47611, 33.32583]}, "properties": {"date": "2026-05-04", "year": 2026, "violence_type": "state-based conflict", "deaths": 24}}, {"type": "Feature", "geometry": {"type": "Point", "coordinates": [35.8333, 33.8333]}, "properties": {"date": "2026-05-04", "year": 2026, "violence_type": "state-based conflict", "deaths": 1}}, {"type": "Feature", "geometry": {"type": "Point", "coordinates": [34.45, 31.51667]}, "properties": {"date": "2026-05-04", "year": 2026, "violence_type": "state-based conflict", "deaths": 1}}, {"type": "Feature", "geometry": {"type": "Point", "coordinates": [34.40294, 31.43953]}, "properties": {"date": "2026-05-04", "year": 2026, "violence_type": "state-based conflict", "deaths": 1}}, {"type": "Feature", "geometry": {"type": "Point", "coordinates": [34.48667, 31.55778]}, "properties": {"date": "2026-05-04", "year": 2026, "violence_type": "state-based conflict", "deaths": 1}}, {"type": "Feature", "geometry": {"type": "Point", "coordinates": [34.45, 31.51667]}, "properties": {"date": "2026-05-05", "year": 2026, "violence_type": "state-based conflict", "deaths": 1}}, {"type": "Feature", "geometry": {"type": "Point", "coordinates": [34.45, 31.51667]}, "properties": {"date": "2026-05-05", "year": 2026, "violence_type": "state-based conflict", "deaths": 1}}, {"type": "Feature", "geometry": {"type": "Point", "coordinates": [34.45, 31.51667]}, "properties": {"date": "2026-05-05", "year": 2026, "violence_type": "state-based conflict", "deaths": 3}}, {"type": "Feature", "geometry": {"type": "Point", "coordinates": [35.47556, 33.34444]}, "properties": {"date": "2026-05-06", "year": 2026, "violence_type": "state-based conflict", "deaths": 2}}, {"type": "Feature", "geometry": {"type": "Point", "coordinates": [43.38079, 14.06083]}, "properties": {"date": "2026-05-06", "year": 2026, "violence_type": "state-based conflict", "deaths": 4}}, {"type": "Feature", "geometry": {"type": "Point", "coordinates": [34.45, 31.51667]}, "properties": {"date": "2026-05-06", "year": 2026, "violence_type": "state-based conflict", "deaths": 1}}, {"type": "Feature", "geometry": {"type": "Point", "coordinates": [34.45, 31.51667]}, "properties": {"date": "2026-05-06", "year": 2026, "violence_type": "state-based conflict", "deaths": 1}}, {"type": "Feature", "geometry": {"type": "Point", "coordinates": [34.30306, 31.34444]}, "properties": {"date": "2026-05-06", "year": 2026, "violence_type": "state-based conflict", "deaths": 1}}, {"type": "Feature", "geometry": {"type": "Point", "coordinates": [34.45, 31.51667]}, "properties": {"date": "2026-05-06", "year": 2026, "violence_type": "state-based conflict", "deaths": 3}}, {"type": "Feature", "geometry": {"type": "Point", "coordinates": [35.28333, 33.41667]}, "properties": {"date": "2026-05-07", "year": 2026, "violence_type": "state-based conflict", "deaths": 3}}, {"type": "Feature", "geometry": {"type": "Point", "coordinates": [35.19389, 33.27333]}, "properties": {"date": "2026-05-07", "year": 2026, "violence_type": "state-based conflict", "deaths": 2}}, {"type": "Feature", "geometry": {"type": "Point", "coordinates": [35.44584, 33.09067]}, "properties": {"date": "2026-05-07", "year": 2026, "violence_type": "state-based conflict", "deaths": 1}}, {"type": "Feature", "geometry": {"type": "Point", "coordinates": [34.45, 31.51667]}, "properties": {"date": "2026-05-07", "year": 2026, "violence_type": "state-based conflict", "deaths": 3}}, {"type": "Feature", "geometry": {"type": "Point", "coordinates": [34.45, 31.51667]}, "properties": {"date": "2026-05-07", "year": 2026, "violence_type": "state-based conflict", "deaths": 3}}, {"type": "Feature", "geometry": {"type": "Point", "coordinates": [35.47556, 33.34444]}, "properties": {"date": "2026-05-07", "year": 2026, "violence_type": "state-based conflict", "deaths": 1}}, {"type": "Feature", "geometry": {"type": "Point", "coordinates": [35.41137, 33.15964]}, "properties": {"date": "2026-05-08", "year": 2026, "violence_type": "state-based conflict", "deaths": 3}}, {"type": "Feature", "geometry": {"type": "Point", "coordinates": [35.29778, 33.29389]}, "properties": {"date": "2026-05-08", "year": 2026, "violence_type": "state-based conflict", "deaths": 4}}, {"type": "Feature", "geometry": {"type": "Point", "coordinates": [35.3338, 33.34338]}, "properties": {"date": "2026-05-08", "year": 2026, "violence_type": "state-based conflict", "deaths": 3}}, {"type": "Feature", "geometry": {"type": "Point", "coordinates": [35.47556, 33.34444]}, "properties": {"date": "2026-05-08", "year": 2026, "violence_type": "state-based conflict", "deaths": 1}}, {"type": "Feature", "geometry": {"type": "Point", "coordinates": [35.28722, 33.4375]}, "properties": {"date": "2026-05-09", "year": 2026, "violence_type": "state-based conflict", "deaths": 7}}, {"type": "Feature", "geometry": {"type": "Point", "coordinates": [35.48383, 33.37717]}, "properties": {"date": "2026-05-09", "year": 2026, "violence_type": "state-based conflict", "deaths": 1}}, {"type": "Feature", "geometry": {"type": "Point", "coordinates": [35.28307, 33.29854]}, "properties": {"date": "2026-05-09", "year": 2026, "violence_type": "state-based conflict", "deaths": 3}}, {"type": "Feature", "geometry": {"type": "Point", "coordinates": [35.35529, 33.19767]}, "properties": {"date": "2026-05-09", "year": 2026, "violence_type": "state-based conflict", "deaths": 1}}, {"type": "Feature", "geometry": {"type": "Point", "coordinates": [34.75444, 31.3925]}, "properties": {"date": "2026-05-09", "year": 2026, "violence_type": "one-sided violence", "deaths": 1}}, {"type": "Feature", "geometry": {"type": "Point", "coordinates": [35.41974, 33.26075]}, "properties": {"date": "2026-05-10", "year": 2026, "violence_type": "state-based conflict", "deaths": 1}}, {"type": "Feature", "geometry": {"type": "Point", "coordinates": [35.405, 33.195]}, "properties": {"date": "2026-05-10", "year": 2026, "violence_type": "state-based conflict", "deaths": 1}}, {"type": "Feature", "geometry": {"type": "Point", "coordinates": [35.29472, 33.315]}, "properties": {"date": "2026-05-10", "year": 2026, "violence_type": "state-based conflict", "deaths": 1}}, {"type": "Feature", "geometry": {"type": "Point", "coordinates": [34.38538, 31.42136]}, "properties": {"date": "2026-05-10", "year": 2026, "violence_type": "state-based conflict", "deaths": 1}}, {"type": "Feature", "geometry": {"type": "Point", "coordinates": [34.41332, 31.48219]}, "properties": {"date": "2026-05-10", "year": 2026, "violence_type": "state-based conflict", "deaths": 2}}, {"type": "Feature", "geometry": {"type": "Point", "coordinates": [34.30306, 31.34444]}, "properties": {"date": "2026-05-10", "year": 2026, "violence_type": "state-based conflict", "deaths": 2}}, {"type": "Feature", "geometry": {"type": "Point", "coordinates": [45.38639, 15.45843]}, "properties": {"date": "2026-05-10", "year": 2026, "violence_type": "non-state conflict", "deaths": 6}}, {"type": "Feature", "geometry": {"type": "Point", "coordinates": [35.40056, 33.36121]}, "properties": {"date": "2026-05-11", "year": 2026, "violence_type": "state-based conflict", "deaths": 2}}, {"type": "Feature", "geometry": {"type": "Point", "coordinates": [34.30306, 31.34444]}, "properties": {"date": "2026-05-11", "year": 2026, "violence_type": "state-based conflict", "deaths": 1}}, {"type": "Feature", "geometry": {"type": "Point", "coordinates": [34.45, 31.51667]}, "properties": {"date": "2026-05-11", "year": 2026, "violence_type": "state-based conflict", "deaths": 1}}, {"type": "Feature", "geometry": {"type": "Point", "coordinates": [34.46411, 31.51065]}, "properties": {"date": "2026-05-11", "year": 2026, "violence_type": "state-based conflict", "deaths": 4}}, {"type": "Feature", "geometry": {"type": "Point", "coordinates": [35.41444, 33.38639]}, "properties": {"date": "2026-05-11", "year": 2026, "violence_type": "state-based conflict", "deaths": 3}}, {"type": "Feature", "geometry": {"type": "Point", "coordinates": [35.22847, 31.86801]}, "properties": {"date": "2026-05-11", "year": 2026, "violence_type": "state-based conflict", "deaths": 0}}, {"type": "Feature", "geometry": {"type": "Point", "coordinates": [35.41417, 33.22918]}, "properties": {"date": "2026-05-12", "year": 2026, "violence_type": "state-based conflict", "deaths": 6}}, {"type": "Feature", "geometry": {"type": "Point", "coordinates": [35.43, 33.12]}, "properties": {"date": "2026-05-12", "year": 2026, "violence_type": "state-based conflict", "deaths": 4}}, {"type": "Feature", "geometry": {"type": "Point", "coordinates": [35.48383, 33.37717]}, "properties": {"date": "2026-05-12", "year": 2026, "violence_type": "state-based conflict", "deaths": 5}}, {"type": "Feature", "geometry": {"type": "Point", "coordinates": [34.39287, 31.44766]}, "properties": {"date": "2026-05-12", "year": 2026, "violence_type": "state-based conflict", "deaths": 1}}, {"type": "Feature", "geometry": {"type": "Point", "coordinates": [35.43262, 33.36536]}, "properties": {"date": "2026-05-12", "year": 2026, "violence_type": "state-based conflict", "deaths": 4}}, {"type": "Feature", "geometry": {"type": "Point", "coordinates": [35.39868, 33.42411]}, "properties": {"date": "2026-05-13", "year": 2026, "violence_type": "state-based conflict", "deaths": 4}}, {"type": "Feature", "geometry": {"type": "Point", "coordinates": [35.28307, 33.29854]}, "properties": {"date": "2026-05-13", "year": 2026, "violence_type": "state-based conflict", "deaths": 2}}, {"type": "Feature", "geometry": {"type": "Point", "coordinates": [35.13417, 33.12]}, "properties": {"date": "2026-05-13", "year": 2026, "violence_type": "state-based conflict", "deaths": 1}}, {"type": "Feature", "geometry": {"type": "Point", "coordinates": [35.26528, 33.19694]}, "properties": {"date": "2026-05-13", "year": 2026, "violence_type": "state-based conflict", "deaths": 1}}, {"type": "Feature", "geometry": {"type": "Point", "coordinates": [35.24278, 33.20412]}, "properties": {"date": "2026-05-13", "year": 2026, "violence_type": "state-based conflict", "deaths": 1}}, {"type": "Feature", "geometry": {"type": "Point", "coordinates": [34.95372, 32.1547]}, "properties": {"date": "2026-05-13", "year": 2026, "violence_type": "one-sided violence", "deaths": 1}}, {"type": "Feature", "geometry": {"type": "Point", "coordinates": [45.35, 15.41667]}, "properties": {"date": "2026-05-13", "year": 2026, "violence_type": "state-based conflict", "deaths": 1}}, {"type": "Feature", "geometry": {"type": "Point", "coordinates": [34.48347, 31.5272]}, "properties": {"date": "2026-05-14", "year": 2026, "violence_type": "state-based conflict", "deaths": 1}}, {"type": "Feature", "geometry": {"type": "Point", "coordinates": [34.49454, 31.53639]}, "properties": {"date": "2026-05-14", "year": 2026, "violence_type": "state-based conflict", "deaths": 1}}, {"type": "Feature", "geometry": {"type": "Point", "coordinates": [34.48347, 31.5272]}, "properties": {"date": "2026-05-14", "year": 2026, "violence_type": "state-based conflict", "deaths": 2}}, {"type": "Feature", "geometry": {"type": "Point", "coordinates": [34.45, 31.51667]}, "properties": {"date": "2026-05-15", "year": 2026, "violence_type": "state-based conflict", "deaths": 3}}, {"type": "Feature", "geometry": {"type": "Point", "coordinates": [34.45, 31.51667]}, "properties": {"date": "2026-05-15", "year": 2026, "violence_type": "state-based conflict", "deaths": 5}}, {"type": "Feature", "geometry": {"type": "Point", "coordinates": [35.8333, 33.8333]}, "properties": {"date": "2026-05-15", "year": 2026, "violence_type": "state-based conflict", "deaths": 1}}, {"type": "Feature", "geometry": {"type": "Point", "coordinates": [35.44194, 33.37472]}, "properties": {"date": "2026-05-15", "year": 2026, "violence_type": "state-based conflict", "deaths": 6}}, {"type": "Feature", "geometry": {"type": "Point", "coordinates": [35.49954, 33.29169]}, "properties": {"date": "2026-05-15", "year": 2026, "violence_type": "state-based conflict", "deaths": 1}}, {"type": "Feature", "geometry": {"type": "Point", "coordinates": [35.35584, 33.15439]}, "properties": {"date": "2026-05-16", "year": 2026, "violence_type": "state-based conflict", "deaths": 1}}, {"type": "Feature", "geometry": {"type": "Point", "coordinates": [35.34934, 33.30961]}, "properties": {"date": "2026-05-16", "year": 2026, "violence_type": "state-based conflict", "deaths": 2}}, {"type": "Feature", "geometry": {"type": "Point", "coordinates": [35.405, 33.195]}, "properties": {"date": "2026-05-16", "year": 2026, "violence_type": "state-based conflict", "deaths": 2}}, {"type": "Feature", "geometry": {"type": "Point", "coordinates": [35.28808, 32.46047]}, "properties": {"date": "2026-05-16", "year": 2026, "violence_type": "one-sided violence", "deaths": 1}}, {"type": "Feature", "geometry": {"type": "Point", "coordinates": [34.49514, 31.5464]}, "properties": {"date": "2026-05-17", "year": 2026, "violence_type": "state-based conflict", "deaths": 1}}, {"type": "Feature", "geometry": {"type": "Point", "coordinates": [34.35014, 31.41748]}, "properties": {"date": "2026-05-17", "year": 2026, "violence_type": "state-based conflict", "deaths": 3}}, {"type": "Feature", "geometry": {"type": "Point", "coordinates": [35.3338, 33.34338]}, "properties": {"date": "2026-05-17", "year": 2026, "violence_type": "state-based conflict", "deaths": 1}}, {"type": "Feature", "geometry": {"type": "Point", "coordinates": [34.30306, 31.34444]}, "properties": {"date": "2026-05-17", "year": 2026, "violence_type": "state-based conflict", "deaths": 1}}, {"type": "Feature", "geometry": {"type": "Point", "coordinates": [34.35014, 31.41748]}, "properties": {"date": "2026-05-17", "year": 2026, "violence_type": "state-based conflict", "deaths": 1}}, {"type": "Feature", "geometry": {"type": "Point", "coordinates": [35.34934, 33.30961]}, "properties": {"date": "2026-05-17", "year": 2026, "violence_type": "state-based conflict", "deaths": 3}}, {"type": "Feature", "geometry": {"type": "Point", "coordinates": [35.02876, 31.59601]}, "properties": {"date": "2026-05-17", "year": 2026, "violence_type": "one-sided violence", "deaths": 1}}, {"type": "Feature", "geometry": {"type": "Point", "coordinates": [34.30306, 31.34444]}, "properties": {"date": "2026-05-17", "year": 2026, "violence_type": "state-based conflict", "deaths": 1}}, {"type": "Feature", "geometry": {"type": "Point", "coordinates": [36.22, 34.01]}, "properties": {"date": "2026-05-17", "year": 2026, "violence_type": "state-based conflict", "deaths": 2}}, {"type": "Feature", "geometry": {"type": "Point", "coordinates": [35.29917, 33.20917]}, "properties": {"date": "2026-05-18", "year": 2026, "violence_type": "state-based conflict", "deaths": 1}}, {"type": "Feature", "geometry": {"type": "Point", "coordinates": [36.17917, 33.98778]}, "properties": {"date": "2026-05-18", "year": 2026, "violence_type": "state-based conflict", "deaths": 2}}, {"type": "Feature", "geometry": {"type": "Point", "coordinates": [34.30306, 31.34444]}, "properties": {"date": "2026-05-18", "year": 2026, "violence_type": "state-based conflict", "deaths": 1}}, {"type": "Feature", "geometry": {"type": "Point", "coordinates": [36.29158, 33.51336]}, "properties": {"date": "2026-05-19", "year": 2026, "violence_type": "state-based conflict", "deaths": 1}}, {"type": "Feature", "geometry": {"type": "Point", "coordinates": [35.42866, 33.29539]}, "properties": {"date": "2026-05-19", "year": 2026, "violence_type": "state-based conflict", "deaths": 1}}, {"type": "Feature", "geometry": {"type": "Point", "coordinates": [35.44194, 33.37472]}, "properties": {"date": "2026-05-19", "year": 2026, "violence_type": "state-based conflict", "deaths": 1}}, {"type": "Feature", "geometry": {"type": "Point", "coordinates": [35.35529, 33.19767]}, "properties": {"date": "2026-05-19", "year": 2026, "violence_type": "state-based conflict", "deaths": 1}}, {"type": "Feature", "geometry": {"type": "Point", "coordinates": [35.24472, 33.22306]}, "properties": {"date": "2026-05-19", "year": 2026, "violence_type": "state-based conflict", "deaths": 14}}, {"type": "Feature", "geometry": {"type": "Point", "coordinates": [34.45, 31.51667]}, "properties": {"date": "2026-05-19", "year": 2026, "violence_type": "state-based conflict", "deaths": 1}}, {"type": "Feature", "geometry": {"type": "Point", "coordinates": [35.41444, 33.38639]}, "properties": {"date": "2026-05-20", "year": 2026, "violence_type": "state-based conflict", "deaths": 5}}, {"type": "Feature", "geometry": {"type": "Point", "coordinates": [35.405, 33.195]}, "properties": {"date": "2026-05-20", "year": 2026, "violence_type": "state-based conflict", "deaths": 2}}, {"type": "Feature", "geometry": {"type": "Point", "coordinates": [35.23558, 33.24876]}, "properties": {"date": "2026-05-21", "year": 2026, "violence_type": "state-based conflict", "deaths": 1}}, {"type": "Feature", "geometry": {"type": "Point", "coordinates": [35.27722, 33.22111]}, "properties": {"date": "2026-05-21", "year": 2026, "violence_type": "state-based conflict", "deaths": 4}}, {"type": "Feature", "geometry": {"type": "Point", "coordinates": [34.49514, 31.5464]}, "properties": {"date": "2026-05-21", "year": 2026, "violence_type": "state-based conflict", "deaths": 1}}, {"type": "Feature", "geometry": {"type": "Point", "coordinates": [34.34085, 31.37389]}, "properties": {"date": "2026-05-21", "year": 2026, "violence_type": "state-based conflict", "deaths": 1}}, {"type": "Feature", "geometry": {"type": "Point", "coordinates": [34.24344, 31.297]}, "properties": {"date": "2026-05-21", "year": 2026, "violence_type": "state-based conflict", "deaths": 2}}, {"type": "Feature", "geometry": {"type": "Point", "coordinates": [34.25618, 31.34822]}, "properties": {"date": "2026-05-21", "year": 2026, "violence_type": "state-based conflict", "deaths": 1}}, {"type": "Feature", "geometry": {"type": "Point", "coordinates": [34.35014, 31.41748]}, "properties": {"date": "2026-05-21", "year": 2026, "violence_type": "state-based conflict", "deaths": 1}}, {"type": "Feature", "geometry": {"type": "Point", "coordinates": [34.24344, 31.297]}, "properties": {"date": "2026-05-22", "year": 2026, "violence_type": "state-based conflict", "deaths": 1}}, {"type": "Feature", "geometry": {"type": "Point", "coordinates": [35.33333, 32.83333]}, "properties": {"date": "2026-05-22", "year": 2026, "violence_type": "state-based conflict", "deaths": 1}}, {"type": "Feature", "geometry": {"type": "Point", "coordinates": [34.45, 31.51667]}, "properties": {"date": "2026-05-22", "year": 2026, "violence_type": "state-based conflict", "deaths": 1}}, {"type": "Feature", "geometry": {"type": "Point", "coordinates": [34.3734, 31.42507]}, "properties": {"date": "2026-05-22", "year": 2026, "violence_type": "state-based conflict", "deaths": 1}}, {"type": "Feature", "geometry": {"type": "Point", "coordinates": [35.24472, 33.22306]}, "properties": {"date": "2026-05-22", "year": 2026, "violence_type": "state-based conflict", "deaths": 6}}, {"type": "Feature", "geometry": {"type": "Point", "coordinates": [35.27722, 33.22111]}, "properties": {"date": "2026-05-22", "year": 2026, "violence_type": "state-based conflict", "deaths": 4}}, {"type": "Feature", "geometry": {"type": "Point", "coordinates": [35.48383, 33.37717]}, "properties": {"date": "2026-05-22", "year": 2026, "violence_type": "state-based conflict", "deaths": 1}}, {"type": "Feature", "geometry": {"type": "Point", "coordinates": [35.36733, 33.32085]}, "properties": {"date": "2026-05-23", "year": 2026, "violence_type": "state-based conflict", "deaths": 11}}, {"type": "Feature", "geometry": {"type": "Point", "coordinates": [35.78236, 33.63321]}, "properties": {"date": "2026-05-23", "year": 2026, "violence_type": "state-based conflict", "deaths": 1}}, {"type": "Feature", "geometry": {"type": "Point", "coordinates": [35.27104, 33.25548]}, "properties": {"date": "2026-05-23", "year": 2026, "violence_type": "state-based conflict", "deaths": 1}}, {"type": "Feature", "geometry": {"type": "Point", "coordinates": [34.45, 31.51667]}, "properties": {"date": "2026-05-23", "year": 2026, "violence_type": "state-based conflict", "deaths": 8}}, {"type": "Feature", "geometry": {"type": "Point", "coordinates": [42.73395, 35.5729]}, "properties": {"date": "2026-05-23", "year": 2026, "violence_type": "state-based conflict", "deaths": 3}}, {"type": "Feature", "geometry": {"type": "Point", "coordinates": [34.25618, 31.34822]}, "properties": {"date": "2026-05-23", "year": 2026, "violence_type": "state-based conflict", "deaths": 1}}, {"type": "Feature", "geometry": {"type": "Point", "coordinates": [45.3253, 15.46098]}, "properties": {"date": "2026-05-24", "year": 2026, "violence_type": "non-state conflict", "deaths": 1}}, {"type": "Feature", "geometry": {"type": "Point", "coordinates": [35.29778, 33.29389]}, "properties": {"date": "2026-05-24", "year": 2026, "violence_type": "state-based conflict", "deaths": 1}}, {"type": "Feature", "geometry": {"type": "Point", "coordinates": [35.48383, 33.37717]}, "properties": {"date": "2026-05-24", "year": 2026, "violence_type": "state-based conflict", "deaths": 3}}, {"type": "Feature", "geometry": {"type": "Point", "coordinates": [35.8333, 33.8333]}, "properties": {"date": "2026-05-24", "year": 2026, "violence_type": "state-based conflict", "deaths": 1}}, {"type": "Feature", "geometry": {"type": "Point", "coordinates": [36.72501, 35.90403]}, "properties": {"date": "2026-05-24", "year": 2026, "violence_type": "state-based conflict", "deaths": 2}}, {"type": "Feature", "geometry": {"type": "Point", "coordinates": [35.35529, 33.19767]}, "properties": {"date": "2026-05-24", "year": 2026, "violence_type": "state-based conflict", "deaths": 1}}, {"type": "Feature", "geometry": {"type": "Point", "coordinates": [34.39287, 31.44766]}, "properties": {"date": "2026-05-24", "year": 2026, "violence_type": "state-based conflict", "deaths": 3}}, {"type": "Feature", "geometry": {"type": "Point", "coordinates": [34.48347, 31.5272]}, "properties": {"date": "2026-05-24", "year": 2026, "violence_type": "state-based conflict", "deaths": 1}}, {"type": "Feature", "geometry": {"type": "Point", "coordinates": [36.29158, 33.51336]}, "properties": {"date": "2026-05-25", "year": 2026, "violence_type": "one-sided violence", "deaths": 1}}, {"type": "Feature", "geometry": {"type": "Point", "coordinates": [34.25618, 31.34822]}, "properties": {"date": "2026-05-25", "year": 2026, "violence_type": "state-based conflict", "deaths": 3}}, {"type": "Feature", "geometry": {"type": "Point", "coordinates": [35.30861, 33.27306]}, "properties": {"date": "2026-05-26", "year": 2026, "violence_type": "state-based conflict", "deaths": 8}}, {"type": "Feature", "geometry": {"type": "Point", "coordinates": [34.36595, 31.42844]}, "properties": {"date": "2026-05-26", "year": 2026, "violence_type": "state-based conflict", "deaths": 2}}, {"type": "Feature", "geometry": {"type": "Point", "coordinates": [34.30306, 31.34444]}, "properties": {"date": "2026-05-26", "year": 2026, "violence_type": "state-based conflict", "deaths": 2}}, {"type": "Feature", "geometry": {"type": "Point", "coordinates": [34.45, 31.51667]}, "properties": {"date": "2026-05-26", "year": 2026, "violence_type": "state-based conflict", "deaths": 6}}, {"type": "Feature", "geometry": {"type": "Point", "coordinates": [35.30161, 33.37071]}, "properties": {"date": "2026-05-26", "year": 2026, "violence_type": "state-based conflict", "deaths": 5}}, {"type": "Feature", "geometry": {"type": "Point", "coordinates": [35.72194, 33.56333]}, "properties": {"date": "2026-05-26", "year": 2026, "violence_type": "state-based conflict", "deaths": 1}}, {"type": "Feature", "geometry": {"type": "Point", "coordinates": [34.38538, 31.42136]}, "properties": {"date": "2026-05-26", "year": 2026, "violence_type": "state-based conflict", "deaths": 5}}, {"type": "Feature", "geometry": {"type": "Point", "coordinates": [35.2389, 33.26246]}, "properties": {"date": "2026-05-26", "year": 2026, "violence_type": "state-based conflict", "deaths": 14}}, {"type": "Feature", "geometry": {"type": "Point", "coordinates": [36.56021, 33.44708]}, "properties": {"date": "2026-05-26", "year": 2026, "violence_type": "one-sided violence", "deaths": 1}}, {"type": "Feature", "geometry": {"type": "Point", "coordinates": [35.38389, 33.25667]}, "properties": {"date": "2026-05-26", "year": 2026, "violence_type": "state-based conflict", "deaths": 2}}, {"type": "Feature", "geometry": {"type": "Point", "coordinates": [36.2381, 33.43178]}, "properties": {"date": "2026-05-27", "year": 2026, "violence_type": "one-sided violence", "deaths": 2}}, {"type": "Feature", "geometry": {"type": "Point", "coordinates": [34.30306, 31.34444]}, "properties": {"date": "2026-05-27", "year": 2026, "violence_type": "state-based conflict", "deaths": 1}}, {"type": "Feature", "geometry": {"type": "Point", "coordinates": [34.45, 31.51667]}, "properties": {"date": "2026-05-27", "year": 2026, "violence_type": "state-based conflict", "deaths": 10}}, {"type": "Feature", "geometry": {"type": "Point", "coordinates": [35.46476, 33.35531]}, "properties": {"date": "2026-05-27", "year": 2026, "violence_type": "state-based conflict", "deaths": 4}}, {"type": "Feature", "geometry": {"type": "Point", "coordinates": [35.33556, 33.20139]}, "properties": {"date": "2026-05-27", "year": 2026, "violence_type": "state-based conflict", "deaths": 2}}, {"type": "Feature", "geometry": {"type": "Point", "coordinates": [35.28377, 33.08295]}, "properties": {"date": "2026-05-27", "year": 2026, "violence_type": "state-based conflict", "deaths": 1}}, {"type": "Feature", "geometry": {"type": "Point", "coordinates": [35.19389, 33.27333]}, "properties": {"date": "2026-05-27", "year": 2026, "violence_type": "state-based conflict", "deaths": 3}}, {"type": "Feature", "geometry": {"type": "Point", "coordinates": [35.43262, 33.36536]}, "properties": {"date": "2026-05-27", "year": 2026, "violence_type": "state-based conflict", "deaths": 3}}, {"type": "Feature", "geometry": {"type": "Point", "coordinates": [35.27474, 33.40433]}, "properties": {"date": "2026-05-28", "year": 2026, "violence_type": "state-based conflict", "deaths": 6}}, {"type": "Feature", "geometry": {"type": "Point", "coordinates": [35.39443, 33.44631]}, "properties": {"date": "2026-05-28", "year": 2026, "violence_type": "state-based conflict", "deaths": 1}}, {"type": "Feature", "geometry": {"type": "Point", "coordinates": [34.45, 31.51667]}, "properties": {"date": "2026-05-28", "year": 2026, "violence_type": "state-based conflict", "deaths": 1}}, {"type": "Feature", "geometry": {"type": "Point", "coordinates": [34.45, 31.51667]}, "properties": {"date": "2026-05-29", "year": 2026, "violence_type": "state-based conflict", "deaths": 1}}, {"type": "Feature", "geometry": {"type": "Point", "coordinates": [36.31941, 35.78243]}, "properties": {"date": "2026-05-29", "year": 2026, "violence_type": "one-sided violence", "deaths": 1}}, {"type": "Feature", "geometry": {"type": "Point", "coordinates": [35.35, 33.38333]}, "properties": {"date": "2026-05-29", "year": 2026, "violence_type": "state-based conflict", "deaths": 2}}, {"type": "Feature", "geometry": {"type": "Point", "coordinates": [35.27474, 33.40433]}, "properties": {"date": "2026-05-29", "year": 2026, "violence_type": "state-based conflict", "deaths": 9}}, {"type": "Feature", "geometry": {"type": "Point", "coordinates": [35.27861, 33.27444]}, "properties": {"date": "2026-05-29", "year": 2026, "violence_type": "state-based conflict", "deaths": 4}}, {"type": "Feature", "geometry": {"type": "Point", "coordinates": [35.28307, 33.29854]}, "properties": {"date": "2026-05-29", "year": 2026, "violence_type": "state-based conflict", "deaths": 3}}, {"type": "Feature", "geometry": {"type": "Point", "coordinates": [35.34722, 33.28583]}, "properties": {"date": "2026-05-29", "year": 2026, "violence_type": "state-based conflict", "deaths": 4}}, {"type": "Feature", "geometry": {"type": "Point", "coordinates": [34.45, 31.51667]}, "properties": {"date": "2026-05-29", "year": 2026, "violence_type": "state-based conflict", "deaths": 3}}, {"type": "Feature", "geometry": {"type": "Point", "coordinates": [35.34722, 33.28583]}, "properties": {"date": "2026-05-29", "year": 2026, "violence_type": "state-based conflict", "deaths": 4}}, {"type": "Feature", "geometry": {"type": "Point", "coordinates": [36.56737, 32.7118]}, "properties": {"date": "2026-05-29", "year": 2026, "violence_type": "non-state conflict", "deaths": 1}}, {"type": "Feature", "geometry": {"type": "Point", "coordinates": [34.25618, 31.34822]}, "properties": {"date": "2026-05-29", "year": 2026, "violence_type": "state-based conflict", "deaths": 3}}, {"type": "Feature", "geometry": {"type": "Point", "coordinates": [34.35014, 31.41748]}, "properties": {"date": "2026-05-30", "year": 2026, "violence_type": "state-based conflict", "deaths": 1}}, {"type": "Feature", "geometry": {"type": "Point", "coordinates": [35.35, 33.38333]}, "properties": {"date": "2026-05-30", "year": 2026, "violence_type": "state-based conflict", "deaths": 1}}, {"type": "Feature", "geometry": {"type": "Point", "coordinates": [34.45, 31.51667]}, "properties": {"date": "2026-05-30", "year": 2026, "violence_type": "state-based conflict", "deaths": 2}}, {"type": "Feature", "geometry": {"type": "Point", "coordinates": [35.35529, 33.19767]}, "properties": {"date": "2026-05-31", "year": 2026, "violence_type": "state-based conflict", "deaths": 1}}, {"type": "Feature", "geometry": {"type": "Point", "coordinates": [35.13218, 31.64613]}, "properties": {"date": "2026-05-31", "year": 2026, "violence_type": "state-based conflict", "deaths": 1}}, {"type": "Feature", "geometry": {"type": "Point", "coordinates": [35.23337, 31.85343]}, "properties": {"date": "2026-05-31", "year": 2026, "violence_type": "one-sided violence", "deaths": 1}}, {"type": "Feature", "geometry": {"type": "Point", "coordinates": [34.45, 31.51667]}, "properties": {"date": "2026-05-31", "year": 2026, "violence_type": "state-based conflict", "deaths": 2}}, {"type": "Feature", "geometry": {"type": "Point", "coordinates": [35.40144, 33.3263]}, "properties": {"date": "2026-05-31", "year": 2026, "violence_type": "state-based conflict", "deaths": 5}}, {"type": "Feature", "geometry": {"type": "Point", "coordinates": [35.48383, 33.37717]}, "properties": {"date": "2026-05-31", "year": 2026, "violence_type": "state-based conflict", "deaths": 1}}]}