{
  "type": "FeatureCollection",
  "metadata": {
    "title": "Konflikt-Auswerteradius je UNESCO-Site (30 km)",
    "radius_km": 30.0,
    "note": "Geodaetische Kreise (WGS84) um die Site-Punkte; in diesem Umkreis zaehlt die Konflikt-Komponente die UCDP-GED-Ereignisse."
  },
  "features": [
    {
      "type": "Feature",
      "geometry": {
        "type": "Polygon",
        "coordinates": [
          [
            [
              36.4680555556,
              32.78746259913977
            ],
            [
              36.495966811695844,
              32.78643012350435
            ],
            [
              36.523663730673135,
              32.78334062458546
            ],
            [
              36.55093366578425,
              32.77821782383125
            ],
            [
              36.577567336297484,
              32.771101049153614
            ],
            [
              36.60336047386332,
              32.76204492507647
            ],
            [
              36.62811542539187,
              32.751118942721746
            ],
            [
              36.65164269873702,
              32.73840691335841
            ],
            [
              36.673762438140876,
              32.72400631022824
            ],
            [
              36.69430581719048,
              32.708027504297995
            ],
            [
              36.71311633796134,
              32.69059290045764
            ],
            [
              36.730051026052806,
              32.67183598148326
            ],
            [
              36.74498151233931,
              32.651900267801686
            ],
            [
              36.75779499345019,
              32.63093820172684
            ],
            [
              36.76839506422902,
              32.60910996538142
            ],
            [
              36.77670241669183,
              32.586582241968046
            ],
            [
              36.78265540128343,
              32.563526930410795
            ],
            [
              36.78621044750426,
              32.54011982365085
            ],
            [
              36.78734234223149,
              32.51653926104969
            ],
            [
              36.78604436527156,
              32.49296476543282
            ],
            [
              36.78232828284675,
              32.46957567529865
            ],
            [
              36.776224200823286,
              32.44654978262639
            ],
            [
              36.76778028052659,
              32.4240619865463
            ],
            [
              36.75706232095362,
              32.40228297289287
            ],
            [
              36.7441532120797,
              32.381377929349654
            ],
            [
              36.7291522647652,
              32.3615053055208
            ],
            [
              36.71217442349655,
              32.34281562683401
            ],
            [
              36.693349368846974,
              32.325450370697766
            ],
            [
              36.672820517117565,
              32.30954091280846
            ],
            [
              36.65074392512342,
              32.29520755093572
            ],
            [
              36.6272871085255,
              32.28255861291098
            ],
            [
              36.602627782482244,
              32.271689654910595
            ],
            [
              36.576952533710546,
              32.26268275546511
            ],
            [
              36.55045543330894,
              32.255605909943476
            ],
            [
              36.52333659991047,
              32.250512529560126
            ],
            [
              36.495800722904626,
              32.24744104823687
            ],
            [
              36.4680555556,
              32.24641463992255
            ],
            [
              36.44031038829538,
              32.24744104823687
            ],
            [
              36.412774511289534,
              32.250512529560126
            ],
            [
              36.385655677891066,
              32.255605909943476
            ],
            [
              36.35915857748946,
              32.26268275546511
            ],
            [
              36.33348332871776,
              32.271689654910595
            ],
            [
              36.308824002674505,
              32.28255861291098
            ],
            [
              36.285367186076584,
              32.29520755093572
            ],
            [
              36.26329059408244,
              32.30954091280846
            ],
            [
              36.24276174235303,
              32.325450370697766
            ],
            [
              36.22393668770346,
              32.34281562683401
            ],
            [
              36.20695884643481,
              32.3615053055208
            ],
            [
              36.191957899120304,
              32.381377929349654
            ],
            [
              36.179048790246384,
              32.40228297289287
            ],
            [
              36.16833083067342,
              32.4240619865463
            ],
            [
              36.15988691037672,
              32.44654978262639
            ],
            [
              36.15378282835326,
              32.46957567529865
            ],
            [
              36.15006674592845,
              32.49296476543282
            ],
            [
              36.148768768968516,
              32.51653926104969
            ],
            [
              36.149900663695746,
              32.54011982365085
            ],
            [
              36.15345570991658,
              32.563526930410795
            ],
            [
              36.15940869450817,
              32.586582241968046
            ],
            [
              36.16771604697099,
              32.60910996538142
            ],
            [
              36.178316117749816,
              32.63093820172684
            ],
            [
              36.1911295988607,
              32.651900267801686
            ],
            [
              36.2060600851472,
              32.67183598148326
            ],
            [
              36.22299477323867,
              32.69059290045764
            ],
            [
              36.241805294009524,
              32.708027504297995
            ],
            [
              36.26234867305913,
              32.72400631022824
            ],
            [
              36.284468412462985,
              32.73840691335841
            ],
            [
              36.30799568580814,
              32.751118942721746
            ],
            [
              36.33275063733669,
              32.76204492507647
            ],
            [
              36.35854377490252,
              32.771101049153614
            ],
            [
              36.385177445415756,
              32.77821782383125
            ],
            [
              36.41244738052687,
              32.78334062458546
            ],
            [
              36.44014429950416,
              32.78643012350435
            ],
            [
              36.4680555556,
              32.78746259913977
            ]
          ]
        ]
      },
      "properties": {
        "site_id": 22,
        "name": "Ancient City of Bosra"
      }
    },
    {
      "type": "Feature",
      "geometry": {
        "type": "Polygon",
        "coordinates": [
          [
            [
              34.3663611111,
              31.717869467451408
            ],
            [
              34.39394706563853,
              31.716836942654197
            ],
            [
              34.421321258080475,
              31.713747293753862
            ],
            [
              34.448273594029715,
              31.70862423481856
            ],
            [
              34.47459730003491,
              31.7015070818169
            ],
            [
              34.50009054808951,
              31.692450443288752
            ],
            [
              34.524558037431454,
              31.681523791037737
            ],
            [
              34.54781252017689,
              31.668810914546704
            ],
            [
              34.56967625796095,
              31.6544092638007
            ],
            [
              34.5899823975334,
              31.638429186133152
            ],
            [
              34.60857625415305,
              31.62099306357764
            ],
            [
              34.625316492626574,
              31.602234358004747
            ],
            [
              34.640076196925655,
              31.582296572040775
            ],
            [
              34.65274382047409,
              31.5613321343989
            ],
            [
              34.66322401040336,
              31.53950121879838
            ],
            [
              34.67143830031322,
              31.51697050610121
            ],
            [
              34.67732566732492,
              31.493911899656354
            ],
            [
              34.6808429504612,
              31.47050120410941
            ],
            [
              34.68196512861383,
              31.446916778111568
            ],
            [
              34.68068545755316,
              31.42333817144674
            ],
            [
              34.67701546658058,
              31.399944757095504
            ],
            [
              34.67098481651663,
              31.37691436866922
            ],
            [
              34.662641021745046,
              31.354421953485584
            ],
            [
              34.652049039990246,
              31.332638251319317
            ],
            [
              34.639290734390514,
              31.31172850855736
            ],
            [
              34.62446421323658,
              31.2918512371191
            ],
            [
              34.60768305347762,
              31.273157027076703
            ],
            [
              34.58907541475243,
              31.255787421433045
            ],
            [
              34.56878305128726,
              31.23987386099012
            ],
            [
              34.54696022951388,
              31.22553670667518
            ],
            [
              34.523772559708206,
              31.21288434608959
            ],
            [
              34.49939575033438,
              31.202012390411042
            ],
            [
              34.47401429410531,
              31.193002967118296
            ],
            [
              34.447820095045024,
              31.185924113322695
            ],
            [
              34.4210110460631,
              31.180829273785744
            ],
            [
              34.393789566732245,
              31.17775690698168
            ],
            [
              34.3663611111,
              31.176730201830257
            ],
            [
              34.33893265546775,
              31.17775690698168
            ],
            [
              34.311711176136896,
              31.180829273785744
            ],
            [
              34.28490212715497,
              31.185924113322695
            ],
            [
              34.25870792809469,
              31.193002967118296
            ],
            [
              34.23332647186562,
              31.202012390411042
            ],
            [
              34.20894966249179,
              31.21288434608959
            ],
            [
              34.18576199268612,
              31.22553670667518
            ],
            [
              34.163939170912734,
              31.23987386099012
            ],
            [
              34.14364680744757,
              31.255787421433045
            ],
            [
              34.125039168722374,
              31.273157027076703
            ],
            [
              34.10825800896342,
              31.2918512371191
            ],
            [
              34.09343148780948,
              31.31172850855736
            ],
            [
              34.08067318220975,
              31.332638251319317
            ],
            [
              34.07008120045495,
              31.354421953485584
            ],
            [
              34.06173740568337,
              31.37691436866922
            ],
            [
              34.05570675561942,
              31.399944757095504
            ],
            [
              34.052036764646836,
              31.42333817144674
            ],
            [
              34.050757093586164,
              31.446916778111568
            ],
            [
              34.0518792717388,
              31.47050120410941
            ],
            [
              34.055396554875074,
              31.493911899656354
            ],
            [
              34.061283921886776,
              31.51697050610121
            ],
            [
              34.069498211796635,
              31.53950121879838
            ],
            [
              34.0799784017259,
              31.5613321343989
            ],
            [
              34.09264602527434,
              31.582296572040775
            ],
            [
              34.10740572957342,
              31.602234358004747
            ],
            [
              34.124145968046946,
              31.62099306357764
            ],
            [
              34.1427398246666,
              31.638429186133152
            ],
            [
              34.163045964239046,
              31.6544092638007
            ],
            [
              34.184909702023106,
              31.668810914546704
            ],
            [
              34.20816418476854,
              31.681523791037737
            ],
            [
              34.232631674110486,
              31.692450443288752
            ],
            [
              34.25812492216509,
              31.7015070818169
            ],
            [
              34.28444862817028,
              31.70862423481856
            ],
            [
              34.31140096411952,
              31.713747293753862
            ],
            [
              34.33877515656147,
              31.716836942654197
            ],
            [
              34.3663611111,
              31.717869467451408
            ]
          ]
        ]
      },
      "properties": {
        "site_id": 1749,
        "name": "Saint Hilarion Monastery/ Tell Umm Amer"
      }
    },
    {
      "type": "Feature",
      "geometry": {
        "type": "Polygon",
        "coordinates": [
          [
            [
              35.1588888889,
              31.986941367738147
            ],
            [
              35.18655505519902,
              31.98590885528636
            ],
            [
              35.21400882441547,
              31.982819244043913
            ],
            [
              35.24103947275885,
              31.977696249916658
            ],
            [
              35.267439608500055,
              31.970579191847257
            ],
            [
              35.29300680186459,
              31.96152268235568
            ],
            [
              35.317545172030876,
              31.950596198055685
            ],
            [
              35.340866917709135,
              31.93788353385435
            ],
            [
              35.362793778419785,
              31.92348214552663
            ],
            [
              35.383158414370605,
              31.90750238628877
            ],
            [
              35.401805693735206,
              31.890066643862745
            ],
            [
              35.41859387714319,
              31.87130838532043
            ],
            [
              35.4333956902894,
              31.851371117714756
            ],
            [
              35.446099276733875,
              31.830407273137943
            ],
            [
              35.45660902417975,
              31.808577027392097
            ],
            [
              35.46484625876108,
              31.786047061910093
            ],
            [
              35.470749803131255,
              31.762989278924692
            ],
            [
              35.47427639539549,
              31.739579480150006
            ],
            [
              35.47540096716401,
              31.71599601941427
            ],
            [
              35.474116780200326,
              31.692418439766136
            ],
            [
              35.47043542229111,
              31.669026105574808
            ],
            [
              35.46438666405864,
              31.645996840057343
            ],
            [
              35.456018179466774,
              31.62350557850246
            ],
            [
              35.44539513373116,
              31.60172304722145
            ],
            [
              35.43259964322894,
              31.58081447795012
            ],
            [
              35.417730112811384,
              31.560938367056178
            ],
            [
              35.40090045665405,
              31.542245288479535
            ],
            [
              35.382239209434005,
              31.524876768854195
            ],
            [
              35.36188853520454,
              31.5089642327357
            ],
            [
              35.34000314184901,
              31.49462802529112
            ],
            [
              35.31674910943836,
              31.481976519207215
            ],
            [
              35.29230264119948,
              31.471105311937034
            ],
            [
              35.26684874612468,
              31.462096518745287
            ],
            [
              35.240579862524356,
              31.45501816632733
            ],
            [
              35.21369443204702,
              31.449923691073703
            ],
            [
              35.186395433869755,
              31.44685154533209
            ],
            [
              35.1588888889,
              31.445824914286558
            ],
            [
              35.13138234393025,
              31.44685154533209
            ],
            [
              35.10408334575298,
              31.449923691073703
            ],
            [
              35.07719791527565,
              31.45501816632733
            ],
            [
              35.050929031675324,
              31.462096518745287
            ],
            [
              35.02547513660053,
              31.471105311937034
            ],
            [
              35.00102866836164,
              31.481976519207215
            ],
            [
              34.97777463595099,
              31.49462802529112
            ],
            [
              34.95588924259546,
              31.5089642327357
            ],
            [
              34.935538568366,
              31.524876768854195
            ],
            [
              34.916877321145954,
              31.542245288479535
            ],
            [
              34.90004766498862,
              31.560938367056178
            ],
            [
              34.88517813457106,
              31.58081447795012
            ],
            [
              34.87238264406884,
              31.60172304722145
            ],
            [
              34.86175959833323,
              31.62350557850246
            ],
            [
              34.85339111374137,
              31.645996840057343
            ],
            [
              34.84734235550889,
              31.669026105574808
            ],
            [
              34.84366099759968,
              31.692418439766136
            ],
            [
              34.84237681063599,
              31.71599601941427
            ],
            [
              34.84350138240451,
              31.739579480150006
            ],
            [
              34.84702797466875,
              31.762989278924692
            ],
            [
              34.852931519038926,
              31.786047061910093
            ],
            [
              34.861168753620255,
              31.808577027392097
            ],
            [
              34.87167850106613,
              31.830407273137943
            ],
            [
              34.8843820875106,
              31.851371117714756
            ],
            [
              34.899183900656816,
              31.87130838532043
            ],
            [
              34.9159720840648,
              31.890066643862745
            ],
            [
              34.9346193634294,
              31.90750238628877
            ],
            [
              34.95498399938022,
              31.92348214552663
            ],
            [
              34.97691086009087,
              31.93788353385435
            ],
            [
              35.00023260576913,
              31.950596198055685
            ],
            [
              35.02477097593541,
              31.96152268235568
            ],
            [
              35.05033816929995,
              31.970579191847257
            ],
            [
              35.076738305041154,
              31.977696249916658
            ],
            [
              35.10376895338453,
              31.982819244043913
            ],
            [
              35.13122272260098,
              31.98590885528636
            ],
            [
              35.1588888889,
              31.986941367738147
            ]
          ]
        ]
      },
      "properties": {
        "site_id": 1492,
        "name": "Palestine: Land of Olives and Vines – Cultural Landscape of Southern Jerusalem, Battir"
      }
    },
    {
      "type": "Feature",
      "geometry": {
        "type": "Polygon",
        "coordinates": [
          [
            [
              36.3097222222,
              33.78130826187238
            ],
            [
              36.33795162214441,
              33.7802758319059
            ],
            [
              36.365964166976426,
              33.7771864723776
            ],
            [
              36.393544714113766,
              33.772063911783825
            ],
            [
              36.42048153104487,
              33.76494748944352
            ],
            [
              36.446567963068674,
              33.75589184514865
            ],
            [
              36.471604056775256,
              33.74496648847711
            ],
            [
              36.49539812532952,
              33.73225525151604
            ],
            [
              36.51776824229726,
              33.71785562973769
            ],
            [
              36.538543651574265,
              33.70187801670932
            ],
            [
              36.557566081927696,
              33.68444483919263
            ],
            [
              36.57469095571736,
              33.66568959998849
            ],
            [
              36.58978848251359,
              33.64575583660232
            ],
            [
              36.602744629547516,
              33.62479600443796
            ],
            [
              36.61346196219813,
              33.602970293769346
            ],
            [
              36.621860349018675,
              33.58044539018759
            ],
            [
              36.62787752711285,
              33.5573931885735
            ],
            [
              36.631469524970846,
              33.53398947090367
            ],
            [
              36.63261094114938,
              33.510412558362646
            ],
            [
              36.63129507841471,
              33.48684194830679
            ],
            [
              36.62753393414921,
              33.463456946610904
            ],
            [
              36.621358048941254,
              33.440435305831016
            ],
            [
              36.61281621632601,
              33.41795187944008
            ],
            [
              36.60197505761594,
              33.39617730214357
            ],
            [
              36.588918466649936,
              33.37527670596472
            ],
            [
              36.57374693009878,
              33.355408481410166
            ],
            [
              36.556576729690256,
              33.336723092591306
            ],
            [
              36.53753903336331,
              33.31936195469187
            ],
            [
              36.51677888292874,
              33.3034563816417
            ],
            [
              36.49445408630891,
              33.28912661128792
            ],
            [
              36.470734022855105,
              33.2764809147507
            ],
            [
              36.445798370603995,
              33.26561479601789
            ],
            [
              36.41983576463965,
              33.256610287173686
            ],
            [
              36.39304239597984,
              33.249535343977406
            ],
            [
              36.36562056061075,
              33.24444334581012
            ],
            [
              36.3377771684572,
              33.24137270329504
            ],
            [
              36.3097222222,
              33.24034657617466
            ],
            [
              36.2816672759428,
              33.24137270329504
            ],
            [
              36.25382388378925,
              33.24444334581012
            ],
            [
              36.22640204842016,
              33.249535343977406
            ],
            [
              36.19960867976035,
              33.256610287173686
            ],
            [
              36.17364607379601,
              33.26561479601789
            ],
            [
              36.1487104215449,
              33.2764809147507
            ],
            [
              36.12499035809109,
              33.28912661128792
            ],
            [
              36.10266556147126,
              33.3034563816417
            ],
            [
              36.08190541103669,
              33.31936195469187
            ],
            [
              36.062867714709746,
              33.336723092591306
            ],
            [
              36.045697514301224,
              33.355408481410166
            ],
            [
              36.03052597775007,
              33.37527670596472
            ],
            [
              36.017469386784065,
              33.39617730214357
            ],
            [
              36.00662822807399,
              33.41795187944008
            ],
            [
              35.99808639545875,
              33.440435305831016
            ],
            [
              35.99191051025079,
              33.463456946610904
            ],
            [
              35.988149365985294,
              33.48684194830679
            ],
            [
              35.98683350325062,
              33.510412558362646
            ],
            [
              35.987974919429156,
              33.53398947090367
            ],
            [
              35.99156691728715,
              33.5573931885735
            ],
            [
              35.99758409538133,
              33.58044539018759
            ],
            [
              36.00598248220187,
              33.602970293769346
            ],
            [
              36.01669981485249,
              33.62479600443796
            ],
            [
              36.02965596188641,
              33.64575583660232
            ],
            [
              36.044753488682645,
              33.66568959998849
            ],
            [
              36.06187836247231,
              33.68444483919263
            ],
            [
              36.08090079282574,
              33.70187801670932
            ],
            [
              36.101676202102745,
              33.71785562973769
            ],
            [
              36.12404631907048,
              33.73225525151604
            ],
            [
              36.14784038762475,
              33.74496648847711
            ],
            [
              36.17287648133133,
              33.75589184514865
            ],
            [
              36.19896291335513,
              33.76494748944352
            ],
            [
              36.22589973028624,
              33.772063911783825
            ],
            [
              36.25348027742358,
              33.7771864723776
            ],
            [
              36.28149282225559,
              33.7802758319059
            ],
            [
              36.3097222222,
              33.78130826187238
            ]
          ]
        ]
      },
      "properties": {
        "site_id": 20,
        "name": "Ancient City of Damascus"
      }
    },
    {
      "type": "Feature",
      "geometry": {
        "type": "Polygon",
        "coordinates": [
          [
            [
              45.2687527778,
              15.668682151049287
            ],
            [
              45.29314112174296,
              15.667649144544702
            ],
            [
              45.31734312941654,
              15.664558017260957
            ],
            [
              45.34117390515266,
              15.65943238487513
            ],
            [
              45.36445142281149,
              15.652311403967207
            ],
            [
              45.38699793147234,
              15.643249469424427
            ],
            [
              45.408641326549315,
              15.632315794244013
            ],
            [
              45.42921647532331,
              15.619593875131356
            ],
            [
              45.44856648631412,
              15.605180848204544
            ],
            [
              45.46654391244563,
              15.589186739989659
            ],
            [
              45.483011878573556,
              15.571733619715495
            ],
            [
              45.497845124642744,
              15.55295465968475
            ],
            [
              45.51093095650775,
              15.532993111204988
            ],
            [
              45.52217009727822,
              15.512001204201134
            ],
            [
              45.53147743292772,
              15.490138979197313
            ],
            [
              45.53878264682134,
              15.467573060846275
            ],
            [
              45.54403073876245,
              15.444475382595867
            ],
            [
              45.547182425123374,
              15.421021872413318
            ],
            [
              45.54821441759657,
              15.397391109736828
            ],
            [
              45.54711957907619,
              15.373762963991641
            ],
            [
              45.54390695614207,
              15.350317225093306
            ],
            [
              45.538601688565905,
              15.3272322363662
            ],
            [
              45.53124479718156,
              15.3046835402323
            ],
            [
              45.52189285235525,
              15.28284254687506
            ],
            [
              45.51061752614916,
              15.261875235859813
            ],
            [
              45.49750503209068,
              15.241940900397946
            ],
            [
              45.482655457233975,
              15.223190943580116
            ],
            [
              45.466181991929204,
              15.205767735478675
            ],
            [
              45.44821006339261,
              15.189803539534497
            ],
            [
              45.428876379798176,
              15.175419516102753
            ],
            [
              45.408327892185135,
              15.16272481044027
            ],
            [
              45.38672068199436,
              15.151815731778733
            ],
            [
              45.364218782510314,
              15.142775029446804
            ],
            [
              45.340992942891624,
              15.135671271286297
            ],
            [
              45.31721934382309,
              15.130558328856042
            ],
            [
              45.293078274113846,
              15.12747497313865
            ],
            [
              45.2687527778,
              15.126444583663362
            ],
            [
              45.24442728148616,
              15.12747497313865
            ],
            [
              45.220286211776916,
              15.130558328856042
            ],
            [
              45.19651261270838,
              15.135671271286297
            ],
            [
              45.17328677308969,
              15.142775029446804
            ],
            [
              45.150784873605645,
              15.151815731778733
            ],
            [
              45.12917766341487,
              15.16272481044027
            ],
            [
              45.10862917580183,
              15.175419516102753
            ],
            [
              45.0892954922074,
              15.189803539534497
            ],
            [
              45.0713235636708,
              15.205767735478675
            ],
            [
              45.05485009836603,
              15.223190943580116
            ],
            [
              45.04000052350933,
              15.241940900397946
            ],
            [
              45.026888029450845,
              15.261875235859813
            ],
            [
              45.015612703244756,
              15.28284254687506
            ],
            [
              45.00626075841845,
              15.3046835402323
            ],
            [
              44.9989038670341,
              15.3272322363662
            ],
            [
              44.99359859945794,
              15.350317225093306
            ],
            [
              44.99038597652382,
              15.373762963991641
            ],
            [
              44.98929113800344,
              15.397391109736828
            ],
            [
              44.99032313047663,
              15.421021872413318
            ],
            [
              44.993474816837555,
              15.444475382595867
            ],
            [
              44.99872290877867,
              15.467573060846275
            ],
            [
              45.006028122672284,
              15.490138979197313
            ],
            [
              45.015335458321786,
              15.512001204201134
            ],
            [
              45.02657459909226,
              15.532993111204988
            ],
            [
              45.03966043095726,
              15.55295465968475
            ],
            [
              45.05449367702645,
              15.571733619715495
            ],
            [
              45.07096164315438,
              15.589186739989659
            ],
            [
              45.088939069285885,
              15.605180848204544
            ],
            [
              45.1082890802767,
              15.619593875131356
            ],
            [
              45.12886422905069,
              15.632315794244013
            ],
            [
              45.15050762412767,
              15.643249469424427
            ],
            [
              45.173054132788515,
              15.652311403967207
            ],
            [
              45.19633165044735,
              15.65943238487513
            ],
            [
              45.220162426183464,
              15.664558017260957
            ],
            [
              45.244364433857044,
              15.667649144544702
            ],
            [
              45.2687527778,
              15.668682151049287
            ]
          ]
        ]
      },
      "properties": {
        "site_id": 1700,
        "name": "Landmarks of the Ancient Kingdom of Saba, Marib"
      }
    },
    {
      "type": "Feature",
      "geometry": {
        "type": "Polygon",
        "coordinates": [
          [
            [
              35.1083333333,
              31.795005084197598
            ],
            [
              35.13594217250336,
              31.79397256293711
            ],
            [
              35.16333906844321,
              31.790882924824746
            ],
            [
              35.19031374715189,
              31.785759884454198
            ],
            [
              35.216659258778414,
              31.778642758644676
            ],
            [
              35.242173603627215,
              31.769586157074308
            ],
            [
              35.26666131544115,
              31.758659552922374
            ],
            [
              35.289934988446184,
              31.745946737222937
            ],
            [
              35.31181673531539,
              31.731545161616904
            ],
            [
              35.33213956398614,
              31.71556517512
            ],
            [
              35.35074866216272,
              31.69812916139249
            ],
            [
              35.36750257933986,
              31.679370583792245
            ],
            [
              35.3822742972735,
              31.659432946211215
            ],
            [
              35.39495218098479,
              31.63846867832854
            ],
            [
              35.405440803592626,
              31.616637954458604
            ],
            [
              35.41366163950988,
              31.59410745562601
            ],
            [
              35.41955362179188,
              31.571049084859656
            ],
            [
              35.42307356067384,
              31.54763864596581
            ],
            [
              35.424196421562854,
              31.52405449621518
            ],
            [
              35.42291546194411,
              31.500476183464176
            ],
            [
              35.41924222780996,
              31.477083078229114
            ],
            [
              35.41320641131253,
              31.45405301114707
            ],
            [
              35.404855572368646,
              31.431560926093788
            ],
            [
              35.39425472790459,
              31.409777558991696
            ],
            [
              35.381485813311805,
              31.38886815203564
            ],
            [
              35.36664702149324,
              31.368991212695274
            ],
            [
              35.349852025611526,
              31.350297326427008
            ],
            [
              35.33122909230589,
              31.332928031550228
            ],
            [
              35.31092009272735,
              31.31701476421851
            ],
            [
              35.289079419253994,
              31.302677880849835
            ],
            [
              35.265872816193614,
              31.290025764778218
            ],
            [
              35.241476133164596,
              31.279154023254467
            ],
            [
              35.21607401017201,
              31.27014478026271
            ],
            [
              35.18985850366868,
              31.26306606993408
            ],
            [
              35.16302766311572,
              31.25797133463502
            ],
            [
              35.13578406773677,
              31.254899031086815
            ],
            [
              35.1083333333,
              31.253872347140383
            ],
            [
              35.080882598863234,
              31.254899031086815
            ],
            [
              35.053639003484285,
              31.25797133463502
            ],
            [
              35.026808162931324,
              31.26306606993408
            ],
            [
              35.000592656428,
              31.27014478026271
            ],
            [
              34.97519053343541,
              31.279154023254467
            ],
            [
              34.95079385040639,
              31.290025764778218
            ],
            [
              34.92758724734601,
              31.302677880849835
            ],
            [
              34.905746573872655,
              31.31701476421851
            ],
            [
              34.885437574294116,
              31.332928031550228
            ],
            [
              34.86681464098848,
              31.350297326427008
            ],
            [
              34.85001964510676,
              31.368991212695274
            ],
            [
              34.8351808532882,
              31.38886815203564
            ],
            [
              34.82241193869542,
              31.409777558991696
            ],
            [
              34.81181109423136,
              31.431560926093788
            ],
            [
              34.803460255287476,
              31.45405301114707
            ],
            [
              34.797424438790046,
              31.477083078229114
            ],
            [
              34.7937512046559,
              31.500476183464176
            ],
            [
              34.79247024503715,
              31.52405449621518
            ],
            [
              34.79359310592616,
              31.54763864596581
            ],
            [
              34.79711304480813,
              31.571049084859656
            ],
            [
              34.80300502709012,
              31.59410745562601
            ],
            [
              34.81122586300738,
              31.616637954458604
            ],
            [
              34.82171448561522,
              31.63846867832854
            ],
            [
              34.83439236932651,
              31.659432946211215
            ],
            [
              34.84916408726014,
              31.679370583792245
            ],
            [
              34.86591800443728,
              31.69812916139249
            ],
            [
              34.884527102613866,
              31.71556517512
            ],
            [
              34.904849931284616,
              31.731545161616904
            ],
            [
              34.92673167815382,
              31.745946737222937
            ],
            [
              34.95000535115886,
              31.758659552922374
            ],
            [
              34.97449306297279,
              31.769586157074308
            ],
            [
              35.00000740782159,
              31.778642758644676
            ],
            [
              35.026352919448115,
              31.785759884454198
            ],
            [
              35.0533275981568,
              31.790882924824746
            ],
            [
              35.08072449409664,
              31.79397256293711
            ],
            [
              35.1083333333,
              31.795005084197598
            ]
          ]
        ]
      },
      "properties": {
        "site_id": 1565,
        "name": "Hebron/Al-Khalil Old Town"
      }
    },
    {
      "type": "Feature",
      "geometry": {
        "type": "Polygon",
        "coordinates": [
          [
            [
              37.1627777778,
              36.46952166976931
            ],
            [
              37.19195036431947,
              36.46848936033885
            ],
            [
              37.22089863147119,
              36.46540036923163
            ],
            [
              37.24940003809366,
              36.460278445090445
            ],
            [
              37.277235583666666,
              36.45316295984657
            ],
            [
              37.30419153939755,
              36.44410859695692
            ],
            [
              37.33006113276452,
              36.433184918806205
            ],
            [
              37.354646170887335,
              36.42047581708681
            ],
            [
              37.377758588830176,
              36.40607885097828
            ],
            [
              37.39922190983066,
              36.390104478899666
            ],
            [
              37.41887260547418,
              36.372675190490504
            ],
            [
              37.43656134497596,
              36.35392454628303
            ],
            [
              37.45215412396922,
              36.33399613324878
            ],
            [
              37.465533264508494,
              36.3130424450346
            ],
            [
              37.47659827935548,
              36.2912236962393
            ],
            [
              37.48526659500061,
              36.26870658052245
            ],
            [
              37.49147412926528,
              36.24566298267783
            ],
            [
              37.49517572070558,
              36.22226865504913
            ],
            [
              37.4963454083823,
              36.198701868813146
            ],
            [
              37.49497656185658,
              36.175142050712495
            ],
            [
              37.49108186250303,
              36.15176841578616
            ],
            [
              37.484693138390874,
              36.12875860653029
            ],
            [
              37.475861056061454,
              36.1062873487262
            ],
            [
              37.46465467352048,
              36.08452513390465
            ],
            [
              37.45116085966334,
              36.06363693808229
            ],
            [
              37.4354835861598,
              36.04378098601123
            ],
            [
              37.41774309854261,
              36.02510756973537
            ],
            [
              37.39807497387508,
              36.00775792975129
            ],
            [
              37.37662907291921,
              35.9918632065338
            ],
            [
              37.353568395195396,
              35.97754346961248
            ],
            [
              37.32906784572198,
              35.96490683077988
            ],
            [
              37.30331292255433,
              35.95404864738068
            ],
            [
              37.276498334517434,
              35.94505082097589
            ],
            [
              37.248826558747254,
              35.93798119600445
            ],
            [
              37.22050634783316,
              35.93289306237566
            ],
            [
              37.19175119649105,
              35.92982476522635
            ],
            [
              37.1627777778,
              35.92879942436728
            ],
            [
              37.13380435910896,
              35.92982476522635
            ],
            [
              37.10504920776685,
              35.93289306237566
            ],
            [
              37.07672899685275,
              35.93798119600445
            ],
            [
              37.04905722108257,
              35.94505082097589
            ],
            [
              37.02224263304567,
              35.95404864738068
            ],
            [
              36.996487709878025,
              35.96490683077988
            ],
            [
              36.97198716040461,
              35.97754346961248
            ],
            [
              36.9489264826808,
              35.9918632065338
            ],
            [
              36.92748058172492,
              36.00775792975129
            ],
            [
              36.907812457057396,
              36.02510756973537
            ],
            [
              36.89007196944021,
              36.04378098601123
            ],
            [
              36.874394695936665,
              36.06363693808229
            ],
            [
              36.86090088207953,
              36.08452513390465
            ],
            [
              36.84969449953855,
              36.1062873487262
            ],
            [
              36.84086241720913,
              36.12875860653029
            ],
            [
              36.834473693096975,
              36.15176841578616
            ],
            [
              36.83057899374342,
              36.175142050712495
            ],
            [
              36.82921014721771,
              36.198701868813146
            ],
            [
              36.83037983489442,
              36.22226865504913
            ],
            [
              36.83408142633473,
              36.24566298267783
            ],
            [
              36.840288960599395,
              36.26870658052245
            ],
            [
              36.848957276244526,
              36.2912236962393
            ],
            [
              36.86002229109151,
              36.3130424450346
            ],
            [
              36.87340143163078,
              36.33399613324878
            ],
            [
              36.88899421062404,
              36.35392454628303
            ],
            [
              36.90668295012583,
              36.372675190490504
            ],
            [
              36.92633364576935,
              36.390104478899666
            ],
            [
              36.94779696676983,
              36.40607885097828
            ],
            [
              36.97090938471267,
              36.42047581708681
            ],
            [
              36.995494422835485,
              36.433184918806205
            ],
            [
              37.021364016202455,
              36.44410859695692
            ],
            [
              37.04831997193334,
              36.45316295984657
            ],
            [
              37.07615551750634,
              36.460278445090445
            ],
            [
              37.10465692412882,
              36.46540036923163
            ],
            [
              37.13360519128054,
              36.46848936033885
            ],
            [
              37.1627777778,
              36.46952166976931
            ]
          ]
        ]
      },
      "properties": {
        "site_id": 21,
        "name": "Ancient City of Aleppo"
      }
    },
    {
      "type": "Feature",
      "geometry": {
        "type": "Polygon",
        "coordinates": [
          [
            [
              36.5686111111,
              35.94010115800239
            ],
            [
              36.597587903172766,
              35.9390688254133
            ],
            [
              36.62634192537627,
              35.93597976344182
            ],
            [
              36.654652172412504,
              35.930857716625106
            ],
            [
              36.68230115251707,
              35.92374205024728
            ],
            [
              36.70907660539454,
              35.914687438863375
            ],
            [
              36.73477317408514,
              35.90376343408885
            ],
            [
              36.759194016277014,
              35.89105391545474
            ],
            [
              36.78215234130062,
              35.876656429133845
            ],
            [
              36.80347285991679,
              35.860681420292785
            ],
            [
              36.82299313501937,
              35.84325136570533
            ],
            [
              36.840564822498806,
              35.82449981406777
            ],
            [
              36.856054792731236,
              35.80457034217792
            ],
            [
              36.86934612444871,
              35.78361543577075
            ],
            [
              36.880338964086725,
              35.76179530434164
            ],
            [
              36.888951245071844,
              35.73927663972922
            ],
            [
              36.895119262887434,
              35.71623132857419
            ],
            [
              36.898798103114956,
              35.692835129017226
            ],
            [
              36.89996192097822,
              35.66926632215083
            ],
            [
              36.89860407219991,
              35.64570434879969
            ],
            [
              36.89473709620161,
              35.62232844217452
            ],
            [
              36.88839255382944,
              35.59931626683195
            ],
            [
              36.879620722858725,
              35.57684257418133
            ],
            [
              36.8684901555173,
              35.55507788451557
            ],
            [
              36.85508710316513,
              35.53418720521252
            ],
            [
              36.8395148140761,
              35.514328794362015
            ],
            [
              36.8218927109874,
              35.495652978628925
            ],
            [
              36.802355455715976,
              35.47830103366846
            ],
            [
              36.78105190869213,
              35.46240413487441
            ],
            [
              36.7581439917357,
              35.44808238566731
            ],
            [
              36.733805462802536,
              35.43544392992536
            ],
            [
              36.70822061176801,
              35.424584154527786
            ],
            [
              36.68158288659396,
              35.4155849873259
            ],
            [
              36.65409345945357,
              35.4085142951827
            ],
            [
              36.62595974257185,
              35.403425386031245
            ],
            [
              36.5973938636812,
              35.40035661820092
            ],
            [
              36.5686111111,
              35.399331119547085
            ],
            [
              36.5398283585188,
              35.40035661820092
            ],
            [
              36.511262479628144,
              35.403425386031245
            ],
            [
              36.483128762746425,
              35.4085142951827
            ],
            [
              36.45563933560604,
              35.4155849873259
            ],
            [
              36.42900161043198,
              35.424584154527786
            ],
            [
              36.40341675939746,
              35.43544392992536
            ],
            [
              36.379078230464295,
              35.44808238566731
            ],
            [
              36.35617031350787,
              35.46240413487441
            ],
            [
              36.33486676648402,
              35.47830103366846
            ],
            [
              36.315329511212596,
              35.495652978628925
            ],
            [
              36.2977074081239,
              35.514328794362015
            ],
            [
              36.28213511903486,
              35.53418720521252
            ],
            [
              36.268732066682695,
              35.55507788451557
            ],
            [
              36.25760149934127,
              35.57684257418133
            ],
            [
              36.248829668370554,
              35.59931626683195
            ],
            [
              36.242485125998385,
              35.62232844217452
            ],
            [
              36.238618150000086,
              35.64570434879969
            ],
            [
              36.237260301221774,
              35.66926632215083
            ],
            [
              36.23842411908504,
              35.692835129017226
            ],
            [
              36.24210295931256,
              35.71623132857419
            ],
            [
              36.24827097712815,
              35.73927663972922
            ],
            [
              36.25688325811327,
              35.76179530434164
            ],
            [
              36.267876097751284,
              35.78361543577075
            ],
            [
              36.28116742946876,
              35.80457034217792
            ],
            [
              36.29665739970119,
              35.82449981406777
            ],
            [
              36.31422908718063,
              35.84325136570533
            ],
            [
              36.33374936228321,
              35.860681420292785
            ],
            [
              36.35506988089937,
              35.876656429133845
            ],
            [
              36.37802820592298,
              35.89105391545474
            ],
            [
              36.40244904811485,
              35.90376343408885
            ],
            [
              36.42814561680545,
              35.914687438863375
            ],
            [
              36.454921069682925,
              35.92374205024728
            ],
            [
              36.48257004978749,
              35.930857716625106
            ],
            [
              36.51088029682372,
              35.93597976344182
            ],
            [
              36.53963431902723,
              35.9390688254133
            ],
            [
              36.5686111111,
              35.94010115800239
            ]
          ]
        ]
      },
      "properties": {
        "site_id": 1348,
        "name": "Ancient Villages of Northern Syria"
      }
    },
    {
      "type": "Feature",
      "geometry": {
        "type": "Polygon",
        "coordinates": [
          [
            [
              36.2944444444,
              35.02708652841381
            ],
            [
              36.323095386229454,
              35.026054155109094
            ],
            [
              36.35152613688951,
              35.02296496865221
            ],
            [
              36.37951824709315,
              35.01784270666499
            ],
            [
              36.406856735979375,
              35.010726723236914
            ],
            [
              36.4333317871645,
              35.00167167793338
            ],
            [
              36.458740399514035,
              34.99074710424037
            ],
            [
              36.482887978388,
              34.978036861222726
            ],
            [
              36.50558985381584,
              34.963638473174754
            ],
            [
              36.52667271290786,
              34.947662362985994
            ],
            [
              36.5459759347936,
              34.93023098582343
            ],
            [
              36.56335281747339,
              34.91147787053434
            ],
            [
              36.57867168715754,
              34.891546576894314
            ],
            [
              36.59181688192718,
              34.87058957745669
            ],
            [
              36.60268960285988,
              34.848767073299506
            ],
            [
              36.611208627100396,
              34.826245753409935
            ],
            [
              36.61731087870194,
              34.80319750779403
            ],
            [
              36.62095185439777,
              34.77979810465134
            ],
            [
              36.62210590276751,
              34.75622584211113
            ],
            [
              36.620766356524925,
              34.73266018509228
            ],
            [
              36.616945518857584,
              34.709280397825985
            ],
            [
              36.61067450588627,
              34.686264182474225
            ],
            [
              36.602002948373126,
              34.66378633409153
            ],
            [
              36.59099855678697,
              34.642017421920364
            ],
            [
              36.57774655472926,
              34.62112250668485
            ],
            [
              36.562348986531994,
              34.60125990316209
            ],
            [
              36.544923905561994,
              34.58257999686938
            ],
            [
              36.525604450404174,
              34.56522412321512
            ],
            [
              36.50453781665565,
              34.54932351692848
            ],
            [
              36.481884132545716,
              34.53499833901084
            ],
            [
              36.45781524700983,
              34.52235678784782
            ],
            [
              36.43251343919483,
              34.51149430048808
            ],
            [
              36.406170058663136,
              34.502492849438525
            ],
            [
              36.37898410580312,
              34.4954203396485
            ],
            [
              36.351160762144254,
              34.490330109662764
            ],
            [
              36.322909880428014,
              34.48726054021627
            ],
            [
              36.2944444444,
              34.486234772826734
            ],
            [
              36.265979008371986,
              34.48726054021627
            ],
            [
              36.237728126655746,
              34.490330109662764
            ],
            [
              36.20990478299688,
              34.4954203396485
            ],
            [
              36.182718830136864,
              34.502492849438525
            ],
            [
              36.15637544960517,
              34.51149430048808
            ],
            [
              36.13107364179017,
              34.52235678784782
            ],
            [
              36.107004756254284,
              34.53499833901084
            ],
            [
              36.08435107214435,
              34.54932351692848
            ],
            [
              36.063284438395826,
              34.56522412321512
            ],
            [
              36.043964983238006,
              34.58257999686938
            ],
            [
              36.026539902268006,
              34.60125990316209
            ],
            [
              36.01114233407074,
              34.62112250668485
            ],
            [
              35.99789033201303,
              34.642017421920364
            ],
            [
              35.98688594042687,
              34.66378633409153
            ],
            [
              35.97821438291373,
              34.686264182474225
            ],
            [
              35.971943369942416,
              34.709280397825985
            ],
            [
              35.968122532275075,
              34.73266018509228
            ],
            [
              35.96678298603249,
              34.75622584211113
            ],
            [
              35.96793703440223,
              34.77979810465134
            ],
            [
              35.97157801009806,
              34.80319750779403
            ],
            [
              35.977680261699604,
              34.826245753409935
            ],
            [
              35.98619928594012,
              34.848767073299506
            ],
            [
              35.99707200687282,
              34.87058957745669
            ],
            [
              36.01021720164246,
              34.891546576894314
            ],
            [
              36.02553607132661,
              34.91147787053434
            ],
            [
              36.0429129540064,
              34.93023098582343
            ],
            [
              36.06221617589214,
              34.947662362985994
            ],
            [
              36.08329903498416,
              34.963638473174754
            ],
            [
              36.106000910412,
              34.978036861222726
            ],
            [
              36.130148489285965,
              34.99074710424037
            ],
            [
              36.1555571016355,
              35.00167167793338
            ],
            [
              36.182032152820625,
              35.010726723236914
            ],
            [
              36.20937064170685,
              35.01784270666499
            ],
            [
              36.23736275191049,
              35.02296496865221
            ],
            [
              36.265793502570546,
              35.026054155109094
            ],
            [
              36.2944444444,
              35.02708652841381
            ]
          ]
        ]
      },
      "properties": {
        "site_id": 1229,
        "name": "Crac des Chevaliers and Qal’at Salah El-Din"
      }
    },
    {
      "type": "Feature",
      "geometry": {
        "type": "Polygon",
        "coordinates": [
          [
            [
              44.20805556,
              15.626672073754671
            ],
            [
              44.23243892714794,
              15.625639067124652
            ],
            [
              44.25663599811067,
              15.622547939379475
            ],
            [
              44.28046191693146,
              15.617422305944096
            ],
            [
              44.30373469644129,
              15.61030132298917
            ],
            [
              44.3262766235916,
              15.60123938485128
            ],
            [
              44.347915630226304,
              15.590305703857267
            ],
            [
              44.36848661828882,
              15.577583775948849
            ],
            [
              44.387832728891986,
              15.563170736417748
            ],
            [
              44.405806545206964,
              15.547176610934569
            ],
            [
              44.42227121974407,
              15.529723467879156
            ],
            [
              44.43710151729438,
              15.51094447874816
            ],
            [
              44.450184765567975,
              15.490982894122029
            ],
            [
              44.46142170639131,
              15.469990943311926
            ],
            [
              44.47072724120295,
              15.448128666373238
            ],
            [
              44.478031065502904,
              15.425562687662945
            ],
            [
              44.483278187855426,
              15.402464940529264
            ],
            [
              44.486429330008406,
              15.379011353053533
            ],
            [
              44.48746120566515,
              15.355380505013246
            ],
            [
              44.48636667641538,
              15.331752266402933
            ],
            [
              44.483154784296,
              15.308306427935333
            ],
            [
              44.47785066139818,
              15.285221333950929
            ],
            [
              44.47049531786031,
              15.262672528090947
            ],
            [
              44.461145310479466,
              15.240831421939095
            ],
            [
              44.449872295032144,
              15.219863996614043
            ],
            [
              44.43676246621363,
              15.199929547000602
            ],
            [
              44.4219158898803,
              15.18117947794572
            ],
            [
              44.40544573300718,
              15.163756161320649
            ],
            [
              44.3874773974523,
              15.147791862365464
            ],
            [
              44.36814756424632,
              15.133407743191627
            ],
            [
              44.347603155700114,
              15.120712950726654
            ],
            [
              44.326000223142096,
              15.109803795746117
            ],
            [
              44.303502768560996,
              15.100763028957374
            ],
            [
              44.28028150883637,
              15.093659219381168
            ],
            [
              44.25651259158949,
              15.08854623952582
            ],
            [
              44.232376271979,
              15.08546286106994
            ],
            [
              44.20805556,
              15.084432463967538
            ],
            [
              44.183734848021,
              15.08546286106994
            ],
            [
              44.159598528410505,
              15.08854623952582
            ],
            [
              44.13582961116363,
              15.093659219381168
            ],
            [
              44.112608351439,
              15.100763028957374
            ],
            [
              44.0901108968579,
              15.109803795746117
            ],
            [
              44.06850796429988,
              15.120712950726654
            ],
            [
              44.047963555753675,
              15.133407743191627
            ],
            [
              44.028633722547696,
              15.147791862365464
            ],
            [
              44.01066538699282,
              15.163756161320649
            ],
            [
              43.99419523011969,
              15.18117947794572
            ],
            [
              43.97934865378637,
              15.199929547000602
            ],
            [
              43.96623882496785,
              15.219863996614043
            ],
            [
              43.95496580952053,
              15.240831421939095
            ],
            [
              43.945615802139685,
              15.262672528090947
            ],
            [
              43.93826045860182,
              15.285221333950929
            ],
            [
              43.932956335704,
              15.308306427935333
            ],
            [
              43.92974444358462,
              15.331752266402933
            ],
            [
              43.92864991433485,
              15.355380505013246
            ],
            [
              43.92968178999159,
              15.379011353053533
            ],
            [
              43.93283293214457,
              15.402464940529264
            ],
            [
              43.93808005449709,
              15.425562687662945
            ],
            [
              43.945383878797045,
              15.448128666373238
            ],
            [
              43.95468941360868,
              15.469990943311926
            ],
            [
              43.96592635443202,
              15.490982894122029
            ],
            [
              43.97900960270562,
              15.51094447874816
            ],
            [
              43.99383990025593,
              15.529723467879156
            ],
            [
              44.01030457479303,
              15.547176610934569
            ],
            [
              44.02827839110801,
              15.563170736417748
            ],
            [
              44.04762450171118,
              15.577583775948849
            ],
            [
              44.06819548977369,
              15.590305703857267
            ],
            [
              44.08983449640839,
              15.60123938485128
            ],
            [
              44.11237642355871,
              15.61030132298917
            ],
            [
              44.13564920306854,
              15.617422305944096
            ],
            [
              44.15947512188933,
              15.622547939379475
            ],
            [
              44.18367219285206,
              15.625639067124652
            ],
            [
              44.20805556,
              15.626672073754671
            ]
          ]
        ]
      },
      "properties": {
        "site_id": 385,
        "name": "Old City of Sana'a"
      }
    },
    {
      "type": "Feature",
      "geometry": {
        "type": "Polygon",
        "coordinates": [
          [
            [
              48.62667,
              16.19804230027958
            ],
            [
              48.651122353168894,
              16.197009296036033
            ],
            [
              48.675387854914284,
              16.193918176606246
            ],
            [
              48.69928109919351,
              16.188792560838255
            ],
            [
              48.722619558988384,
              16.181671610459887
            ],
            [
              48.745224996587794,
              16.172609727282083
            ],
            [
              48.766924839111425,
              16.1616761327295
            ],
            [
              48.78755350821064,
              16.14895433310427
            ],
            [
              48.80695369332022,
              16.134541474904744
            ],
            [
              48.82497755836916,
              16.118547595396276
            ],
            [
              48.84148787248279,
              16.10109477445658
            ],
            [
              48.856359055912186,
              16.08231619448742
            ],
            [
              48.869478133202485,
              16.062355115891208
            ],
            [
              48.88074558644626,
              16.0413637762491
            ],
            [
              48.89007610235407,
              16.019502221903018
            ],
            [
              48.89739920779812,
              15.996937081133186
            ],
            [
              48.90265978943732,
              15.973840288532767
            ],
            [
              48.905818494003434,
              15.950387770510291
            ],
            [
              48.90685200680535,
              15.926758102097741
            ],
            [
              48.90575320698735,
              15.903131145406888
            ],
            [
              48.902531199043274,
              15.879686680159844
            ],
            [
              48.89721122103944,
              15.856603036722365
            ],
            [
              48.88983443092381,
              15.834055741992714
            ],
            [
              48.88045757319298,
              15.812216188346131
            ],
            [
              48.86915252904762,
              15.791250335609318
            ],
            [
              48.85600575398368,
              15.771317455742471
            ],
            [
              48.84111760754026,
              15.752568929542994
            ],
            [
              48.82460158065068,
              15.735147104258003
            ],
            [
              48.806583426718504,
              15.719184220506623
            ],
            [
              48.78720020316388,
              15.704801416371529
            ],
            [
              48.76659923075535,
              15.692107815927239
            ],
            [
              48.74493697855708,
              15.681199708833917
            ],
            [
              48.722377882780684,
              15.672159826945112
            ],
            [
              48.69909310823364,
              15.66505672316089
            ],
            [
              48.675259261401976,
              15.659944257007432
            ],
            [
              48.651057064493635,
              15.656861190647827
            ],
            [
              48.62667,
              15.655830898228347
            ],
            [
              48.60228293550636,
              15.656861190647827
            ],
            [
              48.57808073859802,
              15.659944257007432
            ],
            [
              48.554246891766354,
              15.66505672316089
            ],
            [
              48.53096211721931,
              15.672159826945112
            ],
            [
              48.508403021442916,
              15.681199708833917
            ],
            [
              48.48674076924465,
              15.692107815927239
            ],
            [
              48.46613979683612,
              15.704801416371529
            ],
            [
              48.44675657328149,
              15.719184220506623
            ],
            [
              48.428738419349315,
              15.735147104258003
            ],
            [
              48.41222239245973,
              15.752568929542994
            ],
            [
              48.397334246016314,
              15.771317455742471
            ],
            [
              48.38418747095238,
              15.791250335609318
            ],
            [
              48.37288242680702,
              15.812216188346131
            ],
            [
              48.36350556907618,
              15.834055741992714
            ],
            [
              48.35612877896055,
              15.856603036722365
            ],
            [
              48.35080880095672,
              15.879686680159844
            ],
            [
              48.347586793012646,
              15.903131145406888
            ],
            [
              48.34648799319464,
              15.926758102097741
            ],
            [
              48.34752150599656,
              15.950387770510291
            ],
            [
              48.35068021056267,
              15.973840288532767
            ],
            [
              48.35594079220188,
              15.996937081133186
            ],
            [
              48.36326389764592,
              16.019502221903018
            ],
            [
              48.372594413553735,
              16.0413637762491
            ],
            [
              48.38386186679751,
              16.062355115891208
            ],
            [
              48.39698094408781,
              16.08231619448742
            ],
            [
              48.41185212751721,
              16.10109477445658
            ],
            [
              48.42836244163083,
              16.118547595396276
            ],
            [
              48.44638630667978,
              16.134541474904744
            ],
            [
              48.46578649178935,
              16.14895433310427
            ],
            [
              48.48641516088857,
              16.1616761327295
            ],
            [
              48.5081150034122,
              16.172609727282083
            ],
            [
              48.53072044101161,
              16.181671610459887
            ],
            [
              48.55405890080648,
              16.188792560838255
            ],
            [
              48.57795214508571,
              16.193918176606246
            ],
            [
              48.6022176468311,
              16.197009296036033
            ],
            [
              48.62667,
              16.19804230027958
            ]
          ]
        ]
      },
      "properties": {
        "site_id": 192,
        "name": "Old Walled City of Shibam"
      }
    },
    {
      "type": "Feature",
      "geometry": {
        "type": "Polygon",
        "coordinates": [
          [
            [
              43.3155277778,
              14.46647727412511
            ],
            [
              43.339779606001656,
              14.465444267241642
            ],
            [
              43.36384619926271,
              14.46235313637477
            ],
            [
              43.38754375295029,
              14.457227489955867
            ],
            [
              43.41069131151032,
              14.450106472798236
            ],
            [
              43.433112164274675,
              14.441044463955
            ],
            [
              43.45463520709439,
              14.430110657136185
            ],
            [
              43.475096258910796,
              14.417388527061856
            ],
            [
              43.494339322797956,
              14.402975186037713
            ],
            [
              43.51221778152588,
              14.386980635909293
            ],
            [
              43.52859551829587,
              14.369526921371879
            ],
            [
              43.54334795398067,
              14.350747191380288
            ],
            [
              43.55636299295171,
              14.330784676107493
            ],
            [
              43.56754187038656,
              14.309791587540081
            ],
            [
              43.576799894808936,
              14.287927952365838
            ],
            [
              43.58406708051362,
              14.265360386301266
            ],
            [
              43.58928866545796,
              14.242260819421599
            ],
            [
              43.592425511150644,
              14.218805182390863
            ],
            [
              43.593454382027915,
              14.195172063743536
            ],
            [
              43.592368102768916,
              14.171541348541888
            ],
            [
              43.58917559295528,
              14.148092848824703
            ],
            [
              43.58390177942072,
              14.125004936274276
            ],
            [
              43.5765873875542,
              14.102453187461348
            ],
            [
              43.567288613711504,
              14.080609051883547
            ],
            [
              43.55607668174835,
              14.059638552794986
            ],
            [
              43.54303728750834,
              14.03970103053515
            ],
            [
              43.5282699358781,
              14.02094793770819
            ],
            [
              43.5118871757558,
              14.003521695141794
            ],
            [
              43.49401373896462,
              13.987554617072806
            ],
            [
              43.47478558977807,
              13.973167913467929
            ],
            [
              43.454348892306704,
              13.960470776796686
            ],
            [
              43.43285890352366,
              13.949559559935288
            ],
            [
              43.41047880017964,
              13.94051705119777
            ],
            [
              43.387378448273076,
              13.933411851770344
            ],
            [
              43.36373312409964,
              13.92829786007082
            ],
            [
              43.33972219620436,
              13.925213866772129
            ],
            [
              43.3155277778,
              13.924183263422774
            ],
            [
              43.29133335939564,
              13.925213866772129
            ],
            [
              43.26732243150036,
              13.92829786007082
            ],
            [
              43.243677107326924,
              13.933411851770344
            ],
            [
              43.22057675542036,
              13.94051705119777
            ],
            [
              43.19819665207634,
              13.949559559935288
            ],
            [
              43.176706663293295,
              13.960470776796686
            ],
            [
              43.15626996582193,
              13.973167913467929
            ],
            [
              43.13704181663538,
              13.987554617072806
            ],
            [
              43.1191683798442,
              14.003521695141794
            ],
            [
              43.1027856197219,
              14.02094793770819
            ],
            [
              43.08801826809166,
              14.03970103053515
            ],
            [
              43.07497887385165,
              14.059638552794986
            ],
            [
              43.063766941888495,
              14.080609051883547
            ],
            [
              43.0544681680458,
              14.102453187461348
            ],
            [
              43.04715377617928,
              14.125004936274276
            ],
            [
              43.04187996264472,
              14.148092848824703
            ],
            [
              43.038687452831084,
              14.171541348541888
            ],
            [
              43.037601173572085,
              14.195172063743536
            ],
            [
              43.038630044449356,
              14.218805182390863
            ],
            [
              43.04176689014204,
              14.242260819421599
            ],
            [
              43.04698847508638,
              14.265360386301266
            ],
            [
              43.054255660791064,
              14.287927952365838
            ],
            [
              43.06351368521344,
              14.309791587540081
            ],
            [
              43.07469256264829,
              14.330784676107493
            ],
            [
              43.08770760161933,
              14.350747191380288
            ],
            [
              43.10246003730413,
              14.369526921371879
            ],
            [
              43.11883777407412,
              14.386980635909293
            ],
            [
              43.136716232802044,
              14.402975186037713
            ],
            [
              43.155959296689204,
              14.417388527061856
            ],
            [
              43.17642034850561,
              14.430110657136185
            ],
            [
              43.197943391325325,
              14.441044463955
            ],
            [
              43.22036424408968,
              14.450106472798236
            ],
            [
              43.24351180264971,
              14.457227489955867
            ],
            [
              43.26720935633729,
              14.46235313637477
            ],
            [
              43.291275949598344,
              14.465444267241642
            ],
            [
              43.3155277778,
              14.46647727412511
            ]
          ]
        ]
      },
      "properties": {
        "site_id": 611,
        "name": "Historic Town of Zabid"
      }
    },
    {
      "type": "Feature",
      "geometry": {
        "type": "Polygon",
        "coordinates": [
          [
            [
              38.2666666667,
              34.82459554210393
            ],
            [
              38.29524731110717,
              34.82356315966082
            ],
            [
              38.323608320662615,
              34.82047394527921
            ],
            [
              38.35153179750239,
              34.815351635074165
            ],
            [
              38.378803302457605,
              34.80823558069609
            ],
            [
              38.405213546384715,
              34.799180438444985
            ],
            [
              38.430560036386474,
              34.788255737857995
            ],
            [
              38.45464866272821,
              34.775545333543306
            ],
            [
              38.47729521295252,
              34.7611467450326
            ],
            [
              38.4983268005418,
              34.74517039036827
            ],
            [
              38.517583196455526,
              34.72773872001925
            ],
            [
              38.534918052958595,
              34.7089852585213
            ],
            [
              38.550200010338976,
              34.689053561958644
            ],
            [
              38.56331367836576,
              34.66809610003485
            ],
            [
              38.574160485640725,
              34.64627307202166
            ],
            [
              38.58265939132744,
              34.623751166318414
            ],
            [
              38.58874745508124,
              34.600702273704044
            ],
            [
              38.59238026233074,
              34.577302164615716
            ],
            [
              38.59353220336289,
              34.5537291409471
            ],
            [
              38.59219660591943,
              34.530162672925535
            ],
            [
              38.588385722214205,
              34.50678203160574
            ],
            [
              38.58213057241412,
              34.483764927413596
            ],
            [
              38.57348064768605,
              34.46128616498841
            ],
            [
              38.56250347688976,
              34.4395163243172
            ],
            [
              38.549284061891235,
              34.41862047782973
            ],
            [
              38.533924187279055,
              34.39875695273866
            ],
            [
              38.5165416109892,
              34.38007614746918
            ],
            [
              38.49726914298442,
              34.3627194105332
            ],
            [
              38.47625361969373,
              34.3468179896702
            ],
            [
              38.453654782403646,
              34.33249205850591
            ],
            [
              38.429644068207544,
              34.319849827375634
            ],
            [
              38.404403322471225,
              34.308986744326056
            ],
            [
              38.378123442065466,
              34.299984791652854
            ],
            [
              38.351002958857876,
              34.29291188265394
            ],
            [
              38.323246573150556,
              34.28782136258393
            ],
            [
              38.2950636469034,
              34.28475161708883
            ],
            [
              38.2666666667,
              34.283725790681025
            ],
            [
              38.238269686496594,
              34.28475161708883
            ],
            [
              38.21008676024944,
              34.28782136258393
            ],
            [
              38.18233037454212,
              34.29291188265394
            ],
            [
              38.15520989133453,
              34.299984791652854
            ],
            [
              38.12893001092877,
              34.308986744326056
            ],
            [
              38.10368926519245,
              34.319849827375634
            ],
            [
              38.07967855099635,
              34.33249205850591
            ],
            [
              38.057079713706266,
              34.3468179896702
            ],
            [
              38.03606419041557,
              34.3627194105332
            ],
            [
              38.016791722410794,
              34.38007614746918
            ],
            [
              37.99940914612094,
              34.39875695273866
            ],
            [
              37.98404927150876,
              34.41862047782973
            ],
            [
              37.970829856510235,
              34.4395163243172
            ],
            [
              37.95985268571395,
              34.46128616498841
            ],
            [
              37.95120276098587,
              34.483764927413596
            ],
            [
              37.94494761118579,
              34.50678203160574
            ],
            [
              37.94113672748056,
              34.530162672925535
            ],
            [
              37.939801130037104,
              34.5537291409471
            ],
            [
              37.94095307106925,
              34.577302164615716
            ],
            [
              37.944585878318755,
              34.600702273704044
            ],
            [
              37.950673942072555,
              34.623751166318414
            ],
            [
              37.95917284775927,
              34.64627307202166
            ],
            [
              37.970019655034235,
              34.66809610003485
            ],
            [
              37.98313332306102,
              34.689053561958644
            ],
            [
              37.9984152804414,
              34.7089852585213
            ],
            [
              38.01575013694447,
              34.72773872001925
            ],
            [
              38.0350065328582,
              34.74517039036827
            ],
            [
              38.056038120447475,
              34.7611467450326
            ],
            [
              38.078684670671784,
              34.775545333543306
            ],
            [
              38.10277329701352,
              34.788255737857995
            ],
            [
              38.12811978701528,
              34.799180438444985
            ],
            [
              38.15453003094239,
              34.80823558069609
            ],
            [
              38.181801535897606,
              34.815351635074165
            ],
            [
              38.20972501273738,
              34.82047394527921
            ],
            [
              38.238086022292826,
              34.82356315966082
            ],
            [
              38.2666666667,
              34.82459554210393
            ]
          ]
        ]
      },
      "properties": {
        "site_id": 23,
        "name": "Site of Palmyra"
      }
    },
    {
      "type": "Feature",
      "geometry": {
        "type": "Polygon",
        "coordinates": [
          [
            [
              42.71833,
              35.85844261443682
            ],
            [
              42.74727704610261,
              35.85741027824344
            ],
            [
              42.776001557739825,
              35.854321205247146
            ],
            [
              42.80428276294617,
              35.849199139358184
            ],
            [
              42.831903399171814,
              35.84208344484592
            ],
            [
              42.85865142922005,
              35.83302879490641
            ],
            [
              42.88432171118823,
              35.822104739511246
            ],
            [
              42.908717607948155,
              35.80939515633539
            ],
            [
              42.931652522422496,
              35.794997589567004
            ],
            [
              42.952951345786545,
              35.77902248235112
            ],
            [
              42.972451806731925,
              35.76159230949972
            ],
            [
              42.99000571105108,
              35.74284061790549
            ],
            [
              43.0054800620174,
              35.72291098281752
            ],
            [
              43.01875805332354,
              35.701955888768616
            ],
            [
              43.029739927678555,
              35.68013554448213
            ],
            [
              43.03834369552814,
              35.65761664152734
            ],
            [
              43.04450570973483,
              35.63457106683716
            ],
            [
              43.04818109341216,
              35.611174579449134
            ],
            [
              43.049344019434564,
              35.587605461983166
            ],
            [
              43.04798784142452,
              35.564043157429005
            ],
            [
              43.044125077239215,
              35.540666901788356
            ],
            [
              43.037787247128286,
              35.517654363003956
            ],
            [
              43.02902456980468,
              35.49518029641719
            ],
            [
              43.01790552065642,
              35.473415226732534
            ],
            [
              43.00451625722443,
              35.45252416613697
            ],
            [
              42.988959917880386,
              35.4326653778317
            ],
            [
              42.97135580035765,
              35.41398919378903
            ],
            [
              42.95183842742354,
              35.39663689505352
            ],
            [
              42.93055650753202,
              35.3807396623711
            ],
            [
              42.907671798772206,
              35.36641760435664
            ],
            [
              42.88335788483147,
              35.35377886980566
            ],
            [
              42.85779887203147,
              35.34291885012357
            ],
            [
              42.831188016776494,
              35.33391947719064
            ],
            [
              42.8037262929825,
              35.32684862130613
            ],
            [
              42.77562090923897,
              35.321759593165105
            ],
            [
              42.747083785598754,
              35.31869075311857
            ],
            [
              42.71833,
              35.31766523025458
            ],
            [
              42.68957621440125,
              35.31869075311857
            ],
            [
              42.66103909076104,
              35.321759593165105
            ],
            [
              42.6329337070175,
              35.32684862130613
            ],
            [
              42.60547198322351,
              35.33391947719064
            ],
            [
              42.57886112796853,
              35.34291885012357
            ],
            [
              42.553302115168535,
              35.35377886980566
            ],
            [
              42.5289882012278,
              35.36641760435664
            ],
            [
              42.506103492467986,
              35.3807396623711
            ],
            [
              42.484821572576465,
              35.39663689505352
            ],
            [
              42.465304199642354,
              35.41398919378903
            ],
            [
              42.44770008211962,
              35.4326653778317
            ],
            [
              42.43214374277557,
              35.45252416613697
            ],
            [
              42.41875447934358,
              35.473415226732534
            ],
            [
              42.40763543019532,
              35.49518029641719
            ],
            [
              42.39887275287172,
              35.517654363003956
            ],
            [
              42.39253492276079,
              35.540666901788356
            ],
            [
              42.38867215857548,
              35.564043157429005
            ],
            [
              42.38731598056544,
              35.587605461983166
            ],
            [
              42.38847890658784,
              35.611174579449134
            ],
            [
              42.392154290265175,
              35.63457106683716
            ],
            [
              42.39831630447186,
              35.65761664152734
            ],
            [
              42.40692007232145,
              35.68013554448213
            ],
            [
              42.417901946676466,
              35.701955888768616
            ],
            [
              42.431179937982606,
              35.72291098281752
            ],
            [
              42.44665428894892,
              35.74284061790549
            ],
            [
              42.46420819326808,
              35.76159230949972
            ],
            [
              42.48370865421346,
              35.77902248235112
            ],
            [
              42.50500747757751,
              35.794997589567004
            ],
            [
              42.52794239205185,
              35.80939515633539
            ],
            [
              42.552338288811775,
              35.822104739511246
            ],
            [
              42.57800857077995,
              35.83302879490641
            ],
            [
              42.60475660082819,
              35.84208344484592
            ],
            [
              42.63237723705383,
              35.849199139358184
            ],
            [
              42.66065844226018,
              35.854321205247146
            ],
            [
              42.68938295389739,
              35.85741027824344
            ],
            [
              42.71833,
              35.85844261443682
            ]
          ]
        ]
      },
      "properties": {
        "site_id": 277,
        "name": "Hatra"
      }
    },
    {
      "type": "Feature",
      "geometry": {
        "type": "Polygon",
        "coordinates": [
          [
            [
              43.9155883333,
              34.35073959687039
            ],
            [
              43.944007196358136,
              34.349707192922004
            ],
            [
              43.97220770487849,
              34.34661791284432
            ],
            [
              43.99997323004651,
              34.341495489262684
            ],
            [
              44.02709057934755,
              34.334379268178886
            ],
            [
              44.05335167703203,
              34.325323898330815
            ],
            [
              44.07855519986283,
              34.31439890011186
            ],
            [
              44.10250815406819,
              34.30168811781185
            ],
            [
              44.12502738011205,
              34.287289059937734
            ],
            [
              44.14594097272856,
              34.27131213331445
            ],
            [
              44.165089604631525,
              34.25387977754236
            ],
            [
              44.18232774338481,
              34.235125507188606
            ],
            [
              44.197524752086714,
              34.21519286981035
            ],
            [
              44.210565865757864,
              34.19423432853944
            ],
            [
              44.22135303660993,
              34.17241007849918
            ],
            [
              44.229805642687374,
              34.14988680677008
            ],
            [
              44.23586105569957,
              34.126836405971254
            ],
            [
              44.23947506517552,
              34.10343465178066
            ],
            [
              44.240622157361635,
              34.079859854877
            ],
            [
              44.239295648529726,
              34.05629149785656
            ],
            [
              44.23550767355436,
              34.03290886766005
            ],
            [
              44.22928903174589,
              34.00988969394202
            ],
            [
              44.220688892979304,
              33.98740880363614
            ],
            [
              44.20977436813408,
              33.96563680171517
            ],
            [
              44.196629948752374,
              33.94473878782443
            ],
            [
              44.18135682163152,
              33.92487311808517
            ],
            [
              44.164072064790844,
              33.906190220926185
            ],
            [
              44.144907731896005,
              33.88883147531496
            ],
            [
              44.12400983278742,
              33.87292815922813
            ],
            [
              44.10153721824967,
              33.858600475630205
            ],
            [
              44.07766037757848,
              33.84595666262609
            ],
            [
              44.05256015785909,
              33.835092193819804
            ],
            [
              44.026426414167766,
              33.82608907425389
            ],
            [
              43.99945660015501,
              33.819015236625816
            ],
            [
              43.971854308668064,
              33.81392404178186
            ],
            [
              43.943827772228396,
              33.81085388677972
            ],
            [
              43.9155883333,
              33.80982792309014
            ],
            [
              43.887348894371605,
              33.81085388677972
            ],
            [
              43.85932235793194,
              33.81392404178186
            ],
            [
              43.831720066444994,
              33.819015236625816
            ],
            [
              43.804750252432235,
              33.82608907425389
            ],
            [
              43.77861650874091,
              33.835092193819804
            ],
            [
              43.75351628902152,
              33.84595666262609
            ],
            [
              43.72963944835033,
              33.858600475630205
            ],
            [
              43.70716683381258,
              33.87292815922813
            ],
            [
              43.686268934703996,
              33.88883147531496
            ],
            [
              43.66710460180916,
              33.906190220926185
            ],
            [
              43.64981984496848,
              33.92487311808517
            ],
            [
              43.63454671784763,
              33.94473878782443
            ],
            [
              43.621402298465924,
              33.96563680171517
            ],
            [
              43.6104877736207,
              33.98740880363614
            ],
            [
              43.60188763485411,
              34.00988969394202
            ],
            [
              43.59566899304564,
              34.03290886766005
            ],
            [
              43.591881018070275,
              34.05629149785656
            ],
            [
              43.590554509238366,
              34.079859854877
            ],
            [
              43.59170160142448,
              34.10343465178066
            ],
            [
              43.59531561090043,
              34.126836405971254
            ],
            [
              43.60137102391263,
              34.14988680677008
            ],
            [
              43.60982362999007,
              34.17241007849918
            ],
            [
              43.62061080084214,
              34.19423432853944
            ],
            [
              43.63365191451329,
              34.21519286981035
            ],
            [
              43.64884892321519,
              34.235125507188606
            ],
            [
              43.666087061968476,
              34.25387977754236
            ],
            [
              43.68523569387144,
              34.27131213331445
            ],
            [
              43.70614928648795,
              34.287289059937734
            ],
            [
              43.72866851253181,
              34.30168811781185
            ],
            [
              43.75262146673717,
              34.31439890011186
            ],
            [
              43.77782498956797,
              34.325323898330815
            ],
            [
              43.80408608725245,
              34.334379268178886
            ],
            [
              43.831203436553494,
              34.341495489262684
            ],
            [
              43.85896896172151,
              34.34661791284432
            ],
            [
              43.887169470241865,
              34.349707192922004
            ],
            [
              43.9155883333,
              34.35073959687039
            ]
          ]
        ]
      },
      "properties": {
        "site_id": 276,
        "name": "Samarra Archaeological City"
      }
    },
    {
      "type": "Feature",
      "geometry": {
        "type": "Polygon",
        "coordinates": [
          [
            [
              43.2611111111,
              35.72705519264535
            ],
            [
              43.290010547669944,
              35.726022850636056
            ],
            [
              43.31868782654606,
              35.7229337598521
            ],
            [
              43.346922549219265,
              35.71781166319869
            ],
            [
              43.37449782000526,
              35.710695923318085
            ],
            [
              43.40120195878447,
              35.70164121122749
            ],
            [
              43.42683016786074,
              35.69071707426303
            ],
            [
              43.45118613850979,
              35.678007387124055
            ],
            [
              43.47408358350591,
              35.6636096908172
            ],
            [
              43.495347682784846,
              35.6476344252471
            ],
            [
              43.51481643040437,
              35.630204062081695
            ],
            [
              43.53234187208155,
              35.611452145323675
            ],
            [
              43.54779122379776,
              35.591522247741345
            ],
            [
              43.56104786324559,
              35.57056685194317
            ],
            [
              43.572012187224686,
              35.548746165418514
            ],
            [
              43.58060232945391,
              35.526226879309455
            ],
            [
              43.58675473463435,
              35.503180881022864
            ],
            [
              43.59042458595203,
              35.47978393104077
            ],
            [
              43.591586084532594,
              35.45621431443922
            ],
            [
              43.59023258063763,
              35.432651477687514
            ],
            [
              43.58637655761001,
              35.40927466127128
            ],
            [
              43.58004947072325,
              35.386261538572136
            ],
            [
              43.57130144415865,
              35.36378687124632
            ],
            [
              43.560200830318784,
              35.34202119108259
            ],
            [
              43.546833636583266,
              35.32112951799004
            ],
            [
              43.53130282542043,
              35.30127012337689
            ],
            [
              43.51372749448968,
              35.2825933477369
            ],
            [
              43.49424194400341,
              35.265240480767254
            ],
            [
              43.47299463917105,
              35.24934271180666
            ],
            [
              43.45014707602392,
              35.2350201578091
            ],
            [
              43.425872559325605,
              35.22238097546444
            ],
            [
              43.40035490161273,
              35.21152056344447
            ],
            [
              43.37378705269429,
              35.202520860097344
            ],
            [
              43.34636966916798,
              35.19544974123886
            ],
            [
              43.31830963369697,
              35.19036052199803
            ],
            [
              43.28981853393537,
              35.18729156597123
            ],
            [
              43.2611111111,
              35.18626600422549
            ],
            [
              43.23240368826463,
              35.18729156597123
            ],
            [
              43.20391258850303,
              35.19036052199803
            ],
            [
              43.17585255303202,
              35.19544974123886
            ],
            [
              43.14843516950571,
              35.202520860097344
            ],
            [
              43.12186732058727,
              35.21152056344447
            ],
            [
              43.096349662874395,
              35.22238097546444
            ],
            [
              43.07207514617608,
              35.2350201578091
            ],
            [
              43.04922758302895,
              35.24934271180666
            ],
            [
              43.02798027819659,
              35.265240480767254
            ],
            [
              43.00849472771032,
              35.2825933477369
            ],
            [
              42.99091939677957,
              35.30127012337689
            ],
            [
              42.975388585616734,
              35.32112951799004
            ],
            [
              42.962021391881215,
              35.34202119108259
            ],
            [
              42.95092077804135,
              35.36378687124632
            ],
            [
              42.94217275147675,
              35.386261538572136
            ],
            [
              42.93584566458999,
              35.40927466127128
            ],
            [
              42.93198964156237,
              35.432651477687514
            ],
            [
              42.930636137667406,
              35.45621431443922
            ],
            [
              42.93179763624797,
              35.47978393104077
            ],
            [
              42.93546748756565,
              35.503180881022864
            ],
            [
              42.94161989274609,
              35.526226879309455
            ],
            [
              42.95021003497531,
              35.548746165418514
            ],
            [
              42.96117435895441,
              35.57056685194317
            ],
            [
              42.97443099840224,
              35.591522247741345
            ],
            [
              42.98988035011845,
              35.611452145323675
            ],
            [
              43.00740579179563,
              35.630204062081695
            ],
            [
              43.026874539415154,
              35.6476344252471
            ],
            [
              43.04813863869409,
              35.6636096908172
            ],
            [
              43.07103608369021,
              35.678007387124055
            ],
            [
              43.09539205433926,
              35.69071707426303
            ],
            [
              43.12102026341553,
              35.70164121122749
            ],
            [
              43.14772440219474,
              35.710695923318085
            ],
            [
              43.175299672980735,
              35.71781166319869
            ],
            [
              43.20353439565394,
              35.7229337598521
            ],
            [
              43.232211674530056,
              35.726022850636056
            ],
            [
              43.2611111111,
              35.72705519264535
            ]
          ]
        ]
      },
      "properties": {
        "site_id": 1130,
        "name": "Ashur (Qal'at Sherqat)"
      }
    },
    {
      "type": "Feature",
      "geometry": {
        "type": "Polygon",
        "coordinates": [
          [
            [
              35.2075,
              31.974905769177827
            ],
            [
              35.23516255540331,
              31.973873256173366
            ],
            [
              35.26261274230853,
              31.970783643244996
            ],
            [
              35.289639865257925,
              31.965660646216108
            ],
            [
              35.316036560354796,
              31.95854358389594
            ],
            [
              35.341600424913885,
              31.94948706862582
            ],
            [
              35.366135604225704,
              31.938560576803685
            ],
            [
              35.38945432191281,
              31.925847903093178
            ],
            [
              35.411378340999434,
              31.911446503009454
            ],
            [
              35.43174034359596,
              31.895466729504736
            ],
            [
              35.45038521800249,
              31.878030970045703
            ],
            [
              35.4671712430437,
              31.859272691470807
            ],
            [
              35.48197116054335,
              31.839335400634234
            ],
            [
              35.49467312801114,
              31.8183715294765
            ],
            [
              35.50518154482953,
              31.796541253706128
            ],
            [
              35.513417746472854,
              31.774011254730247
            ],
            [
              35.519320562549034,
              31.750953434831484
            ],
            [
              35.522846735707276,
              31.727543595855334
            ],
            [
              35.52397119968725,
              31.70396009184617
            ],
            [
              35.522687215983716,
              31.680382466154615
            ],
            [
              35.519006369751544,
              31.65699008353598
            ],
            [
              35.51295842667103,
              31.633960767673397
            ],
            [
              35.50459105352313,
              31.61146945439498
            ],
            [
              35.493969406183666,
              31.589686870615775
            ],
            [
              35.48117558963042,
              31.5687782487286
            ],
            [
              35.4663079953649,
              31.54890208579856
            ],
            [
              35.4494805223821,
              31.53020895648904
            ],
            [
              35.43082168847614,
              31.512840388168133
            ],
            [
              35.410473639251094,
              31.496927806119928
            ],
            [
              35.38859106271724,
              31.482591556218303
            ],
            [
              35.365340017796285,
              31.469940011818846
            ],
            [
              35.34089668544172,
              31.459068770990157
            ],
            [
              35.31544605140369,
              31.450059949544663
            ],
            [
              35.28918052993961,
              31.442981574644858
            ],
            [
              35.26229853799427,
              31.437887083056662
            ],
            [
              35.235003029551805,
              31.434814927402538
            ],
            [
              35.2075,
              31.433788293034077
            ],
            [
              35.1799969704482,
              31.434814927402538
            ],
            [
              35.15270146200574,
              31.437887083056662
            ],
            [
              35.1258194700604,
              31.442981574644858
            ],
            [
              35.099553948596316,
              31.450059949544663
            ],
            [
              35.074103314558286,
              31.459068770990157
            ],
            [
              35.04965998220372,
              31.469940011818846
            ],
            [
              35.02640893728277,
              31.482591556218303
            ],
            [
              35.00452636074891,
              31.496927806119928
            ],
            [
              34.98417831152386,
              31.512840388168133
            ],
            [
              34.9655194776179,
              31.53020895648904
            ],
            [
              34.948692004635106,
              31.54890208579856
            ],
            [
              34.93382441036959,
              31.5687782487286
            ],
            [
              34.92103059381634,
              31.589686870615775
            ],
            [
              34.91040894647688,
              31.61146945439498
            ],
            [
              34.90204157332898,
              31.633960767673397
            ],
            [
              34.89599363024846,
              31.65699008353598
            ],
            [
              34.89231278401629,
              31.680382466154615
            ],
            [
              34.89102880031275,
              31.70396009184617
            ],
            [
              34.89215326429273,
              31.727543595855334
            ],
            [
              34.89567943745097,
              31.750953434831484
            ],
            [
              34.90158225352715,
              31.774011254730247
            ],
            [
              34.90981845517047,
              31.796541253706128
            ],
            [
              34.92032687198887,
              31.8183715294765
            ],
            [
              34.933028839456654,
              31.839335400634234
            ],
            [
              34.947828756956305,
              31.859272691470807
            ],
            [
              34.96461478199752,
              31.878030970045703
            ],
            [
              34.983259656404044,
              31.895466729504736
            ],
            [
              35.00362165900057,
              31.911446503009454
            ],
            [
              35.0255456780872,
              31.925847903093178
            ],
            [
              35.0488643957743,
              31.938560576803685
            ],
            [
              35.07339957508612,
              31.94948706862582
            ],
            [
              35.09896343964521,
              31.95854358389594
            ],
            [
              35.12536013474208,
              31.965660646216108
            ],
            [
              35.15238725769148,
              31.970783643244996
            ],
            [
              35.17983744459669,
              31.973873256173366
            ],
            [
              35.2075,
              31.974905769177827
            ]
          ]
        ]
      },
      "properties": {
        "site_id": 1433,
        "name": "Birthplace of Jesus: Church of the Nativity and the Pilgrimage Route, Bethlehem"
      }
    },
    {
      "type": "Feature",
      "geometry": {
        "type": "Polygon",
        "coordinates": [
          [
            [
              35.2316666667,
              32.04832764083609
            ],
            [
              35.259351283687835,
              32.04729513120376
            ],
            [
              35.286823357535276,
              32.04420552856203
            ],
            [
              35.31387201968003,
              32.03908254923777
            ],
            [
              35.34028973617799,
              32.03196551285492
            ],
            [
              35.36587393883685,
              32.022909032845206
            ],
            [
              35.390428613410066,
              32.011982586924354
            ],
            [
              35.41376583131319,
              31.99926997124209
            ],
            [
              35.43570721196881,
              31.98486864289978
            ],
            [
              35.45608530366869,
              31.96888895646152
            ],
            [
              35.47474487174536,
              31.951453300952625
            ],
            [
              35.49154408385635,
              31.93269514463685
            ],
            [
              35.50635558328161,
              31.91275799558164
            ],
            [
              35.51906744230156,
              31.891794286653923
            ],
            [
              35.529583988940175,
              31.869964194133743
            ],
            [
              35.53782650160427,
              31.84743439958574
            ],
            [
              35.54373376741012,
              31.824376804988134
            ],
            [
              35.54726250124325,
              31.80096721138491
            ],
            [
              35.548387623831374,
              31.777383971501052
            ],
            [
              35.547102398309875,
              31.753806626844195
            ],
            [
              35.54341842591183,
              31.730414539812887
            ],
            [
              35.53736550251017,
              31.707385531245347
            ],
            [
              35.52899133877017,
              31.68489453367719
            ],
            [
              35.51836114763027,
              31.66311227033817
            ],
            [
              35.505557103714295,
              31.642203969610613
            ],
            [
              35.4906776800863,
              31.622328124302527
            ],
            [
              35.47383686848991,
              31.6036353046612
            ],
            [
              35.45516328986913,
              31.58626703357385
            ],
            [
              35.434799202547836,
              31.57035473187717
            ],
            [
              35.4128994159557,
              31.55601874113072
            ],
            [
              35.389630118231054,
              31.543367430607223
            ],
            [
              35.365167626412585,
              31.53249639461819
            ],
            [
              35.33969706825502,
              31.523487745632455
            ],
            [
              35.31341100497423,
              31.516409507961136
            ],
            [
              35.28650800444955,
              31.511315116078624
            ],
            [
              35.259191174588906,
              31.5082430209302
            ],
            [
              35.2316666667,
              31.507216406844847
            ],
            [
              35.204142158811095,
              31.5082430209302
            ],
            [
              35.17682532895045,
              31.511315116078624
            ],
            [
              35.149922328425774,
              31.516409507961136
            ],
            [
              35.12363626514498,
              31.523487745632455
            ],
            [
              35.098165706987416,
              31.53249639461819
            ],
            [
              35.07370321516895,
              31.543367430607223
            ],
            [
              35.0504339174443,
              31.55601874113072
            ],
            [
              35.028534130852165,
              31.57035473187717
            ],
            [
              35.008170043530875,
              31.58626703357385
            ],
            [
              34.98949646491009,
              31.6036353046612
            ],
            [
              34.9726556533137,
              31.622328124302527
            ],
            [
              34.957776229685706,
              31.642203969610613
            ],
            [
              34.94497218576973,
              31.66311227033817
            ],
            [
              34.93434199462983,
              31.68489453367719
            ],
            [
              34.92596783088983,
              31.707385531245347
            ],
            [
              34.91991490748817,
              31.730414539812887
            ],
            [
              34.91623093509013,
              31.753806626844195
            ],
            [
              34.91494570956863,
              31.777383971501052
            ],
            [
              34.91607083215675,
              31.80096721138491
            ],
            [
              34.919599565989884,
              31.824376804988134
            ],
            [
              34.92550683179573,
              31.84743439958574
            ],
            [
              34.93374934445983,
              31.869964194133743
            ],
            [
              34.94426589109844,
              31.891794286653923
            ],
            [
              34.95697775011839,
              31.91275799558164
            ],
            [
              34.971789249543654,
              31.93269514463685
            ],
            [
              34.98858846165464,
              31.951453300952625
            ],
            [
              35.007248029731315,
              31.96888895646152
            ],
            [
              35.02762612143119,
              31.98486864289978
            ],
            [
              35.04956750208681,
              31.99926997124209
            ],
            [
              35.072904719989936,
              32.011982586924354
            ],
            [
              35.09745939456315,
              32.022909032845206
            ],
            [
              35.12304359722201,
              32.03196551285492
            ],
            [
              35.14946131371997,
              32.03908254923777
            ],
            [
              35.176509975864725,
              32.04420552856203
            ],
            [
              35.20398204971217,
              32.04729513120376
            ],
            [
              35.2316666667,
              32.04832764083609
            ]
          ]
        ]
      },
      "properties": {
        "site_id": 148,
        "name": "Old City of Jerusalem and its Walls"
      }
    },
    {
      "type": "Feature",
      "geometry": {
        "type": "Polygon",
        "coordinates": [
          [
            [
              35.4440555556,
              32.14185142810639
            ],
            [
              35.47176839136656,
              32.14081892277131
            ],
            [
              35.49926846061275,
              32.137729333238696
            ],
            [
              35.52634467336305,
              32.13260637647805
            ],
            [
              35.55278927817033,
              32.12548937315332
            ],
            [
              35.57839949514638,
              32.116432938088046
            ],
            [
              35.60297910598454,
              32.1055065506801
            ],
            [
              35.62633998741543,
              32.09279400897612
            ],
            [
              35.648303575183235,
              32.078392772102454
            ],
            [
              35.668702246413844,
              32.06241319668074
            ],
            [
              35.68738060915287,
              32.04497767372607
            ],
            [
              35.704196688863924,
              32.02621967332188
            ],
            [
              35.71902300277868,
              32.00628270508468
            ],
            [
              35.731747514159075,
              31.985319203064442
            ],
            [
              35.74227445975197,
              31.963489344271437
            ],
            [
              35.75052504496594,
              31.94095981047216
            ],
            [
              35.75643800256234,
              31.91790250325723
            ],
            [
              35.75997001190986,
              31.894493222648762
            ],
            [
              35.76109597708781,
              31.870910319688885
            ],
            [
              35.75980916332513,
              31.847333333534227
            ],
            [
              35.756121192415435,
              31.82394162357677
            ],
            [
              35.750061898846,
              31.800913007025187
            ],
            [
              35.74167904940967,
              31.77842241221438
            ],
            [
              35.73103793002921,
              31.756640557672114
            ],
            [
              35.71822080440878,
              31.73573266666375
            ],
            [
              35.70332624993569,
              31.715857226565678
            ],
            [
              35.68646837698581,
              31.697164801990617
            ],
            [
              35.66777593844037,
              31.679796910108543
            ],
            [
              35.64739133680235,
              31.66388496608153
            ],
            [
              35.62546953680906,
              31.649549305964374
            ],
            [
              35.602176891880724,
              31.636898293820387
            ],
            [
              35.577689893124564,
              31.626027519167195
            ],
            [
              35.55219384993608,
              31.61701909020747
            ],
            [
              35.52588151150918,
              31.60994102761411
            ],
            [
              35.49895163878769,
              31.60484676293764
            ],
            [
              35.47160753656803,
              31.601774744983437
            ],
            [
              35.4440555556,
              31.60074815677564
            ],
            [
              35.416503574631975,
              31.601774744983437
            ],
            [
              35.38915947241232,
              31.60484676293764
            ],
            [
              35.36222959969082,
              31.60994102761411
            ],
            [
              35.33591726126392,
              31.61701909020747
            ],
            [
              35.31042121807544,
              31.626027519167195
            ],
            [
              35.28593421931928,
              31.636898293820387
            ],
            [
              35.26264157439095,
              31.649549305964374
            ],
            [
              35.240719774397654,
              31.66388496608153
            ],
            [
              35.22033517275963,
              31.679796910108543
            ],
            [
              35.2016427342142,
              31.697164801990617
            ],
            [
              35.18478486126431,
              31.715857226565678
            ],
            [
              35.169890306791224,
              31.73573266666375
            ],
            [
              35.157073181170794,
              31.756640557672114
            ],
            [
              35.146432061790335,
              31.77842241221438
            ],
            [
              35.138049212354005,
              31.800913007025187
            ],
            [
              35.13198991878457,
              31.82394162357677
            ],
            [
              35.128301947874874,
              31.847333333534227
            ],
            [
              35.12701513411219,
              31.870910319688885
            ],
            [
              35.12814109929015,
              31.894493222648762
            ],
            [
              35.13167310863766,
              31.91790250325723
            ],
            [
              35.137586066234064,
              31.94095981047216
            ],
            [
              35.145836651448036,
              31.963489344271437
            ],
            [
              35.15636359704093,
              31.985319203064442
            ],
            [
              35.16908810842133,
              32.00628270508468
            ],
            [
              35.18391442233608,
              32.02621967332188
            ],
            [
              35.200730502047136,
              32.04497767372607
            ],
            [
              35.21940886478616,
              32.06241319668074
            ],
            [
              35.23980753601677,
              32.078392772102454
            ],
            [
              35.26177112378458,
              32.09279400897612
            ],
            [
              35.285132005215466,
              32.1055065506801
            ],
            [
              35.309711616053626,
              32.116432938088046
            ],
            [
              35.335321833029674,
              32.12548937315332
            ],
            [
              35.361766437836955,
              32.13260637647805
            ],
            [
              35.38884265058726,
              32.137729333238696
            ],
            [
              35.416342719833445,
              32.14081892277131
            ],
            [
              35.4440555556,
              32.14185142810639
            ]
          ]
        ]
      },
      "properties": {
        "site_id": 1687,
        "name": "Ancient Jericho/Tell es-Sultan"
      }
    },
    {
      "type": "Feature",
      "geometry": {
        "type": "Polygon",
        "coordinates": [
          [
            [
              29.66666667,
              31.106423023334262
            ],
            [
              29.694074304049614,
              31.105390470590585
            ],
            [
              29.721271587785495,
              31.102300736453316
            ],
            [
              29.74804982615891,
              31.097177530858627
            ],
            [
              29.774203620343116,
              31.090060163088463
            ],
            [
              29.799532480239375,
              31.08100323273423
            ],
            [
              29.823842394715463,
              31.070076200785234
            ],
            [
              29.84694734624229,
              31.057362844529877
            ],
            [
              29.868670757221896,
              31.042960600937764
            ],
            [
              29.888846856062255,
              31.026979804119023
            ],
            [
              29.907321951935888,
              31.00954282332301
            ],
            [
              29.92395560814476,
              30.990783108733257
            ],
            [
              29.938621705086177,
              30.970844153033486
            ],
            [
              29.95120938495433,
              30.949878377352697
            ],
            [
              29.961623871501978,
              30.928045950743893
            ],
            [
              29.969787159408643,
              30.905513552806266
            ],
            [
              29.975638569035997,
              30.882453089423645
            ],
            [
              29.979135163583543,
              30.85904037186269
            ],
            [
              29.980252026871256,
              30.83545376965329
            ],
            [
              29.97898240115703,
              30.811872847762807
            ],
            [
              29.97533768553477,
              30.78847699857849
            ],
            [
              29.969347296542246,
              30.765444079132067
            ],
            [
              29.961058393629713,
              30.742949063841337
            ],
            [
              29.95053547309455,
              30.7211627228105
            ],
            [
              29.937859834969093,
              30.700250335429683
            ],
            [
              29.923128928157016,
              30.680370448648624
            ],
            [
              29.906455579847158,
              30.66167368887677
            ],
            [
              29.887967115892803,
              30.64430163598652
            ],
            [
              29.86780437943156,
              30.62838576737338
            ],
            [
              29.84612065553904,
              30.614046479462495
            ],
            [
              29.82308051016142,
              30.601392193448522
            ],
            [
              29.798858551962496,
              30.590518551422026
            ],
            [
              29.773638126053743,
              30.581507708372406
            ],
            [
              29.747609948855555,
              30.574427724871672
            ],
            [
              29.720970693568777,
              30.569332064535878
            ],
            [
              29.6939215359215,
              30.56625919963857
            ],
            [
              29.66666667,
              30.56523232751362
            ],
            [
              29.639411804078502,
              30.56625919963857
            ],
            [
              29.612362646431226,
              30.569332064535878
            ],
            [
              29.585723391144448,
              30.574427724871672
            ],
            [
              29.55969521394626,
              30.581507708372406
            ],
            [
              29.534474788037507,
              30.590518551422026
            ],
            [
              29.51025282983858,
              30.601392193448522
            ],
            [
              29.487212684460964,
              30.614046479462495
            ],
            [
              29.46552896056844,
              30.62838576737338
            ],
            [
              29.4453662241072,
              30.64430163598652
            ],
            [
              29.426877760152845,
              30.66167368887677
            ],
            [
              29.410204411842987,
              30.680370448648624
            ],
            [
              29.39547350503091,
              30.700250335429683
            ],
            [
              29.382797866905452,
              30.7211627228105
            ],
            [
              29.37227494637029,
              30.742949063841337
            ],
            [
              29.363986043457757,
              30.765444079132067
            ],
            [
              29.35799565446523,
              30.78847699857849
            ],
            [
              29.354350938842973,
              30.811872847762807
            ],
            [
              29.353081313128747,
              30.83545376965329
            ],
            [
              29.35419817641646,
              30.85904037186269
            ],
            [
              29.357694770964006,
              30.882453089423645
            ],
            [
              29.36354618059136,
              30.905513552806266
            ],
            [
              29.371709468498025,
              30.928045950743893
            ],
            [
              29.382123955045675,
              30.949878377352697
            ],
            [
              29.394711634913826,
              30.970844153033486
            ],
            [
              29.409377731855244,
              30.990783108733257
            ],
            [
              29.426011388064115,
              31.00954282332301
            ],
            [
              29.444486483937748,
              31.026979804119023
            ],
            [
              29.464662582778107,
              31.042960600937764
            ],
            [
              29.486385993757715,
              31.057362844529877
            ],
            [
              29.50949094528454,
              31.070076200785234
            ],
            [
              29.53380085976063,
              31.08100323273423
            ],
            [
              29.559129719656887,
              31.090060163088463
            ],
            [
              29.585283513841095,
              31.097177530858627
            ],
            [
              29.612061752214508,
              31.102300736453316
            ],
            [
              29.63925903595039,
              31.105390470590585
            ],
            [
              29.66666667,
              31.106423023334262
            ]
          ]
        ]
      },
      "properties": {
        "site_id": 90,
        "name": "Abu Mena"
      }
    },
    {
      "type": "Feature",
      "geometry": {
        "type": "Polygon",
        "coordinates": [
          [
            [
              35.1958333333,
              33.53965216575737
            ],
            [
              35.2239839282754,
              33.538619724707466
            ],
            [
              35.2519182918265,
              33.53553033134322
            ],
            [
              35.27942189957104,
              33.530407712429174
            ],
            [
              35.30628362628659,
              33.52329120448141
            ],
            [
              35.33229740835677,
              33.51423544354009
            ],
            [
              35.35726386214923,
              33.50330993464771
            ],
            [
              35.38099184444503,
              33.49059850477491
            ],
            [
              35.40329994171217,
              33.47619864392961
            ],
            [
              35.42401787583109,
              33.46022074012264
            ],
            [
              35.44298781482225,
              33.44278721473685
            ],
            [
              35.460065578177684,
              33.42403156564636
            ],
            [
              35.47512172753953,
              33.404097326151586
            ],
            [
              35.48804253468056,
              33.38313694842895
            ],
            [
              35.49873082000248,
              33.36131062073578
            ],
            [
              35.50710665605883,
              33.338785028059554
            ],
            [
              35.51310793191012,
              33.315732066254604
            ],
            [
              35.51669077541185,
              33.29232751996839
            ],
            [
              35.517829831804775,
              33.26874971482501
            ],
            [
              35.516518398206024,
              33.245178154408855
            ],
            [
              35.51276841477743,
              33.22179215257735
            ],
            [
              35.506610314463174,
              33.19876947153691
            ],
            [
              35.49809273423394,
              33.17628497593989
            ],
            [
              35.48728209174474,
              33.154509313013314
            ],
            [
              35.47426203220261,
              33.13360762841354
            ],
            [
              35.45913275104929,
              33.113738327123734
            ],
            [
              35.44201019879023,
              33.09505188827646
            ],
            [
              35.42302517494861,
              33.07768974230002
            ],
            [
              35.4023223186932,
              33.061783218257304
            ],
            [
              35.38005900418549,
              33.04745256867711
            ],
            [
              35.35640414912077,
              33.03480607857496
            ],
            [
              35.33153694530287,
              33.02393926472603
            ],
            [
              35.30564552039998,
              33.01493417059514
            ],
            [
              35.27892554028384,
              33.00785876164716
            ],
            [
              35.25157876156267,
              33.002766425063285
            ],
            [
              35.22381154408263,
              32.99969557717571
            ],
            [
              35.1958333333,
              32.99866938120791
            ],
            [
              35.16785512251737,
              32.99969557717571
            ],
            [
              35.14008790503733,
              33.002766425063285
            ],
            [
              35.11274112631616,
              33.00785876164716
            ],
            [
              35.086021146200025,
              33.01493417059514
            ],
            [
              35.06012972129713,
              33.02393926472603
            ],
            [
              35.03526251747923,
              33.03480607857496
            ],
            [
              35.01160766241451,
              33.04745256867711
            ],
            [
              34.9893443479068,
              33.061783218257304
            ],
            [
              34.96864149165139,
              33.07768974230002
            ],
            [
              34.949656467809774,
              33.09505188827646
            ],
            [
              34.932533915550714,
              33.113738327123734
            ],
            [
              34.91740463439739,
              33.13360762841354
            ],
            [
              34.904384574855264,
              33.154509313013314
            ],
            [
              34.89357393236606,
              33.17628497593989
            ],
            [
              34.88505635213683,
              33.19876947153691
            ],
            [
              34.87889825182257,
              33.22179215257735
            ],
            [
              34.87514826839398,
              33.245178154408855
            ],
            [
              34.87383683479523,
              33.26874971482501
            ],
            [
              34.87497589118815,
              33.29232751996839
            ],
            [
              34.87855873468988,
              33.315732066254604
            ],
            [
              34.88456001054117,
              33.338785028059554
            ],
            [
              34.892935846597524,
              33.36131062073578
            ],
            [
              34.90362413191944,
              33.38313694842895
            ],
            [
              34.91654493906047,
              33.404097326151586
            ],
            [
              34.93160108842232,
              33.42403156564636
            ],
            [
              34.94867885177775,
              33.44278721473685
            ],
            [
              34.96764879076891,
              33.46022074012264
            ],
            [
              34.98836672488783,
              33.47619864392961
            ],
            [
              35.010674822154975,
              33.49059850477491
            ],
            [
              35.03440280445077,
              33.50330993464771
            ],
            [
              35.05936925824323,
              33.51423544354009
            ],
            [
              35.08538304031341,
              33.52329120448141
            ],
            [
              35.11224476702896,
              33.530407712429174
            ],
            [
              35.139748374773504,
              33.53553033134322
            ],
            [
              35.1676827383246,
              33.538619724707466
            ],
            [
              35.1958333333,
              33.53965216575737
            ]
          ]
        ]
      },
      "properties": {
        "site_id": 299,
        "name": "Tyre"
      }
    },
    {
      "type": "Feature",
      "geometry": {
        "type": "Polygon",
        "coordinates": [
          [
            [
              35.8241666667,
              34.708211823150634
            ],
            [
              35.85270722422178,
              34.707179435440366
            ],
            [
              35.88102846413151,
              34.70409020496582
            ],
            [
              35.90891280301376,
              34.698967866980254
            ],
            [
              35.936146110599104,
              34.691851771739216
            ],
            [
              35.962519398402165,
              34.682796573675084
            ],
            [
              35.987830463347535,
              34.67187180006679
            ],
            [
              36.011885472217244,
              34.65916130297398
            ],
            [
              36.03450047345019,
              34.644762599205066
            ],
            [
              36.055502823666814,
              34.62878610403131
            ],
            [
              36.07473251726678,
              34.61135426523601
            ],
            [
              36.0920434085334,
              34.5926006048911
            ],
            [
              36.10730431685629,
              34.57266867697221
            ],
            [
              36.12040000693324,
              34.55171094955643
            ],
            [
              36.13123203710998,
              34.52988762088658
            ],
            [
              36.13971947034449,
              34.507365379030894
            ],
            [
              36.14579944361696,
              34.48431611521632
            ],
            [
              36.149427592932156,
              34.460915601166775
            ],
            [
              36.15057833235797,
              34.43734214093688
            ],
            [
              36.149244986798095,
              34.41377520779889
            ],
            [
              36.14543977939576,
              34.390394076720085
            ],
            [
              36.13919367559737,
              34.36737646286332
            ],
            [
              36.13055608696292,
              34.34489717636125
            ],
            [
              36.119594438787175,
              34.3231268033581
            ],
            [
              36.10639360648949,
              34.30223042299105
            ],
            [
              36.09105522653813,
              34.28236636959789
            ],
            [
              36.07369688839873,
              34.263685048999264
            ],
            [
              36.05445121463696,
              34.24632781721422
            ],
            [
              36.033464836866756,
              34.23042592943581
            ],
            [
              36.0108972757218,
              34.216099566522075
            ],
            [
              35.98691973344469,
              34.20345694565389
            ],
            [
              35.96171380804055,
              34.192593521178324
            ],
            [
              35.935470138236475,
              34.183591280998655
            ],
            [
              35.9083869887306,
              34.17651814319518
            ],
            [
              35.88066878541013,
              34.171427456866354
            ],
            [
              35.85252461037234,
              34.16835761047142
            ],
            [
              35.8241666667,
              34.16733175023818
            ],
            [
              35.79580872302766,
              34.16835761047142
            ],
            [
              35.767664547989874,
              34.171427456866354
            ],
            [
              35.739946344669406,
              34.17651814319518
            ],
            [
              35.71286319516353,
              34.183591280998655
            ],
            [
              35.686619525359454,
              34.192593521178324
            ],
            [
              35.66141359995532,
              34.20345694565389
            ],
            [
              35.6374360576782,
              34.216099566522075
            ],
            [
              35.61486849653325,
              34.23042592943581
            ],
            [
              35.59388211876304,
              34.24632781721422
            ],
            [
              35.574636445001275,
              34.263685048999264
            ],
            [
              35.55727810686187,
              34.28236636959789
            ],
            [
              35.54193972691051,
              34.30223042299105
            ],
            [
              35.52873889461283,
              34.3231268033581
            ],
            [
              35.517777246437085,
              34.34489717636125
            ],
            [
              35.509139657802635,
              34.36737646286332
            ],
            [
              35.502893554004245,
              34.390394076720085
            ],
            [
              35.49908834660191,
              34.41377520779889
            ],
            [
              35.49775500104203,
              34.43734214093688
            ],
            [
              35.49890574046785,
              34.460915601166775
            ],
            [
              35.502533889783045,
              34.48431611521632
            ],
            [
              35.508613863055515,
              34.507365379030894
            ],
            [
              35.51710129629002,
              34.52988762088658
            ],
            [
              35.527933326466766,
              34.55171094955643
            ],
            [
              35.54102901654371,
              34.57266867697221
            ],
            [
              35.556289924866604,
              34.5926006048911
            ],
            [
              35.57360081613322,
              34.61135426523601
            ],
            [
              35.59283050973319,
              34.62878610403131
            ],
            [
              35.61383285994982,
              34.644762599205066
            ],
            [
              35.63644786118276,
              34.65916130297398
            ],
            [
              35.66050287005247,
              34.67187180006679
            ],
            [
              35.68581393499784,
              34.682796573675084
            ],
            [
              35.7121872228009,
              34.691851771739216
            ],
            [
              35.73942053038624,
              34.698967866980254
            ],
            [
              35.76730486926849,
              34.70409020496582
            ],
            [
              35.79562610917822,
              34.707179435440366
            ],
            [
              35.8241666667,
              34.708211823150634
            ]
          ]
        ]
      },
      "properties": {
        "site_id": 1702,
        "name": "Rachid Karami International Fair-Tripoli"
      }
    },
    {
      "type": "Feature",
      "geometry": {
        "type": "Polygon",
        "coordinates": [
          [
            [
              35.9333333333,
              34.00240966894293
            ],
            [
              35.96163566567058,
              34.001377249097544
            ],
            [
              35.989720565729066,
              33.99828792047199
            ],
            [
              36.017372318772296,
              33.99316541315764
            ],
            [
              36.044378630264916,
              33.98604906905506
            ],
            [
              36.07053229847796,
              33.9769935314119
            ],
            [
              36.095632842691636,
              33.96606831398385
            ],
            [
              36.11948807297119,
              33.95335725357132
            ],
            [
              36.14191558820603,
              33.93895785068085
            ],
            [
              36.16274418992907,
              33.92298050399951
            ],
            [
              36.18181520038728,
              33.905547645246166
            ],
            [
              36.1989836744001,
              33.886792781763674
            ],
            [
              36.21411949569754,
              33.86685945493601
            ],
            [
              36.22710834965617,
              33.84590012314663
            ],
            [
              36.237852565626746,
              33.8240749785357
            ],
            [
              36.24627182335226,
              33.80155070726101
            ],
            [
              36.252303719289394,
              33.7784992033194
            ],
            [
              36.255904189951956,
              33.755096246242346
            ],
            [
              36.25704779067453,
              33.73152015314225
            ],
            [
              36.25572782943371,
              33.70795041565823
            ],
            [
              36.251956356550224,
              33.68456633233377
            ],
            [
              36.245764012217194,
              33.6615456468595
            ],
            [
              36.237199734850165,
              33.63906320243627
            ],
            [
              36.22633033422703,
              33.617289622262696
            ],
            [
              36.21323993427713,
              33.59639002583246
            ],
            [
              36.198029291187076,
              33.576522790346566
            ],
            [
              36.18081499321655,
              33.55783836610945
            ],
            [
              36.161728549261575,
              33.54047815429186
            ],
            [
              36.14091537376948,
              33.52457345491283
            ],
            [
              36.11853367610285,
              33.51024449232318
            ],
            [
              36.094753262873475,
              33.49759952486945
            ],
            [
              36.06975426212767,
              33.48673404478413
            ],
            [
              36.04372577856717,
              33.477730073689216
            ],
            [
              36.01686448923946,
              33.47065555842167
            ],
            [
              35.989373189334586,
              33.46556387119167
            ],
            [
              35.961459297886485,
              33.46249341737416
            ],
            [
              35.9333333333,
              33.461467353511416
            ],
            [
              35.90520736871351,
              33.46249341737416
            ],
            [
              35.87729347726541,
              33.46556387119167
            ],
            [
              35.84980217736054,
              33.47065555842167
            ],
            [
              35.822940888032825,
              33.477730073689216
            ],
            [
              35.79691240447233,
              33.48673404478413
            ],
            [
              35.77191340372652,
              33.49759952486945
            ],
            [
              35.74813299049715,
              33.51024449232318
            ],
            [
              35.725751292830516,
              33.52457345491283
            ],
            [
              35.70493811733842,
              33.54047815429186
            ],
            [
              35.685851673383446,
              33.55783836610945
            ],
            [
              35.66863737541292,
              33.576522790346566
            ],
            [
              35.65342673232287,
              33.59639002583246
            ],
            [
              35.64033633237297,
              33.617289622262696
            ],
            [
              35.62946693174983,
              33.63906320243627
            ],
            [
              35.6209026543828,
              33.6615456468595
            ],
            [
              35.61471031004977,
              33.68456633233377
            ],
            [
              35.61093883716629,
              33.70795041565823
            ],
            [
              35.60961887592547,
              33.73152015314225
            ],
            [
              35.61076247664804,
              33.755096246242346
            ],
            [
              35.6143629473106,
              33.7784992033194
            ],
            [
              35.62039484324774,
              33.80155070726101
            ],
            [
              35.62881410097325,
              33.8240749785357
            ],
            [
              35.63955831694383,
              33.84590012314663
            ],
            [
              35.65254717090246,
              33.86685945493601
            ],
            [
              35.6676829921999,
              33.886792781763674
            ],
            [
              35.68485146621272,
              33.905547645246166
            ],
            [
              35.703922476670925,
              33.92298050399951
            ],
            [
              35.724751078393965,
              33.93895785068085
            ],
            [
              35.74717859362881,
              33.95335725357132
            ],
            [
              35.77103382390836,
              33.96606831398385
            ],
            [
              35.79613436812204,
              33.9769935314119
            ],
            [
              35.82228803633508,
              33.98604906905506
            ],
            [
              35.8492943478277,
              33.99316541315764
            ],
            [
              35.87694610087093,
              33.99828792047199
            ],
            [
              35.90503100092942,
              34.001377249097544
            ],
            [
              35.9333333333,
              34.00240966894293
            ]
          ]
        ]
      },
      "properties": {
        "site_id": 293,
        "name": "Anjar"
      }
    },
    {
      "type": "Feature",
      "geometry": {
        "type": "Polygon",
        "coordinates": [
          [
            [
              51.6777777777,
              32.92796208398732
            ],
            [
              51.7057330639392,
              32.92692961481751
            ],
            [
              51.73347366455934,
              32.92384013562852
            ],
            [
              51.760786587379634,
              32.918717368853265
            ],
            [
              51.78746221233343,
              32.91160064399739
            ],
            [
              51.81329594079303,
              32.90254458771784
            ],
            [
              51.8380898012991,
              32.89161869371482
            ],
            [
              51.861653997957745,
              32.878906776165174
            ],
            [
              51.88380838842941,
              32.86450631141542
            ],
            [
              51.90438387923476,
              32.848527673588016
            ],
            [
              51.9232237270295,
              32.83109327062591
            ],
            [
              51.94018473553409,
              32.81233658809905
            ],
            [
              51.955138338927156,
              32.79240114881518
            ],
            [
              51.967971563705284,
              32.77143939691034
            ],
            [
              51.97858786225311,
              32.74961151563771
            ],
            [
              51.986907812641014,
              32.727084188523335
            ],
            [
              51.99286968045127,
              32.70402931391418
            ],
            [
              51.99642983971004,
              32.6806226832052
            ],
            [
              51.99756305125751,
              32.6570426332019
            ],
            [
              51.99626259810463,
              32.633468683152806
            ],
            [
              51.99254027849261,
              32.61008016697782
            ],
            [
              51.986426258478275,
              32.58705487112565
            ],
            [
              51.97796878690778,
              32.56456768832339
            ],
            [
              51.96723377660641,
              32.542789297236425
            ],
            [
              51.954304256500336,
              32.521884877744924
            ],
            [
              51.93927970019369,
              32.50201287116872
            ],
            [
              51.92227523725369,
              32.48332379434083
            ],
            [
              51.90342075410595,
              32.46595911594825
            ],
            [
              51.8828598920173,
              32.45005020303048
            ],
            [
              51.86074895014521,
              32.43571734495905
            ],
            [
              51.837255702068596,
              32.42306886161752
            ],
            [
              51.81255813458572,
              32.41220030186841
            ],
            [
              51.78684311787966,
              32.403193737733226
            ],
            [
              51.76030501641322,
              32.39611715903003
            ],
            [
              51.73314425012853,
              32.39102397251222
            ],
            [
              51.7055658156975,
              32.387952608836564
            ],
            [
              51.6777777777,
              32.386926239961106
            ],
            [
              51.649989739702505,
              32.387952608836564
            ],
            [
              51.62241130527147,
              32.39102397251222
            ],
            [
              51.59525053898678,
              32.39611715903003
            ],
            [
              51.56871243752034,
              32.403193737733226
            ],
            [
              51.54299742081428,
              32.41220030186841
            ],
            [
              51.518299853331406,
              32.42306886161752
            ],
            [
              51.494806605254794,
              32.43571734495905
            ],
            [
              51.4726956633827,
              32.45005020303048
            ],
            [
              51.45213480129405,
              32.46595911594825
            ],
            [
              51.43328031814631,
              32.48332379434083
            ],
            [
              51.416275855206315,
              32.50201287116872
            ],
            [
              51.401251298899666,
              32.521884877744924
            ],
            [
              51.38832177879359,
              32.542789297236425
            ],
            [
              51.37758676849222,
              32.56456768832339
            ],
            [
              51.36912929692173,
              32.58705487112565
            ],
            [
              51.36301527690739,
              32.61008016697782
            ],
            [
              51.359292957295374,
              32.633468683152806
            ],
            [
              51.357992504142494,
              32.6570426332019
            ],
            [
              51.35912571568996,
              32.6806226832052
            ],
            [
              51.36268587494873,
              32.70402931391418
            ],
            [
              51.36864774275899,
              32.727084188523335
            ],
            [
              51.376967693146895,
              32.74961151563771
            ],
            [
              51.38758399169472,
              32.77143939691034
            ],
            [
              51.400417216472846,
              32.79240114881518
            ],
            [
              51.41537081986591,
              32.81233658809905
            ],
            [
              51.4323318283705,
              32.83109327062591
            ],
            [
              51.451171676165245,
              32.848527673588016
            ],
            [
              51.471747166970594,
              32.86450631141542
            ],
            [
              51.49390155744226,
              32.878906776165174
            ],
            [
              51.517465754100904,
              32.89161869371482
            ],
            [
              51.54225961460697,
              32.90254458771784
            ],
            [
              51.56809334306657,
              32.91160064399739
            ],
            [
              51.59476896802037,
              32.918717368853265
            ],
            [
              51.62208189084066,
              32.92384013562852
            ],
            [
              51.6498224914608,
              32.92692961481751
            ],
            [
              51.6777777777,
              32.92796208398732
            ]
          ]
        ]
      },
      "properties": {
        "site_id": 115,
        "name": "Meidan Emam, Esfahan"
      }
    },
    {
      "type": "Feature",
      "geometry": {
        "type": "Polygon",
        "coordinates": [
          [
            [
              51.6852777778,
              32.94023377531394
            ],
            [
              51.713236924373355,
              32.939201306708796
            ],
            [
              51.740981354773254,
              32.93611182924299
            ],
            [
              51.76829804653343,
              32.93098906543562
            ],
            [
              51.79497734983638,
              32.923872344931794
            ],
            [
              51.82081463709759,
              32.914816294575175
            ],
            [
              51.84561190894496,
              32.90389040829163
            ],
            [
              51.86917934285374,
              32.89117850051252
            ],
            [
              51.891336771358496,
              32.876778047856114
            ],
            [
              51.91191507756492,
              32.86079942472107
            ],
            [
              51.93075749661162,
              32.84336503931761
            ],
            [
              51.947720812765716,
              32.82460837746025
            ],
            [
              51.96267644296047,
              32.8046729621652
            ],
            [
              51.975511398775886,
              32.783711237728106
            ],
            [
              51.986129120106234,
              32.76188338750114
            ],
            [
              51.99445017503142,
              32.73935609503885
            ],
            [
              52.000412821693004,
              32.716301258637834
            ],
            [
              52.003973429253044,
              32.692894669557944
            ],
            [
              52.00510675626847,
              32.66931466438119
            ],
            [
              52.00380608603072,
              32.645740762043324
            ],
            [
              52.0000832195878,
              32.622352296063774
            ],
            [
              51.993968328273276,
              32.599327052407574
            ],
            [
              51.98550966860622,
              32.576839923241685
            ],
            [
              51.974773163391426,
              32.55506158660442
            ],
            [
              51.961841853737205,
              32.53415722169337
            ],
            [
              51.94681522751599,
              32.51428526910366
            ],
            [
              51.92980843052172,
              32.49559624491652
            ],
            [
              51.91095136722801,
              32.47823161705596
            ],
            [
              51.89038769862546,
              32.46232275180424
            ],
            [
              51.86827374511902,
              32.44798993779821
            ],
            [
              51.844777302900695,
              32.435341494226165
            ],
            [
              51.82007638258501,
              32.42447296931082
            ],
            [
              51.794357879208235,
              32.415466434504275
            ],
            [
              51.76781618295429,
              32.408389879139015
            ],
            [
              51.740651740183054,
              32.403296709578164
            ],
            [
              51.713069574507905,
              32.400225356192884
            ],
            [
              51.6852777778,
              32.399198990767054
            ],
            [
              51.6574859810921,
              32.400225356192884
            ],
            [
              51.62990381541695,
              32.403296709578164
            ],
            [
              51.602739372645715,
              32.408389879139015
            ],
            [
              51.57619767639177,
              32.415466434504275
            ],
            [
              51.550479173015,
              32.42447296931082
            ],
            [
              51.52577825269931,
              32.435341494226165
            ],
            [
              51.50228181048099,
              32.44798993779821
            ],
            [
              51.480167856974546,
              32.46232275180424
            ],
            [
              51.459604188372,
              32.47823161705596
            ],
            [
              51.44074712507829,
              32.49559624491652
            ],
            [
              51.423740328084016,
              32.51428526910366
            ],
            [
              51.4087137018628,
              32.53415722169337
            ],
            [
              51.39578239220858,
              32.55506158660442
            ],
            [
              51.38504588699379,
              32.576839923241685
            ],
            [
              51.37658722732673,
              32.599327052407574
            ],
            [
              51.370472336012206,
              32.622352296063774
            ],
            [
              51.366749469569285,
              32.645740762043324
            ],
            [
              51.36544879933154,
              32.66931466438119
            ],
            [
              51.36658212634696,
              32.692894669557944
            ],
            [
              51.370142733907,
              32.716301258637834
            ],
            [
              51.37610538056859,
              32.73935609503885
            ],
            [
              51.38442643549377,
              32.76188338750114
            ],
            [
              51.39504415682412,
              32.783711237728106
            ],
            [
              51.407879112639534,
              32.8046729621652
            ],
            [
              51.42283474283429,
              32.82460837746025
            ],
            [
              51.43979805898839,
              32.84336503931761
            ],
            [
              51.458640478035086,
              32.86079942472107
            ],
            [
              51.47921878424151,
              32.876778047856114
            ],
            [
              51.501376212746266,
              32.89117850051252
            ],
            [
              51.524943646655046,
              32.90389040829163
            ],
            [
              51.549740918502415,
              32.914816294575175
            ],
            [
              51.57557820576363,
              32.923872344931794
            ],
            [
              51.602257509066575,
              32.93098906543562
            ],
            [
              51.62957420082675,
              32.93611182924299
            ],
            [
              51.65731863122665,
              32.939201306708796
            ],
            [
              51.6852777778,
              32.94023377531394
            ]
          ]
        ]
      },
      "properties": {
        "site_id": 1397,
        "name": "Masjed-e Jāmé of Isfahan"
      }
    },
    {
      "type": "Feature",
      "geometry": {
        "type": "Polygon",
        "coordinates": [
          [
            [
              48.3393444444,
              33.71232517205166
            ],
            [
              48.36755125246382,
              33.71129273892338
            ],
            [
              48.395541384213345,
              33.70820336974206
            ],
            [
              48.423099874291104,
              33.70308079250849
            ],
            [
              48.4500151642825,
              33.69596434573951
            ],
            [
              48.476080768938026,
              33.68690866815345
            ],
            [
              48.50109689819117,
              33.675983268030286
            ],
            [
              48.52487202105044,
              33.66327197599292
            ],
            [
              48.547224358120374,
              33.648872285949764
            ],
            [
              48.56798329032557,
              33.63289458987778
            ],
            [
              48.586990672358745,
              33.615461312999116
            ],
            [
              48.604102040430234,
              33.596705956704305
            ],
            [
              48.61918770504324,
              33.57677205729482
            ],
            [
              48.63213372073609,
              33.55581206925015
            ],
            [
              48.642842725999145,
              33.53398618226613
            ],
            [
              48.6512346478701,
              33.511461081759954
            ],
            [
              48.65724726701749,
              33.48840866288956
            ],
            [
              48.66083664041956,
              33.465004708394176
            ],
            [
              48.66197738001854,
              33.441427540726906
            ],
            [
              48.66066278696334,
              33.41785665902415
            ],
            [
              48.65690484223451,
              33.39447137144269
            ],
            [
              48.65073405556302,
              33.37144943329753
            ],
            [
              48.64219917560206,
              33.348965701257974
            ],
            [
              48.631366765281236,
              33.32719081360975
            ],
            [
              48.61832064716304,
              33.30628990627432
            ],
            [
              48.60316122442975,
              33.28642137389781
            ],
            [
              48.58600468385495,
              33.26773568488696
            ],
            [
              48.56698208776034,
              33.250374258784724
            ],
            [
              48.54623836252697,
              33.23446841384841
            ],
            [
              48.52393119172588,
              33.22013839212349
            ],
            [
              48.500229822359486,
              33.20749246870372
            ],
            [
              48.47531379306949,
              33.19662615123365
            ],
            [
              48.44937159347174,
              33.18762147505196
            ],
            [
              48.42259926403255,
              33.180546398693444
            ],
            [
              48.395198946106284,
              33.175454303769726
            ],
            [
              48.367377391918005,
              33.17238360253662
            ],
            [
              48.3393444444,
              33.17135745573206
            ],
            [
              48.31131149688199,
              33.17238360253662
            ],
            [
              48.28348994269371,
              33.175454303769726
            ],
            [
              48.25608962476745,
              33.180546398693444
            ],
            [
              48.22931729532826,
              33.18762147505196
            ],
            [
              48.20337509573051,
              33.19662615123365
            ],
            [
              48.17845906644051,
              33.20749246870372
            ],
            [
              48.15475769707412,
              33.22013839212349
            ],
            [
              48.132450526273026,
              33.23446841384841
            ],
            [
              48.11170680103966,
              33.250374258784724
            ],
            [
              48.092684204945044,
              33.26773568488696
            ],
            [
              48.07552766437025,
              33.28642137389781
            ],
            [
              48.06036824163696,
              33.30628990627432
            ],
            [
              48.04732212351876,
              33.32719081360975
            ],
            [
              48.03648971319794,
              33.348965701257974
            ],
            [
              48.027954833236976,
              33.37144943329753
            ],
            [
              48.021784046565486,
              33.39447137144269
            ],
            [
              48.018026101836654,
              33.41785665902415
            ],
            [
              48.016711508781455,
              33.441427540726906
            ],
            [
              48.017852248380436,
              33.465004708394176
            ],
            [
              48.02144162178251,
              33.48840866288956
            ],
            [
              48.0274542409299,
              33.511461081759954
            ],
            [
              48.03584616280085,
              33.53398618226613
            ],
            [
              48.046555168063904,
              33.55581206925015
            ],
            [
              48.05950118375676,
              33.57677205729482
            ],
            [
              48.07458684836976,
              33.596705956704305
            ],
            [
              48.09169821644125,
              33.615461312999116
            ],
            [
              48.110705598474425,
              33.63289458987778
            ],
            [
              48.13146453067962,
              33.648872285949764
            ],
            [
              48.153816867749555,
              33.66327197599292
            ],
            [
              48.177591990608825,
              33.675983268030286
            ],
            [
              48.20260811986197,
              33.68690866815345
            ],
            [
              48.2286737245175,
              33.69596434573951
            ],
            [
              48.25558901450889,
              33.70308079250849
            ],
            [
              48.28314750458665,
              33.70820336974206
            ],
            [
              48.31113763633618,
              33.71129273892338
            ],
            [
              48.3393444444,
              33.71232517205166
            ]
          ]
        ]
      },
      "properties": {
        "site_id": 1744,
        "name": "Prehistoric Sites of the Khorramabad Valley"
      }
    },
    {
      "type": "Feature",
      "geometry": {
        "type": "Polygon",
        "coordinates": [
          [
            [
              36.2041666667,
              34.27711979179431
            ],
            [
              36.23256073331672,
              34.27608738449162
            ],
            [
              36.260736641633486,
              34.2729980941692
            ],
            [
              36.28847795734697,
              34.26787565291464
            ],
            [
              36.31557167902112,
              34.26075940585942
            ],
            [
              36.34180991688692,
              34.25170400057628
            ],
            [
              36.36699152698446,
              34.24077895604994
            ],
            [
              36.39092368658862,
              34.228068114980665
            ],
            [
              36.41342339754721,
              34.21366898417737
            ],
            [
              36.434318904992914,
              34.19769196873754
            ],
            [
              36.453451019852906,
              34.180259506588335
            ],
            [
              36.47067433465281,
              34.16150511076287
            ],
            [
              36.4858583232762,
              34.14157232750706
            ],
            [
              36.49888831657547,
              34.1206136189435
            ],
            [
              36.50966634701467,
              34.09878917956051
            ],
            [
              36.518111856838104,
              34.076265696240355
            ],
            [
              36.52416226558094,
              34.05321506189175
            ],
            [
              36.527773394051245,
              34.0298130530071
            ],
            [
              36.52891974319921,
              34.00623798162668
            ],
            [
              36.52759462753423,
              33.98266933226158
            ],
            [
              36.52381016394154,
              33.95928639431006
            ],
            [
              36.5175971178759,
              33.93626690040028
            ],
            [
              36.50900460996299,
              33.913785680912525
            ],
            [
              36.49809968701367,
              33.89201334468157
            ],
            [
              36.484966762348364,
              33.87111499555884
            ],
            [
              36.469706931136976,
              33.851248994132845
            ],
            [
              36.45243716718475,
              33.832565773468424
            ],
            [
              36.43328940823716,
              33.81520671723876
            ],
            [
              36.4124095374418,
              33.79930310809215
            ],
            [
              36.38995626909532,
              33.784975153525764
            ],
            [
              36.366099947224846,
              33.77233109593468
            ],
            [
              36.34102126591043,
              33.76146641287122
            ],
            [
              36.31490992055474,
              33.75246311289189
            ],
            [
              36.28796319955299,
              33.74538913169112
            ],
            [
              36.26038452601663,
              33.74029783252375
            ],
            [
              36.23238195936244,
              33.737227614210354
            ],
            [
              36.2041666667,
              33.73620162929664
            ],
            [
              36.17595137403755,
              33.737227614210354
            ],
            [
              36.147948807383365,
              33.74029783252375
            ],
            [
              36.120370133847004,
              33.74538913169112
            ],
            [
              36.093423412845254,
              33.75246311289189
            ],
            [
              36.06731206748957,
              33.76146641287122
            ],
            [
              36.04223338617515,
              33.77233109593468
            ],
            [
              36.01837706430467,
              33.784975153525764
            ],
            [
              35.99592379595819,
              33.79930310809215
            ],
            [
              35.975043925162836,
              33.81520671723876
            ],
            [
              35.95589616621525,
              33.832565773468424
            ],
            [
              35.93862640226302,
              33.851248994132845
            ],
            [
              35.92336657105163,
              33.87111499555884
            ],
            [
              35.910233646386324,
              33.89201334468157
            ],
            [
              35.899328723437,
              33.913785680912525
            ],
            [
              35.89073621552409,
              33.93626690040028
            ],
            [
              35.884523169458454,
              33.95928639431006
            ],
            [
              35.88073870586577,
              33.98266933226158
            ],
            [
              35.879413590200784,
              34.00623798162668
            ],
            [
              35.88055993934875,
              34.0298130530071
            ],
            [
              35.884171067819054,
              34.05321506189175
            ],
            [
              35.89022147656189,
              34.076265696240355
            ],
            [
              35.89866698638532,
              34.09878917956051
            ],
            [
              35.90944501682453,
              34.1206136189435
            ],
            [
              35.9224750101238,
              34.14157232750706
            ],
            [
              35.93765899874718,
              34.16150511076287
            ],
            [
              35.95488231354709,
              34.180259506588335
            ],
            [
              35.97401442840708,
              34.19769196873754
            ],
            [
              35.99490993585278,
              34.21366898417737
            ],
            [
              36.01740964681137,
              34.228068114980665
            ],
            [
              36.04134180641554,
              34.24077895604994
            ],
            [
              36.06652341651307,
              34.25170400057628
            ],
            [
              36.092761654378876,
              34.26075940585942
            ],
            [
              36.119855376053025,
              34.26787565291464
            ],
            [
              36.14759669176651,
              34.2729980941692
            ],
            [
              36.17577260008328,
              34.27608738449162
            ],
            [
              36.2041666667,
              34.27711979179431
            ]
          ]
        ]
      },
      "properties": {
        "site_id": 294,
        "name": "Baalbek"
      }
    },
    {
      "type": "Feature",
      "geometry": {
        "type": "Polygon",
        "coordinates": [
          [
            [
              36.0488888889,
              34.513498232485794
            ],
            [
              36.07736289334953,
              34.512465835941285
            ],
            [
              36.105618106877614,
              34.50937657847873
            ],
            [
              36.13343746812548,
              34.504254193916445
            ],
            [
              36.160607359667544,
              34.497138030187244
            ],
            [
              36.18691929217984,
              34.48808273861406
            ],
            [
              36.21217154375733,
              34.4771578427159
            ],
            [
              36.23617074026274,
              34.46444719030949
            ],
            [
              36.25873336328194,
              34.45004829366984
            ],
            [
              36.27968717309928,
              34.43407156345538
            ],
            [
              36.29887253507506,
              34.416639442980106
            ],
            [
              36.316143638887674,
              34.39788545021646
            ],
            [
              36.33136960127428,
              34.37795313563324
            ],
            [
              36.34443544414699,
              34.3569949646046
            ],
            [
              36.355242941252996,
              34.33517113366668
            ],
            [
              36.36371132786882,
              34.31264833034432
            ],
            [
              36.36977786934729,
              34.289598446619884
            ],
            [
              36.37339828565628,
              34.26619725637084
            ],
            [
              36.37454703034027,
              34.24262306726244
            ],
            [
              36.373217423585636,
              34.219055357651136
            ],
            [
              36.369421640266154,
              34.195673409034264
            ],
            [
              36.3631905549742,
              34.172654944479234
            ],
            [
              36.35457344709894,
              34.15017478328345
            ],
            [
              36.34363756998885,
              34.12840352186264
            ],
            [
              36.3304675891289,
              34.107506250542144
            ],
            [
              36.31516489507078,
              34.087641315544055
            ],
            [
              36.29784679757883,
              34.06895913502352
            ],
            [
              36.27864560809611,
              34.05160107752001
            ],
            [
              36.25770761819737,
              34.035698410657226
            ],
            [
              36.23519198218442,
              34.02137132735453
            ],
            [
              36.21126951239758,
              34.00872805620913
            ],
            [
              36.18612139617194,
              33.99786406207487
            ],
            [
              36.15993784366371,
              33.9888613422065
            ],
            [
              36.1329166760165,
              33.98178782265964
            ],
            [
              36.10526186353506,
              33.97669685894259
            ],
            [
              36.07718202369054,
              33.97362684420606
            ],
            [
              36.0488888889,
              33.972600927538544
            ],
            [
              36.020595754109465,
              33.97362684420606
            ],
            [
              35.99251591426494,
              33.97669685894259
            ],
            [
              35.964861101783505,
              33.98178782265964
            ],
            [
              35.93783993413629,
              33.9888613422065
            ],
            [
              35.91165638162806,
              33.99786406207487
            ],
            [
              35.886508265402426,
              34.00872805620913
            ],
            [
              35.86258579561559,
              34.02137132735453
            ],
            [
              35.84007015960263,
              34.035698410657226
            ],
            [
              35.81913216970389,
              34.05160107752001
            ],
            [
              35.79993098022118,
              34.06895913502352
            ],
            [
              35.782612882729225,
              34.087641315544055
            ],
            [
              35.767310188671104,
              34.107506250542144
            ],
            [
              35.754140207811155,
              34.12840352186264
            ],
            [
              35.74320433070106,
              34.15017478328345
            ],
            [
              35.7345872228258,
              34.172654944479234
            ],
            [
              35.72835613753385,
              34.195673409034264
            ],
            [
              35.72456035421437,
              34.219055357651136
            ],
            [
              35.72323074745974,
              34.24262306726244
            ],
            [
              35.724379492143726,
              34.26619725637084
            ],
            [
              35.727999908452716,
              34.289598446619884
            ],
            [
              35.734066449931184,
              34.31264833034432
            ],
            [
              35.74253483654701,
              34.33517113366668
            ],
            [
              35.753342333653016,
              34.3569949646046
            ],
            [
              35.76640817652572,
              34.37795313563324
            ],
            [
              35.78163413891233,
              34.39788545021646
            ],
            [
              35.79890524272494,
              34.416639442980106
            ],
            [
              35.81809060470072,
              34.43407156345538
            ],
            [
              35.839044414518064,
              34.45004829366984
            ],
            [
              35.86160703753726,
              34.46444719030949
            ],
            [
              35.885606234042676,
              34.4771578427159
            ],
            [
              35.91085848562017,
              34.48808273861406
            ],
            [
              35.93717041813246,
              34.497138030187244
            ],
            [
              35.964340309674526,
              34.504254193916445
            ],
            [
              35.99215967092239,
              34.50937657847873
            ],
            [
              36.020414884450474,
              34.512465835941285
            ],
            [
              36.0488888889,
              34.513498232485794
            ]
          ]
        ]
      },
      "properties": {
        "site_id": 850,
        "name": "Ouadi Qadisha (the Holy Valley) and the Forest of the Cedars of God (Horsh Arz el-Rab)"
      }
    },
    {
      "type": "Feature",
      "geometry": {
        "type": "Polygon",
        "coordinates": [
          [
            [
              51.4205111111,
              35.95074512274622
            ],
            [
              51.44949178933107,
              35.94971279062634
            ],
            [
              51.47824966693854,
              35.94662373009017
            ],
            [
              51.506563708140625,
              35.941501685756656
            ],
            [
              51.534216391227226,
              35.934386023042464
            ],
            [
              51.56099542675617,
              35.925331416679995
            ],
            [
              51.58669542967154,
              35.91440741849932
            ],
            [
              51.61111953085529,
              35.90169790827378
            ],
            [
              51.634080914346065,
              35.88730043243532
            ],
            [
              51.65540426733446,
              35.87132543641446
            ],
            [
              51.67492713105374,
              35.85389539724115
            ],
            [
              51.69250114181045,
              35.8351438638472
            ],
            [
              51.707993152618414,
              35.815214413232674
            ],
            [
              51.72128622719074,
              35.79425953128961
            ],
            [
              51.73228049938528,
              35.772439427614295
            ],
            [
              51.74089389256653,
              35.74992079408069
            ],
            [
              51.7470626947216,
              35.72687551729155
            ],
            [
              51.7507419865286,
              35.70347935527069
            ],
            [
              51.75190592090544,
              35.67991058891148
            ],
            [
              51.75054785384919,
              35.656348658756265
            ],
            [
              51.74668032759874,
              35.6329727976517
            ],
            [
              51.74033490830394,
              35.60996066971274
            ],
            [
              51.73156188145631,
              35.587487025835784
            ],
            [
              51.72042980932242,
              35.56572238573824
            ],
            [
              51.70702495551917,
              35.544831756170524
            ],
            [
              51.691450582678584,
              35.52497339455562
            ],
            [
              51.67382612986895,
              35.50629762686596
            ],
            [
              51.6542862770733,
              35.48894572805362
            ],
            [
              51.63297990457685,
              35.47304887281406
            ],
            [
              51.61006895558997,
              35.45872716389014
            ],
            [
              51.58572721083578,
              35.44608874451844
            ],
            [
              51.56013898417,
              35.43522900098765
            ],
            [
              51.533497748580416,
              35.42622986062345
            ],
            [
              51.506004702141524,
              35.41915918984042
            ],
            [
              51.477867283682244,
              35.4140702962113
            ],
            [
              51.449297648067244,
              35.41100153780168
            ],
            [
              51.4205111111,
              35.409976042306106
            ],
            [
              51.39172457413275,
              35.41100153780168
            ],
            [
              51.36315493851775,
              35.4140702962113
            ],
            [
              51.33501752005847,
              35.41915918984042
            ],
            [
              51.30752447361958,
              35.42622986062345
            ],
            [
              51.28088323802999,
              35.43522900098765
            ],
            [
              51.25529501136422,
              35.44608874451844
            ],
            [
              51.23095326661002,
              35.45872716389014
            ],
            [
              51.208042317623146,
              35.47304887281406
            ],
            [
              51.1867359451267,
              35.48894572805362
            ],
            [
              51.16719609233105,
              35.50629762686596
            ],
            [
              51.14957163952141,
              35.52497339455562
            ],
            [
              51.13399726668083,
              35.544831756170524
            ],
            [
              51.12059241287758,
              35.56572238573824
            ],
            [
              51.10946034074369,
              35.587487025835784
            ],
            [
              51.10068731389605,
              35.60996066971274
            ],
            [
              51.09434189460126,
              35.6329727976517
            ],
            [
              51.090474368350804,
              35.656348658756265
            ],
            [
              51.08911630129455,
              35.67991058891148
            ],
            [
              51.09028023567139,
              35.70347935527069
            ],
            [
              51.0939595274784,
              35.72687551729155
            ],
            [
              51.10012832963346,
              35.74992079408069
            ],
            [
              51.10874172281471,
              35.772439427614295
            ],
            [
              51.11973599500926,
              35.79425953128961
            ],
            [
              51.13302906958158,
              35.815214413232674
            ],
            [
              51.14852108038954,
              35.8351438638472
            ],
            [
              51.16609509114625,
              35.85389539724115
            ],
            [
              51.185617954865535,
              35.87132543641446
            ],
            [
              51.20694130785393,
              35.88730043243532
            ],
            [
              51.229902691344705,
              35.90169790827378
            ],
            [
              51.25432679252845,
              35.91440741849932
            ],
            [
              51.280026795443824,
              35.925331416679995
            ],
            [
              51.30680583097277,
              35.934386023042464
            ],
            [
              51.33445851405937,
              35.941501685756656
            ],
            [
              51.36277255526146,
              35.94662373009017
            ],
            [
              51.391530432868926,
              35.94971279062634
            ],
            [
              51.4205111111,
              35.95074512274622
            ]
          ]
        ]
      },
      "properties": {
        "site_id": 1422,
        "name": "Golestan Palace"
      }
    },
    {
      "type": "Feature",
      "geometry": {
        "type": "Polygon",
        "coordinates": [
          [
            [
              51.3983333333,
              35.92868500589784
            ],
            [
              51.42730595955763,
              35.92765267280536
            ],
            [
              51.4560558489135,
              35.92456360929399
            ],
            [
              51.484362028746986,
              35.91944155981319
            ],
            [
              51.51200703939441,
              35.91232588950502
            ],
            [
              51.53877865180453,
              35.90327127273432
            ],
            [
              51.56447153913553,
              35.89234726088643
            ],
            [
              51.58888888781082,
              35.87963773323262
            ],
            [
              51.611843934272734,
              35.86524023566787
            ],
            [
              51.63316141454847,
              35.84926521307583
            ],
            [
              51.652678914751256,
              35.83183514195565
            ],
            [
              51.670248111764735,
              35.813083570751125
            ],
            [
              51.68573589457676,
              35.793154076043194
            ],
            [
              51.699025358019206,
              35.77219914339854
            ],
            [
              51.71001666201026,
              35.75037898220432
            ],
            [
              51.71862775076272,
              35.727860284261354
            ],
            [
              51.72479492779564,
              35.70481493625108
            ],
            [
              51.72847328394669,
              35.68141869643951
            ],
            [
              51.729636976911564,
              35.65784984613272
            ],
            [
              51.72827936211878,
              35.634287826458205
            ],
            [
              51.72441297596991,
              35.61091187101705
            ],
            [
              51.718069373625674,
              35.58789964483955
            ],
            [
              51.70929882458992,
              35.5654258998851
            ],
            [
              51.698169870329366,
              35.543661157063774
            ],
            [
              51.68476874906496,
              35.52277042442619
            ],
            [
              51.66919869367919,
              35.502911960777254
            ],
            [
              51.65157910940296,
              35.484236093524366
            ],
            [
              51.63204463857982,
              35.46688409907673
            ],
            [
              51.61074412035637,
              35.450987153576904
            ],
            [
              51.58783945362258,
              35.43666536117216
            ],
            [
              51.563504371928644,
              35.424026866428655
            ],
            [
              51.53792313944393,
              35.413167056858825
            ],
            [
              51.51128917730332,
              35.40416786087775
            ],
            [
              51.483803629914846,
              35.39709714582908
            ],
            [
              51.45567388098508,
              35.39200822003236
            ],
            [
              51.42711202916166,
              35.3889394420998
            ],
            [
              51.3983333333,
              35.38791394005924
            ],
            [
              51.36955463743834,
              35.3889394420998
            ],
            [
              51.34099278561492,
              35.39200822003236
            ],
            [
              51.31286303668516,
              35.39709714582908
            ],
            [
              51.285377489296685,
              35.40416786087775
            ],
            [
              51.25874352715607,
              35.413167056858825
            ],
            [
              51.23316229467136,
              35.424026866428655
            ],
            [
              51.208827212977425,
              35.43666536117216
            ],
            [
              51.18592254624363,
              35.450987153576904
            ],
            [
              51.16462202802018,
              35.46688409907673
            ],
            [
              51.145087557197044,
              35.484236093524366
            ],
            [
              51.12746797292081,
              35.502911960777254
            ],
            [
              51.111897917535046,
              35.52277042442619
            ],
            [
              51.09849679627064,
              35.543661157063774
            ],
            [
              51.08736784201008,
              35.5654258998851
            ],
            [
              51.07859729297433,
              35.58789964483955
            ],
            [
              51.07225369063009,
              35.61091187101705
            ],
            [
              51.06838730448122,
              35.634287826458205
            ],
            [
              51.06702968968844,
              35.65784984613272
            ],
            [
              51.06819338265331,
              35.68141869643951
            ],
            [
              51.07187173880436,
              35.70481493625108
            ],
            [
              51.07803891583728,
              35.727860284261354
            ],
            [
              51.08665000458974,
              35.75037898220432
            ],
            [
              51.0976413085808,
              35.77219914339854
            ],
            [
              51.110930772023245,
              35.793154076043194
            ],
            [
              51.12641855483527,
              35.813083570751125
            ],
            [
              51.14398775184875,
              35.83183514195565
            ],
            [
              51.163505252051536,
              35.84926521307583
            ],
            [
              51.18482273232727,
              35.86524023566787
            ],
            [
              51.207777778789186,
              35.87963773323262
            ],
            [
              51.23219512746447,
              35.89234726088643
            ],
            [
              51.257888014795476,
              35.90327127273432
            ],
            [
              51.28465962720559,
              35.91232588950502
            ],
            [
              51.31230463785302,
              35.91944155981319
            ],
            [
              51.3406108176865,
              35.92456360929399
            ],
            [
              51.369360707042375,
              35.92765267280536
            ],
            [
              51.3983333333,
              35.92868500589784
            ]
          ]
        ]
      },
      "properties": {
        "site_id": 1585,
        "name": "Trans-Iranian Railway"
      }
    },
    {
      "type": "Feature",
      "geometry": {
        "type": "Polygon",
        "coordinates": [
          [
            [
              48.5183333334,
              35.07397332684146
            ],
            [
              48.54700065315624,
              35.072940955647816
            ],
            [
              48.57544765213221,
              35.06985177564254
            ],
            [
              48.6034557525704,
              35.06472952479775
            ],
            [
              48.6308098474064,
              35.057613557769855
            ],
            [
              48.657299997420175,
              35.04855853488338
            ],
            [
              48.68272308306814,
              35.03763399054222
            ],
            [
              48.706884396737145,
              35.02492378484735
            ],
            [
              48.72959916186524,
              35.01052544320036
            ],
            [
              48.75069396622653,
              34.9945493896178
            ],
            [
              48.770008097662014,
              34.977118080359254
            ],
            [
              48.78739477163538,
              34.95836504527486
            ],
            [
              48.802722241182956,
              34.938433844999096
            ],
            [
              48.815874781087814,
              34.917476952748835
            ],
            [
              48.82675353941864,
              34.89565457002338
            ],
            [
              48.835277250912995,
              34.87313338594818
            ],
            [
              48.841382808031064,
              34.850085290351565
            ],
            [
              48.84502568684122,
              34.826686050915214
            ],
            [
              48.84618022620546,
              34.80311396489594
            ],
            [
              48.844839759995196,
              34.77954849598155
            ],
            [
              48.84101660327303,
              34.75616890682031
            ],
            [
              48.834741894514295,
              34.73315289765668
            ],
            [
              48.8260652970032,
              34.710675261320944
            ],
            [
              48.8150545635191,
              34.68890656456187
            ],
            [
              48.80179496932266,
              34.668011865386646
            ],
            [
              48.78638861926037,
              34.648149475685926
            ],
            [
              48.7689536355281,
              34.62946977798069
            ],
            [
              48.7496232332729,
              34.61211410463761
            ],
            [
              48.72854469177082,
              34.59621368736568
            ],
            [
              48.70587822940129,
              34.58188868423557
            ],
            [
              48.681795791051144,
              34.56924729085881
            ],
            [
              48.65647975693011,
              34.5583849417309
            ],
            [
              48.63012158206961,
              34.549383607086234
            ],
            [
              48.602920376015,
              34.54231118993603
            ],
            [
              48.575081432413334,
              34.5372210272673
            ],
            [
              48.546814718349715,
              34.53415149867485
            ],
            [
              48.5183333334,
              34.533125744981206
            ],
            [
              48.48985194845029,
              34.53415149867485
            ],
            [
              48.46158523438667,
              34.5372210272673
            ],
            [
              48.433746290785,
              34.54231118993603
            ],
            [
              48.40654508473039,
              34.549383607086234
            ],
            [
              48.38018690986989,
              34.5583849417309
            ],
            [
              48.35487087574886,
              34.56924729085881
            ],
            [
              48.33078843739871,
              34.58188868423557
            ],
            [
              48.30812197502918,
              34.59621368736568
            ],
            [
              48.2870434335271,
              34.61211410463761
            ],
            [
              48.2677130312719,
              34.62946977798069
            ],
            [
              48.25027804753963,
              34.648149475685926
            ],
            [
              48.234871697477345,
              34.668011865386646
            ],
            [
              48.221612103280904,
              34.68890656456187
            ],
            [
              48.210601369796805,
              34.710675261320944
            ],
            [
              48.20192477228571,
              34.73315289765668
            ],
            [
              48.19565006352697,
              34.75616890682031
            ],
            [
              48.191826906804806,
              34.77954849598155
            ],
            [
              48.19048644059454,
              34.80311396489594
            ],
            [
              48.191640979958784,
              34.826686050915214
            ],
            [
              48.19528385876894,
              34.850085290351565
            ],
            [
              48.20138941588701,
              34.87313338594818
            ],
            [
              48.20991312738136,
              34.89565457002338
            ],
            [
              48.22079188571219,
              34.917476952748835
            ],
            [
              48.23394442561705,
              34.938433844999096
            ],
            [
              48.249271895164625,
              34.95836504527486
            ],
            [
              48.26665856913799,
              34.977118080359254
            ],
            [
              48.285972700573474,
              34.9945493896178
            ],
            [
              48.307067504934764,
              35.01052544320036
            ],
            [
              48.32978227006286,
              35.02492378484735
            ],
            [
              48.35394358373186,
              35.03763399054222
            ],
            [
              48.37936666937983,
              35.04855853488338
            ],
            [
              48.405856819393605,
              35.057613557769855
            ],
            [
              48.433210914229605,
              35.06472952479775
            ],
            [
              48.46121901466779,
              35.06985177564254
            ],
            [
              48.48966601364376,
              35.072940955647816
            ],
            [
              48.5183333334,
              35.07397332684146
            ]
          ]
        ]
      },
      "properties": {
        "site_id": 1716,
        "name": "Hegmataneh"
      }
    },
    {
      "type": "Feature",
      "geometry": {
        "type": "Polygon",
        "coordinates": [
          [
            [
              48.522118,
              32.27911000441329
            ],
            [
              48.549872489097005,
              32.27807750538826
            ],
            [
              48.57741388195247,
              32.27498793510578
            ],
            [
              48.60453076177262,
              32.26986501148124
            ],
            [
              48.63101505606332,
              32.262748056709405
            ],
            [
              48.656663672460525,
              32.25369168766252
            ],
            [
              48.68128009145191,
              32.2427653862145
            ],
            [
              48.70467590239994,
              32.230052953204314
            ],
            [
              48.726672269926006,
              32.21565185073906
            ],
            [
              48.747101318501514,
              32.19967243846932
            ],
            [
              48.76580742400254,
              32.18223711033944
            ],
            [
              48.782648402000376,
              32.163479339112
            ],
            [
              48.79749658366528,
              32.143542636684494
            ],
            [
              48.810239771333755,
              32.12257943884945
            ],
            [
              48.820782067013745,
              32.100749923693314
            ],
            [
              48.82904456835483,
              32.07822077328155
            ],
            [
              48.83496592787758,
              32.05516388863635
            ],
            [
              48.838502772515675,
              32.03175506827811
            ],
            [
              48.839629981764446,
              32.008172660774854
            ],
            [
              48.838340823933166,
              31.984596201825934
            ],
            [
              48.834646951154745,
              31.961205046401517
            ],
            [
              48.828578254905054,
              31.938177006371813
            ],
            [
              48.82018258481725,
              31.915687003892884
            ],
            [
              48.809525334537284,
              31.89390575057617
            ],
            [
              48.79668889925286,
              31.872998462160034
            ],
            [
              48.78177201033616,
              31.8531236180309
            ],
            [
              48.764888953270805,
              31.834431774512932
            ],
            [
              48.74616867568711,
              31.817064440365765
            ],
            [
              48.72575379290888,
              31.801153022403902
            ],
            [
              48.70379949892303,
              31.786817848584345
            ],
            [
              48.68047239112428,
              31.774167275306958
            ],
            [
              48.655949217565954,
              31.7632968850374
            ],
            [
              48.63041555576874,
              31.75428877970243
            ],
            [
              48.604064432407654,
              31.747210974622988
            ],
            [
              48.577094893416934,
              31.742116897048373
            ],
            [
              48.54971053422909,
              31.73904499263596
            ],
            [
              48.522118,
              31.738018442490418
            ],
            [
              48.494525465770906,
              31.73904499263596
            ],
            [
              48.467141106583064,
              31.742116897048373
            ],
            [
              48.440171567592344,
              31.747210974622988
            ],
            [
              48.413820444231256,
              31.75428877970243
            ],
            [
              48.388286782434044,
              31.7632968850374
            ],
            [
              48.363763608875715,
              31.774167275306958
            ],
            [
              48.340436501076965,
              31.786817848584345
            ],
            [
              48.318482207091115,
              31.801153022403902
            ],
            [
              48.29806732431289,
              31.817064440365765
            ],
            [
              48.27934704672919,
              31.834431774512932
            ],
            [
              48.262463989663836,
              31.8531236180309
            ],
            [
              48.24754710074714,
              31.872998462160034
            ],
            [
              48.234710665462714,
              31.89390575057617
            ],
            [
              48.224053415182745,
              31.915687003892884
            ],
            [
              48.215657745094944,
              31.938177006371813
            ],
            [
              48.20958904884525,
              31.961205046401517
            ],
            [
              48.20589517606683,
              31.984596201825934
            ],
            [
              48.20460601823555,
              32.008172660774854
            ],
            [
              48.20573322748432,
              32.03175506827811
            ],
            [
              48.209270072122415,
              32.05516388863635
            ],
            [
              48.21519143164517,
              32.07822077328155
            ],
            [
              48.22345393298625,
              32.100749923693314
            ],
            [
              48.23399622866624,
              32.12257943884945
            ],
            [
              48.24673941633472,
              32.143542636684494
            ],
            [
              48.26158759799962,
              32.163479339112
            ],
            [
              48.27842857599746,
              32.18223711033944
            ],
            [
              48.297134681498484,
              32.19967243846932
            ],
            [
              48.31756373007399,
              32.21565185073906
            ],
            [
              48.33956009760006,
              32.230052953204314
            ],
            [
              48.36295590854809,
              32.2427653862145
            ],
            [
              48.38757232753947,
              32.25369168766252
            ],
            [
              48.41322094393668,
              32.262748056709405
            ],
            [
              48.439705238227376,
              32.26986501148124
            ],
            [
              48.46682211804753,
              32.27498793510578
            ],
            [
              48.49436351090299,
              32.27807750538826
            ],
            [
              48.522118,
              32.27911000441329
            ]
          ]
        ]
      },
      "properties": {
        "site_id": 113,
        "name": "Tchogha Zanbil"
      }
    },
    {
      "type": "Feature",
      "geometry": {
        "type": "Polygon",
        "coordinates": [
          [
            [
              52.89028,
              30.20506715691453
            ],
            [
              52.917434523714014,
              30.2040345633849
            ],
            [
              52.944380701396035,
              30.20094470486502
            ],
            [
              52.97091182461439,
              30.195821285304532
            ],
            [
              52.996824446040776,
              30.188703604297753
            ],
            [
              53.021919974919264,
              30.17964624847159
            ],
            [
              53.04600623088348,
              30.16871866314816
            ],
            [
              53.06889894297361,
              30.156004607949818
            ],
            [
              53.090423181318194,
              30.141601500991644
            ],
            [
              53.11041470968856,
              30.125619657229812
            ],
            [
              53.12872124799552,
              30.108181427397874
            ],
            [
              53.14520363476028,
              30.089420244756113
            ],
            [
              53.15973688064008,
              30.069479587595932
            ],
            [
              53.17221110520481,
              30.048511866075323
            ],
            [
              53.18253235032595,
              30.02667724250915
            ],
            [
              53.19062326473753,
              30.004142394695567
            ],
            [
              53.1964236555405,
              29.98107923222654
            ],
            [
              53.19989090363309,
              29.95766357600475
            ],
            [
              53.20100024124473,
              29.934073811373118
            ],
            [
              53.19974489091587,
              29.910489525357555
            ],
            [
              53.19613606638981,
              29.88709013853172
            ],
            [
              53.190202836955436,
              29.86405354193776
            ],
            [
              53.18199185779323,
              29.84155474934377
            ],
            [
              53.171566969826046,
              29.81976457489088
            ],
            [
              53.15900867345524,
              29.79884834588666
            ],
            [
              53.14441348137154,
              29.778964660140687
            ],
            [
              53.12789315636498,
              29.760264196819442
            ],
            [
              53.10957384072258,
              29.742888589325094
            ],
            [
              53.089595084394794,
              29.72696936818262
            ],
            [
              53.068108779637534,
              29.71262698135626
            ],
            [
              53.045278010296606,
              29.69996989881509
            ],
            [
              53.021275824300275,
              29.689093807532757
            ],
            [
              52.99628393826784,
              29.68008090244249
            ],
            [
              52.970491383430264,
              29.672999278180022
            ],
            [
              52.944093102298,
              29.66790242573758
            ],
            [
              52.91728850570393,
              29.66482883742494
            ],
            [
              52.89028,
              29.663801722793142
            ],
            [
              52.863271494296065,
              29.66482883742494
            ],
            [
              52.836466897701996,
              29.66790242573758
            ],
            [
              52.81006861656973,
              29.672999278180022
            ],
            [
              52.78427606173216,
              29.68008090244249
            ],
            [
              52.75928417569972,
              29.689093807532757
            ],
            [
              52.73528198970339,
              29.69996989881509
            ],
            [
              52.71245122036246,
              29.71262698135626
            ],
            [
              52.6909649156052,
              29.72696936818262
            ],
            [
              52.67098615927741,
              29.742888589325094
            ],
            [
              52.65266684363501,
              29.760264196819442
            ],
            [
              52.63614651862846,
              29.778964660140687
            ],
            [
              52.621551326544754,
              29.79884834588666
            ],
            [
              52.60899303017395,
              29.81976457489088
            ],
            [
              52.598568142206766,
              29.84155474934377
            ],
            [
              52.59035716304456,
              29.86405354193776
            ],
            [
              52.58442393361018,
              29.88709013853172
            ],
            [
              52.58081510908412,
              29.910489525357555
            ],
            [
              52.579559758755266,
              29.934073811373118
            ],
            [
              52.580669096366904,
              29.95766357600475
            ],
            [
              52.584136344459495,
              29.98107923222654
            ],
            [
              52.58993673526246,
              30.004142394695567
            ],
            [
              52.598027649674044,
              30.02667724250915
            ],
            [
              52.608348894795185,
              30.048511866075323
            ],
            [
              52.62082311935991,
              30.069479587595932
            ],
            [
              52.635356365239716,
              30.089420244756113
            ],
            [
              52.65183875200447,
              30.108181427397874
            ],
            [
              52.67014529031143,
              30.125619657229812
            ],
            [
              52.6901368186818,
              30.141601500991644
            ],
            [
              52.71166105702638,
              30.156004607949818
            ],
            [
              52.734553769116516,
              30.16871866314816
            ],
            [
              52.75864002508073,
              30.17964624847159
            ],
            [
              52.78373555395922,
              30.188703604297753
            ],
            [
              52.809648175385604,
              30.195821285304532
            ],
            [
              52.83617929860396,
              30.20094470486502
            ],
            [
              52.86312547628598,
              30.2040345633849
            ],
            [
              52.89028,
              30.20506715691453
            ]
          ]
        ]
      },
      "properties": {
        "site_id": 114,
        "name": "Persepolis"
      }
    },
    {
      "type": "Feature",
      "geometry": {
        "type": "Polygon",
        "coordinates": [
          [
            [
              44.4208333333,
              32.81248651880852
            ],
            [
              44.44875240901351,
              32.81145404432472
            ],
            [
              44.47645708571535,
              32.80836454891994
            ],
            [
              44.50373465530958,
              32.803241754217446
            ],
            [
              44.53037577679919,
              32.796124988412544
            ],
            [
              44.55617612317789,
              32.78706887640846
            ],
            [
              44.58093798481404,
              32.77614290978564
            ],
            [
              44.60447181561659,
              32.76343090033013
            ],
            [
              44.626597708931456,
              32.7490303218358
            ],
            [
              44.64714679091544,
              32.733051545830556
            ],
            [
              44.66596252005827,
              32.715616977747196
            ],
            [
              44.68290188255444,
              32.6968601008586
            ],
            [
              44.697836474346026,
              32.67692443601485
            ],
            [
              44.710653461847684,
              32.65596242585377
            ],
            [
              44.72125641460314,
              32.63413425269891
            ],
            [
              44.72956600439257,
              32.61160659981017
            ],
            [
              44.73552056659004,
              32.58855136600877
            ],
            [
              44.73907652084463,
              32.56514434396059
            ],
            [
              44.74020864941011,
              32.54156387257224
            ],
            [
              44.738910232662754,
              32.51798947403271
            ],
            [
              44.73519304251206,
              32.494600486025796
            ],
            [
              44.729087195514616,
              32.471574699546686
            ],
            [
              44.72064086853993,
              32.44908701258647
            ],
            [
              44.70991988080112,
              32.42730810970418
            ],
            [
              44.69700714695125,
              32.40640317719509
            ],
            [
              44.682002006753876,
              32.38653066318955
            ],
            [
              44.6650194375655,
              32.36784109158628
            ],
            [
              44.64618915651824,
              32.35047593824216
            ],
            [
              44.62565461986639,
              32.33456657731356
            ],
            [
              44.603571927464145,
              32.32023330507608
            ],
            [
              44.58010864077762,
              32.30758444794725
            ],
            [
              44.55544252320715,
              32.2967155608023
            ],
            [
              44.529760211811805,
              32.28770872101384
            ],
            [
              44.503255829789985,
              32.28063192296332
            ],
            [
              44.47612954928549,
              32.2755385770716
            ],
            [
              44.448586114259335,
              32.2724671166796
            ],
            [
              44.4208333333,
              32.271440715382035
            ],
            [
              44.39308055234067,
              32.2724671166796
            ],
            [
              44.36553711731452,
              32.2755385770716
            ],
            [
              44.33841083681002,
              32.28063192296332
            ],
            [
              44.3119064547882,
              32.28770872101384
            ],
            [
              44.28622414339286,
              32.2967155608023
            ],
            [
              44.26155802582239,
              32.30758444794725
            ],
            [
              44.23809473913586,
              32.32023330507608
            ],
            [
              44.21601204673362,
              32.33456657731356
            ],
            [
              44.195477510081766,
              32.35047593824216
            ],
            [
              44.17664722903451,
              32.36784109158628
            ],
            [
              44.15966465984613,
              32.38653066318955
            ],
            [
              44.144659519648755,
              32.40640317719509
            ],
            [
              44.13174678579889,
              32.42730810970418
            ],
            [
              44.121025798060074,
              32.44908701258647
            ],
            [
              44.11257947108539,
              32.471574699546686
            ],
            [
              44.10647362408795,
              32.494600486025796
            ],
            [
              44.10275643393725,
              32.51798947403271
            ],
            [
              44.1014580171899,
              32.54156387257224
            ],
            [
              44.10259014575538,
              32.56514434396059
            ],
            [
              44.106146100009965,
              32.58855136600877
            ],
            [
              44.11210066220744,
              32.61160659981017
            ],
            [
              44.120410251996866,
              32.63413425269891
            ],
            [
              44.13101320475232,
              32.65596242585377
            ],
            [
              44.14383019225398,
              32.67692443601485
            ],
            [
              44.158764784045566,
              32.6968601008586
            ],
            [
              44.17570414654173,
              32.715616977747196
            ],
            [
              44.19451987568456,
              32.733051545830556
            ],
            [
              44.21506895766855,
              32.7490303218358
            ],
            [
              44.237194850983414,
              32.76343090033013
            ],
            [
              44.26072868178596,
              32.77614290978564
            ],
            [
              44.285490543422114,
              32.78706887640846
            ],
            [
              44.311290889800816,
              32.796124988412544
            ],
            [
              44.33793201129043,
              32.803241754217446
            ],
            [
              44.36520958088465,
              32.80836454891994
            ],
            [
              44.3929142575865,
              32.81145404432472
            ],
            [
              44.4208333333,
              32.81248651880852
            ]
          ]
        ]
      },
      "properties": {
        "site_id": 278,
        "name": "Babylon"
      }
    },
    {
      "type": "Feature",
      "geometry": {
        "type": "Polygon",
        "coordinates": [
          [
            [
              53.16729,
              30.464446442178858
            ],
            [
              53.194516190058636,
              30.463413860324117
            ],
            [
              53.22153346653627,
              30.460324037407453
            ],
            [
              53.24813455845574,
              30.455200679089067
            ],
            [
              53.274115465890425,
              30.448083087731348
            ],
            [
              53.299277060258966,
              30.439025853665623
            ],
            [
              53.32342664279347,
              30.428098426690674
            ],
            [
              53.346379447980475,
              30.415384571476615
            ],
            [
              53.367960079390876,
              30.400981711525922
            ],
            [
              53.388003866063336,
              30.385000167267634
            ],
            [
              53.406358128473386,
              30.367562294725726
            ],
            [
              53.422883344089136,
              30.34880153199579
            ],
            [
              53.43745420356976,
              30.32886136148115
            ],
            [
              53.44996054978538,
              30.30789419647387
            ],
            [
              53.46030819300983,
              30.286060201213097
            ],
            [
              53.46841959684145,
              30.26352605401016
            ],
            [
              53.47423443062658,
              30.240463663395502
            ],
            [
              53.47770998537679,
              30.2170488475159
            ],
            [
              53.478821451371275,
              30.193459987192703
            ],
            [
              53.47756205680553,
              30.16987666314496
            ],
            [
              53.47394306797492,
              30.146478287887714
            ],
            [
              53.46799365255767,
              30.12344274273959
            ],
            [
              53.45976060857778,
              30.100945030218533
            ],
            [
              53.44930796257855,
              30.079155951875645
            ],
            [
              53.43671644141781,
              30.05824082131896
            ],
            [
              53.42208282290404,
              30.03835822181718
            ],
            [
              53.40551917122778,
              30.01965881745339
            ],
            [
              53.38715196380464,
              30.002284226325266
            ],
            [
              53.36712111673812,
              29.986365963767597
            ],
            [
              53.34557891663325,
              29.972024463008974
            ],
            [
              53.32268886695012,
              29.959368180073184
            ],
            [
              53.29862445748287,
              29.948492789101042
            ],
            [
              53.273567865889106,
              29.93948047360507
            ],
            [
              53.247708600480564,
              29.932399318481476
            ],
            [
              53.22124209372248,
              29.927302806895014
            ],
            [
              53.194368256080224,
              29.924229425426624
            ],
            [
              53.16729,
              29.923202380134168
            ],
            [
              53.14021174391978,
              29.924229425426624
            ],
            [
              53.11333790627752,
              29.927302806895014
            ],
            [
              53.08687139951944,
              29.932399318481476
            ],
            [
              53.0610121341109,
              29.93948047360507
            ],
            [
              53.03595554251713,
              29.948492789101042
            ],
            [
              53.011891133049886,
              29.959368180073184
            ],
            [
              52.98900108336675,
              29.972024463008974
            ],
            [
              52.967458883261884,
              29.986365963767597
            ],
            [
              52.94742803619536,
              30.002284226325266
            ],
            [
              52.92906082877222,
              30.01965881745339
            ],
            [
              52.912497177095965,
              30.03835822181718
            ],
            [
              52.897863558582195,
              30.05824082131896
            ],
            [
              52.88527203742145,
              30.079155951875645
            ],
            [
              52.87481939142222,
              30.100945030218533
            ],
            [
              52.866586347442336,
              30.12344274273959
            ],
            [
              52.86063693202508,
              30.146478287887714
            ],
            [
              52.85701794319447,
              30.16987666314496
            ],
            [
              52.85575854862873,
              30.193459987192703
            ],
            [
              52.85687001462321,
              30.2170488475159
            ],
            [
              52.86034556937342,
              30.240463663395502
            ],
            [
              52.86616040315855,
              30.26352605401016
            ],
            [
              52.87427180699017,
              30.286060201213097
            ],
            [
              52.88461945021462,
              30.30789419647387
            ],
            [
              52.897125796430245,
              30.32886136148115
            ],
            [
              52.911696655910866,
              30.34880153199579
            ],
            [
              52.92822187152662,
              30.367562294725726
            ],
            [
              52.94657613393667,
              30.385000167267634
            ],
            [
              52.966619920609126,
              30.400981711525922
            ],
            [
              52.98820055201953,
              30.415384571476615
            ],
            [
              53.01115335720653,
              30.428098426690674
            ],
            [
              53.03530293974104,
              30.439025853665623
            ],
            [
              53.06046453410958,
              30.448083087731348
            ],
            [
              53.086445441544264,
              30.455200679089067
            ],
            [
              53.11304653346373,
              30.460324037407453
            ],
            [
              53.14006380994137,
              30.463413860324117
            ],
            [
              53.16729,
              30.464446442178858
            ]
          ]
        ]
      },
      "properties": {
        "site_id": 1106,
        "name": "Pasargadae"
      }
    },
    {
      "type": "Feature",
      "geometry": {
        "type": "Polygon",
        "coordinates": [
          [
            [
              48.7946944444,
              36.68795619911993
            ],
            [
              48.82394932016115,
              36.68692389912956
            ],
            [
              48.85297922531223,
              36.68383493692265
            ],
            [
              48.88156097318068,
              36.67871306285756
            ],
            [
              48.90947492912945,
              36.67159765164313
            ],
            [
              48.93650674717101,
              36.66254339045644
            ],
            [
              48.96244905983891,
              36.651619846183316
            ],
            [
              48.98710310662674,
              36.6389109156001
            ],
            [
              49.01028028704403,
              36.62451416332515
            ],
            [
              49.03180362523344,
              36.60854005332102
            ],
            [
              49.05150913412596,
              36.59111108061198
            ],
            [
              49.069247068260694,
              36.57236081068783
            ],
            [
              49.084883055640525,
              36.55243283478695
            ],
            [
              49.09829910031253,
              36.53147964988212
            ],
            [
              49.10939444872886,
              36.50966147272946
            ],
            [
              49.118086314337,
              36.48714499777932
            ],
            [
              49.12431045624757,
              36.464102109089126
            ],
            [
              49.12802160920996,
              36.44070855662126
            ],
            [
              49.12919376347674,
              36.4171426074559
            ],
            [
              49.12782029443713,
              36.39358368250358
            ],
            [
              49.12391394313656,
              36.37021098926766
            ],
            [
              49.117506649962095,
              36.347202161088624
            ],
            [
              49.108649244853346,
              36.3247319131056
            ],
            [
              49.09741099839026,
              36.30297072490114
            ],
            [
              49.08387903901015,
              36.28208355946029
            ],
            [
              49.06815764241403,
              36.26222862767925
            ],
            [
              49.05036739994009,
              36.24355620721038
            ],
            [
              49.03064427331092,
              36.22620752393326
            ],
            [
              49.00913854370632,
              36.21031370380394
            ],
            [
              48.98601366358026,
              36.19599480225946
            ],
            [
              48.961445020035285,
              36.18335891774983
            ],
            [
              48.93561861889707,
              36.17250139533724
            ],
            [
              48.908729698902256,
              36.16350412564914
            ],
            [
              48.8809812856325,
              36.15643494379841
            ],
            [
              48.852582695001374,
              36.151347132198204
            ],
            [
              48.82374799623648,
              36.14827903049843
            ],
            [
              48.7946944444,
              36.14725375516396
            ],
            [
              48.765640892563525,
              36.14827903049843
            ],
            [
              48.73680619379863,
              36.151347132198204
            ],
            [
              48.7084076031675,
              36.15643494379841
            ],
            [
              48.680659189897746,
              36.16350412564914
            ],
            [
              48.653770269902935,
              36.17250139533724
            ],
            [
              48.62794386876472,
              36.18335891774983
            ],
            [
              48.60337522521974,
              36.19599480225946
            ],
            [
              48.58025034509368,
              36.21031370380394
            ],
            [
              48.55874461548908,
              36.22620752393326
            ],
            [
              48.53902148885991,
              36.24355620721038
            ],
            [
              48.52123124638597,
              36.26222862767925
            ],
            [
              48.50550984978985,
              36.28208355946029
            ],
            [
              48.49197789040974,
              36.30297072490114
            ],
            [
              48.480739643946656,
              36.3247319131056
            ],
            [
              48.47188223883791,
              36.347202161088624
            ],
            [
              48.465474945663445,
              36.37021098926766
            ],
            [
              48.46156859436287,
              36.39358368250358
            ],
            [
              48.46019512532326,
              36.4171426074559
            ],
            [
              48.46136727959004,
              36.44070855662126
            ],
            [
              48.46507843255243,
              36.464102109089126
            ],
            [
              48.471302574463,
              36.48714499777932
            ],
            [
              48.479994440071145,
              36.50966147272946
            ],
            [
              48.49108978848747,
              36.53147964988212
            ],
            [
              48.50450583315948,
              36.55243283478695
            ],
            [
              48.52014182053931,
              36.57236081068783
            ],
            [
              48.537879754674044,
              36.59111108061198
            ],
            [
              48.557585263566565,
              36.60854005332102
            ],
            [
              48.57910860175597,
              36.62451416332515
            ],
            [
              48.60228578217326,
              36.6389109156001
            ],
            [
              48.62693982896109,
              36.651619846183316
            ],
            [
              48.65288214162899,
              36.66254339045644
            ],
            [
              48.67991395967055,
              36.67159765164313
            ],
            [
              48.70782791561932,
              36.67871306285756
            ],
            [
              48.73640966348777,
              36.68383493692265
            ],
            [
              48.765439568638854,
              36.68692389912956
            ],
            [
              48.7946944444,
              36.68795619911993
            ]
          ]
        ]
      },
      "properties": {
        "site_id": 1188,
        "name": "Soltaniyeh"
      }
    },
    {
      "type": "Feature",
      "geometry": {
        "type": "Polygon",
        "coordinates": [
          [
            [
              58.3666666667,
              29.387490563586532
            ],
            [
              58.39360133206881,
              29.38645793366758
            ],
            [
              58.4203293928317,
              29.383367964176397
            ],
            [
              58.44664586662263,
              29.378244353730885
            ],
            [
              58.472349001641476,
              29.37112639329711
            ],
            [
              58.49724185730922,
              29.362068657955177
            ],
            [
              58.521133843807284,
              29.351140579072716
            ],
            [
              58.54384220751518,
              29.338425900537043
            ],
            [
              58.56519344996018,
              29.324022023668963
            ],
            [
              58.58502466862036,
              29.308039246363006
            ],
            [
              58.60318480876556,
              29.290599902858762
            ],
            [
              58.61953581646369,
              29.271837411340364
            ],
            [
              58.63395368390752,
              29.25189523727684
            ],
            [
              58.646329379311794,
              29.23092578105102
            ],
            [
              58.65656965477384,
              29.20908919897297
            ],
            [
              58.664597726669015,
              29.186552167234318
            ],
            [
              58.67035382434366,
              29.163486598728824
            ],
            [
              58.67379560406186,
              29.14006832294301
            ],
            [
              58.6748984263402,
              29.116475739308136
            ],
            [
              58.67365549595539,
              29.092888454504735
            ],
            [
              58.67007786502136,
              29.069485914223037
            ],
            [
              58.66419430059564,
              29.046446039813627
            ],
            [
              58.65605101928111,
              29.023943880113855
            ],
            [
              58.64571129223379,
              29.002150288513267
            ],
            [
              58.633254924864445,
              28.981230635028766
            ],
            [
              58.618777616330064,
              28.96134356280439
            ],
            [
              58.60239020464917,
              28.942639798034413
            ],
            [
              58.584217803941854,
              28.925261021839987
            ],
            [
              58.56439884089451,
              28.909338812110164
            ],
            [
              58.54308399808,
              28.894993662757393
            ],
            [
              58.520435072232225,
              28.882334087235755
            ],
            [
              58.49662375598038,
              28.87145581253587
            ],
            [
              58.47183035189789,
              28.86244106920511
            ],
            [
              58.44624242801727,
              28.85535798225145
            ],
            [
              58.42005342420782,
              28.85026006707691
            ],
            [
              58.393461219013076,
              28.847185833856727
            ],
            [
              58.3666666667,
              28.84615850303557
            ],
            [
              58.33987211438692,
              28.847185833856727
            ],
            [
              58.313279909192175,
              28.85026006707691
            ],
            [
              58.287090905382726,
              28.85535798225145
            ],
            [
              58.261502981502105,
              28.86244106920511
            ],
            [
              58.23670957741962,
              28.87145581253587
            ],
            [
              58.21289826116777,
              28.882334087235755
            ],
            [
              58.19024933532,
              28.894993662757393
            ],
            [
              58.168934492505485,
              28.909338812110164
            ],
            [
              58.14911552945814,
              28.925261021839987
            ],
            [
              58.13094312875083,
              28.942639798034413
            ],
            [
              58.11455571706993,
              28.96134356280439
            ],
            [
              58.10007840853555,
              28.981230635028766
            ],
            [
              58.087622041166206,
              29.002150288513267
            ],
            [
              58.07728231411889,
              29.023943880113855
            ],
            [
              58.06913903280436,
              29.046446039813627
            ],
            [
              58.063255468378635,
              29.069485914223037
            ],
            [
              58.05967783744461,
              29.092888454504735
            ],
            [
              58.0584349070598,
              29.116475739308136
            ],
            [
              58.05953772933814,
              29.14006832294301
            ],
            [
              58.06297950905634,
              29.163486598728824
            ],
            [
              58.06873560673098,
              29.186552167234318
            ],
            [
              58.07676367862616,
              29.20908919897297
            ],
            [
              58.0870039540882,
              29.23092578105102
            ],
            [
              58.09937964949248,
              29.25189523727684
            ],
            [
              58.11379751693631,
              29.271837411340364
            ],
            [
              58.130148524634436,
              29.290599902858762
            ],
            [
              58.148308664779634,
              29.308039246363006
            ],
            [
              58.16813988343982,
              29.324022023668963
            ],
            [
              58.189491125884814,
              29.338425900537043
            ],
            [
              58.21219948959271,
              29.351140579072716
            ],
            [
              58.23609147609078,
              29.362068657955177
            ],
            [
              58.26098433175852,
              29.37112639329711
            ],
            [
              58.286687466777366,
              29.378244353730885
            ],
            [
              58.3130039405683,
              29.383367964176397
            ],
            [
              58.339732001331186,
              29.38645793366758
            ],
            [
              58.3666666667,
              29.387490563586532
            ]
          ]
        ]
      },
      "properties": {
        "site_id": 1208,
        "name": "Bam and its Cultural Landscape"
      }
    },
    {
      "type": "Feature",
      "geometry": {
        "type": "Polygon",
        "coordinates": [
          [
            [
              53.2733333333,
              12.394799127111648
            ],
            [
              53.29737797068847,
              12.393766135814422
            ],
            [
              53.32123905382254,
              12.390675047430761
            ],
            [
              53.34473444278414,
              12.385549457725393
            ],
            [
              53.367684815011195,
              12.37842849092839
            ],
            [
              53.389915045788435,
              12.369366498367032
            ],
            [
              53.411255555205045,
              12.358432639931099
            ],
            [
              53.43154361088301,
              12.345710351714756
            ],
            [
              53.450624576183635,
              12.331296704079733
            ],
            [
              53.46835309409451,
              12.315301655247678
            ],
            [
              53.484594197577294,
              12.297847206345924
            ],
            [
              53.499224337811235,
              12.27906646459417
            ],
            [
              53.51213232248992,
              12.259102622023464
            ],
            [
              53.523220157110494,
              12.238107857757726
            ],
            [
              53.53240378302598,
              12.216242172457697
            ],
            [
              53.53961370690378,
              12.193672164023644
            ],
            [
              53.544795517136556,
              12.170569754073147
            ],
            [
              53.54791028367698,
              12.147110875052272
            ],
            [
              53.5489348387066,
              12.123474128100556
            ],
            [
              53.54786193649161,
              12.099839421971732
            ],
            [
              53.54470029171846,
              12.076386603413457
            ],
            [
              53.53947449653122,
              12.05329408943067
            ],
            [
              53.53222481740376,
              12.03073751180003
            ],
            [
              53.523006873868475,
              12.008888384068785
            ],
            [
              53.511891201981484,
              11.987912801062835
            ],
            [
              53.4989627062291,
              11.96797018064792
            ],
            [
              53.48432000436678,
              11.94921205713803
            ],
            [
              53.46807467042547,
              11.931780935329867
            ],
            [
              53.45035038181837,
              11.915809213664504
            ],
            [
              53.43128197713064,
              11.901418184481816
            ],
            [
              53.41101443177266,
              11.888717118743736
            ],
            [
              53.38970175922142,
              11.877802441963176
            ],
            [
              53.36750584606398,
              11.86875700739156
            ],
            [
              53.344595229487624,
              11.861649471793541
            ],
            [
              53.32114382623421,
              11.856533778378362
            ],
            [
              53.297329622348336,
              11.853448750667784
            ],
            [
              53.2733333333,
              11.852417800266549
            ],
            [
              53.24933704425167,
              11.853448750667784
            ],
            [
              53.22552284036579,
              11.856533778378362
            ],
            [
              53.20207143711238,
              11.861649471793541
            ],
            [
              53.179160820536026,
              11.86875700739156
            ],
            [
              53.15696490737859,
              11.877802441963176
            ],
            [
              53.13565223482735,
              11.888717118743736
            ],
            [
              53.115384689469366,
              11.901418184481816
            ],
            [
              53.096316284781636,
              11.915809213664504
            ],
            [
              53.07859199617453,
              11.931780935329867
            ],
            [
              53.062346662233224,
              11.94921205713803
            ],
            [
              53.0477039603709,
              11.96797018064792
            ],
            [
              53.03477546461852,
              11.987912801062835
            ],
            [
              53.02365979273153,
              12.008888384068785
            ],
            [
              53.014441849196245,
              12.03073751180003
            ],
            [
              53.007192170068784,
              12.05329408943067
            ],
            [
              53.00196637488154,
              12.076386603413457
            ],
            [
              52.9988047301084,
              12.099839421971732
            ],
            [
              52.9977318278934,
              12.123474128100556
            ],
            [
              52.99875638292303,
              12.147110875052272
            ],
            [
              53.00187114946345,
              12.170569754073147
            ],
            [
              53.007052959696225,
              12.193672164023644
            ],
            [
              53.01426288357403,
              12.216242172457697
            ],
            [
              53.02344650948951,
              12.238107857757726
            ],
            [
              53.034534344110085,
              12.259102622023464
            ],
            [
              53.04744232878877,
              12.27906646459417
            ],
            [
              53.06207246902271,
              12.297847206345924
            ],
            [
              53.07831357250549,
              12.315301655247678
            ],
            [
              53.09604209041637,
              12.331296704079733
            ],
            [
              53.11512305571699,
              12.345710351714756
            ],
            [
              53.13541111139496,
              12.358432639931099
            ],
            [
              53.15675162081157,
              12.369366498367032
            ],
            [
              53.17898185158881,
              12.37842849092839
            ],
            [
              53.20193222381587,
              12.385549457725393
            ],
            [
              53.225427612777466,
              12.390675047430761
            ],
            [
              53.24928869591153,
              12.393766135814422
            ],
            [
              53.2733333333,
              12.394799127111648
            ]
          ]
        ]
      },
      "properties": {
        "site_id": 1263,
        "name": "Socotra Archipelago"
      }
    },
    {
      "type": "Feature",
      "geometry": {
        "type": "Polygon",
        "coordinates": [
          [
            [
              48.8358333333,
              32.289150685721026
            ],
            [
              48.86359088058107,
              32.28811818715773
            ],
            [
              48.8911353074128,
              32.285028618283846
            ],
            [
              48.91825517300677,
              32.279905697084146
            ],
            [
              48.94474238129785,
              32.272788745865554
            ],
            [
              48.970393816980305,
              32.26373238165049
            ],
            [
              48.99501293842751,
              32.252806086494296
            ],
            [
              49.01841131390357,
              32.24009366144064
            ],
            [
              49.040410088124126,
              32.22569256881505
            ],
            [
              49.06084136701078,
              32.20971316849014
            ],
            [
              49.07954950939371,
              32.19227785462496
            ],
            [
              49.09639231543385,
              32.17352010017846
            ],
            [
              49.11124210264066,
              32.15358341721534
            ],
            [
              49.12398666153536,
              32.132620241655935
            ],
            [
              49.13453008423302,
              32.1107907516656
            ],
            [
              49.14279346047127,
              32.088261629331804
            ],
            [
              49.14871543687903,
              32.06520477563515
            ],
            [
              49.15225263653978,
              32.04179598898615
            ],
            [
              49.153379937143455,
              32.01821361777162
            ],
            [
              49.15209060722506,
              31.99463719743768
            ],
            [
              49.14839630114454,
              31.971246082630618
            ],
            [
              49.14232691456145,
              31.948218084829577
            ],
            [
              49.133930303190674,
              31.925728125737983
            ],
            [
              49.1232718685868,
              31.903946916460608
            ],
            [
              49.110434015590755,
              31.88303967218442
            ],
            [
              49.09551548688006,
              31.8631648717105
            ],
            [
              49.07863058079456,
              31.84447307075577
            ],
            [
              49.05990825926294,
              31.827105777463768
            ],
            [
              49.039491153234316,
              31.81119439803742
            ],
            [
              49.017534473527185,
              31.796859259840506
            ],
            [
              48.99420483544905,
              31.78420871871144
            ],
            [
              48.969679005918465,
              31.773338356599275
            ],
            [
              48.944142582142234,
              31.764330274970963
            ],
            [
              48.91778861116842,
              31.75725248875537
            ],
            [
              48.890816159855724,
              31.75215842488668
            ],
            [
              48.86342884497568,
              31.749086528791636
            ],
            [
              48.8358333333,
              31.748059981434317
            ],
            [
              48.808237821624324,
              31.749086528791636
            ],
            [
              48.78085050674428,
              31.75215842488668
            ],
            [
              48.753878055431585,
              31.75725248875537
            ],
            [
              48.72752408445777,
              31.764330274970963
            ],
            [
              48.70198766068154,
              31.773338356599275
            ],
            [
              48.67746183115096,
              31.78420871871144
            ],
            [
              48.65413219307282,
              31.796859259840506
            ],
            [
              48.63217551336569,
              31.81119439803742
            ],
            [
              48.611758407337064,
              31.827105777463768
            ],
            [
              48.593036085805444,
              31.84447307075577
            ],
            [
              48.57615117971994,
              31.8631648717105
            ],
            [
              48.56123265100925,
              31.88303967218442
            ],
            [
              48.548394798013206,
              31.903946916460608
            ],
            [
              48.53773636340933,
              31.925728125737983
            ],
            [
              48.52933975203855,
              31.948218084829577
            ],
            [
              48.52327036545547,
              31.971246082630618
            ],
            [
              48.51957605937494,
              31.99463719743768
            ],
            [
              48.51828672945655,
              32.01821361777162
            ],
            [
              48.519414030060226,
              32.04179598898615
            ],
            [
              48.522951229720974,
              32.06520477563515
            ],
            [
              48.528873206128736,
              32.088261629331804
            ],
            [
              48.53713658236698,
              32.1107907516656
            ],
            [
              48.54768000506464,
              32.132620241655935
            ],
            [
              48.560424563959344,
              32.15358341721534
            ],
            [
              48.57527435116615,
              32.17352010017846
            ],
            [
              48.592117157206296,
              32.19227785462496
            ],
            [
              48.61082529958922,
              32.20971316849014
            ],
            [
              48.63125657847588,
              32.22569256881505
            ],
            [
              48.65325535269643,
              32.24009366144064
            ],
            [
              48.6766537281725,
              32.252806086494296
            ],
            [
              48.7012728496197,
              32.26373238165049
            ],
            [
              48.726924285302154,
              32.272788745865554
            ],
            [
              48.753411493593234,
              32.279905697084146
            ],
            [
              48.7805313591872,
              32.285028618283846
            ],
            [
              48.80807578601893,
              32.28811818715773
            ],
            [
              48.8358333333,
              32.289150685721026
            ]
          ]
        ]
      },
      "properties": {
        "site_id": 1315,
        "name": "Shushtar Historical Hydraulic System"
      }
    },
    {
      "type": "Feature",
      "geometry": {
        "type": "Polygon",
        "coordinates": [
          [
            [
              48.2913888889,
              38.51887224831391
            ],
            [
              48.321369687000896,
              38.51784002412286
            ],
            [
              48.35111976891452,
              38.51475129435658
            ],
            [
              48.38041025297681,
              38.50962982428774
            ],
            [
              48.40901591012696,
              38.502515012777216
            ],
            [
              48.43671694930822,
              38.49346157935935
            ],
            [
              48.46330075436272,
              38.48253913008654
            ],
            [
              48.48856355719663,
              38.4698316059991
            ],
            [
              48.51231203277574,
              38.45543661910715
            ],
            [
              48.534364802459166,
              38.43946468173246
            ],
            [
              48.55455383327105,
              38.42203833594852
            ],
            [
              48.572725721924776,
              38.40329119066709
            ],
            [
              48.588742853727744,
              38.3833668746435
            ],
            [
              48.60248442788167,
              38.3624179143019
            ],
            [
              48.61384734213045,
              38.3406045458151
            ],
            [
              48.62274693116848,
              38.31809347130616
            ],
            [
              48.62911755468526,
              38.29505656937168
            ],
            [
              48.63291303236428,
              38.27166957035981
            ],
            [
              48.63410692455716,
              38.248110706971694
            ],
            [
              48.63269265869996,
              38.22455935079667
            ],
            [
              48.62868350281375,
              38.201194645343925
            ],
            [
              48.62211238862442,
              38.1781941460017
            ],
            [
              48.61303158793946,
              38.155732477144326
            ],
            [
              48.60151224692505,
              38.133980016325935
            ],
            [
              48.58764378383487,
              38.11310161515207
            ],
            [
              48.57153315654965,
              38.09325536601422
            ],
            [
              48.5533040069972,
              38.07459142341425
            ],
            [
              48.53309569014028,
              38.057250888101656
            ],
            [
              48.511062195747336,
              38.041364761703306
            ],
            [
              48.48737097160952,
              38.02705297894675
            ],
            [
              48.46220165723833,
              38.01442352397267
            ],
            [
              48.435744737385065,
              38.003571636600185
            ],
            [
              48.408200124969426,
              37.99457911375865
            ],
            [
              48.37977568320123,
              37.98751371063224
            ],
            [
              48.35068569683103,
              37.9824286453833
            ],
            [
              48.321149302582015,
              37.979362210630114
            ],
            [
              48.2913888889,
              37.978337494157095
            ],
            [
              48.26162847521799,
              37.979362210630114
            ],
            [
              48.232092080968975,
              37.9824286453833
            ],
            [
              48.20300209459877,
              37.98751371063224
            ],
            [
              48.17457765283058,
              37.99457911375865
            ],
            [
              48.14703304041494,
              38.003571636600185
            ],
            [
              48.12057612056167,
              38.01442352397267
            ],
            [
              48.09540680619048,
              38.02705297894675
            ],
            [
              48.07171558205267,
              38.041364761703306
            ],
            [
              48.049682087659725,
              38.057250888101656
            ],
            [
              48.0294737708028,
              38.07459142341425
            ],
            [
              48.011244621250356,
              38.09325536601422
            ],
            [
              47.99513399396513,
              38.11310161515207
            ],
            [
              47.98126553087496,
              38.133980016325935
            ],
            [
              47.969746189860544,
              38.155732477144326
            ],
            [
              47.96066538917558,
              38.1781941460017
            ],
            [
              47.954094274986254,
              38.201194645343925
            ],
            [
              47.950085119100045,
              38.22455935079667
            ],
            [
              47.948670853242845,
              38.248110706971694
            ],
            [
              47.949864745435725,
              38.27166957035981
            ],
            [
              47.953660223114746,
              38.29505656937168
            ],
            [
              47.960030846631525,
              38.31809347130616
            ],
            [
              47.968930435669556,
              38.3406045458151
            ],
            [
              47.980293349918334,
              38.3624179143019
            ],
            [
              47.99403492407226,
              38.3833668746435
            ],
            [
              48.01005205587523,
              38.40329119066709
            ],
            [
              48.02822394452895,
              38.42203833594852
            ],
            [
              48.04841297534084,
              38.43946468173246
            ],
            [
              48.070465745024265,
              38.45543661910715
            ],
            [
              48.09421422060338,
              38.4698316059991
            ],
            [
              48.119477023437284,
              38.48253913008654
            ],
            [
              48.146060828491784,
              38.49346157935935
            ],
            [
              48.17376186767304,
              38.502515012777216
            ],
            [
              48.202367524823195,
              38.50962982428774
            ],
            [
              48.23165800888548,
              38.51475129435658
            ],
            [
              48.26140809079911,
              38.51784002412286
            ],
            [
              48.2913888889,
              38.51887224831391
            ]
          ]
        ]
      },
      "properties": {
        "site_id": 1345,
        "name": "Sheikh Safi al-din Khānegāh and Shrine Ensemble in Ardabil"
      }
    },
    {
      "type": "Feature",
      "geometry": {
        "type": "Polygon",
        "coordinates": [
          [
            [
              55.169,
              37.528334511773096
            ],
            [
              55.19857989528334,
              37.52730224737582
            ],
            [
              55.227932247620636,
              37.52421339422149
            ],
            [
              55.25683132064549,
              37.51909170939164
            ],
            [
              55.28505497504134,
              37.51197657848164
            ],
            [
              55.31238642699304,
              37.50292270325131
            ],
            [
              55.338615959107265,
              37.49199966823443
            ],
            [
              55.363542568872894,
              37.47929139014612
            ],
            [
              55.38697554049184,
              37.46489545494374
            ],
            [
              55.40873592682947,
              37.44892234835208
            ],
            [
              55.428657929292456,
              37.431494586550876
            ],
            [
              55.44659016462092,
              37.41274575453076
            ],
            [
              55.46239680885732,
              37.39281946034621
            ],
            [
              55.47595861010278,
              37.37186821412437
            ],
            [
              55.487173763070025,
              37.35005224122362
            ],
            [
              55.49595863986558,
              37.32753823937163
            ],
            [
              55.50224837286137,
              37.304498089950265
            ],
            [
              55.50599728692533,
              37.28110753383271
            ],
            [
              55.507179179654116,
              37.257544822320554
            ],
            [
              55.50578744957171,
              37.23398935377718
            ],
            [
              55.50183507351153,
              37.21062030651323
            ],
            [
              55.49535443557591,
              37.18761527835573
            ],
            [
              55.486397011156846,
              37.165148943129616
            ],
            [
              55.47503291050026,
              37.14339173400524
            ],
            [
              55.46135028719978,
              37.12250856332488
            ],
            [
              55.44545461781401,
              37.102657588120785
            ],
            [
              55.427467859516,
              37.08398903008461
            ],
            [
              55.407527493306965,
              37.06664405824751
            ],
            [
              55.3857854608643,
              37.0507537420902
            ],
            [
              55.36240700355198,
              37.03643808222574
            ],
            [
              55.337569412505886,
              37.023805125192325
            ],
            [
              55.311460699025425,
              37.0129501682616
            ],
            [
              55.28427819476307,
              37.00395505951566
            ],
            [
              55.25622709141199,
              36.99688759777621
            ],
            [
              55.22751892975681,
              36.99180103628468
            ],
            [
              55.19837004807863,
              36.98873369333792
            ],
            [
              55.169,
              36.98770867237966
            ],
            [
              55.139629951921364,
              36.98873369333792
            ],
            [
              55.11048107024318,
              36.99180103628468
            ],
            [
              55.081772908588,
              36.99688759777621
            ],
            [
              55.053721805236925,
              37.00395505951566
            ],
            [
              55.02653930097457,
              37.0129501682616
            ],
            [
              55.00043058749411,
              37.023805125192325
            ],
            [
              54.975592996448015,
              37.03643808222574
            ],
            [
              54.952214539135696,
              37.0507537420902
            ],
            [
              54.93047250669303,
              37.06664405824751
            ],
            [
              54.910532140483994,
              37.08398903008461
            ],
            [
              54.892545382185986,
              37.102657588120785
            ],
            [
              54.876649712800216,
              37.12250856332488
            ],
            [
              54.86296708949973,
              37.14339173400524
            ],
            [
              54.85160298884315,
              37.165148943129616
            ],
            [
              54.84264556442408,
              37.18761527835573
            ],
            [
              54.836164926488465,
              37.21062030651323
            ],
            [
              54.83221255042828,
              37.23398935377718
            ],
            [
              54.83082082034588,
              37.257544822320554
            ],
            [
              54.832002713074665,
              37.28110753383271
            ],
            [
              54.83575162713863,
              37.304498089950265
            ],
            [
              54.84204136013442,
              37.32753823937163
            ],
            [
              54.85082623692997,
              37.35005224122362
            ],
            [
              54.862041389897215,
              37.37186821412437
            ],
            [
              54.87560319114267,
              37.39281946034621
            ],
            [
              54.89140983537907,
              37.41274575453076
            ],
            [
              54.90934207070754,
              37.431494586550876
            ],
            [
              54.92926407317052,
              37.44892234835208
            ],
            [
              54.951024459508155,
              37.46489545494374
            ],
            [
              54.9744574311271,
              37.47929139014612
            ],
            [
              54.99938404089273,
              37.49199966823443
            ],
            [
              55.02561357300696,
              37.50292270325131
            ],
            [
              55.05294502495865,
              37.51197657848164
            ],
            [
              55.081168679354505,
              37.51909170939164
            ],
            [
              55.11006775237936,
              37.52421339422149
            ],
            [
              55.139420104716656,
              37.52730224737582
            ],
            [
              55.169,
              37.528334511773096
            ]
          ]
        ]
      },
      "properties": {
        "site_id": 1398,
        "name": "Gonbad-e Qābus"
      }
    },
    {
      "type": "Feature",
      "geometry": {
        "type": "Polygon",
        "coordinates": [
          [
            [
              55.3755555556,
              30.43867306490955
            ],
            [
              55.402774582586105,
              30.437640481892267
            ],
            [
              55.42978475271596,
              30.43455065543032
            ],
            [
              55.45637885123712,
              30.42942729101356
            ],
            [
              55.482352933453605,
              30.422309690728596
            ],
            [
              55.50750792453833,
              30.413252444537758
            ],
            [
              55.53165117753652,
              30.402325001793844
            ],
            [
              55.55459797636456,
              30.389611126664185
            ],
            [
              55.5761729712253,
              30.375208242114553
            ],
            [
              55.59621153460887,
              30.359226668028825
            ],
            [
              55.614561026914636,
              30.34178875990398
            ],
            [
              55.63108196169872,
              30.323027955353915
            ],
            [
              55.64564906160519,
              30.303087736372387
            ],
            [
              55.658152197161805,
              30.28212051593923
            ],
            [
              55.66849720179242,
              30.2602864581019
            ],
            [
              55.67660655760185,
              30.237752241120603
            ],
            [
              55.68241994770737,
              30.214689773631488
            ],
            [
              55.6858946721073,
              30.191274874055825
            ],
            [
              55.68700592527647,
              30.167685923665335
            ],
            [
              55.68574693484786,
              30.144102503807254
            ],
            [
              55.68212896186695,
              30.120704027799274
            ],
            [
              55.67618116418049,
              30.09766837792853
            ],
            [
              55.66795032553762,
              30.075170557833513
            ],
            [
              55.65750045393092,
              30.053381370319308
            ],
            [
              55.644912253585574,
              30.032466130358433
            ],
            [
              55.63028247581285,
              30.012583422667895
            ],
            [
              55.613723154679086,
              29.993883912833088
            ],
            [
              55.59536073410408,
              29.976509220476004
            ],
            [
              55.57533509359407,
              29.960590862444377
            ],
            [
              55.55379848033814,
              29.946249273434447
            ],
            [
              55.53091435585457,
              29.93359291085895
            ],
            [
              55.506856165771204,
              29.922717450136787
            ],
            [
              55.48180604166256,
              29.913705075917985
            ],
            [
              55.45595344415342,
              29.906623874068792
            ],
            [
              55.429493756734985,
              29.901527328533536
            ],
            [
              55.40262683993099,
              29.898453926463755
            ],
            [
              55.3755555556,
              29.897426874265193
            ],
            [
              55.348484271269015,
              29.898453926463755
            ],
            [
              55.32161735446502,
              29.901527328533536
            ],
            [
              55.29515766704658,
              29.906623874068792
            ],
            [
              55.269305069537445,
              29.913705075917985
            ],
            [
              55.2442549454288,
              29.922717450136787
            ],
            [
              55.220196755345434,
              29.93359291085895
            ],
            [
              55.197312630861866,
              29.946249273434447
            ],
            [
              55.17577601760593,
              29.960590862444377
            ],
            [
              55.15575037709593,
              29.976509220476004
            ],
            [
              55.13738795652092,
              29.993883912833088
            ],
            [
              55.120828635387156,
              30.012583422667895
            ],
            [
              55.10619885761443,
              30.032466130358433
            ],
            [
              55.09361065726908,
              30.053381370319308
            ],
            [
              55.083160785662386,
              30.075170557833513
            ],
            [
              55.07492994701951,
              30.09766837792853
            ],
            [
              55.06898214933305,
              30.120704027799274
            ],
            [
              55.06536417635214,
              30.144102503807254
            ],
            [
              55.06410518592353,
              30.167685923665335
            ],
            [
              55.0652164390927,
              30.191274874055825
            ],
            [
              55.06869116349263,
              30.214689773631488
            ],
            [
              55.07450455359815,
              30.237752241120603
            ],
            [
              55.082613909407584,
              30.2602864581019
            ],
            [
              55.0929589140382,
              30.28212051593923
            ],
            [
              55.10546204959481,
              30.303087736372387
            ],
            [
              55.120029149501285,
              30.323027955353915
            ],
            [
              55.13655008428537,
              30.34178875990398
            ],
            [
              55.154899576591134,
              30.359226668028825
            ],
            [
              55.17493813997471,
              30.375208242114553
            ],
            [
              55.19651313483544,
              30.389611126664185
            ],
            [
              55.21945993366349,
              30.402325001793844
            ],
            [
              55.24360318666167,
              30.413252444537758
            ],
            [
              55.2687581777464,
              30.422309690728596
            ],
            [
              55.294732259962885,
              30.42942729101356
            ],
            [
              55.32132635848404,
              30.43455065543032
            ],
            [
              55.3483365286139,
              30.437640481892267
            ],
            [
              55.3755555556,
              30.43867306490955
            ]
          ]
        ]
      },
      "properties": {
        "site_id": 1423,
        "name": "Cultural Landscape of Maymand"
      }
    },
    {
      "type": "Feature",
      "geometry": {
        "type": "Polygon",
        "coordinates": [
          [
            [
              48.2563722222,
              32.45999058407367
            ],
            [
              48.28418203844753,
              32.458958093368665
            ],
            [
              48.31177832050442,
              32.45586854846954
            ],
            [
              48.338949217483254,
              32.45074566854335
            ],
            [
              48.36548623046123,
              32.443628777810375
            ],
            [
              48.391185852029416,
              32.43457249585383
            ],
            [
              48.415851162598884,
              32.423646307824015
            ],
            [
              48.43929336983376,
              32.41093401825492
            ],
            [
              48.46133327823321,
              32.396533093198165
            ],
            [
              48.48180267667523,
              32.380553896312925
            ],
            [
              48.50054563264966,
              32.36311882542043
            ],
            [
              48.51741968292935,
              32.34436135682956
            ],
            [
              48.53229691153753,
              32.32442500545775
            ],
            [
              48.54506490704887,
              32.303462209405474
            ],
            [
              48.555627592489984,
              32.28163314818603
            ],
            [
              48.56390592236402,
              32.259104504263874
            ],
            [
              48.56983844259507,
              32.236048177913155
            ],
            [
              48.5733817104527,
              32.212639965672075
            ],
            [
              48.57451057276106,
              32.18905821284051
            ],
            [
              48.573218301903744,
              32.16548245054946
            ],
            [
              48.56951659029536,
              32.14209202792526
            ],
            [
              48.5634354050918,
              32.11906474978203
            ],
            [
              48.55502270594553,
              32.096575530108424
            ],
            [
              48.54434402957486,
              32.07479507137313
            ],
            [
              48.531481945802305,
              32.05388857936427
            ],
            [
              48.516535390525426,
              32.03401452290561
            ],
            [
              48.499618881813205,
              32.01532344736379
            ],
            [
              48.48086162597353,
              31.99795685037982
            ],
            [
              48.46040652101565,
              31.98204612773233
            ],
            [
              48.438409065437256,
              31.96771159667269
            ],
            [
              48.41503618070609,
              31.955061603469275
            ],
            [
              48.390464956181695,
              31.944191721264612
            ],
            [
              48.36488132554307,
              31.93518404368832
            ],
            [
              48.33847868405345,
              31.92810657898569
            ],
            [
              48.31145645621212,
              31.923012748719493
            ],
            [
              48.284018623517454,
              31.919940994385293
            ],
            [
              48.2563722222,
              31.918914494550055
            ],
            [
              48.228725820882545,
              31.919940994385293
            ],
            [
              48.20128798818788,
              31.923012748719493
            ],
            [
              48.17426576034655,
              31.92810657898569
            ],
            [
              48.14786311885693,
              31.93518404368832
            ],
            [
              48.122279488218304,
              31.944191721264612
            ],
            [
              48.09770826369391,
              31.955061603469275
            ],
            [
              48.07433537896274,
              31.96771159667269
            ],
            [
              48.05233792338435,
              31.98204612773233
            ],
            [
              48.03188281842647,
              31.99795685037982
            ],
            [
              48.013125562586794,
              32.01532344736379
            ],
            [
              47.99620905387457,
              32.03401452290561
            ],
            [
              47.981262498597694,
              32.05388857936427
            ],
            [
              47.96840041482514,
              32.07479507137313
            ],
            [
              47.95772173845447,
              32.096575530108424
            ],
            [
              47.9493090393082,
              32.11906474978203
            ],
            [
              47.94322785410464,
              32.14209202792526
            ],
            [
              47.939526142496256,
              32.16548245054946
            ],
            [
              47.938233871638936,
              32.18905821284051
            ],
            [
              47.9393627339473,
              32.212639965672075
            ],
            [
              47.94290600180493,
              32.236048177913155
            ],
            [
              47.94883852203598,
              32.259104504263874
            ],
            [
              47.957116851910015,
              32.28163314818603
            ],
            [
              47.96767953735113,
              32.303462209405474
            ],
            [
              47.98044753286247,
              32.32442500545775
            ],
            [
              47.99532476147065,
              32.34436135682956
            ],
            [
              48.01219881175034,
              32.36311882542043
            ],
            [
              48.03094176772477,
              32.380553896312925
            ],
            [
              48.05141116616679,
              32.396533093198165
            ],
            [
              48.073451074566236,
              32.41093401825492
            ],
            [
              48.096893281801115,
              32.423646307824015
            ],
            [
              48.12155859237058,
              32.43457249585383
            ],
            [
              48.14725821393877,
              32.443628777810375
            ],
            [
              48.173795226916745,
              32.45074566854335
            ],
            [
              48.200966123895576,
              32.45586854846954
            ],
            [
              48.22856240595247,
              32.458958093368665
            ],
            [
              48.2563722222,
              32.45999058407367
            ]
          ]
        ]
      },
      "properties": {
        "site_id": 1455,
        "name": "Susa"
      }
    },
    {
      "type": "Feature",
      "geometry": {
        "type": "Polygon",
        "coordinates": [
          [
            [
              47.4386111111,
              31.00976040564632
            ],
            [
              47.46599105033718,
              31.00872784850214
            ],
            [
              47.49316085854171,
              31.005638100944292
            ],
            [
              47.51991205801391,
              31.00051487226113
            ],
            [
              47.546039463435186,
              30.9933974706863
            ],
            [
              47.57134279251057,
              30.98434049440828
            ],
            [
              47.59562823441122,
              30.973413402721004
            ],
            [
              47.61870996270252,
              30.960699971001198
            ],
            [
              47.640411580070065,
              30.94629763417811
            ],
            [
              47.6605674829155,
              30.930316724289092
            ],
            [
              47.67902413477364,
              30.91287960857966
            ],
            [
              47.695641238485514,
              30.894119735401805
            ],
            [
              47.710292798131306,
              30.87418059588138
            ],
            [
              47.72286806286445,
              30.853214609959583
            ],
            [
              47.73327234597583,
              30.831381945959453
            ],
            [
              47.7414277137353,
              30.808849283284175
            ],
            [
              47.747273539790804,
              30.78578852821745
            ],
            [
              47.75076692213452,
              30.76237549306686
            ],
            [
              47.75188296085732,
              30.738788549071305
            ],
            [
              47.75061489609262,
              30.715207263582524
            ],
            [
              47.7469741066862,
              30.69181103203485
            ],
            [
              47.740989971211796,
              30.668777715136848
            ],
            [
              47.732709593972366,
              30.646282291560578
            ],
            [
              47.722197399581155,
              30.6244955361712
            ],
            [
              47.70953460059792,
              30.60358273353942
            ],
            [
              47.69481854350429,
              30.58370243611362
            ],
            [
              47.67816193903569,
              30.565005276006985
            ],
            [
              47.65969198354683,
              30.54763283887916
            ],
            [
              47.63954937867594,
              30.531716607869576
            ],
            [
              47.61788725709116,
              30.517376984975296
            ],
            [
              47.594870022555895,
              30.504722396663997
            ],
            [
              47.57067211294097,
              30.49384848987847
            ],
            [
              47.54547669514541,
              30.48483742392639
            ],
            [
              47.51947430116845,
              30.477757263062283
            ],
            [
              47.49286141480697,
              30.47266147386176
            ],
            [
              47.46583901863911,
              30.469588530764405
            ],
            [
              47.4386111111,
              30.46856163242484
            ],
            [
              47.411383203560895,
              30.469588530764405
            ],
            [
              47.38436080739304,
              30.47266147386176
            ],
            [
              47.35774792103155,
              30.477757263062283
            ],
            [
              47.33174552705459,
              30.48483742392639
            ],
            [
              47.306550109259035,
              30.49384848987847
            ],
            [
              47.28235219964411,
              30.504722396663997
            ],
            [
              47.25933496510884,
              30.517376984975296
            ],
            [
              47.23767284352407,
              30.531716607869576
            ],
            [
              47.217530238653175,
              30.54763283887916
            ],
            [
              47.199060283164314,
              30.565005276006985
            ],
            [
              47.182403678695714,
              30.58370243611362
            ],
            [
              47.167687621602084,
              30.60358273353942
            ],
            [
              47.15502482261885,
              30.6244955361712
            ],
            [
              47.14451262822764,
              30.646282291560578
            ],
            [
              47.13623225098821,
              30.668777715136848
            ],
            [
              47.1302481155138,
              30.69181103203485
            ],
            [
              47.12660732610738,
              30.715207263582524
            ],
            [
              47.12533926134268,
              30.738788549071305
            ],
            [
              47.12645530006549,
              30.76237549306686
            ],
            [
              47.1299486824092,
              30.78578852821745
            ],
            [
              47.135794508464706,
              30.808849283284175
            ],
            [
              47.14394987622418,
              30.831381945959453
            ],
            [
              47.154354159335554,
              30.853214609959583
            ],
            [
              47.1669294240687,
              30.87418059588138
            ],
            [
              47.18158098371449,
              30.894119735401805
            ],
            [
              47.19819808742636,
              30.91287960857966
            ],
            [
              47.2166547392845,
              30.930316724289092
            ],
            [
              47.23681064212994,
              30.94629763417811
            ],
            [
              47.258512259497486,
              30.960699971001198
            ],
            [
              47.28159398778878,
              30.973413402721004
            ],
            [
              47.30587942968943,
              30.98434049440828
            ],
            [
              47.33118275876482,
              30.9933974706863
            ],
            [
              47.357310164186096,
              31.00051487226113
            ],
            [
              47.3840613636583,
              31.005638100944292
            ],
            [
              47.41123117186282,
              31.00872784850214
            ],
            [
              47.4386111111,
              31.00976040564632
            ]
          ]
        ]
      },
      "properties": {
        "site_id": 1481,
        "name": "The Ahwar of Southern Iraq: Refuge of Biodiversity and the Relict Landscape of the Mesopotamian Cities"
      }
    },
    {
      "type": "Feature",
      "geometry": {
        "type": "Polygon",
        "coordinates": [
          [
            [
              58.8388888889,
              30.486726630347555
            ],
            [
              58.86612127866717,
              30.48569404949821
            ],
            [
              58.89314470575788,
              30.482604229647595
            ],
            [
              58.91975185053221,
              30.477480876603277
            ],
            [
              58.945738665261224,
              30.470363292966148
            ],
            [
              58.97090597483898,
              30.461306069386737
            ],
            [
              58.995061035653,
              30.45037865604946
            ],
            [
              59.018019039408074,
              30.437664818059403
            ],
            [
              59.039604549314724,
              30.423261979383188
            ],
            [
              59.05965285680402,
              30.407280460921378
            ],
            [
              59.07801124779695,
              30.389842619153782
            ],
            [
              59.094540168527054,
              30.37108189259258
            ],
            [
              59.109114281970044,
              30.351141763995376
            ],
            [
              59.121623407057875,
              30.330174646924267
            ],
            [
              59.131973334027485,
              30.308340705784214
            ],
            [
              59.140086510459355,
              30.28580661893076
            ],
            [
              59.145902593780484,
              30.26274429480292
            ],
            [
              59.149378867223895,
              30.239329551310068
            ],
            [
              59.15049051743698,
              30.21574076888406
            ],
            [
              59.14923077310159,
              30.19215752770061
            ],
            [
              59.14561090505645,
              30.16875923958056
            ],
            [
              59.13966008948858,
              30.1457237850049
            ],
            [
              59.1314251367766,
              30.123226165522418
            ],
            [
              59.12097008951924,
              30.10143718159967
            ],
            [
              59.108375694162795,
              30.080522145664535
            ],
            [
              59.09373875144915,
              30.060639639733125
            ],
            [
              59.07717135164145,
              30.04194032658921
            ],
            [
              59.05880000114618,
              30.02456582301207
            ],
            [
              59.038764647742134,
              30.00864764302801
            ],
            [
              59.01721761214937,
              29.994306218596254
            ],
            [
              58.99432243412921,
              29.981650004539347
            ],
            [
              58.970252641702444,
              29.970774673892656
            ],
            [
              58.94519045241244,
              29.96176240918493
            ],
            [
              58.919325415844874,
              29.954681294473417
            ],
            [
              58.89285300685304,
              29.949584812248606
            ],
            [
              58.86597317912777,
              29.94651144859799
            ],
            [
              58.8388888889,
              29.94548440927849
            ],
            [
              58.81180459867223,
              29.94651144859799
            ],
            [
              58.784924770946965,
              29.949584812248606
            ],
            [
              58.75845236195513,
              29.954681294473417
            ],
            [
              58.73258732538756,
              29.96176240918493
            ],
            [
              58.70752513609756,
              29.970774673892656
            ],
            [
              58.68345534367079,
              29.981650004539347
            ],
            [
              58.66056016565063,
              29.994306218596254
            ],
            [
              58.63901313005787,
              30.00864764302801
            ],
            [
              58.61897777665382,
              30.02456582301207
            ],
            [
              58.600606426158556,
              30.04194032658921
            ],
            [
              58.58403902635085,
              30.060639639733125
            ],
            [
              58.56940208363721,
              30.080522145664535
            ],
            [
              58.55680768828076,
              30.10143718159967
            ],
            [
              58.546352641023404,
              30.123226165522418
            ],
            [
              58.538117688311424,
              30.1457237850049
            ],
            [
              58.53216687274355,
              30.16875923958056
            ],
            [
              58.52854700469841,
              30.19215752770061
            ],
            [
              58.527287260363025,
              30.21574076888406
            ],
            [
              58.52839891057611,
              30.239329551310068
            ],
            [
              58.53187518401952,
              30.26274429480292
            ],
            [
              58.53769126734065,
              30.28580661893076
            ],
            [
              58.54580444377252,
              30.308340705784214
            ],
            [
              58.55615437074213,
              30.330174646924267
            ],
            [
              58.56866349582996,
              30.351141763995376
            ],
            [
              58.58323760927295,
              30.37108189259258
            ],
            [
              58.59976653000305,
              30.389842619153782
            ],
            [
              58.61812492099598,
              30.407280460921378
            ],
            [
              58.63817322848528,
              30.423261979383188
            ],
            [
              58.65975873839193,
              30.437664818059403
            ],
            [
              58.682716742147,
              30.45037865604946
            ],
            [
              58.706871802961025,
              30.461306069386737
            ],
            [
              58.73203911253878,
              30.470363292966148
            ],
            [
              58.758025927267795,
              30.477480876603277
            ],
            [
              58.784633072042126,
              30.482604229647595
            ],
            [
              58.81165649913283,
              30.48569404949821
            ],
            [
              58.8388888889,
              30.486726630347555
            ]
          ]
        ]
      },
      "properties": {
        "site_id": 1505,
        "name": "Lut Desert"
      }
    },
    {
      "type": "Feature",
      "geometry": {
        "type": "Polygon",
        "coordinates": [
          [
            [
              58.3986111111,
              29.360106117081628
            ],
            [
              58.42553856860478,
              29.359073485955985
            ],
            [
              58.45225947860312,
              29.35598351278489
            ],
            [
              58.478568915324594,
              29.350859896009123
            ],
            [
              58.504265182562925,
              29.343741926308194
            ],
            [
              58.52915139384527,
              29.334684178378684
            ],
            [
              58.553037011503214,
              29.323756083124763
            ],
            [
              58.575739331664984,
              29.311041383911082
            ],
            [
              58.597084902787536,
              29.296637481500568
            ],
            [
              58.61691086607427,
              29.280654673220976
            ],
            [
              58.63506620696646,
              29.26321529276392
            ],
            [
              58.65141290783927,
              29.244452757812574
            ],
            [
              58.66582699305993,
              29.224510533409862
            ],
            [
              58.678199458659094,
              29.203541019613592
            ],
            [
              58.688437080010644,
              29.181704372534025
            ],
            [
              58.69646309209057,
              29.159167268308998
            ],
            [
              58.70221773807806,
              29.13610161994147
            ],
            [
              58.70565868325393,
              29.112683257202512
            ],
            [
              58.70676129232908,
              29.089090579990824
            ],
            [
              58.705518769486176,
              29.065503195639177
            ],
            [
              58.70194216152883,
              29.042100550671496
            ],
            [
              58.69606022559515,
              29.01906056744446
            ],
            [
              58.687919163899544,
              28.99655829595974
            ],
            [
              58.677582228909806,
              28.974764590910013
            ],
            [
              58.665129203244575,
              28.953844823730332
            ],
            [
              58.650655759384186,
              28.933957639070073
            ],
            [
              58.63427270502558,
              28.915253764685236
            ],
            [
              58.61610512057976,
              28.89787488328164
            ],
            [
              58.59629139590849,
              28.881952574321353
            ],
            [
              58.57498217392916,
              28.86760733324277
            ],
            [
              58.55233920918396,
              28.854947674944217
            ],
            [
              58.52853414987708,
              28.844069327745405
            ],
            [
              58.50374725223292,
              28.835054523376574
            ],
            [
              58.47816603632528,
              28.827971387854475
            ],
            [
              58.45198389277314,
              28.822873437391895
            ],
            [
              58.42539864989886,
              28.819799182757485
            ],
            [
              58.3986111111,
              28.818771844757723
            ],
            [
              58.371823572301146,
              28.819799182757485
            ],
            [
              58.34523832942686,
              28.822873437391895
            ],
            [
              58.31905618587473,
              28.827971387854475
            ],
            [
              58.293474969967086,
              28.835054523376574
            ],
            [
              58.268688072322924,
              28.844069327745405
            ],
            [
              58.24488301301604,
              28.854947674944217
            ],
            [
              58.22224004827085,
              28.86760733324277
            ],
            [
              58.20093082629152,
              28.881952574321353
            ],
            [
              58.181117101620245,
              28.89787488328164
            ],
            [
              58.162949517174425,
              28.915253764685236
            ],
            [
              58.14656646281582,
              28.933957639070073
            ],
            [
              58.13209301895543,
              28.953844823730332
            ],
            [
              58.1196399932902,
              28.974764590910013
            ],
            [
              58.10930305830046,
              28.99655829595974
            ],
            [
              58.10116199660486,
              29.01906056744446
            ],
            [
              58.09528006067118,
              29.042100550671496
            ],
            [
              58.09170345271383,
              29.065503195639177
            ],
            [
              58.09046092987093,
              29.089090579990824
            ],
            [
              58.091563538946076,
              29.112683257202512
            ],
            [
              58.095004484121944,
              29.13610161994147
            ],
            [
              58.10075913010944,
              29.159167268308998
            ],
            [
              58.10878514218936,
              29.181704372534025
            ],
            [
              58.11902276354091,
              29.203541019613592
            ],
            [
              58.131395229140075,
              29.224510533409862
            ],
            [
              58.14580931436073,
              29.244452757812574
            ],
            [
              58.16215601523355,
              29.26321529276392
            ],
            [
              58.180311356125735,
              29.280654673220976
            ],
            [
              58.20013731941247,
              29.296637481500568
            ],
            [
              58.22148289053502,
              29.311041383911082
            ],
            [
              58.24418521069679,
              29.323756083124763
            ],
            [
              58.26807082835474,
              29.334684178378684
            ],
            [
              58.29295703963708,
              29.343741926308194
            ],
            [
              58.31865330687541,
              29.350859896009123
            ],
            [
              58.34496274359689,
              29.35598351278489
            ],
            [
              58.37168365359523,
              29.359073485955985
            ],
            [
              58.3986111111,
              29.360106117081628
            ]
          ]
        ]
      },
      "properties": {
        "site_id": 1506,
        "name": "The Persian Qanat"
      }
    },
    {
      "type": "Feature",
      "geometry": {
        "type": "Polygon",
        "coordinates": [
          [
            [
              54.3759722223,
              27.469236629229282
            ],
            [
              54.402425571218856,
              27.468203917213316
            ],
            [
              54.42867612989997,
              27.465113697306585
            ],
            [
              54.454522696644084,
              27.459989655931807
            ],
            [
              54.47976723331865,
              27.452871064318536
            ],
            [
              54.50421641351488,
              27.44381247113133
            ],
            [
              54.527683130768544,
              27.43288327580948
            ],
            [
              54.54998795421601,
              27.42016718622988
            ],
            [
              54.57096051962756,
              27.40576156526789
            ],
            [
              54.590440844451955,
              27.38977667174518
            ],
            [
              54.60828055630983,
              27.37233480210793
            ],
            [
              54.62434402527335,
              27.35356933996787
            ],
            [
              54.63850939125113,
              27.333623721352758
            ],
            [
              54.65066947884466,
              27.312650324148212
            ],
            [
              54.66073259314039,
              27.290809290764905
            ],
            [
              54.66862319103155,
              27.26826729352913
            ],
            [
              54.674282423814184,
              27.245196252671334
            ],
            [
              54.67766854795292,
              27.22177201707331
            ],
            [
              54.67875720205466,
              27.19817301813236
            ],
            [
              54.677541549207184,
              27.174578907210257
            ],
            [
              54.674032284924394,
              27.151169187159354
            ],
            [
              54.668257511982446,
              27.128121848359672
            ],
            [
              54.66026248442136,
              27.105612019564436
            ],
            [
              54.650109223921476,
              27.08381064363926
            ],
            [
              54.6378760126363,
              27.062883187999276
            ],
            [
              54.623656767372104,
              27.04298839920092
            ],
            [
              54.60756030074685,
              27.024277110738016
            ],
            [
              54.58970947563711,
              27.006891112628836
            ],
            [
              54.570240259832175,
              26.990962090867548
            ],
            [
              54.54930068836043,
              26.976610644254624
            ],
            [
              54.527049741436876,
              26.963945385521203
            ],
            [
              54.50365614640496,
              26.953062133026705
            ],
            [
              54.47929711241289,
              26.944043198641467
            ],
            [
              54.45415700687814,
              26.936956776731524
            ],
            [
              54.42842598305585,
              26.93185643844431
            ],
            [
              54.40229856824071,
              26.928780734756604
            ],
            [
              54.3759722223,
              26.92775291099284
            ],
            [
              54.34964587635929,
              26.928780734756604
            ],
            [
              54.32351846154415,
              26.93185643844431
            ],
            [
              54.29778743772186,
              26.936956776731524
            ],
            [
              54.27264733218711,
              26.944043198641467
            ],
            [
              54.24828829819504,
              26.953062133026705
            ],
            [
              54.22489470316312,
              26.963945385521203
            ],
            [
              54.20264375623957,
              26.976610644254624
            ],
            [
              54.181704184767824,
              26.990962090867548
            ],
            [
              54.16223496896289,
              27.006891112628836
            ],
            [
              54.14438414385315,
              27.024277110738016
            ],
            [
              54.128287677227895,
              27.04298839920092
            ],
            [
              54.1140684319637,
              27.062883187999276
            ],
            [
              54.101835220678524,
              27.08381064363926
            ],
            [
              54.09168196017864,
              27.105612019564436
            ],
            [
              54.08368693261755,
              27.128121848359672
            ],
            [
              54.077912159675606,
              27.151169187159354
            ],
            [
              54.074402895392815,
              27.174578907210257
            ],
            [
              54.07318724254534,
              27.19817301813236
            ],
            [
              54.07427589664708,
              27.22177201707331
            ],
            [
              54.077662020785816,
              27.245196252671334
            ],
            [
              54.08332125356845,
              27.26826729352913
            ],
            [
              54.09121185145961,
              27.290809290764905
            ],
            [
              54.10127496575534,
              27.312650324148212
            ],
            [
              54.11343505334887,
              27.333623721352758
            ],
            [
              54.12760041932665,
              27.35356933996787
            ],
            [
              54.14366388829017,
              27.37233480210793
            ],
            [
              54.161503600148045,
              27.38977667174518
            ],
            [
              54.18098392497244,
              27.40576156526789
            ],
            [
              54.20195649038399,
              27.42016718622988
            ],
            [
              54.224261313831455,
              27.43288327580948
            ],
            [
              54.24772803108512,
              27.44381247113133
            ],
            [
              54.27217721128135,
              27.452871064318536
            ],
            [
              54.297421747955916,
              27.459989655931807
            ],
            [
              54.32326831470003,
              27.465113697306585
            ],
            [
              54.34951887338114,
              27.468203917213316
            ],
            [
              54.3759722223,
              27.469236629229282
            ]
          ]
        ]
      },
      "properties": {
        "site_id": 1668,
        "name": "The Persian Caravanserai"
      }
    },
    {
      "type": "Feature",
      "geometry": {
        "type": "Polygon",
        "coordinates": [
          [
            [
              47.235,
              36.874225504908466
            ],
            [
              47.26432575377102,
              36.873193212910124
            ],
            [
              47.293425975990935,
              36.870104275177404
            ],
            [
              47.32207692398305,
              36.864982443541805
            ],
            [
              47.35005841692105,
              36.85786709509739
            ],
            [
              47.37715557720467,
              36.84881292021603
            ],
            [
              47.403160524920736,
              36.83788948964934
            ],
            [
              47.42787401064794,
              36.82518070454048
            ],
            [
              47.45110697260669,
              36.81078413418012
            ],
            [
              47.47268200505608,
              36.79481024729407
            ],
            [
              47.49243472587782,
              36.77738154353479
            ],
            [
              47.51021503244314,
              36.75863159265501
            ],
            [
              47.52588823611036,
              36.73870398956472
            ],
            [
              47.539336067024834,
              36.717751234102515
            ],
            [
              47.550457542266706,
              36.695933544888966
            ],
            [
              47.55916969179227,
              36.67341761706799
            ],
            [
              47.565408138018924,
              36.650375334081815
            ],
            [
              47.56912752629334,
              36.62698244386776
            ],
            [
              47.5703018048368,
              36.60341721001066
            ],
            [
              47.56892435406631,
              36.57985904843817
            ],
            [
              47.56500796643053,
              36.556487160210416
            ],
            [
              47.558584679065085,
              36.53347917083579
            ],
            [
              47.54970546265386,
              36.511009786346875
            ],
            [
              47.538439770876494,
              36.48924947609991
            ],
            [
              47.524874955723135,
              36.46836319192448
            ],
            [
              47.509115554766225,
              36.44850913285436
            ],
            [
              47.49128245719536,
              36.42983756421961
            ],
            [
              47.47151195604924,
              36.41248969938364
            ],
            [
              47.4499546946224,
              36.396596651869714
            ],
            [
              47.42677451548929,
              36.38227846504657
            ],
            [
              47.402147220980424,
              36.36964322593766
            ],
            [
              47.37625925427276,
              36.358786269086316
            ],
            [
              47.34930631052463,
              36.34978947575595
            ],
            [
              47.321491887702784,
              36.34272067307215
            ],
            [
              47.29302578692081,
              36.33763313702788
            ],
            [
              47.264122572242144,
              36.33456520257365
            ],
            [
              47.235,
              36.333539983308704
            ],
            [
              47.205877427757855,
              36.33456520257365
            ],
            [
              47.17697421307919,
              36.33763313702788
            ],
            [
              47.148508112297215,
              36.34272067307215
            ],
            [
              47.12069368947537,
              36.34978947575595
            ],
            [
              47.09374074572724,
              36.358786269086316
            ],
            [
              47.067852779019574,
              36.36964322593766
            ],
            [
              47.04322548451071,
              36.38227846504657
            ],
            [
              47.0200453053776,
              36.396596651869714
            ],
            [
              46.99848804395076,
              36.41248969938364
            ],
            [
              46.97871754280464,
              36.42983756421961
            ],
            [
              46.96088444523377,
              36.44850913285436
            ],
            [
              46.945125044276864,
              36.46836319192448
            ],
            [
              46.931560229123505,
              36.48924947609991
            ],
            [
              46.92029453734614,
              36.511009786346875
            ],
            [
              46.911415320934914,
              36.53347917083579
            ],
            [
              46.90499203356947,
              36.556487160210416
            ],
            [
              46.90107564593369,
              36.57985904843817
            ],
            [
              46.8996981951632,
              36.60341721001066
            ],
            [
              46.900872473706656,
              36.62698244386776
            ],
            [
              46.904591861981075,
              36.650375334081815
            ],
            [
              46.91083030820773,
              36.67341761706799
            ],
            [
              46.91954245773329,
              36.695933544888966
            ],
            [
              46.930663932975165,
              36.717751234102515
            ],
            [
              46.94411176388964,
              36.73870398956472
            ],
            [
              46.95978496755686,
              36.75863159265501
            ],
            [
              46.97756527412218,
              36.77738154353479
            ],
            [
              46.99731799494392,
              36.79481024729407
            ],
            [
              47.01889302739331,
              36.81078413418012
            ],
            [
              47.04212598935206,
              36.82518070454048
            ],
            [
              47.06683947507926,
              36.83788948964934
            ],
            [
              47.09284442279533,
              36.84881292021603
            ],
            [
              47.11994158307895,
              36.85786709509739
            ],
            [
              47.14792307601695,
              36.864982443541805
            ],
            [
              47.176574024009064,
              36.870104275177404
            ],
            [
              47.20567424622898,
              36.873193212910124
            ],
            [
              47.235,
              36.874225504908466
            ]
          ]
        ]
      },
      "properties": {
        "site_id": 1077,
        "name": "Takht-e Soleyman"
      }
    },
    {
      "type": "Feature",
      "geometry": {
        "type": "Polygon",
        "coordinates": [
          [
            [
              47.4366666666,
              34.658769572547854
            ],
            [
              47.465190264040956,
              34.65773718259691
            ],
            [
              47.49349467808893,
              34.65464794527686
            ],
            [
              47.52136245836668,
              34.649525595475765
            ],
            [
              47.5485796052952,
              34.642409482858085
            ],
            [
              47.574937257592836,
              34.63335426106488
            ],
            [
              47.60023333480314,
              34.622429456418175
            ],
            [
              47.62427412069793,
              34.609718919897816
            ],
            [
              47.64687577409709,
              34.59532016715839
            ],
            [
              47.66786575448879,
              34.57934361229707
            ],
            [
              47.68708415080658,
              34.56191170195956
            ],
            [
              47.704384902804286,
              34.54315795717412
            ],
            [
              47.719636905646354,
              34.523225931023475
            ],
            [
              47.73272498957804,
              34.50226809089622
            ],
            [
              47.743550767837334,
              34.4804446346001
            ],
            [
              47.752033347295466,
              34.45792225006412
            ],
            [
              47.75810989764696,
              34.434872828706354
            ],
            [
              47.76173607629397,
              34.411472142797486
            ],
            [
              47.762886307365044,
              34.387898497309536
            ],
            [
              47.76155391456242,
              34.364331366806944
            ],
            [
              47.75775110872929,
              34.34095002791698
            ],
            [
              47.75150883215998,
              34.31793219781212
            ],
            [
              47.7428764627334,
              34.29545268895518
            ],
            [
              47.73192138192701,
              34.27368209010211
            ],
            [
              47.718728411662035,
              34.252785483235
            ],
            [
              47.703399125739026,
              34.23292120571361
            ],
            [
              47.68605104234623,
              34.21423966649514
            ],
            [
              47.666816704764486,
              34.19688222478252
            ],
            [
              47.645842657953835,
              34.18098013892988
            ],
            [
              47.62328832919352,
              34.166653592862474
            ],
            [
              47.59932482136502,
              34.154010806664395
            ],
            [
              47.57413362781977,
              34.143147237354604
            ],
            [
              47.54790527806922,
              34.13414487521453
            ],
            [
              47.52083792377741,
              34.127071640352675
            ],
            [
              47.49313587473212,
              34.12198088349751
            ],
            [
              47.4650080946265,
              34.11891099430138
            ],
            [
              47.4366666666,
              34.1178851197196
            ],
            [
              47.4083252385735,
              34.11891099430138
            ],
            [
              47.380197458467876,
              34.12198088349751
            ],
            [
              47.35249540942259,
              34.127071640352675
            ],
            [
              47.32542805513077,
              34.13414487521453
            ],
            [
              47.299199705380225,
              34.143147237354604
            ],
            [
              47.27400851183497,
              34.154010806664395
            ],
            [
              47.25004500400647,
              34.166653592862474
            ],
            [
              47.22749067524616,
              34.18098013892988
            ],
            [
              47.20651662843551,
              34.19688222478252
            ],
            [
              47.187282290853766,
              34.21423966649514
            ],
            [
              47.16993420746097,
              34.23292120571361
            ],
            [
              47.15460492153796,
              34.252785483235
            ],
            [
              47.141411951272985,
              34.27368209010211
            ],
            [
              47.130456870466595,
              34.29545268895518
            ],
            [
              47.12182450104002,
              34.31793219781212
            ],
            [
              47.11558222447071,
              34.34095002791698
            ],
            [
              47.111779418637575,
              34.364331366806944
            ],
            [
              47.11044702583495,
              34.387898497309536
            ],
            [
              47.11159725690602,
              34.411472142797486
            ],
            [
              47.115223435553034,
              34.434872828706354
            ],
            [
              47.12129998590453,
              34.45792225006412
            ],
            [
              47.12978256536266,
              34.4804446346001
            ],
            [
              47.140608343621956,
              34.50226809089622
            ],
            [
              47.15369642755364,
              34.523225931023475
            ],
            [
              47.16894843039571,
              34.54315795717412
            ],
            [
              47.18624918239342,
              34.56191170195956
            ],
            [
              47.20546757871121,
              34.57934361229707
            ],
            [
              47.226457559102904,
              34.59532016715839
            ],
            [
              47.24905921250206,
              34.609718919897816
            ],
            [
              47.27309999839685,
              34.622429456418175
            ],
            [
              47.29839607560716,
              34.63335426106488
            ],
            [
              47.32475372790479,
              34.642409482858085
            ],
            [
              47.35197087483331,
              34.649525595475765
            ],
            [
              47.379838655111065,
              34.65464794527686
            ],
            [
              47.40814306915904,
              34.65773718259691
            ],
            [
              47.4366666666,
              34.658769572547854
            ]
          ]
        ]
      },
      "properties": {
        "site_id": 1222,
        "name": "Bisotun"
      }
    },
    {
      "type": "Feature",
      "geometry": {
        "type": "Polygon",
        "coordinates": [
          [
            [
              45.5727777778,
              39.245505228233505
            ],
            [
              45.60306548897996,
              39.24447303209807
            ],
            [
              45.63312005435671,
              39.2413843885968
            ],
            [
              45.66271018405677,
              39.23626306920857
            ],
            [
              45.69160828336687,
              39.22914848284703
            ],
            [
              45.71959225877828,
              39.22009536251985
            ],
            [
              45.74644727477724,
              39.20917333059723
            ],
            [
              45.77196744593174,
              39.196466346575605
            ],
            [
              45.795957449627196,
              39.182072042246766
            ],
            [
              45.818234045773856,
              39.16610095014852
            ],
            [
              45.838627490926484,
              39.148675632064965
            ],
            [
              45.85698283549887,
              39.129929715157154
            ],
            [
              45.873161094098386,
              39.110006844028426
            ],
            [
              45.88704028042265,
              39.08905955765809
            ],
            [
              45.89851629962687,
              39.067248100668536
            ],
            [
              45.90750369255996,
              39.04473917882094
            ],
            [
              45.91393622775777,
              39.02170466896433
            ],
            [
              45.91776733854895,
              38.99832029389149
            ],
            [
              45.91897040405455,
              38.974764272686166
            ],
            [
              45.91753887422747,
              38.95121595718264
            ],
            [
              45.91348624036982,
              38.927854465105355
            ],
            [
              45.9068458537715,
              38.90485732031897
            ],
            [
              45.89767059622551,
              38.88239911040342
            ],
            [
              45.88603240718734,
              38.86065017148132
            ],
            [
              45.87202167325643,
              38.839775309872245
            ],
            [
              45.85574648646481,
              38.81993256973883
            ],
            [
              45.837331778566885,
              38.80127205542657
            ],
            [
              45.816918339135235,
              38.783934816693325
            ],
            [
              45.79466172578992,
              38.76805180447764
            ],
            [
              45.770731075326715,
              38.75374290427697
            ],
            [
              45.745307824872775,
              38.741116053598766
            ],
            [
              45.71858435249432,
              38.7302664493178
            ],
            [
              45.690762546916844,
              38.721275850123284
            ],
            [
              45.662052316205795,
              38.71421197857419
            ],
            [
              45.632670045397774,
              38.70912802660429
            ],
            [
              45.60283701318079,
              38.7060622676312
            ],
            [
              45.5727777778,
              38.70503777772983
            ],
            [
              45.54271854241921,
              38.7060622676312
            ],
            [
              45.512885510202224,
              38.70912802660429
            ],
            [
              45.4835032393942,
              38.71421197857419
            ],
            [
              45.454793008683154,
              38.721275850123284
            ],
            [
              45.42697120310568,
              38.7302664493178
            ],
            [
              45.40024773072722,
              38.741116053598766
            ],
            [
              45.37482448027328,
              38.75374290427697
            ],
            [
              45.350893829810076,
              38.76805180447764
            ],
            [
              45.32863721646476,
              38.783934816693325
            ],
            [
              45.30822377703311,
              38.80127205542657
            ],
            [
              45.28980906913519,
              38.81993256973883
            ],
            [
              45.27353388234357,
              38.839775309872245
            ],
            [
              45.259523148412654,
              38.86065017148132
            ],
            [
              45.24788495937449,
              38.88239911040342
            ],
            [
              45.2387097018285,
              38.90485732031897
            ],
            [
              45.23206931523018,
              38.927854465105355
            ],
            [
              45.22801668137253,
              38.95121595718264
            ],
            [
              45.22658515154545,
              38.974764272686166
            ],
            [
              45.22778821705105,
              38.99832029389149
            ],
            [
              45.231619327842225,
              39.02170466896433
            ],
            [
              45.238051863040035,
              39.04473917882094
            ],
            [
              45.24703925597313,
              39.067248100668536
            ],
            [
              45.258515275177345,
              39.08905955765809
            ],
            [
              45.27239446150161,
              39.110006844028426
            ],
            [
              45.28857272010113,
              39.129929715157154
            ],
            [
              45.306928064673514,
              39.148675632064965
            ],
            [
              45.32732150982614,
              39.16610095014852
            ],
            [
              45.3495981059728,
              39.182072042246766
            ],
            [
              45.373588109668255,
              39.196466346575605
            ],
            [
              45.39910828082276,
              39.20917333059723
            ],
            [
              45.42596329682172,
              39.22009536251985
            ],
            [
              45.45394727223313,
              39.22914848284703
            ],
            [
              45.48284537154323,
              39.23626306920857
            ],
            [
              45.51243550124329,
              39.2413843885968
            ],
            [
              45.54249006662004,
              39.24447303209807
            ],
            [
              45.5727777778,
              39.245505228233505
            ]
          ]
        ]
      },
      "properties": {
        "site_id": 1262,
        "name": "Armenian Monastic Ensembles of Iran"
      }
    },
    {
      "type": "Feature",
      "geometry": {
        "type": "Polygon",
        "coordinates": [
          [
            [
              46.3008333333,
              38.343880332049075
            ],
            [
              46.33074186374844,
              38.34284810090987
            ],
            [
              46.36042025005806,
              38.33975934980248
            ],
            [
              46.38964017757463,
              38.334637842530455
            ],
            [
              46.41817697423017,
              38.32752297557536
            ],
            [
              46.44581139108457,
              38.31846946528303
            ],
            [
              46.47233133453709,
              38.307546913844995
            ],
            [
              46.49753353503734,
              38.294839257936125
            ],
            [
              46.52122513790448,
              38.28044410488936
            ],
            [
              46.543225202806,
              38.264471962249374
            ],
            [
              46.5633660995333,
              38.247045367435625
            ],
            [
              46.58149478891988,
              38.22829792505605
            ],
            [
              46.597473979054215,
              38.20837326013548
            ],
            [
              46.61118314831948,
              38.187423896152616
            ],
            [
              46.62251942822262,
              38.16561006731279
            ],
            [
              46.63139834042909,
              38.14309847491723
            ],
            [
              46.63775438387604,
              38.120060998022474
            ],
            [
              46.6415414692735,
              38.09667336881863
            ],
            [
              46.64273319970019,
              38.0731138232909
            ],
            [
              46.64132299734235,
              38.04956173777259
            ],
            [
              46.63732407769516,
              38.026196261950844
            ],
            [
              46.63076927373633,
              38.003194958756346
            ],
            [
              46.6217107136816,
              37.98073246135885
            ],
            [
              46.61021935693689,
              37.95897915720998
            ],
            [
              46.596384393768076,
              37.93809990872835
            ],
            [
              46.5803125150182,
              37.91825281981702
            ],
            [
              46.56212705891251,
              37.89958805694615
            ],
            [
              46.54196704261067,
              37.88224673303031
            ],
            [
              46.51998608669542,
              37.866359861786854
            ],
            [
              46.49635124123616,
              37.85204738968451
            ],
            [
              46.47124172244043,
              37.83941731198452
            ],
            [
              46.444847569214176,
              37.82856487874599
            ],
            [
              46.417368229201344,
              37.819571896016036
            ],
            [
              46.38901108407134,
              37.81250612675729
            ],
            [
              46.35998992397769,
              37.80742079538518
            ],
            [
              46.330523381229,
              37.804354199095606
            ],
            [
              46.3008333333,
              37.80332942846443
            ],
            [
              46.271143285371,
              37.804354199095606
            ],
            [
              46.2416767426223,
              37.80742079538518
            ],
            [
              46.212655582528654,
              37.81250612675729
            ],
            [
              46.18429843739865,
              37.819571896016036
            ],
            [
              46.15681909738582,
              37.82856487874599
            ],
            [
              46.130424944159564,
              37.83941731198452
            ],
            [
              46.105315425363834,
              37.85204738968451
            ],
            [
              46.08168057990458,
              37.866359861786854
            ],
            [
              46.059699623989324,
              37.88224673303031
            ],
            [
              46.03953960768749,
              37.89958805694615
            ],
            [
              46.0213541515818,
              37.91825281981702
            ],
            [
              46.00528227283192,
              37.93809990872835
            ],
            [
              45.99144730966311,
              37.95897915720998
            ],
            [
              45.979955952918395,
              37.98073246135885
            ],
            [
              45.97089739286367,
              38.003194958756346
            ],
            [
              45.964342588904834,
              38.026196261950844
            ],
            [
              45.96034366925765,
              38.04956173777259
            ],
            [
              45.95893346689981,
              38.0731138232909
            ],
            [
              45.9601251973265,
              38.09667336881863
            ],
            [
              45.96391228272395,
              38.120060998022474
            ],
            [
              45.97026832617091,
              38.14309847491723
            ],
            [
              45.97914723837738,
              38.16561006731279
            ],
            [
              45.99048351828051,
              38.187423896152616
            ],
            [
              46.00419268754578,
              38.20837326013548
            ],
            [
              46.02017187768011,
              38.22829792505605
            ],
            [
              46.0383005670667,
              38.247045367435625
            ],
            [
              46.058441463794,
              38.264471962249374
            ],
            [
              46.080441528695516,
              38.28044410488936
            ],
            [
              46.104133131562655,
              38.294839257936125
            ],
            [
              46.12933533206291,
              38.307546913844995
            ],
            [
              46.15585527551543,
              38.31846946528303
            ],
            [
              46.183489692369825,
              38.32752297557536
            ],
            [
              46.21202648902537,
              38.334637842530455
            ],
            [
              46.241246416541934,
              38.33975934980248
            ],
            [
              46.27092480285155,
              38.34284810090987
            ],
            [
              46.3008333333,
              38.343880332049075
            ]
          ]
        ]
      },
      "properties": {
        "site_id": 1346,
        "name": "Tabriz Historic Bazaar Complex"
      }
    },
    {
      "type": "Feature",
      "geometry": {
        "type": "Polygon",
        "coordinates": [
          [
            [
              52.5252777778,
              29.9067505226491
            ],
            [
              52.552351025969465,
              29.905717915764853
            ],
            [
              52.579216571809155,
              29.902628016519625
            ],
            [
              52.60566834491331,
              29.897504526907316
            ],
            [
              52.63150352469459,
              29.890386743357297
            ],
            [
              52.656524130378706,
              29.881329248261057
            ],
            [
              52.68053856954512,
              29.870401481822185
            ],
            [
              52.703363132125574,
              29.8576871978915
            ],
            [
              52.724823417380335,
              29.843283808424204
            ],
            [
              52.74475568210942,
              29.827301622118718
            ],
            [
              52.763008099210616,
              29.809862983659304
            ],
            [
              52.779441916651855,
              29.79110132077729
            ],
            [
              52.793932507965835,
              29.77116010706212
            ],
            [
              52.806370306482826,
              29.75019174908781
            ],
            [
              52.81666161667516,
              29.7283564069685
            ],
            [
              52.824729297177065,
              29.705820757915138
            ],
            [
              52.830513311248126,
              29.682756712733035
            ],
            [
              52.83397114165348,
              29.659340095475777
            ],
            [
              52.83507806812201,
              29.635749296656282
            ],
            [
              52.83382730670395,
              29.61216391051212
            ],
            [
              52.830230011468245,
              29.58876336683193
            ],
            [
              52.82431514004939,
              29.565725567776976
            ],
            [
              52.816129185564485,
              29.543225539980476
            ],
            [
              52.80573577836813,
              29.52143411198128
            ],
            [
              52.793215161991924,
              29.500516626753708
            ],
            [
              52.77866354842313,
              29.48063169873664
            ],
            [
              52.76219235861394,
              29.461930024346575
            ],
            [
              52.743927354777014,
              29.444553254488834
            ],
            [
              52.72400767161903,
              29.428632937061035
            ],
            [
              52.70258475419052,
              29.41428953688047
            ],
            [
              52.679821210493884,
              29.401631539865573
            ],
            [
              52.655889587393055,
              29.39075464766714
            ],
            [
              52.630971078712946,
              29.38174106828058
            ],
            [
              52.60525417470833,
              29.374658907481148
            ],
            [
              52.57893326232294,
              29.369561665213674
            ],
            [
              52.55220718585531,
              29.3664878403403
            ],
            [
              52.5252777778,
              29.365460646407413
            ],
            [
              52.49834836974469,
              29.3664878403403
            ],
            [
              52.47162229327706,
              29.369561665213674
            ],
            [
              52.44530138089167,
              29.374658907481148
            ],
            [
              52.41958447688705,
              29.38174106828058
            ],
            [
              52.394665968206944,
              29.39075464766714
            ],
            [
              52.370734345106115,
              29.401631539865573
            ],
            [
              52.34797080140948,
              29.41428953688047
            ],
            [
              52.32654788398097,
              29.428632937061035
            ],
            [
              52.306628200822985,
              29.444553254488834
            ],
            [
              52.28836319698606,
              29.461930024346575
            ],
            [
              52.27189200717687,
              29.48063169873664
            ],
            [
              52.257340393608075,
              29.500516626753708
            ],
            [
              52.24481977723187,
              29.52143411198128
            ],
            [
              52.234426370035514,
              29.543225539980476
            ],
            [
              52.226240415550606,
              29.565725567776976
            ],
            [
              52.220325544131754,
              29.58876336683193
            ],
            [
              52.21672824889605,
              29.61216391051212
            ],
            [
              52.21547748747799,
              29.635749296656282
            ],
            [
              52.21658441394652,
              29.659340095475777
            ],
            [
              52.22004224435187,
              29.682756712733035
            ],
            [
              52.225826258422934,
              29.705820757915138
            ],
            [
              52.23389393892484,
              29.7283564069685
            ],
            [
              52.24418524911717,
              29.75019174908781
            ],
            [
              52.256623047634164,
              29.77116010706212
            ],
            [
              52.271113638948144,
              29.79110132077729
            ],
            [
              52.28754745638938,
              29.809862983659304
            ],
            [
              52.30579987349058,
              29.827301622118718
            ],
            [
              52.325732138219664,
              29.843283808424204
            ],
            [
              52.347192423474425,
              29.8576871978915
            ],
            [
              52.37001698605488,
              29.870401481822185
            ],
            [
              52.39403142522129,
              29.881329248261057
            ],
            [
              52.41905203090541,
              29.890386743357297
            ],
            [
              52.44488721068669,
              29.897504526907316
            ],
            [
              52.471338983790844,
              29.902628016519625
            ],
            [
              52.498204529630534,
              29.905717915764853
            ],
            [
              52.5252777778,
              29.9067505226491
            ]
          ]
        ]
      },
      "properties": {
        "site_id": 1372,
        "name": "The Persian Garden"
      }
    },
    {
      "type": "Feature",
      "geometry": {
        "type": "Polygon",
        "coordinates": [
          [
            [
              44.0091666667,
              36.461466479361
            ],
            [
              44.03833623561594,
              36.46043416958108
            ],
            [
              44.06728150904547,
              36.45734517740413
            ],
            [
              44.09577996949827,
              36.45222325140995
            ],
            [
              44.12361263970747,
              36.44510776342778
            ],
            [
              44.15056581351326,
              36.43605339677788
            ],
            [
              44.1764327402108,
              36.42512971367963
            ],
            [
              44.20101524773503,
              36.4124206056387
            ],
            [
              44.22412529078927,
              36.39802363163488
            ],
            [
              44.24558641091329,
              36.38204924988363
            ],
            [
              44.265235096511766,
              36.36461994982682
            ],
            [
              44.28292203200645,
              36.34586929181468
            ],
            [
              44.298513226511936,
              36.32594086266221
            ],
            [
              44.31189101374449,
              36.3049871558943
            ],
            [
              44.32295491623171,
              36.28316838603081
            ],
            [
              44.33162236827664,
              36.26065124670255
            ],
            [
              44.337829293520926,
              36.23760762273083
            ],
            [
              44.3415305343275,
              36.21421326654721
            ],
            [
              44.34270013154713,
              36.19064644947957
            ],
            [
              44.341331454527456,
              36.16708659848531
            ],
            [
              44.337437182455034,
              36.143712928880895
            ],
            [
              44.33104913928043,
              36.12070308349953
            ],
            [
              44.32221798555315,
              36.09823178851418
            ],
            [
              44.311012771483746,
              36.07646953589533
            ],
            [
              44.297520356450086,
              36.05558130213917
            ],
            [
              44.28184470097282,
              36.03572531250764
            ],
            [
              44.26410603790385,
              36.01705185957414
            ],
            [
              44.24443993020068,
              35.99970218437304
            ],
            [
              44.22299622320823,
              35.98380742791333
            ],
            [
              44.199937899837444,
              35.96948766024299
            ],
            [
              44.17543984742819,
              35.956850993645496
            ],
            [
              44.14968754541543,
              35.94599278591735
            ],
            [
              44.12287568319183,
              35.93699493902177
            ],
            [
              44.0952067177813,
              35.92992529774084
            ],
            [
              44.06688938111561,
              35.92483715225956
            ],
            [
              44.03813714684277,
              35.92176884791664
            ],
            [
              44.0091666667,
              35.9207435046459
            ],
            [
              43.98019618655722,
              35.92176884791664
            ],
            [
              43.951443952284386,
              35.92483715225956
            ],
            [
              43.92312661561869,
              35.92992529774084
            ],
            [
              43.895457650208165,
              35.93699493902177
            ],
            [
              43.86864578798456,
              35.94599278591735
            ],
            [
              43.84289348597181,
              35.956850993645496
            ],
            [
              43.81839543356255,
              35.96948766024299
            ],
            [
              43.79533711019177,
              35.98380742791333
            ],
            [
              43.77389340319932,
              35.99970218437304
            ],
            [
              43.75422729549614,
              36.01705185957414
            ],
            [
              43.736488632427175,
              36.03572531250764
            ],
            [
              43.72081297694991,
              36.05558130213917
            ],
            [
              43.70732056191625,
              36.07646953589533
            ],
            [
              43.69611534784684,
              36.09823178851418
            ],
            [
              43.68728419411956,
              36.12070308349953
            ],
            [
              43.68089615094496,
              36.143712928880895
            ],
            [
              43.67700187887254,
              36.16708659848531
            ],
            [
              43.67563320185286,
              36.19064644947957
            ],
            [
              43.6768027990725,
              36.21421326654721
            ],
            [
              43.68050403987907,
              36.23760762273083
            ],
            [
              43.68671096512335,
              36.26065124670255
            ],
            [
              43.695378417168286,
              36.28316838603081
            ],
            [
              43.7064423196555,
              36.3049871558943
            ],
            [
              43.71982010688806,
              36.32594086266221
            ],
            [
              43.73541130139355,
              36.34586929181468
            ],
            [
              43.75309823688823,
              36.36461994982682
            ],
            [
              43.772746922486704,
              36.38204924988363
            ],
            [
              43.79420804261073,
              36.39802363163488
            ],
            [
              43.817318085664965,
              36.4124206056387
            ],
            [
              43.841900593189195,
              36.42512971367963
            ],
            [
              43.86776751988673,
              36.43605339677788
            ],
            [
              43.89472069369253,
              36.44510776342778
            ],
            [
              43.92255336390173,
              36.45222325140995
            ],
            [
              43.95105182435452,
              36.45734517740413
            ],
            [
              43.97999709778406,
              36.46043416958108
            ],
            [
              44.0091666667,
              36.461466479361
            ]
          ]
        ]
      },
      "properties": {
        "site_id": 1437,
        "name": "Erbil Citadel"
      }
    },
    {
      "type": "Feature",
      "geometry": {
        "type": "Polygon",
        "coordinates": [
          [
            [
              61.3277777778,
              30.864488699078407
            ],
            [
              61.35511634654153,
              30.863456135331543
            ],
            [
              61.382245111822314,
              30.860366367637273
            ],
            [
              61.408955920628266,
              30.855243104313068
            ],
            [
              61.435043906588,
              30.848125652021437
            ],
            [
              61.46030909783164,
              30.83906860684834
            ],
            [
              61.48455798274992,
              30.828141425546796
            ],
            [
              61.507605020370036,
              30.81542788062847
            ],
            [
              61.52927408268822,
              30.801025403964807
            ],
            [
              61.54939981705605,
              30.78504432448669
            ],
            [
              61.567828917593786,
              30.7676070064367
            ],
            [
              61.58442129558278,
              30.748846895421984
            ],
            [
              61.599051139855405,
              30.728907480233957
            ],
            [
              61.61160785933364,
              30.70794117903407
            ],
            [
              61.6219969010512,
              30.68610815905189
            ],
            [
              61.63014043820889,
              30.6635750993976
            ],
            [
              61.635977924041526,
              30.640513906955047
            ],
            [
              61.639466508501364,
              30.617100395593035
            ],
            [
              61.64058131597097,
              30.593512939113072
            ],
            [
              61.639315583395984,
              30.569931108441985
            ],
            [
              61.635680659361604,
              30.546534303582575
            ],
            [
              61.62970586571746,
              30.523500390755995
            ],
            [
              61.62143822437512,
              30.501004355012423
            ],
            [
              61.61094205285502,
              30.479216978354902
            ],
            [
              61.59829843304122,
              30.458303553120885
            ],
            [
              61.58360455841027,
              30.438422640002454
            ],
            [
              61.5669729657348,
              30.419724879663992
            ],
            [
              61.54853065792253,
              30.402351866441446
            ],
            [
              61.52841812524057,
              30.38643509208567
            ],
            [
              61.506788272694315,
              30.37209496694727
            ],
            [
              61.483805261784795,
              30.359439925399347
            ],
            [
              61.45964327526115,
              30.348565621659336
            ],
            [
              61.43448521382004,
              30.33955422150894
            ],
            [
              61.40852133398588,
              30.332473794723686
            ],
            [
              61.38194783663916,
              30.327377812316254
            ],
            [
              61.354965415847495,
              30.324304751973607
            ],
            [
              61.3277777778,
              30.323277814330496
            ],
            [
              61.30059013975251,
              30.324304751973607
            ],
            [
              61.27360771896084,
              30.327377812316254
            ],
            [
              61.24703422161412,
              30.332473794723686
            ],
            [
              61.22107034177996,
              30.33955422150894
            ],
            [
              61.19591228033885,
              30.348565621659336
            ],
            [
              61.17175029381521,
              30.359439925399347
            ],
            [
              61.14876728290569,
              30.37209496694727
            ],
            [
              61.12713743035943,
              30.38643509208567
            ],
            [
              61.107024897677476,
              30.402351866441446
            ],
            [
              61.088582589865204,
              30.419724879663992
            ],
            [
              61.07195099718973,
              30.438422640002454
            ],
            [
              61.05725712255878,
              30.458303553120885
            ],
            [
              61.04461350274498,
              30.479216978354902
            ],
            [
              61.034117331224884,
              30.501004355012423
            ],
            [
              61.02584968988254,
              30.523500390755995
            ],
            [
              61.0198748962384,
              30.546534303582575
            ],
            [
              61.01623997220402,
              30.569931108441985
            ],
            [
              61.01497423962903,
              30.593512939113072
            ],
            [
              61.01608904709864,
              30.617100395593035
            ],
            [
              61.01957763155848,
              30.640513906955047
            ],
            [
              61.02541511739111,
              30.6635750993976
            ],
            [
              61.033558654548806,
              30.68610815905189
            ],
            [
              61.043947696266365,
              30.70794117903407
            ],
            [
              61.0565044157446,
              30.728907480233957
            ],
            [
              61.071134260017224,
              30.748846895421984
            ],
            [
              61.08772663800622,
              30.7676070064367
            ],
            [
              61.106155738543954,
              30.78504432448669
            ],
            [
              61.126281472911785,
              30.801025403964807
            ],
            [
              61.14795053522997,
              30.81542788062847
            ],
            [
              61.170997572850084,
              30.828141425546796
            ],
            [
              61.19524645776836,
              30.83906860684834
            ],
            [
              61.220511649012,
              30.848125652021437
            ],
            [
              61.24659963497174,
              30.855243104313068
            ],
            [
              61.27331044377769,
              30.860366367637273
            ],
            [
              61.300439209058474,
              30.863456135331543
            ],
            [
              61.3277777778,
              30.864488699078407
            ]
          ]
        ]
      },
      "properties": {
        "site_id": 1456,
        "name": "Shahr-i Sokhta"
      }
    },
    {
      "type": "Feature",
      "geometry": {
        "type": "Polygon",
        "coordinates": [
          [
            [
              54.3730555556,
              32.15415645809535
            ],
            [
              54.40077211393029,
              32.153123953325796
            ],
            [
              54.42827587627266,
              32.150034365518444
            ],
            [
              54.45535572344348,
              32.14491141172742
            ],
            [
              54.481803875303335,
              32.13779441275371
            ],
            [
              54.50741752403772,
              32.12873798360424
            ],
            [
              54.532000424420985,
              32.11781160389847
            ],
            [
              54.555364427501445,
              32.10509907193297
            ],
            [
              54.5773309447929,
              32.090697847100884
            ],
            [
              54.597732330841446,
              32.074718286294946
            ],
            [
              54.616413172943666,
              32.057282780792384
            ],
            [
              54.63323147780519,
              32.03852480091642
            ],
            [
              54.648059746029496,
              32.018587856487684
            ],
            [
              54.66078592649684,
              31.997624381712082
            ],
            [
              54.67131424391274,
              31.975794553696076
            ],
            [
              54.67956589405568,
              31.953265054232904
            ],
            [
              54.68547960251628,
              31.930207784862166
            ],
            [
              54.68901204397754,
              31.906798545471435
            ],
            [
              54.690138120322175,
              31.883215686881282
            ],
            [
              54.68885109705486,
              31.859638747938693
            ],
            [
              54.68516259868112,
              31.836247087639713
            ],
            [
              54.67910246478176,
              31.813218522714983
            ],
            [
              54.67071846955352,
              31.790727980946148
            ],
            [
              54.66007590854673,
              31.76894618024169
            ],
            [
              54.64725705721661,
              31.74803834319303
            ],
            [
              54.632360506712374,
              31.728162956461137
            ],
            [
              54.61550038305942,
              31.70947058391663
            ],
            [
              54.59680545654386,
              31.69210274197642
            ],
            [
              54.57641814868847,
              31.6761908450552
            ],
            [
              54.554493444718496,
              31.661855228482725
            ],
            [
              54.53119771985802,
              31.649204255636146
            ],
            [
              54.50670748817728,
              31.63833351540171
            ],
            [
              54.48120808303378,
              31.629325115420134
            ],
            [
              54.454892278419486,
              31.62224707588517
            ],
            [
              54.427958860747346,
              31.61715282796222
            ],
            [
              54.40061116078741,
              31.61408082017478
            ],
            [
              54.3730555556,
              31.61305423537515
            ],
            [
              54.34549995041258,
              31.61408082017478
            ],
            [
              54.31815225045265,
              31.61715282796222
            ],
            [
              54.29121883278051,
              31.62224707588517
            ],
            [
              54.264903028166216,
              31.629325115420134
            ],
            [
              54.23940362302272,
              31.63833351540171
            ],
            [
              54.21491339134197,
              31.649204255636146
            ],
            [
              54.1916176664815,
              31.661855228482725
            ],
            [
              54.169692962511526,
              31.6761908450552
            ],
            [
              54.14930565465613,
              31.69210274197642
            ],
            [
              54.130610728140574,
              31.70947058391663
            ],
            [
              54.11375060448762,
              31.728162956461137
            ],
            [
              54.09885405398338,
              31.74803834319303
            ],
            [
              54.086035202653264,
              31.76894618024169
            ],
            [
              54.075392641646474,
              31.790727980946148
            ],
            [
              54.06700864641824,
              31.813218522714983
            ],
            [
              54.06094851251888,
              31.836247087639713
            ],
            [
              54.057260014145136,
              31.859638747938693
            ],
            [
              54.05597299087782,
              31.883215686881282
            ],
            [
              54.05709906722245,
              31.906798545471435
            ],
            [
              54.06063150868371,
              31.930207784862166
            ],
            [
              54.066545217144316,
              31.953265054232904
            ],
            [
              54.074796867287255,
              31.975794553696076
            ],
            [
              54.08532518470315,
              31.997624381712082
            ],
            [
              54.0980513651705,
              32.018587856487684
            ],
            [
              54.112879633394805,
              32.03852480091642
            ],
            [
              54.12969793825633,
              32.057282780792384
            ],
            [
              54.14837878035855,
              32.074718286294946
            ],
            [
              54.168780166407096,
              32.090697847100884
            ],
            [
              54.19074668369855,
              32.10509907193297
            ],
            [
              54.21411068677901,
              32.11781160389847
            ],
            [
              54.238693587162274,
              32.12873798360424
            ],
            [
              54.26430723589666,
              32.13779441275371
            ],
            [
              54.29075538775651,
              32.14491141172742
            ],
            [
              54.31783523492734,
              32.150034365518444
            ],
            [
              54.34533899726971,
              32.153123953325796
            ],
            [
              54.3730555556,
              32.15415645809535
            ]
          ]
        ]
      },
      "properties": {
        "site_id": 1544,
        "name": "Historic City of Yazd"
      }
    },
    {
      "type": "Feature",
      "geometry": {
        "type": "Polygon",
        "coordinates": [
          [
            [
              52.5325416667,
              29.122818477950933
            ],
            [
              52.55940708533896,
              29.121785836406033
            ],
            [
              52.58606644795696,
              29.11869583145948
            ],
            [
              52.612315315931205,
              29.113572160021555
            ],
            [
              52.637952471579155,
              29.10645411029492
            ],
            [
              52.66278149414455,
              29.097396253661408
            ],
            [
              52.68661229483658,
              29.086468017019136
            ],
            [
              52.7092625979878,
              29.073753139215192
            ],
            [
              52.73055935599148,
              29.059349016190577
            ],
            [
              52.75034008640176,
              29.043365940373793
            ],
            [
              52.76845412041735,
              29.025926240719624
            ],
            [
              52.78476375290654,
              29.007163330580696
            ],
            [
              52.799145285152065,
              28.987220671315658
            ],
            [
              52.81148995258231,
              28.96625066017208
            ],
            [
              52.82170473089263,
              28.944413451531542
            ],
            [
              52.82971301513096,
              28.921875721065177
            ],
            [
              52.8354551675084,
              28.89880938271764
            ],
            [
              52.83888893088208,
              28.875390268717464
            ],
            [
              52.83998970603104,
              28.851796783000662
            ],
            [
              52.838750691991805,
              28.82820853853502
            ],
            [
              52.83518288982809,
              28.804804989047373
            ],
            [
              52.829314971269525,
              28.781764065587847
            ],
            [
              52.82119301465813,
              28.75926082821853
            ],
            [
              52.81088011158445,
              28.737466142892625
            ],
            [
              52.798455848471825,
              28.716545393299786
            ],
            [
              52.78401566817532,
              28.69665723709818
            ],
            [
              52.76767011740051,
              28.67795241553939
            ],
            [
              52.749543986415716,
              28.66057262502394
            ],
            [
              52.729775348131454,
              28.644649458607404
            ],
            [
              52.70851450415437,
              28.630303424915954
            ],
            [
              52.685922845892954,
              28.61764305132911
            ],
            [
              52.662171639201276,
              28.606764077652784
            ],
            [
              52.63744074139924,
              28.59774874583993
            ],
            [
              52.611917259806376,
              28.590665190625554
            ],
            [
              52.585794161174434,
              28.585566935229334
            ],
            [
              52.559268841605494,
              28.582492495548312
            ],
            [
              52.5325416667,
              28.58146509551609
            ],
            [
              52.5058144917945,
              28.582492495548312
            ],
            [
              52.47928917222556,
              28.585566935229334
            ],
            [
              52.45316607359362,
              28.590665190625554
            ],
            [
              52.42764259200076,
              28.59774874583993
            ],
            [
              52.40291169419872,
              28.606764077652784
            ],
            [
              52.37916048750704,
              28.61764305132911
            ],
            [
              52.356568829245624,
              28.630303424915954
            ],
            [
              52.33530798526854,
              28.644649458607404
            ],
            [
              52.31553934698428,
              28.66057262502394
            ],
            [
              52.297413215999484,
              28.67795241553939
            ],
            [
              52.281067665224676,
              28.69665723709818
            ],
            [
              52.26662748492817,
              28.716545393299786
            ],
            [
              52.254203221815544,
              28.737466142892625
            ],
            [
              52.24389031874187,
              28.75926082821853
            ],
            [
              52.23576836213047,
              28.781764065587847
            ],
            [
              52.22990044357191,
              28.804804989047373
            ],
            [
              52.22633264140819,
              28.82820853853502
            ],
            [
              52.225093627368956,
              28.851796783000662
            ],
            [
              52.22619440251792,
              28.875390268717464
            ],
            [
              52.2296281658916,
              28.89880938271764
            ],
            [
              52.235370318269034,
              28.921875721065177
            ],
            [
              52.24337860250737,
              28.944413451531542
            ],
            [
              52.253593380817684,
              28.96625066017208
            ],
            [
              52.26593804824793,
              28.987220671315658
            ],
            [
              52.280319580493455,
              29.007163330580696
            ],
            [
              52.296629212982644,
              29.025926240719624
            ],
            [
              52.31474324699823,
              29.043365940373793
            ],
            [
              52.334523977408516,
              29.059349016190577
            ],
            [
              52.355820735412195,
              29.073753139215192
            ],
            [
              52.37847103856342,
              29.086468017019136
            ],
            [
              52.40230183925545,
              29.097396253661408
            ],
            [
              52.42713086182084,
              29.10645411029492
            ],
            [
              52.45276801746879,
              29.113572160021555
            ],
            [
              52.47901688544304,
              29.11869583145948
            ],
            [
              52.505676248061036,
              29.121785836406033
            ],
            [
              52.5325416667,
              29.122818477950933
            ]
          ]
        ]
      },
      "properties": {
        "site_id": 1568,
        "name": "Sassanid Archaeological Landscape of Fars Region"
      }
    },
    {
      "type": "Feature",
      "geometry": {
        "type": "Polygon",
        "coordinates": [
          [
            [
              53.39375,
              36.36919010493703
            ],
            [
              53.42288508635255,
              36.36815779114712
            ],
            [
              53.451796150113175,
              36.3650687866964
            ],
            [
              53.48026094428452,
              36.359946839444056
            ],
            [
              53.50806075731832,
              36.35283132005247
            ],
            [
              53.53498214168277,
              36.34377691027923
            ],
            [
              53.56081859597776,
              36.33285317045303
            ],
            [
              53.585372185995915,
              36.32014398994423
            ],
            [
              53.60845509085966,
              36.30574692544862
            ],
            [
              53.62989106125026,
              36.28977243285395
            ],
            [
              53.64951677776837,
              36.27234299934169
            ],
            [
              53.66718309860347,
              36.25359218318167
            ],
            [
              53.6827561869244,
              36.233663569399376
            ],
            [
              53.69611850970795,
              36.21270965012623
            ],
            [
              53.70716970107909,
              36.190890638980484
            ],
            [
              53.71582728461754,
              36.16837322926639
            ],
            [
              53.72202725047426,
              36.14532930612118
            ],
            [
              53.72572448451447,
              36.12193462298447
            ],
            [
              53.72689304804444,
              36.09836745291383
            ],
            [
              53.72552630797219,
              36.07480722532642
            ],
            [
              53.721636918482076,
              36.05143315871511
            ],
            [
              53.7152566564608,
              36.02842289977099
            ],
            [
              53.70643611398879,
              36.00595117915015
            ],
            [
              53.69524425220031,
              35.98418849385554
            ],
            [
              53.681767821715084,
              35.963299825871395
            ],
            [
              53.66611065565238,
              35.94344340629428
            ],
            [
              53.648392841957104,
              35.92476953375739
            ],
            [
              53.6287497823981,
              35.9074194554494
            ],
            [
              53.607331146146954,
              35.89152431849196
            ],
            [
              53.58429972631558,
              35.87720419886613
            ],
            [
              53.55983020822919,
              35.8645672144725
            ],
            [
              53.53410785854444,
              35.85370872827823
            ],
            [
              53.50732714459732,
              35.84471064684943
            ],
            [
              53.479690293588526,
              35.83764081889404
            ],
            [
              53.45140580139173,
              35.83255253775278
            ],
            [
              53.422686900908815,
              35.82948415107412
            ],
            [
              53.39375,
              35.82845878020038
            ],
            [
              53.36481309909118,
              35.82948415107412
            ],
            [
              53.336094198608265,
              35.83255253775278
            ],
            [
              53.30780970641147,
              35.83764081889404
            ],
            [
              53.280172855402675,
              35.84471064684943
            ],
            [
              53.253392141455556,
              35.85370872827823
            ],
            [
              53.22766979177081,
              35.8645672144725
            ],
            [
              53.203200273684416,
              35.87720419886613
            ],
            [
              53.18016885385304,
              35.89152431849196
            ],
            [
              53.15875021760189,
              35.9074194554494
            ],
            [
              53.13910715804289,
              35.92476953375739
            ],
            [
              53.12138934434761,
              35.94344340629428
            ],
            [
              53.10573217828491,
              35.963299825871395
            ],
            [
              53.09225574779968,
              35.98418849385554
            ],
            [
              53.08106388601121,
              36.00595117915015
            ],
            [
              53.07224334353919,
              36.02842289977099
            ],
            [
              53.06586308151792,
              36.05143315871511
            ],
            [
              53.061973692027806,
              36.07480722532642
            ],
            [
              53.060606951955556,
              36.09836745291383
            ],
            [
              53.06177551548552,
              36.12193462298447
            ],
            [
              53.06547274952573,
              36.14532930612118
            ],
            [
              53.071672715382455,
              36.16837322926639
            ],
            [
              53.080330298920906,
              36.190890638980484
            ],
            [
              53.091381490292044,
              36.21270965012623
            ],
            [
              53.10474381307559,
              36.233663569399376
            ],
            [
              53.12031690139652,
              36.25359218318167
            ],
            [
              53.137983222231625,
              36.27234299934169
            ],
            [
              53.15760893874973,
              36.28977243285395
            ],
            [
              53.17904490914034,
              36.30574692544862
            ],
            [
              53.20212781400408,
              36.32014398994423
            ],
            [
              53.22668140402224,
              36.33285317045303
            ],
            [
              53.252517858317226,
              36.34377691027923
            ],
            [
              53.279439242681676,
              36.35283132005247
            ],
            [
              53.30723905571548,
              36.359946839444056
            ],
            [
              53.33570384988682,
              36.3650687866964
            ],
            [
              53.36461491364744,
              36.36815779114712
            ],
            [
              53.39375,
              36.36919010493703
            ]
          ]
        ]
      },
      "properties": {
        "site_id": 1584,
        "name": "Hyrcanian Forests"
      }
    },
    {
      "type": "Feature",
      "geometry": {
        "type": "Polygon",
        "coordinates": [
          [
            [
              46.1365138889,
              35.21670306649945
            ],
            [
              46.165231299521544,
              35.21567070172
            ],
            [
              46.19372799295653,
              35.21258154131901
            ],
            [
              46.22178499852884,
              35.207459324337925
            ],
            [
              46.24918682318933,
              35.20034340716426
            ],
            [
              46.27572315203113,
              35.19128845244025
            ],
            [
              46.30119050336433,
              35.18036399737271
            ],
            [
              46.32539382405487,
              35.16765390522629
            ],
            [
              46.34814801153818,
              35.153255704783895
            ],
            [
              46.36927934977534,
              35.13727982350402
            ],
            [
              46.38862684740737,
              35.119848720983114
            ],
            [
              46.40604346746511,
              35.101095930134896
            ],
            [
              46.42139723918706,
              35.08116501421835
            ],
            [
              46.434572243763014,
              35.060208448478846
            ],
            [
              46.445469467137066,
              35.03838643570505
            ],
            [
              46.45400751434671,
              35.01586566544857
            ],
            [
              46.460123181225974,
              34.992818026999785
            ],
            [
              46.463771880640124,
              34.969419286464564
            ],
            [
              46.464927921729206,
              34.94584773844204
            ],
            [
              46.463584641903736,
              34.92228284286819
            ],
            [
              46.45975439254391,
              34.89890385756576
            ],
            [
              46.45346838049322,
              34.87588847693295
            ],
            [
              46.44477636850095,
              34.85341148701764
            ],
            [
              46.433746238748796,
              34.831643446964144
            ],
            [
              46.42046342449231,
              34.81074940649395
            ],
            [
              46.40503021565624,
              34.7908876686945
            ],
            [
              46.387564944944565,
              34.77220860694851
            ],
            [
              46.36820106166399,
              34.754853544345366
            ],
            [
              46.347086101016856,
              34.738953703382364
            ],
            [
              46.32438055710097,
              34.72462923319139
            ],
            [
              46.300256668264744,
              34.71198832092273
            ],
            [
              46.27489712381337,
              34.70112639328428
            ],
            [
              46.24849370134968,
              34.692125413578935
            ],
            [
              46.2212458442705,
              34.68505327890623
            ],
            [
              46.19335918912943,
              34.679963321501795
            ],
            [
              46.16504405272664,
              34.67689391748277
            ],
            [
              46.1365138889,
              34.67586820555112
            ],
            [
              46.10798372507335,
              34.67689391748277
            ],
            [
              46.079668588670565,
              34.679963321501795
            ],
            [
              46.0517819335295,
              34.68505327890623
            ],
            [
              46.024534076450315,
              34.692125413578935
            ],
            [
              45.99813065398663,
              34.70112639328428
            ],
            [
              45.97277110953525,
              34.71198832092273
            ],
            [
              45.94864722069902,
              34.72462923319139
            ],
            [
              45.92594167678314,
              34.738953703382364
            ],
            [
              45.90482671613601,
              34.754853544345366
            ],
            [
              45.88546283285543,
              34.77220860694851
            ],
            [
              45.867997562143756,
              34.7908876686945
            ],
            [
              45.852564353307685,
              34.81074940649395
            ],
            [
              45.8392815390512,
              34.831643446964144
            ],
            [
              45.82825140929904,
              34.85341148701764
            ],
            [
              45.819559397306776,
              34.87588847693295
            ],
            [
              45.81327338525609,
              34.89890385756576
            ],
            [
              45.80944313589626,
              34.92228284286819
            ],
            [
              45.80809985607079,
              34.94584773844204
            ],
            [
              45.80925589715987,
              34.969419286464564
            ],
            [
              45.81290459657402,
              34.992818026999785
            ],
            [
              45.81902026345328,
              35.01586566544857
            ],
            [
              45.82755831066293,
              35.03838643570505
            ],
            [
              45.83845553403698,
              35.060208448478846
            ],
            [
              45.85163053861294,
              35.08116501421835
            ],
            [
              45.866984310334885,
              35.101095930134896
            ],
            [
              45.88440093039262,
              35.119848720983114
            ],
            [
              45.903748428024656,
              35.13727982350402
            ],
            [
              45.92487976626182,
              35.153255704783895
            ],
            [
              45.947633953745125,
              35.16765390522629
            ],
            [
              45.971837274435664,
              35.18036399737271
            ],
            [
              45.99730462576887,
              35.19128845244025
            ],
            [
              46.02384095461066,
              35.20034340716426
            ],
            [
              46.051242779271156,
              35.207459324337925
            ],
            [
              46.079299784843464,
              35.21258154131901
            ],
            [
              46.10779647827845,
              35.21567070172
            ],
            [
              46.1365138889,
              35.21670306649945
            ]
          ]
        ]
      },
      "properties": {
        "site_id": 1647,
        "name": "Cultural Landscape of Hawraman/Uramanat"
      }
    },
    {
      "type": "Feature",
      "geometry": {
        "type": "Polygon",
        "coordinates": [
          [
            [
              35.6455555556,
              34.38961815679497
            ],
            [
              35.67398755010786,
              34.38858575461667
            ],
            [
              35.702201086156606,
              34.385496479945495
            ],
            [
              35.72997943192467,
              34.38037406569116
            ],
            [
              35.757109293708226,
              34.37325785831593
            ],
            [
              35.78338249726823,
              34.364202507174
            ],
            [
              35.808597624427975,
              34.353277533403975
            ],
            [
              35.83256159083473,
              34.34056678213656
            ],
            [
              35.85509115148854,
              34.32616776277702
            ],
            [
              35.87601432147711,
              34.31019088306421
            ],
            [
              35.895171700320596,
              34.29275858348374
            ],
            [
              35.91241768940688,
              34.274004379414436
            ],
            [
              35.927621593165554,
              34.254071819107374
            ],
            [
              35.94066859586746,
              34.23311336622862
            ],
            [
              35.95146060722476,
              34.21128921623789
            ],
            [
              35.959916971283285,
              34.188766056320986
            ],
            [
              35.96597503442489,
              34.16571577894452
            ],
            [
              35.969590569613686,
              34.14231415935635
            ],
            [
              35.970738055308914,
              34.11873950751574
            ],
            [
              35.969410808715146,
              34.09517130500703
            ],
            [
              35.96562097423301,
              34.0717888374719
            ],
            [
              35.9593993691012,
              34.0487698329931
            ],
            [
              35.950795189275134,
              34.026289116682236
            ],
            [
              35.939875579562575,
              34.00451729147039
            ],
            [
              35.92672507292916,
              33.98361945477929
            ],
            [
              35.91144490469494,
              33.963753960368365
            ],
            [
              35.894152208067645,
              33.94507123421537
            ],
            [
              35.87497909810058,
              33.92771265279995
            ],
            [
              35.854071651726855,
              33.9118094916288
            ],
            [
              35.831588792010976,
              33.897481951269945
            ],
            [
              35.80770108517879,
              33.884838267560085
            ],
            [
              35.782589459342795,
              33.873973912015714
            ],
            [
              35.75644385413804,
              33.86497088782146
            ],
            [
              35.72946181072979,
              33.857897126090286
            ],
            [
              35.70184701185291,
              33.852805986395026
            ],
            [
              35.67380778170058,
              33.84973586486128
            ],
            [
              35.6455555556,
              33.84870991239151
            ],
            [
              35.617303329499414,
              33.84973586486128
            ],
            [
              35.58926409934708,
              33.852805986395026
            ],
            [
              35.56164930047021,
              33.857897126090286
            ],
            [
              35.534667257061955,
              33.86497088782146
            ],
            [
              35.5085216518572,
              33.873973912015714
            ],
            [
              35.483410026021204,
              33.884838267560085
            ],
            [
              35.45952231918902,
              33.897481951269945
            ],
            [
              35.43703945947314,
              33.9118094916288
            ],
            [
              35.416132013099414,
              33.92771265279995
            ],
            [
              35.39695890313235,
              33.94507123421537
            ],
            [
              35.37966620650506,
              33.963753960368365
            ],
            [
              35.36438603827084,
              33.98361945477929
            ],
            [
              35.35123553163742,
              34.00451729147039
            ],
            [
              35.34031592192486,
              34.026289116682236
            ],
            [
              35.3317117420988,
              34.0487698329931
            ],
            [
              35.325490136966984,
              34.0717888374719
            ],
            [
              35.32170030248485,
              34.09517130500703
            ],
            [
              35.32037305589108,
              34.11873950751574
            ],
            [
              35.32152054158631,
              34.14231415935635
            ],
            [
              35.3251360767751,
              34.16571577894452
            ],
            [
              35.33119413991671,
              34.188766056320986
            ],
            [
              35.339650503975236,
              34.21128921623789
            ],
            [
              35.35044251533254,
              34.23311336622862
            ],
            [
              35.36348951803444,
              34.254071819107374
            ],
            [
              35.378693421793116,
              34.274004379414436
            ],
            [
              35.3959394108794,
              34.29275858348374
            ],
            [
              35.41509678972289,
              34.31019088306421
            ],
            [
              35.43601995971146,
              34.32616776277702
            ],
            [
              35.45854952036527,
              34.34056678213656
            ],
            [
              35.48251348677202,
              34.353277533403975
            ],
            [
              35.50772861393177,
              34.364202507174
            ],
            [
              35.53400181749177,
              34.37325785831593
            ],
            [
              35.56113167927533,
              34.38037406569116
            ],
            [
              35.58891002504339,
              34.385496479945495
            ],
            [
              35.617123561092136,
              34.38858575461667
            ],
            [
              35.6455555556,
              34.38961815679497
            ]
          ]
        ]
      },
      "properties": {
        "site_id": 295,
        "name": "Byblos"
      }
    },
    {
      "type": "Feature",
      "geometry": {
        "type": "Polygon",
        "coordinates": [
          [
            [
              31.2610555556,
              30.126130406766322
            ],
            [
              31.288188454174122,
              30.12509780969505
            ],
            [
              31.315113177981456,
              30.122007940374832
            ],
            [
              31.341623188345455,
              30.11688450223661
            ],
            [
              31.367515204690733,
              30.109766794035284
            ],
            [
              31.39259079855575,
              30.100709401274536
            ],
            [
              31.416657946006147,
              30.089781767918907
            ],
            [
              31.43953252531674,
              30.077067652060123
            ],
            [
              31.461039747401337,
              30.062664470179605
            ],
            [
              31.48101550721175,
              30.046682535573908
            ],
            [
              31.499307645186487,
              30.029244197372314
            ],
            [
              31.515777108790882,
              30.010482887368795
            ],
            [
              31.530299005236248,
              29.99054208260784
            ],
            [
              31.542763537579535,
              29.96957419229701
            ],
            [
              31.55307681756831,
              29.94773937816761
            ],
            [
              31.561161549791485,
              29.925204317862185
            ],
            [
              31.566957582906504,
              29.90214092129458
            ],
            [
              31.57042232492325,
              29.878725010203233
            ],
            [
              31.57153102071749,
              29.855134971302288
            ],
            [
              31.570276891111043,
              29.831550393530307
            ],
            [
              31.566671133977664,
              29.80815069990489
            ],
            [
              31.560742788905895,
              29.785113784417085
            ],
            [
              31.552538467962883,
              29.762614664246872
            ],
            [
              31.54212195605151,
              29.740824157353703
            ],
            [
              31.529573685232602,
              29.719907595199967
            ],
            [
              31.514990088192178,
              29.7000235800053
            ],
            [
              31.498482836769483,
              29.681322795510816
            ],
            [
              31.480177972125553,
              29.66394687976043
            ],
            [
              31.46021493372572,
              29.648027367886183
            ],
            [
              31.438745494835075,
              29.63368471232159
            ],
            [
              31.41593261268723,
              29.62102738726533
            ],
            [
              31.391949201886163,
              29.610151083583254
            ],
            [
              31.366976839943742,
              29.6011379996725
            ],
            [
              31.341204414144595,
              29.594056233122856
            ],
            [
              31.314826719169655,
              29.588959277300663
            ],
            [
              31.288043015103312,
              29.585885626253262
            ],
            [
              31.2610555556,
              29.5848584905912
            ],
            [
              31.234068096096685,
              29.585885626253262
            ],
            [
              31.207284392030342,
              29.588959277300663
            ],
            [
              31.180906697055402,
              29.594056233122856
            ],
            [
              31.155134271256255,
              29.6011379996725
            ],
            [
              31.130161909313834,
              29.610151083583254
            ],
            [
              31.10617849851277,
              29.62102738726533
            ],
            [
              31.083365616364922,
              29.63368471232159
            ],
            [
              31.061896177474278,
              29.648027367886183
            ],
            [
              31.041933139074445,
              29.66394687976043
            ],
            [
              31.023628274430514,
              29.681322795510816
            ],
            [
              31.00712102300782,
              29.7000235800053
            ],
            [
              30.992537425967395,
              29.719907595199967
            ],
            [
              30.979989155148488,
              29.740824157353703
            ],
            [
              30.969572643237115,
              29.762614664246872
            ],
            [
              30.961368322294103,
              29.785113784417085
            ],
            [
              30.955439977222333,
              29.80815069990489
            ],
            [
              30.951834220088955,
              29.831550393530307
            ],
            [
              30.950580090482507,
              29.855134971302288
            ],
            [
              30.951688786276748,
              29.878725010203233
            ],
            [
              30.955153528293494,
              29.90214092129458
            ],
            [
              30.960949561408512,
              29.925204317862185
            ],
            [
              30.969034293631687,
              29.94773937816761
            ],
            [
              30.979347573620462,
              29.96957419229701
            ],
            [
              30.99181210596375,
              29.99054208260784
            ],
            [
              31.006334002409115,
              30.010482887368795
            ],
            [
              31.02280346601351,
              30.029244197372314
            ],
            [
              31.041095603988246,
              30.046682535573908
            ],
            [
              31.06107136379866,
              30.062664470179605
            ],
            [
              31.082578585883258,
              30.077067652060123
            ],
            [
              31.10545316519385,
              30.089781767918907
            ],
            [
              31.129520312644246,
              30.100709401274536
            ],
            [
              31.154595906509265,
              30.109766794035284
            ],
            [
              31.180487922854542,
              30.11688450223661
            ],
            [
              31.206997933218542,
              30.122007940374832
            ],
            [
              31.233922657025875,
              30.12509780969505
            ],
            [
              31.2610555556,
              30.126130406766322
            ]
          ]
        ]
      },
      "properties": {
        "site_id": 86,
        "name": "Memphis and its Necropolis – the Pyramid Fields from Giza to Dahshur"
      }
    },
    {
      "type": "Feature",
      "geometry": {
        "type": "Polygon",
        "coordinates": [
          [
            [
              31.2334444444,
              30.277290845644977
            ],
            [
              31.26061882961788,
              30.276258255360553
            ],
            [
              31.287584711509684,
              30.273168406737064
            ],
            [
              31.314135225736507,
              30.26804500419949
            ],
            [
              31.340066771819846,
              30.26092734811138
            ],
            [
              31.365180609948194,
              30.251870026129072
            ],
            [
              31.38928441608326,
              30.240942484818678
            ],
            [
              31.41219378220324,
              30.22822848520532
            ],
            [
              31.433733649134204,
              30.21382544690117
            ],
            [
              31.45373966016586,
              30.197843686383283
            ],
            [
              31.472059424510547,
              30.180405555855394
            ],
            [
              31.48855368062913,
              30.16164448992148
            ],
            [
              31.503097350497395,
              30.141703968015637
            ],
            [
              31.515580477004196,
              30.120736401166802
            ],
            [
              31.52590903784041,
              30.09890195222457
            ],
            [
              31.53400563043658,
              30.07636729912972
            ],
            [
              31.539810023721838,
              30.053304351179175
            ],
            [
              31.54327957368912,
              30.029888928509738
            ],
            [
              31.54438950094789,
              30.006299415207717
            ],
            [
              31.543133029611987,
              29.98271539654628
            ],
            [
              31.539521387995,
              29.959316290859473
            ],
            [
              31.533583672659105,
              29.936279986487175
            ],
            [
              31.525366578377618,
              29.91378149407086
            ],
            [
              31.51493399752073,
              29.89199162425268
            ],
            [
              31.502366493253557,
              29.871075700532835
            ],
            [
              31.487760651744235,
              29.851192316679725
            ],
            [
              31.47122831931448,
              29.832492147667825
            ],
            [
              31.452895731129228,
              29.815116822645834
            ],
            [
              31.43290253861371,
              29.799197867917034
            ],
            [
              31.411400743311678,
              29.784855727350234
            ],
            [
              31.388553545357507,
              29.772198867038774
            ],
            [
              31.364534115133647,
              29.7613229703897
            ],
            [
              31.339524297025974,
              29.75231022916212
            ],
            [
              31.313713254477097,
              29.745228735284886
            ],
            [
              31.28729606577619,
              29.74013197757473
            ],
            [
              31.260472280216312,
              29.737058446749224
            ],
            [
              31.2334444444,
              29.736031351388547
            ],
            [
              31.206416608583687,
              29.737058446749224
            ],
            [
              31.17959282302381,
              29.74013197757473
            ],
            [
              31.153175634322903,
              29.745228735284886
            ],
            [
              31.127364591774025,
              29.75231022916212
            ],
            [
              31.102354773666352,
              29.7613229703897
            ],
            [
              31.078335343442493,
              29.772198867038774
            ],
            [
              31.055488145488322,
              29.784855727350234
            ],
            [
              31.03398635018629,
              29.799197867917034
            ],
            [
              31.01399315767077,
              29.815116822645834
            ],
            [
              30.99566056948552,
              29.832492147667825
            ],
            [
              30.979128237055765,
              29.851192316679725
            ],
            [
              30.964522395546442,
              29.871075700532835
            ],
            [
              30.95195489127927,
              29.89199162425268
            ],
            [
              30.941522310422382,
              29.91378149407086
            ],
            [
              30.933305216140894,
              29.936279986487175
            ],
            [
              30.927367500805,
              29.959316290859473
            ],
            [
              30.923755859188013,
              29.98271539654628
            ],
            [
              30.92249938785211,
              30.006299415207717
            ],
            [
              30.92360931511088,
              30.029888928509738
            ],
            [
              30.927078865078162,
              30.053304351179175
            ],
            [
              30.932883258363418,
              30.07636729912972
            ],
            [
              30.94097985095959,
              30.09890195222457
            ],
            [
              30.951308411795804,
              30.120736401166802
            ],
            [
              30.963791538302605,
              30.141703968015637
            ],
            [
              30.97833520817087,
              30.16164448992148
            ],
            [
              30.994829464289452,
              30.180405555855394
            ],
            [
              31.01314922863414,
              30.197843686383283
            ],
            [
              31.033155239665795,
              30.21382544690117
            ],
            [
              31.05469510659676,
              30.22822848520532
            ],
            [
              31.07760447271674,
              30.240942484818678
            ],
            [
              31.101708278851806,
              30.251870026129072
            ],
            [
              31.126822116980154,
              30.26092734811138
            ],
            [
              31.152753663063493,
              30.26804500419949
            ],
            [
              31.179304177290316,
              30.273168406737064
            ],
            [
              31.20627005918212,
              30.276258255360553
            ],
            [
              31.2334444444,
              30.277290845644977
            ]
          ]
        ]
      },
      "properties": {
        "site_id": 89,
        "name": "Historic Cairo"
      }
    },
    {
      "type": "Feature",
      "geometry": {
        "type": "Polygon",
        "coordinates": [
          [
            [
              34.9,
              31.87166849449771
            ],
            [
              34.92763167112419,
              31.870635976754265
            ],
            [
              34.95505121823827,
              31.867546349370045
            ],
            [
              34.982048188219636,
              31.862423327462114
            ],
            [
              35.00841545522669,
              31.85530622869662
            ],
            [
              35.03395084827278,
              31.84624966388512
            ],
            [
              35.058458735988964,
              31.835323107576777
            ],
            [
              35.08175155507633,
              31.822610352350345
            ],
            [
              35.103651269590095,
              31.80820885149556
            ],
            [
              35.12399074897555,
              31.792228955703465
            ],
            [
              35.14261505367622,
              31.7747930502542
            ],
            [
              35.15938261813981,
              31.75603459998684
            ],
            [
              35.174166322140664,
              31.736097110053887
            ],
            [
              35.186854442499104,
              31.715133011096658
            ],
            [
              35.19735147848949,
              31.69330247802258
            ],
            [
              35.2055788454712,
              31.6707721920187
            ],
            [
              35.21147543253177,
              31.647714055795845
            ],
            [
              35.21499802118161,
              31.624303872325253
            ],
            [
              35.21612156337021,
              31.600719997503884
            ],
            [
              35.21483931828966,
              31.5771419772698
            ],
            [
              35.21116284858087,
              31.55374917968665
            ],
            [
              35.2051218776514,
              31.530719432431063
            ],
            [
              35.19676401084275,
              31.50822767595278
            ],
            [
              35.18615432414339,
              31.486444642339688
            ],
            [
              35.17337482502871,
              31.465535569613845
            ],
            [
              35.15852379081681,
              31.445658960815656
            ],
            [
              35.14171499066065,
              31.426965396806906
            ],
            [
              35.123076797952585,
              31.409596411245005
            ],
            [
              35.10275120049905,
              31.39368343565637
            ],
            [
              35.08089271633515,
              31.379346821970387
            ],
            [
              35.057667223493326,
              31.36669494927325
            ],
            [
              35.03325071242339,
              31.35582342090691
            ],
            [
              35.007827970086275,
              31.34681435737681
            ],
            [
              34.98159120501616,
              31.339735789847538
            ],
            [
              34.95473862286918,
              31.334641158301398
            ],
            [
              34.927472962156756,
              31.331568917714833
            ],
            [
              34.9,
              31.33054225487479
            ],
            [
              34.87252703784324,
              31.331568917714833
            ],
            [
              34.84526137713082,
              31.334641158301398
            ],
            [
              34.81840879498384,
              31.339735789847538
            ],
            [
              34.79217202991372,
              31.34681435737681
            ],
            [
              34.76674928757661,
              31.35582342090691
            ],
            [
              34.74233277650667,
              31.36669494927325
            ],
            [
              34.71910728366485,
              31.379346821970387
            ],
            [
              34.69724879950095,
              31.39368343565637
            ],
            [
              34.67692320204741,
              31.409596411245005
            ],
            [
              34.658285009339345,
              31.426965396806906
            ],
            [
              34.64147620918319,
              31.445658960815656
            ],
            [
              34.62662517497129,
              31.465535569613845
            ],
            [
              34.61384567585661,
              31.486444642339688
            ],
            [
              34.60323598915725,
              31.50822767595278
            ],
            [
              34.5948781223486,
              31.530719432431063
            ],
            [
              34.58883715141913,
              31.55374917968665
            ],
            [
              34.585160681710335,
              31.5771419772698
            ],
            [
              34.58387843662979,
              31.600719997503884
            ],
            [
              34.58500197881839,
              31.624303872325253
            ],
            [
              34.58852456746823,
              31.647714055795845
            ],
            [
              34.594421154528796,
              31.6707721920187
            ],
            [
              34.60264852151051,
              31.69330247802258
            ],
            [
              34.61314555750089,
              31.715133011096658
            ],
            [
              34.62583367785933,
              31.736097110053887
            ],
            [
              34.64061738186019,
              31.75603459998684
            ],
            [
              34.65738494632378,
              31.7747930502542
            ],
            [
              34.676009251024446,
              31.792228955703465
            ],
            [
              34.6963487304099,
              31.80820885149556
            ],
            [
              34.71824844492367,
              31.822610352350345
            ],
            [
              34.74154126401103,
              31.835323107576777
            ],
            [
              34.766049151727216,
              31.84624966388512
            ],
            [
              34.79158454477331,
              31.85530622869662
            ],
            [
              34.81795181178036,
              31.862423327462114
            ],
            [
              34.84494878176173,
              31.867546349370045
            ],
            [
              34.87236832887581,
              31.870635976754265
            ],
            [
              34.9,
              31.87166849449771
            ]
          ]
        ]
      },
      "properties": {
        "site_id": 1370,
        "name": "Caves of Maresha and Bet-Guvrin in the Judean Lowlands as a Microcosm of the Land of the Caves"
      }
    },
    {
      "type": "Feature",
      "geometry": {
        "type": "Polygon",
        "coordinates": [
          [
            [
              35.1269444444,
              32.9727323689285
            ],
            [
              35.15491382549023,
              32.971699901818724
            ],
            [
              35.18266840940142,
              32.968610428916215
            ],
            [
              35.20999509337469,
              32.9634876729685
            ],
            [
              35.236684148717316,
              32.95637096399029
            ],
            [
              35.26253087107467,
              32.94731492931998
            ],
            [
              35.28733718707248,
              32.93638906348139
            ],
            [
              35.310913203582416,
              32.92367718158035
            ],
            [
              35.33307868652534,
              32.90927676095522
            ],
            [
              35.353664456929344,
              32.89329817673665
            ],
            [
              35.372513692886756,
              32.87586383784308
            ],
            [
              35.38948312709011,
              32.857107230737164
            ],
            [
              35.4044441307515,
              32.837171878987526
            ],
            [
              35.41728367590396,
              32.81621022731276
            ],
            [
              35.42790516932715,
              32.79438245932764
            ],
            [
              35.436229152613905,
              32.77185525866222
            ],
            [
              35.44219386417876,
              32.74880052347985
            ],
            [
              35.44575566028766,
              32.72539404468245
            ],
            [
              35.44688929344386,
              32.70181415826007
            ],
            [
              35.44558804768207,
              32.67824038231977
            ],
            [
              35.441863731491296,
              32.65485204932013
            ],
            [
              35.43574653019444,
              32.631826943944596
            ],
            [
              35.42728472065272,
              32.609339956876326
            ],
            [
              35.41654425212831,
              32.58756176449216
            ],
            [
              35.40360819802657,
              32.566657544181226
            ],
            [
              35.38857608404778,
              32.54678573461871
            ],
            [
              35.37156309900607,
              32.528096849893856
            ],
            [
              35.3526991952238,
              32.51073235590934
            ],
            [
              35.33212808598338,
              32.49482361694105
            ],
            [
              35.31000614802096,
              32.48049091967938
            ],
            [
              35.28650123748058,
              32.46784258147056
            ],
            [
              35.26179142811862,
              32.45697414884212
            ],
            [
              35.23606368086249,
              32.44796769173757
            ],
            [
              35.20951245408825,
              32.44089119820282
            ],
            [
              35.18233826419483,
              32.43579807356707
            ],
            [
              35.154746206223365,
              32.4327267474447
            ],
            [
              35.1269444444,
              32.431700391158195
            ],
            [
              35.09914268257664,
              32.4327267474447
            ],
            [
              35.07155062460517,
              32.43579807356707
            ],
            [
              35.04437643471176,
              32.44089119820282
            ],
            [
              35.01782520793751,
              32.44796769173757
            ],
            [
              34.992097460681386,
              32.45697414884212
            ],
            [
              34.96738765131943,
              32.46784258147056
            ],
            [
              34.943882740779046,
              32.48049091967938
            ],
            [
              34.92176080281663,
              32.49482361694105
            ],
            [
              34.90118969357621,
              32.51073235590934
            ],
            [
              34.88232578979394,
              32.528096849893856
            ],
            [
              34.86531280475223,
              32.54678573461871
            ],
            [
              34.85028069077344,
              32.566657544181226
            ],
            [
              34.837344636671695,
              32.58756176449216
            ],
            [
              34.826604168147284,
              32.609339956876326
            ],
            [
              34.81814235860556,
              32.631826943944596
            ],
            [
              34.81202515730871,
              32.65485204932013
            ],
            [
              34.80830084111793,
              32.67824038231977
            ],
            [
              34.806999595356146,
              32.70181415826007
            ],
            [
              34.80813322851235,
              32.72539404468245
            ],
            [
              34.811695024621244,
              32.74880052347985
            ],
            [
              34.8176597361861,
              32.77185525866222
            ],
            [
              34.82598371947286,
              32.79438245932764
            ],
            [
              34.836605212896046,
              32.81621022731276
            ],
            [
              34.849444758048506,
              32.837171878987526
            ],
            [
              34.8644057617099,
              32.857107230737164
            ],
            [
              34.88137519591325,
              32.87586383784308
            ],
            [
              34.90022443187066,
              32.89329817673665
            ],
            [
              34.920810202274666,
              32.90927676095522
            ],
            [
              34.94297568521759,
              32.92367718158035
            ],
            [
              34.966551701727525,
              32.93638906348139
            ],
            [
              34.99135801772534,
              32.94731492931998
            ],
            [
              35.01720474008269,
              32.95637096399029
            ],
            [
              35.04389379542532,
              32.9634876729685
            ],
            [
              35.07122047939858,
              32.968610428916215
            ],
            [
              35.09897506330977,
              32.971699901818724
            ],
            [
              35.1269444444,
              32.9727323689285
            ]
          ]
        ]
      },
      "properties": {
        "site_id": 1471,
        "name": "Necropolis of Bet She’arim: A Landmark of Jewish Renewal"
      }
    },
    {
      "type": "Feature",
      "geometry": {
        "type": "Polygon",
        "coordinates": [
          [
            [
              35.0688888889,
              33.192167298596694
            ],
            [
              35.09692780822717,
              33.19113484158074
            ],
            [
              35.12475137999317,
              33.18804539948307
            ],
            [
              35.15214595590079,
              33.18292269659858
            ],
            [
              35.17890127134906,
              33.17580606544638
            ],
            [
              35.20481210037718,
              33.16675013671675
            ],
            [
              35.22967986681053,
              33.15582440898514
            ],
            [
              35.2533141978105,
              33.14311270192733
            ],
            [
              35.2755344066958,
              33.12871249776123
            ],
            [
              35.29617089271047,
              33.112734176577824
            ],
            [
              35.3150664463466,
              33.09530015209502
            ],
            [
              35.332077449871875,
              33.07654391516869
            ],
            [
              35.34707496384267,
              33.05660899311279
            ],
            [
              35.35994569158473,
              33.03564783351432
            ],
            [
              35.37059281487331,
              33.01382062177089
            ],
            [
              35.37893669532601,
              32.99129404202876
            ],
            [
              35.38491543731136,
              32.968239991553844
            ],
            [
              35.38848530946121,
              32.94483425882947
            ],
            [
              35.38962102313452,
              32.92125517584196
            ],
            [
              35.38831586740294,
              32.89768225509205
            ],
            [
              35.384581701299915,
              32.8742948218597
            ],
            [
              35.378448805185904,
              32.85127065215539
            ],
            [
              35.369965594124494,
              32.82878462661931
            ],
            [
              35.35919819713085,
              32.80700741038292
            ],
            [
              35.34622990704307,
              32.78610416859428
            ],
            [
              35.33116050657461,
              32.766233326932266
            ],
            [
              35.314105476834456,
              32.74754538600246
            ],
            [
              35.29519509524966,
              32.730181798024525
            ],
            [
              35.274573430398355,
              32.714273913692416
            ],
            [
              35.25239724176104,
              32.69994200652035
            ],
            [
              35.22883479282992,
              32.68729438138467
            ],
            [
              35.20406458638582,
              32.67642657333758
            ],
            [
              35.178274031062756,
              32.66742064210999
            ],
            [
              35.151658048579705,
              32.660344567038536
            ],
            [
              35.12441763122951,
              32.655251746452905
            ],
            [
              35.09675835938359,
              32.65218060484475
            ],
            [
              35.0688888889,
              32.651154310412835
            ],
            [
              35.041019418416404,
              32.65218060484475
            ],
            [
              35.013360146570484,
              32.655251746452905
            ],
            [
              34.98611972922029,
              32.660344567038536
            ],
            [
              34.95950374673724,
              32.66742064210999
            ],
            [
              34.93371319141418,
              32.67642657333758
            ],
            [
              34.908942984970075,
              32.68729438138467
            ],
            [
              34.88538053603896,
              32.69994200652035
            ],
            [
              34.86320434740164,
              32.714273913692416
            ],
            [
              34.842582682550336,
              32.730181798024525
            ],
            [
              34.82367230096554,
              32.74754538600246
            ],
            [
              34.806617271225385,
              32.766233326932266
            ],
            [
              34.79154787075693,
              32.78610416859428
            ],
            [
              34.778579580669145,
              32.80700741038292
            ],
            [
              34.7678121836755,
              32.82878462661931
            ],
            [
              34.75932897261409,
              32.85127065215539
            ],
            [
              34.75319607650008,
              32.8742948218597
            ],
            [
              34.74946191039706,
              32.89768225509205
            ],
            [
              34.74815675466548,
              32.92125517584196
            ],
            [
              34.74929246833879,
              32.94483425882947
            ],
            [
              34.75286234048863,
              32.968239991553844
            ],
            [
              34.758841082473985,
              32.99129404202876
            ],
            [
              34.767184962926684,
              33.01382062177089
            ],
            [
              34.77783208621527,
              33.03564783351432
            ],
            [
              34.790702813957324,
              33.05660899311279
            ],
            [
              34.80570032792812,
              33.07654391516869
            ],
            [
              34.8227113314534,
              33.09530015209502
            ],
            [
              34.841606885089526,
              33.112734176577824
            ],
            [
              34.8622433711042,
              33.12871249776123
            ],
            [
              34.8844635799895,
              33.14311270192733
            ],
            [
              34.90809791098947,
              33.15582440898514
            ],
            [
              34.932965677422814,
              33.16675013671675
            ],
            [
              34.958876506450935,
              33.17580606544638
            ],
            [
              34.985631821899204,
              33.18292269659858
            ],
            [
              35.013026397806826,
              33.18804539948307
            ],
            [
              35.040849969572825,
              33.19113484158074
            ],
            [
              35.0688888889,
              33.192167298596694
            ]
          ]
        ]
      },
      "properties": {
        "site_id": 1042,
        "name": "Old City of Acre"
      }
    },
    {
      "type": "Feature",
      "geometry": {
        "type": "Polygon",
        "coordinates": [
          [
            [
              31.6258055556,
              22.608135100019314
            ],
            [
              31.651235847903248,
              22.60710221295086
            ],
            [
              31.676471473780307,
              22.604011457894323
            ],
            [
              31.701319283104457,
              22.598886491721224
            ],
            [
              31.72558914571424,
              22.59176653781416
            ],
            [
              31.74909542994381,
              22.58270608075314
            ],
            [
              31.77165844377789,
              22.571774442439512
            ],
            [
              31.79310582677802,
              22.55905524317569
            ],
            [
              31.813273881432572,
              22.54464575216098
            ],
            [
              31.832008833198593,
              22.528656132760094
            ],
            [
              31.849168009219618,
              22.51120858874257
            ],
            [
              31.864620926508174,
              22.492436418471357
            ],
            [
              31.878250281262968,
              22.472482984729847
            ],
            [
              31.88995283193503,
              22.45150060851355
            ],
            [
              31.899640169650898,
              22.4296493956706
            ],
            [
              31.907239370631764,
              22.407096005751583
            ],
            [
              31.91269352630046,
              22.384012372820266
            ],
            [
              31.91596214783174,
              22.360574388283236
            ],
            [
              31.917021442963748,
              22.33696055601604
            ],
            [
              31.915864463937602,
              22.313350630198464
            ],
            [
              31.912501126459215,
              22.289924246322272
            ],
            [
              31.906958100573366,
              22.26685955580441
            ],
            [
              31.89927857529792,
              22.244331874528854
            ],
            [
              31.889521899778384,
              22.222512355455844
            ],
            [
              31.877763104587654,
              22.201566695179938
            ],
            [
              31.86409230760508,
              22.18165388399458
            ],
            [
              31.848614009664793,
              22.162925008632538
            ],
            [
              31.83144628585947,
              22.145522116404862
            ],
            [
              31.812719879025376,
              22.129577148959978
            ],
            [
              31.792577202514238,
              22.11521095333282
            ],
            [
              31.771171259880127,
              22.1025323773581
            ],
            [
              31.74866448957411,
              22.091637455883955
            ],
            [
              31.725227543148204,
              22.082608693549666
            ],
            [
              31.70103800582362,
              22.075514449185164
            ],
            [
              31.67627906857836,
              22.070408426158462
            ],
            [
              31.651138161156748,
              22.067329272241174
            ],
            [
              31.6258055556,
              22.06630029178848
            ],
            [
              31.60047295004325,
              22.067329272241174
            ],
            [
              31.57533204262164,
              22.070408426158462
            ],
            [
              31.55057310537638,
              22.075514449185164
            ],
            [
              31.526383568051795,
              22.082608693549666
            ],
            [
              31.502946621625888,
              22.091637455883955
            ],
            [
              31.480439851319872,
              22.1025323773581
            ],
            [
              31.45903390868576,
              22.11521095333282
            ],
            [
              31.438891232174623,
              22.129577148959978
            ],
            [
              31.420164825340528,
              22.145522116404862
            ],
            [
              31.402997101535206,
              22.162925008632538
            ],
            [
              31.38751880359492,
              22.18165388399458
            ],
            [
              31.373848006612345,
              22.201566695179938
            ],
            [
              31.362089211421615,
              22.222512355455844
            ],
            [
              31.35233253590208,
              22.244331874528854
            ],
            [
              31.344653010626633,
              22.26685955580441
            ],
            [
              31.339109984740784,
              22.289924246322272
            ],
            [
              31.335746647262397,
              22.313350630198464
            ],
            [
              31.33458966823625,
              22.33696055601604
            ],
            [
              31.33564896336826,
              22.360574388283236
            ],
            [
              31.33891758489954,
              22.384012372820266
            ],
            [
              31.344371740568235,
              22.407096005751583
            ],
            [
              31.3519709415491,
              22.4296493956706
            ],
            [
              31.36165827926497,
              22.45150060851355
            ],
            [
              31.37336082993703,
              22.472482984729847
            ],
            [
              31.386990184691825,
              22.492436418471357
            ],
            [
              31.40244310198038,
              22.51120858874257
            ],
            [
              31.419602278001406,
              22.528656132760094
            ],
            [
              31.438337229767427,
              22.54464575216098
            ],
            [
              31.458505284421978,
              22.55905524317569
            ],
            [
              31.479952667422108,
              22.571774442439512
            ],
            [
              31.502515681256188,
              22.58270608075314
            ],
            [
              31.52602196548576,
              22.59176653781416
            ],
            [
              31.550291828095542,
              22.598886491721224
            ],
            [
              31.575139637419692,
              22.604011457894323
            ],
            [
              31.60037526329675,
              22.60710221295086
            ],
            [
              31.6258055556,
              22.608135100019314
            ]
          ]
        ]
      },
      "properties": {
        "site_id": 88,
        "name": "Nubian Monuments from Abu Simbel to Philae"
      }
    },
    {
      "type": "Feature",
      "geometry": {
        "type": "Polygon",
        "coordinates": [
          [
            [
              30.18333,
              29.603981772756676
            ],
            [
              30.210322001502586,
              29.602949152406733
            ],
            [
              30.237106944211916,
              29.599859212097233
            ],
            [
              30.26347939558216,
              29.59473565184933
            ],
            [
              30.289237161600454,
              29.587617764900006
            ],
            [
              30.314182871306993,
              29.578560129368462
            ],
            [
              30.338125520059194,
              29.567632180295213
            ],
            [
              30.36088195851189,
              29.554917665709173
            ],
            [
              30.382278314888403,
              29.540513991351744
            ],
            [
              30.402151338848913,
              29.52453145960857
            ],
            [
              30.42034965611079,
              29.507092409061226
            ],
            [
              30.43673492392324,
              29.488330261862895
            ],
            [
              30.45118287853226,
              29.4683884868588
            ],
            [
              30.46358426687115,
              29.44741948700617
            ],
            [
              30.473845655862334,
              29.425583420197402
            ],
            [
              30.481890113897872,
              29.403046963049093
            ],
            [
              30.48765776026437,
              29.379982027588312
            ],
            [
              30.4911061794751,
              29.356564441044732
            ],
            [
              30.492210698654947,
              29.33297259914412
            ],
            [
              30.490964527278127,
              29.309386103396474
            ],
            [
              30.487378759673486,
              29.2859843928838
            ],
            [
              30.481482241777705,
              29.262945380981854
            ],
            [
              30.473321304625383,
              29.240444107299872
            ],
            [
              30.462959368009994,
              29.2186514148991
            ],
            [
              30.45047641862813,
              29.197732662556927
            ],
            [
              30.43596836782736,
              29.177846481486558
            ],
            [
              30.41954629481506,
              29.159143585505507
            ],
            [
              30.4013355818525,
              29.14176564317584
            ],
            [
              30.381474948554807,
              29.12584421992068
            ],
            [
              30.36011539294792,
              29.1114997975589
            ],
            [
              30.33741904739874,
              29.098840878099153
            ],
            [
              30.313557957939864,
              29.087963177999242
            ],
            [
              30.288712795857528,
              29.078948918432463
            ],
            [
              30.26307151070566,
              29.07186621641235
            ],
            [
              30.236827934152934,
              29.066768580915838
            ],
            [
              30.210180344267748,
              29.06369451741563
            ],
            [
              30.18333,
              29.062667243488978
            ],
            [
              30.156479655732255,
              29.06369451741563
            ],
            [
              30.12983206584707,
              29.066768580915838
            ],
            [
              30.103588489294342,
              29.07186621641235
            ],
            [
              30.077947204142475,
              29.078948918432463
            ],
            [
              30.05310204206014,
              29.087963177999242
            ],
            [
              30.029240952601263,
              29.098840878099153
            ],
            [
              30.00654460705208,
              29.1114997975589
            ],
            [
              29.985185051445196,
              29.12584421992068
            ],
            [
              29.965324418147503,
              29.14176564317584
            ],
            [
              29.947113705184943,
              29.159143585505507
            ],
            [
              29.930691632172643,
              29.177846481486558
            ],
            [
              29.91618358137187,
              29.197732662556927
            ],
            [
              29.90370063199001,
              29.2186514148991
            ],
            [
              29.89333869537462,
              29.240444107299872
            ],
            [
              29.885177758222298,
              29.262945380981854
            ],
            [
              29.879281240326517,
              29.2859843928838
            ],
            [
              29.875695472721876,
              29.309386103396474
            ],
            [
              29.874449301345056,
              29.33297259914412
            ],
            [
              29.875553820524903,
              29.356564441044732
            ],
            [
              29.879002239735634,
              29.379982027588312
            ],
            [
              29.88476988610213,
              29.403046963049093
            ],
            [
              29.89281434413767,
              29.425583420197402
            ],
            [
              29.903075733128855,
              29.44741948700617
            ],
            [
              29.91547712146774,
              29.4683884868588
            ],
            [
              29.929925076076763,
              29.488330261862895
            ],
            [
              29.946310343889213,
              29.507092409061226
            ],
            [
              29.96450866115109,
              29.52453145960857
            ],
            [
              29.9843816851116,
              29.540513991351744
            ],
            [
              30.005778041488114,
              29.554917665709173
            ],
            [
              30.02853447994081,
              29.567632180295213
            ],
            [
              30.05247712869301,
              29.578560129368462
            ],
            [
              30.07742283839955,
              29.587617764900006
            ],
            [
              30.103180604417844,
              29.59473565184933
            ],
            [
              30.129553055788087,
              29.599859212097233
            ],
            [
              30.156337998497417,
              29.602949152406733
            ],
            [
              30.18333,
              29.603981772756676
            ]
          ]
        ]
      },
      "properties": {
        "site_id": 1186,
        "name": "Wadi Al-Hitan (Whale Valley)"
      }
    },
    {
      "type": "Feature",
      "geometry": {
        "type": "Polygon",
        "coordinates": [
          [
            [
              32.6390277777,
              25.970654731023824
            ],
            [
              32.66513695092449,
              25.969621959179722
            ],
            [
              32.691046063811484,
              25.96653155665149
            ],
            [
              32.71655662037567,
              25.961407200585615
            ],
            [
              32.74147324011715,
              25.95428814719655
            ],
            [
              32.76560518286042,
              25.945228925047175
            ],
            [
              32.788767834508114,
              25.934298909270726
            ],
            [
              32.81078414133922,
              25.92158178031619
            ],
            [
              32.8314859810297,
              25.907174871755632
            ],
            [
              32.85071545924098,
              25.891188412600034
            ],
            [
              32.868326121396144,
              25.873744670421516
            ],
            [
              32.884184070131774,
              25.854977002364787
            ],
            [
              32.89816897986236,
              25.835028821844922
            ],
            [
              32.91017500090701,
              25.814052489363814
            ],
            [
              32.920111546691814,
              25.792208136431892
            ],
            [
              32.927903958638716,
              25.769662432049397
            ],
            [
              32.93349404446931,
              25.746587301583112
            ],
            [
              32.936840486774955,
              25.72315860816662
            ],
            [
              32.937919119820066,
              25.699554806957053
            ],
            [
              32.936723073641325,
              25.675955582698723
            ],
            [
              32.933262785571614,
              25.652540481077125
            ],
            [
              32.92756588034379,
              25.629487544296865
            ],
            [
              32.91967692090946,
              25.606971961189508
            ],
            [
              32.90965703303485,
              25.585164741953484
            ],
            [
              32.89758340760523,
              25.56423142735514
            ],
            [
              32.88354868537826,
              25.54433084187963
            ],
            [
              32.86766022967269,
              25.525613899919435
            ],
            [
              32.85003929316155,
              25.508222473630138
            ],
            [
              32.83082008555844,
              25.49228833057415
            ],
            [
              32.810148749542165,
              25.477932148715862
            ],
            [
              32.78818225276123,
              25.465262615733778
            ],
            [
              32.76508720419691,
              25.45437561897853
            ],
            [
              32.74103860354346,
              25.445353531736565
            ],
            [
              32.716218532591,
              25.438264600761094
            ],
            [
              32.69081479787025,
              25.43316243930933
            ],
            [
              32.66501953404307,
              25.430085629181736
            ],
            [
              32.6390277777,
              25.429057434499256
            ],
            [
              32.61303602135693,
              25.430085629181736
            ],
            [
              32.58724075752975,
              25.43316243930933
            ],
            [
              32.561837022809,
              25.438264600761094
            ],
            [
              32.53701695185654,
              25.445353531736565
            ],
            [
              32.51296835120309,
              25.45437561897853
            ],
            [
              32.48987330263877,
              25.465262615733778
            ],
            [
              32.46790680585784,
              25.477932148715862
            ],
            [
              32.44723546984156,
              25.49228833057415
            ],
            [
              32.42801626223845,
              25.508222473630138
            ],
            [
              32.410395325727315,
              25.525613899919435
            ],
            [
              32.39450687002174,
              25.54433084187963
            ],
            [
              32.38047214779477,
              25.56423142735514
            ],
            [
              32.368398522365155,
              25.585164741953484
            ],
            [
              32.35837863449054,
              25.606971961189508
            ],
            [
              32.35048967505621,
              25.629487544296865
            ],
            [
              32.34479276982839,
              25.652540481077125
            ],
            [
              32.34133248175868,
              25.675955582698723
            ],
            [
              32.340136435579936,
              25.699554806957053
            ],
            [
              32.34121506862505,
              25.72315860816662
            ],
            [
              32.34456151093069,
              25.746587301583112
            ],
            [
              32.350151596761286,
              25.769662432049397
            ],
            [
              32.35794400870819,
              25.792208136431892
            ],
            [
              32.36788055449299,
              25.814052489363814
            ],
            [
              32.37988657553764,
              25.835028821844922
            ],
            [
              32.39387148526823,
              25.854977002364787
            ],
            [
              32.40972943400386,
              25.873744670421516
            ],
            [
              32.42734009615902,
              25.891188412600034
            ],
            [
              32.4465695743703,
              25.907174871755632
            ],
            [
              32.46727141406078,
              25.92158178031619
            ],
            [
              32.48928772089189,
              25.934298909270726
            ],
            [
              32.51245037253958,
              25.945228925047175
            ],
            [
              32.53658231528285,
              25.95428814719655
            ],
            [
              32.56149893502433,
              25.961407200585615
            ],
            [
              32.58700949158852,
              25.96653155665149
            ],
            [
              32.61291860447551,
              25.969621959179722
            ],
            [
              32.6390277777,
              25.970654731023824
            ]
          ]
        ]
      },
      "properties": {
        "site_id": 87,
        "name": "Ancient Thebes with its Necropolis"
      }
    },
    {
      "type": "Feature",
      "geometry": {
        "type": "Polygon",
        "coordinates": [
          [
            [
              33.97543,
              28.826913136846215
            ],
            [
              34.00221909532295,
              28.825880482404905
            ],
            [
              34.02880273933684,
              28.822790438126848
            ],
            [
              34.054977092791844,
              28.817666699023285
            ],
            [
              34.0805415267644,
              28.810548550223587
            ],
            [
              34.10530019349463,
              28.801490558996534
            ],
            [
              34.129063556463564,
              28.790562147269217
            ],
            [
              34.1516498668322,
              28.77784704828286
            ],
            [
              34.17288657395513,
              28.76344265199448
            ],
            [
              34.192611658398285,
              28.747459244752285
            ],
            [
              34.21067487672178,
              28.730019149631623
            ],
            [
              34.226938908218656,
              28.71125577460935
            ],
            [
              34.24128039481414,
              28.69131257646943
            ],
            [
              34.25359086641038,
              28.670341948968524
            ],
            [
              34.26377754509163,
              28.648504044338615
            ],
            [
              34.27176402276789,
              28.625965537666286
            ],
            [
              34.27749080801453,
              28.602898344058513
            ],
            [
              34.28091573904621,
              28.57947829878631
            ],
            [
              34.28201426093025,
              28.55588381078787
            ],
            [
              34.28077956628615,
              28.532294500015123
            ],
            [
              34.277222599821535,
              28.508889829124183
            ],
            [
              34.27137192811137,
              28.485847739943715
            ],
            [
              34.26327347702932,
              28.463343305010437
            ],
            [
              34.252990140181154,
              28.441547404241327
            ],
            [
              34.2406012625664,
              28.420625436523455
            ],
            [
              34.226202004502035,
              28.400736075648528
            ],
            [
              34.20990259158199,
              28.382030079606086
            ],
            [
              34.191827457115195,
              28.364649161782193
            ],
            [
              34.1721142840879,
              28.348724932092985
            ],
            [
              34.15091295423091,
              28.334377915522285
            ],
            [
              34.128384412245516,
              28.321716654931326
            ],
            [
              34.10469945365328,
              28.31083690437371
            ],
            [
              34.080037445089964,
              28.301820918483088
            ],
            [
              34.05458498616505,
              28.294736842809098
            ],
            [
              34.02853452225918,
              28.28963820926326
            ],
            [
              34.00208291783545,
              28.28656354010429
            ],
            [
              33.97543,
              28.28553606314492
            ],
            [
              33.948777082164554,
              28.28656354010429
            ],
            [
              33.92232547774083,
              28.28963820926326
            ],
            [
              33.89627501383496,
              28.294736842809098
            ],
            [
              33.87082255491004,
              28.301820918483088
            ],
            [
              33.846160546346724,
              28.31083690437371
            ],
            [
              33.82247558775449,
              28.321716654931326
            ],
            [
              33.799947045769095,
              28.334377915522285
            ],
            [
              33.77874571591211,
              28.348724932092985
            ],
            [
              33.75903254288481,
              28.364649161782193
            ],
            [
              33.74095740841802,
              28.382030079606086
            ],
            [
              33.72465799549797,
              28.400736075648528
            ],
            [
              33.710258737433605,
              28.420625436523455
            ],
            [
              33.69786985981885,
              28.441547404241327
            ],
            [
              33.68758652297068,
              28.463343305010437
            ],
            [
              33.679488071888635,
              28.485847739943715
            ],
            [
              33.67363740017847,
              28.508889829124183
            ],
            [
              33.670080433713856,
              28.532294500015123
            ],
            [
              33.66884573906976,
              28.55588381078787
            ],
            [
              33.6699442609538,
              28.57947829878631
            ],
            [
              33.67336919198548,
              28.602898344058513
            ],
            [
              33.679095977232116,
              28.625965537666286
            ],
            [
              33.68708245490838,
              28.648504044338615
            ],
            [
              33.69726913358963,
              28.670341948968524
            ],
            [
              33.709579605185866,
              28.69131257646943
            ],
            [
              33.72392109178135,
              28.71125577460935
            ],
            [
              33.74018512327822,
              28.730019149631623
            ],
            [
              33.75824834160172,
              28.747459244752285
            ],
            [
              33.77797342604487,
              28.76344265199448
            ],
            [
              33.799210133167804,
              28.77784704828286
            ],
            [
              33.82179644353644,
              28.790562147269217
            ],
            [
              33.84555980650538,
              28.801490558996534
            ],
            [
              33.870318473235606,
              28.810548550223587
            ],
            [
              33.89588290720816,
              28.817666699023285
            ],
            [
              33.922057260663166,
              28.822790438126848
            ],
            [
              33.948640904677056,
              28.825880482404905
            ],
            [
              33.97543,
              28.826913136846215
            ]
          ]
        ]
      },
      "properties": {
        "site_id": 954,
        "name": "Saint Catherine Area"
      }
    },
    {
      "type": "Feature",
      "geometry": {
        "type": "Polygon",
        "coordinates": [
          [
            [
              34.8408333333,
              31.51529470596246
            ],
            [
              34.86835960533011,
              31.514262171887644
            ],
            [
              34.89567458775523,
              31.51117249468928
            ],
            [
              34.922568654509526,
              31.506049387059853
            ],
            [
              34.948835492198924,
              31.498932162741873
            ],
            [
              34.9742737205875,
              31.489875427296024
            ],
            [
              34.99868847052838,
              31.478948648925527
            ],
            [
              35.021892905917376,
              31.466235613053268
            ],
            [
              35.043709676882635,
              31.45183376533088
            ],
            [
              35.06397229219409,
              31.435853448689016
            ],
            [
              35.08252639976774,
              31.418417040904387
            ],
            [
              35.09923096513621,
              31.39965799995572
            ],
            [
              35.11395933883975,
              31.37971982515788
            ],
            [
              35.126600204843655,
              31.35875494269731
            ],
            [
              35.13705840328953,
              31.336923524737514
            ],
            [
              35.14525562211999,
              31.31439225171726
            ],
            [
              35.15113095336222,
              31.291333027825925
            ],
            [
              35.15464131109752,
              31.26792165990935
            ],
            [
              35.15576170936616,
              31.244336510235602
            ],
            [
              35.15448539944651,
              31.22075713363797
            ],
            [
              35.15082386709074,
              31.197362909551625
            ],
            [
              35.14480669138892,
              31.174331679378135
            ],
            [
              35.136481267958224,
              31.151838399449705
            ],
            [
              35.12591240011093,
              31.130053819630184
            ],
            [
              35.113181762538176,
              31.109143197285277
            ],
            [
              35.09838724285447,
              31.08926505598759
            ],
            [
              35.08164216708031,
              31.070569997897472
            ],
            [
              35.063074415797615,
              31.053199578283042
            ],
            [
              35.04282543829706,
              31.037285250119787
            ],
            [
              35.02104917255073,
              31.022947386143997
            ],
            [
              34.997910879292164,
              31.01029438513248
            ],
            [
              34.97358589887172,
              30.999421868546634
            ],
            [
              34.94825833988456,
              30.990411973017153
            ],
            [
              34.922119708843816,
              30.983332743460007
            ],
            [
              34.895367490398854,
              30.978237630908986
            ],
            [
              34.86820368778095,
              30.975165098428903
            ],
            [
              34.8408333333,
              30.974138337738626
            ],
            [
              34.81346297881905,
              30.975165098428903
            ],
            [
              34.78629917620114,
              30.978237630908986
            ],
            [
              34.75954695775618,
              30.983332743460007
            ],
            [
              34.733408326715434,
              30.990411973017153
            ],
            [
              34.708080767728276,
              30.999421868546634
            ],
            [
              34.68375578730783,
              31.01029438513248
            ],
            [
              34.66061749404926,
              31.022947386143997
            ],
            [
              34.63884122830294,
              31.037285250119787
            ],
            [
              34.61859225080238,
              31.053199578283042
            ],
            [
              34.600024499519684,
              31.070569997897472
            ],
            [
              34.58327942374552,
              31.08926505598759
            ],
            [
              34.56848490406182,
              31.109143197285277
            ],
            [
              34.55575426648907,
              31.130053819630184
            ],
            [
              34.54518539864177,
              31.151838399449705
            ],
            [
              34.53685997521107,
              31.174331679378135
            ],
            [
              34.53084279950925,
              31.197362909551625
            ],
            [
              34.52718126715349,
              31.22075713363797
            ],
            [
              34.525904957233834,
              31.244336510235602
            ],
            [
              34.527025355502474,
              31.26792165990935
            ],
            [
              34.530535713237775,
              31.291333027825925
            ],
            [
              34.536411044480005,
              31.31439225171726
            ],
            [
              34.544608263310465,
              31.336923524737514
            ],
            [
              34.55506646175634,
              31.35875494269731
            ],
            [
              34.567707327760246,
              31.37971982515788
            ],
            [
              34.58243570146379,
              31.39965799995572
            ],
            [
              34.59914026683226,
              31.418417040904387
            ],
            [
              34.61769437440591,
              31.435853448689016
            ],
            [
              34.63795698971736,
              31.45183376533088
            ],
            [
              34.65977376068262,
              31.466235613053268
            ],
            [
              34.682978196071616,
              31.478948648925527
            ],
            [
              34.7073929460125,
              31.489875427296024
            ],
            [
              34.73283117440107,
              31.498932162741873
            ],
            [
              34.75909801209047,
              31.506049387059853
            ],
            [
              34.785992078844764,
              31.51117249468928
            ],
            [
              34.81330706126988,
              31.514262171887644
            ],
            [
              34.8408333333,
              31.51529470596246
            ]
          ]
        ]
      },
      "properties": {
        "site_id": 1108,
        "name": "Biblical Tels - Megiddo, Hazor, Beer Sheba"
      }
    },
    {
      "type": "Feature",
      "geometry": {
        "type": "Polygon",
        "coordinates": [
          [
            [
              34.7741666667,
              32.3483148184295
            ],
            [
              34.801942265193496,
              32.34728232258719
            ],
            [
              34.829504600349786,
              32.34419276201458
            ],
            [
              34.85664208975049,
              32.339069855105265
            ],
            [
              34.883146498201434,
              32.33195292482786
            ],
            [
              34.90881457498206,
              32.32289658909032
            ],
            [
              34.933449647934665,
              32.31197033101826
            ],
            [
              34.95686316078861,
              32.29925795286232
            ],
            [
              34.97887614076451,
              32.28485691823652
            ],
            [
              34.999320584292036,
              32.26887758832286
            ],
            [
              35.018040749586376,
              32.25144235854668
            ],
            [
              35.03489434584712,
              32.23268470302526
            ],
            [
              35.04975360994937,
              32.212748134809594
            ],
            [
              35.062506262672535,
              32.19178509057368
            ],
            [
              35.07305633773781,
              32.16995574894868
            ],
            [
              35.08132487818069,
              32.14742679215203
            ],
            [
              35.08725049585304,
              32.124370120919544
            ],
            [
              35.09078979111114,
              32.10096153301365
            ],
            [
              35.091917630987254,
              32.07737937575306
            ],
            [
              35.09062728534741,
              32.05380318309086
            ],
            [
              35.086930421695776,
              32.03041230776364
            ],
            [
              35.0808569603852,
              32.00738455894475
            ],
            [
              35.072454793027376,
              31.984894855668774
            ],
            [
              35.06178936785759,
              31.96311390605292
            ],
            [
              35.04894314669487,
              31.94220692203279
            ],
            [
              35.03401493894676,
              31.92233237895803
            ],
            [
              35.01711911883779,
              31.903640828965127
            ],
            [
              34.998384732693935,
              31.886273776564508
            ],
            [
              34.9779545036941,
              31.870362624353103
            ],
            [
              34.955983742007085,
              31.856027696196573
            ],
            [
              34.93263916867271,
              31.843377344622837
            ],
            [
              34.908097661964106,
              31.83250714853459
            ],
            [
              34.882544935288,
              31.823499206687682
            ],
            [
              34.85617415594754,
              31.816421531698975
            ],
            [
              34.82918451431135,
              31.81132754864458
            ],
            [
              34.80177975310792,
              31.80825570159137
            ],
            [
              34.7741666667,
              31.807229170674198
            ],
            [
              34.74655358029207,
              31.80825570159137
            ],
            [
              34.719148819088645,
              31.81132754864458
            ],
            [
              34.69215917745245,
              31.816421531698975
            ],
            [
              34.66578839811199,
              31.823499206687682
            ],
            [
              34.64023567143589,
              31.83250714853459
            ],
            [
              34.61569416472729,
              31.843377344622837
            ],
            [
              34.59234959139291,
              31.856027696196573
            ],
            [
              34.570378829705895,
              31.870362624353103
            ],
            [
              34.54994860070606,
              31.886273776564508
            ],
            [
              34.531214214562205,
              31.903640828965127
            ],
            [
              34.514318394453234,
              31.92233237895803
            ],
            [
              34.49939018670513,
              31.94220692203279
            ],
            [
              34.4865439655424,
              31.96311390605292
            ],
            [
              34.47587854037262,
              31.984894855668774
            ],
            [
              34.4674763730148,
              32.00738455894475
            ],
            [
              34.46140291170422,
              32.03041230776364
            ],
            [
              34.457706048052586,
              32.05380318309086
            ],
            [
              34.45641570241274,
              32.07737937575306
            ],
            [
              34.45754354228885,
              32.10096153301365
            ],
            [
              34.461082837546954,
              32.124370120919544
            ],
            [
              34.46700845521931,
              32.14742679215203
            ],
            [
              34.475276995662185,
              32.16995574894868
            ],
            [
              34.48582707072746,
              32.19178509057368
            ],
            [
              34.498579723450625,
              32.212748134809594
            ],
            [
              34.513438987552874,
              32.23268470302526
            ],
            [
              34.53029258381362,
              32.25144235854668
            ],
            [
              34.54901274910796,
              32.26887758832286
            ],
            [
              34.56945719263548,
              32.28485691823652
            ],
            [
              34.59147017261139,
              32.29925795286232
            ],
            [
              34.61488368546533,
              32.31197033101826
            ],
            [
              34.639518758417935,
              32.32289658909032
            ],
            [
              34.66518683519856,
              32.33195292482786
            ],
            [
              34.69169124364951,
              32.339069855105265
            ],
            [
              34.71882873305021,
              32.34419276201458
            ],
            [
              34.7463910682065,
              32.34728232258719
            ],
            [
              34.7741666667,
              32.3483148184295
            ]
          ]
        ]
      },
      "properties": {
        "site_id": 1096,
        "name": "White City of Tel-Aviv – the Modern Movement"
      }
    },
    {
      "type": "Feature",
      "geometry": {
        "type": "Polygon",
        "coordinates": [
          [
            [
              35.44333,
              30.601170772209294
            ],
            [
              35.47059434471062,
              30.60013819653029
            ],
            [
              35.49764947369853,
              30.597048392447096
            ],
            [
              35.524287816508036,
              30.5919250665255
            ],
            [
              35.550305079028604,
              30.584807522593245
            ],
            [
              35.575501846358065,
              30.575750352942737
            ],
            [
              35.59968514374657,
              30.564823009742586
            ],
            [
              35.62266994239239,
              30.55210926033519
            ],
            [
              35.64428059747978,
              30.53770653107492
            ],
            [
              35.66435220660074,
              30.52172514528809
            ],
            [
              35.68273187757259,
              30.504287461799347
            ],
            [
              35.69927989563595,
              30.485526921263972
            ],
            [
              35.71387078107616,
              30.46558700826208
            ],
            [
              35.72639422943789,
              30.444620137744963
            ],
            [
              35.73675592767815,
              30.422786474970547
            ],
            [
              35.74487824081177,
              30.400252698522042
            ],
            [
              35.75070076482453,
              30.37719071636824
            ],
            [
              35.75418074285018,
              30.353776345197492
            ],
            [
              35.75529334281002,
              30.330187963438107
            ],
            [
              35.75403179588586,
              30.306605148471213
            ],
            [
              35.750407396327304,
              30.28320730854679
            ],
            [
              35.74444936417136,
              30.260172319837253
            ],
            [
              35.73620457346958,
              30.237675178906397
            ],
            [
              35.72573714956941,
              30.21588668064206
            ],
            [
              35.713127939876735,
              30.19497213140189
            ],
            [
              35.69847386333482,
              30.175090106758987
            ],
            [
              35.681887144589695,
              30.15639126281376
            ],
            [
              35.66349443947357,
              30.13901720956427
            ],
            [
              35.64343585902842,
              30.123099454306267
            ],
            [
              35.621863899813924,
              30.108758422469908
            ],
            [
              35.59894228870052,
              30.096102562698853
            ],
            [
              35.57484475074379,
              30.085227542342604
            ],
            [
              35.54975370907423,
              30.076215538869675
            ],
            [
              35.523858926021006,
              30.06913463202202
            ],
            [
              35.49735609492398,
              30.06403830082205
            ],
            [
              35.47044539227783,
              30.060965028818966
            ],
            [
              35.44333,
              30.059938020222003
            ],
            [
              35.416214607722175,
              30.060965028818966
            ],
            [
              35.38930390507603,
              30.06403830082205
            ],
            [
              35.362801073979,
              30.06913463202202
            ],
            [
              35.336906290925775,
              30.076215538869675
            ],
            [
              35.31181524925621,
              30.085227542342604
            ],
            [
              35.287717711299486,
              30.096102562698853
            ],
            [
              35.26479610018608,
              30.108758422469908
            ],
            [
              35.243224140971584,
              30.123099454306267
            ],
            [
              35.22316556052644,
              30.13901720956427
            ],
            [
              35.20477285541031,
              30.15639126281376
            ],
            [
              35.18818613666519,
              30.175090106758987
            ],
            [
              35.17353206012327,
              30.19497213140189
            ],
            [
              35.160922850430595,
              30.21588668064206
            ],
            [
              35.15045542653043,
              30.237675178906397
            ],
            [
              35.14221063582865,
              30.260172319837253
            ],
            [
              35.1362526036727,
              30.28320730854679
            ],
            [
              35.13262820411415,
              30.306605148471213
            ],
            [
              35.131366657189986,
              30.330187963438107
            ],
            [
              35.132479257149825,
              30.353776345197492
            ],
            [
              35.13595923517548,
              30.37719071636824
            ],
            [
              35.141781759188234,
              30.400252698522042
            ],
            [
              35.14990407232185,
              30.422786474970547
            ],
            [
              35.16026577056212,
              30.444620137744963
            ],
            [
              35.172789218923846,
              30.46558700826208
            ],
            [
              35.18738010436406,
              30.485526921263972
            ],
            [
              35.20392812242741,
              30.504287461799347
            ],
            [
              35.22230779339927,
              30.52172514528809
            ],
            [
              35.24237940252023,
              30.53770653107492
            ],
            [
              35.263990057607614,
              30.55210926033519
            ],
            [
              35.28697485625344,
              30.564823009742586
            ],
            [
              35.31115815364194,
              30.575750352942737
            ],
            [
              35.3363549209714,
              30.584807522593245
            ],
            [
              35.36237218349197,
              30.5919250665255
            ],
            [
              35.389010526301476,
              30.597048392447096
            ],
            [
              35.41606565528939,
              30.60013819653029
            ],
            [
              35.44333,
              30.601170772209294
            ]
          ]
        ]
      },
      "properties": {
        "site_id": 326,
        "name": "Petra"
      }
    },
    {
      "type": "Feature",
      "geometry": {
        "type": "Polygon",
        "coordinates": [
          [
            [
              35.7283055556,
              32.3131496581502
            ],
            [
              35.75607041866197,
              32.31211716069057
            ],
            [
              35.78362210336495,
              32.30902759518376
            ],
            [
              35.810749111520664,
              32.30390467978028
            ],
            [
              35.83724329067773,
              32.29678773705534
            ],
            [
              35.862901470649476,
              32.28773138439041
            ],
            [
              35.88752705690763,
              32.2768051042748
            ],
            [
              35.910931567244845,
              32.2640926982415
            ],
            [
              35.93293609875844,
              32.24969162913846
            ],
            [
              35.95337271299517,
              32.233712257369184
            ],
            [
              35.97208572800808,
              32.21627697760614
            ],
            [
              35.988932907093414,
              32.19751926327787
            ],
            [
              36.00378653508129,
              32.177582626848974
            ],
            [
              36.016534374228115,
              32.1566195045453
            ],
            [
              36.02708049298332,
              32.13479007472104
            ],
            [
              36.035345962157315,
              32.1122610195163
            ],
            [
              36.041269414284805,
              32.0892042398124
            ],
            [
              36.044807463238634,
              32.065795533756976
            ],
            [
              36.04593498238966,
              32.04221324930371
            ],
            [
              36.04464524081257,
              32.018636921293286
            ],
            [
              36.04094989819464,
              31.995245903597592
            ],
            [
              36.03487886020335,
              31.97221800676076
            ],
            [
              36.02647999710202,
              31.949728151404035
            ],
            [
              36.01581872936417,
              31.92794704742073
            ],
            [
              36.002977484922944,
              31.907039908679412
            ],
            [
              35.98805503350029,
              31.887165212581614
            ],
            [
              35.97116570419059,
              31.868473513392452
            ],
            [
              35.95243849312708,
              31.851106317782254
            ],
            [
              35.932016068637665,
              31.83519503049176
            ],
            [
              35.910053681805394,
              31.820859977466295
            ],
            [
              35.88671799078878,
              31.80820951320189
            ],
            [
              35.862185807635925,
              31.79733921841234
            ],
            [
              35.836642776646826,
              31.788331193465275
            ],
            [
              35.810281993606196,
              31.781253452352075
            ],
            [
              35.78330257542847,
              31.776159421253478
            ],
            [
              35.75590818993261,
              31.773087545044845
            ],
            [
              35.7283055556,
              31.772061004353972
            ],
            [
              35.70070292126739,
              31.773087545044845
            ],
            [
              35.67330853577153,
              31.776159421253478
            ],
            [
              35.64632911759381,
              31.781253452352075
            ],
            [
              35.61996833455318,
              31.788331193465275
            ],
            [
              35.59442530356408,
              31.79733921841234
            ],
            [
              35.56989312041122,
              31.80820951320189
            ],
            [
              35.54655742939461,
              31.820859977466295
            ],
            [
              35.52459504256234,
              31.83519503049176
            ],
            [
              35.50417261807292,
              31.851106317782254
            ],
            [
              35.485445407009415,
              31.868473513392452
            ],
            [
              35.468556077699716,
              31.887165212581614
            ],
            [
              35.45363362627706,
              31.907039908679412
            ],
            [
              35.440792381835834,
              31.92794704742073
            ],
            [
              35.43013111409798,
              31.949728151404035
            ],
            [
              35.421732250996655,
              31.97221800676076
            ],
            [
              35.415661213005365,
              31.995245903597592
            ],
            [
              35.411965870387434,
              32.018636921293286
            ],
            [
              35.410676128810344,
              32.04221324930371
            ],
            [
              35.41180364796137,
              32.065795533756976
            ],
            [
              35.4153416969152,
              32.0892042398124
            ],
            [
              35.42126514904269,
              32.1122610195163
            ],
            [
              35.42953061821668,
              32.13479007472104
            ],
            [
              35.44007673697189,
              32.1566195045453
            ],
            [
              35.452824576118715,
              32.177582626848974
            ],
            [
              35.46767820410659,
              32.19751926327787
            ],
            [
              35.48452538319192,
              32.21627697760614
            ],
            [
              35.503238398204836,
              32.233712257369184
            ],
            [
              35.523675012441565,
              32.24969162913846
            ],
            [
              35.54567954395516,
              32.2640926982415
            ],
            [
              35.569084054292375,
              32.2768051042748
            ],
            [
              35.59370964055053,
              32.28773138439041
            ],
            [
              35.61936782052227,
              32.29678773705534
            ],
            [
              35.64586199967934,
              32.30390467978028
            ],
            [
              35.672989007835056,
              32.30902759518376
            ],
            [
              35.700540692538034,
              32.31211716069057
            ],
            [
              35.7283055556,
              32.3131496581502
            ]
          ]
        ]
      },
      "properties": {
        "site_id": 689,
        "name": "As-Salt - The Place of Tolerance and Urban Hospitality"
      }
    },
    {
      "type": "Feature",
      "geometry": {
        "type": "Polygon",
        "coordinates": [
          [
            [
              34.9872777777,
              33.08509972287161
            ],
            [
              35.01528267312363,
              33.084067260931405
            ],
            [
              35.043072490277055,
              33.0809778038052
            ],
            [
              35.07043384778411,
              33.075855075031754
            ],
            [
              35.09715674325313,
              33.06873840590633
            ],
            [
              35.12303620593506,
              33.059682425481256
            ],
            [
              35.14787390566586,
              33.04875663035197
            ],
            [
              35.1714797043202,
              33.036044837960986
            ],
            [
              35.19367313666685,
              33.021644528141614
            ],
            [
              35.214284808321466,
              33.005666078560644
            ],
            [
              35.23315769942258,
              32.988231900590335
            ],
            [
              35.25014836369539,
              32.969475482939316
            ],
            [
              35.26512801369588,
              32.949540351090825
            ],
            [
              35.277983484225054,
              32.928578951229454
            ],
            [
              35.28861806715076,
              32.90675146788079
            ],
            [
              35.296952212151474,
              32.88422458493781
            ],
            [
              35.302924089184515,
              32.861170200103814
            ],
            [
              35.30649000976217,
              32.83776410304262
            ],
            [
              35.30762470537733,
              32.81418462769545
            ],
            [
              35.30632146263996,
              32.79061128930091
            ],
            [
              35.30259211585576,
              32.76722341664493
            ],
            [
              35.296466898887644,
              32.74419878997405
            ],
            [
              35.28799415918165,
              32.72171229483382
            ],
            [
              35.27723993780508,
              32.69993460184852
            ],
            [
              35.26428742023325,
              32.679030882145476
            ],
            [
              35.24923626342893,
              32.65915956775178
            ],
            [
              35.232201805487136,
              32.64047116585941
            ],
            [
              35.2133141647672,
              32.62310713537185
            ],
            [
              35.19271723600694,
              32.607198833617495
            ],
            [
              35.17056759141584,
              32.59286654054687
            ],
            [
              35.14703329517625,
              32.580218567127616
            ],
            [
              35.12229264015273,
              32.56935045401744
            ],
            [
              35.09653281592166,
              32.5603442659359
            ],
            [
              35.0699485174933,
              32.553267986474026
            ],
            [
              35.042740504310416,
              32.54817501738063
            ],
            [
              35.015114119276944,
              32.545103785649744
            ],
            [
              34.9872777777,
              32.544077461006026
            ],
            [
              34.95944143612306,
              32.545103785649744
            ],
            [
              34.931815051089586,
              32.54817501738063
            ],
            [
              34.9046070379067,
              32.553267986474026
            ],
            [
              34.87802273947834,
              32.5603442659359
            ],
            [
              34.85226291524727,
              32.56935045401744
            ],
            [
              34.82752226022375,
              32.580218567127616
            ],
            [
              34.80398796398416,
              32.59286654054687
            ],
            [
              34.78183831939306,
              32.607198833617495
            ],
            [
              34.761241390632804,
              32.62310713537185
            ],
            [
              34.742353749912866,
              32.64047116585941
            ],
            [
              34.725319291971076,
              32.65915956775178
            ],
            [
              34.71026813516675,
              32.679030882145476
            ],
            [
              34.697315617594924,
              32.69993460184852
            ],
            [
              34.68656139621835,
              32.72171229483382
            ],
            [
              34.67808865651236,
              32.74419878997405
            ],
            [
              34.67196343954424,
              32.76722341664493
            ],
            [
              34.668234092760045,
              32.79061128930091
            ],
            [
              34.66693085002267,
              32.81418462769545
            ],
            [
              34.66806554563783,
              32.83776410304262
            ],
            [
              34.67163146621549,
              32.861170200103814
            ],
            [
              34.67760334324853,
              32.88422458493781
            ],
            [
              34.685937488249245,
              32.90675146788079
            ],
            [
              34.69657207117495,
              32.928578951229454
            ],
            [
              34.70942754170412,
              32.949540351090825
            ],
            [
              34.724407191704614,
              32.969475482939316
            ],
            [
              34.741397855977425,
              32.988231900590335
            ],
            [
              34.760270747078536,
              33.005666078560644
            ],
            [
              34.78088241873315,
              33.021644528141614
            ],
            [
              34.803075851079804,
              33.036044837960986
            ],
            [
              34.82668164973414,
              33.04875663035197
            ],
            [
              34.851519349464944,
              33.059682425481256
            ],
            [
              34.87739881214687,
              33.06873840590633
            ],
            [
              34.90412170761589,
              33.075855075031754
            ],
            [
              34.93148306512295,
              33.0809778038052
            ],
            [
              34.95927288227637,
              33.084067260931405
            ],
            [
              34.9872777777,
              33.08509972287161
            ]
          ]
        ]
      },
      "properties": {
        "site_id": 1220,
        "name": "Bahá’i Holy Places in Haifa and the Western Galilee"
      }
    },
    {
      "type": "Feature",
      "geometry": {
        "type": "Polygon",
        "coordinates": [
          [
            [
              34.9680555556,
              32.93912271228275
            ],
            [
              34.996014352566945,
              32.9380902436265
            ],
            [
              35.023758436127544,
              32.93500076600468
            ],
            [
              35.0510747865583,
              32.929878001928586
            ],
            [
              35.07775375673607,
              32.92276128103073
            ],
            [
              35.10359072169878,
              32.913705230137865
            ],
            [
              35.12838768460219,
              32.90277934315538
            ],
            [
              35.15195482533336,
              32.89006743449163
            ],
            [
              35.17411197870233,
              32.875666980740256
            ],
            [
              35.19469002993535,
              32.85968835627493
            ],
            [
              35.21353221611971,
              32.84225396928165
            ],
            [
              35.23049532328429,
              32.82349730555279
            ],
            [
              35.245450769924155,
              32.80356188808568
            ],
            [
              35.25828556897021,
              32.78260016116151
            ],
            [
              35.2689031614479,
              32.76077230812349
            ],
            [
              35.27722411634192,
              32.7382450125236
            ],
            [
              35.28318669246769,
              32.715190172662986
            ],
            [
              35.286747259427756,
              32.69178357981372
            ],
            [
              35.28788057598587,
              32.66820357057808
            ],
            [
              35.28657992540805,
              32.644629663920114
            ],
            [
              35.28285710848811,
              32.62124119339551
            ],
            [
              35.27674229608175,
              32.598215945013095
            ],
            [
              35.26828374401313,
              32.575728810990576
            ],
            [
              35.25754737418331,
              32.553950469423036
            ],
            [
              35.244616226597294,
              32.53304609956985
            ],
            [
              35.229589787835344,
              32.51317414209179
            ],
            [
              35.21258320222186,
              32.49448511313814
            ],
            [
              35.19372637259595,
              32.47712048070201
            ],
            [
              35.17316295816195,
              32.46121161113423
            ],
            [
              35.151049277400574,
              32.44687879313817
            ],
            [
              35.12755312445589,
              32.434230345965084
            ],
            [
              35.10285250778552,
              32.42336181789561
            ],
            [
              35.07713432017496,
              32.414355280433405
            ],
            [
              35.050592949478705,
              32.40727872295494
            ],
            [
              35.023428839664135,
              32.40218555185868
            ],
            [
              34.99584701190472,
              32.39911419754162
            ],
            [
              34.9680555556,
              32.39808783180344
            ],
            [
              34.940264099295284,
              32.39911419754162
            ],
            [
              34.91268227153587,
              32.40218555185868
            ],
            [
              34.8855181617213,
              32.40727872295494
            ],
            [
              34.85897679102504,
              32.414355280433405
            ],
            [
              34.833258603414485,
              32.42336181789561
            ],
            [
              34.80855798674411,
              32.434230345965084
            ],
            [
              34.78506183379943,
              32.44687879313817
            ],
            [
              34.76294815303805,
              32.46121161113423
            ],
            [
              34.74238473860406,
              32.47712048070201
            ],
            [
              34.72352790897815,
              32.49448511313814
            ],
            [
              34.70652132336466,
              32.51317414209179
            ],
            [
              34.69149488460271,
              32.53304609956985
            ],
            [
              34.678563737016695,
              32.553950469423036
            ],
            [
              34.667827367186874,
              32.575728810990576
            ],
            [
              34.659368815118256,
              32.598215945013095
            ],
            [
              34.6532540027119,
              32.62124119339551
            ],
            [
              34.64953118579196,
              32.644629663920114
            ],
            [
              34.64823053521414,
              32.66820357057808
            ],
            [
              34.64936385177225,
              32.69178357981372
            ],
            [
              34.65292441873232,
              32.715190172662986
            ],
            [
              34.658886994858086,
              32.7382450125236
            ],
            [
              34.667207949752104,
              32.76077230812349
            ],
            [
              34.6778255422298,
              32.78260016116151
            ],
            [
              34.69066034127585,
              32.80356188808568
            ],
            [
              34.70561578791572,
              32.82349730555279
            ],
            [
              34.7225788950803,
              32.84225396928165
            ],
            [
              34.741421081264654,
              32.85968835627493
            ],
            [
              34.76199913249768,
              32.875666980740256
            ],
            [
              34.78415628586664,
              32.89006743449163
            ],
            [
              34.80772342659782,
              32.90277934315538
            ],
            [
              34.83252038950123,
              32.913705230137865
            ],
            [
              34.858357354463934,
              32.92276128103073
            ],
            [
              34.8850363246417,
              32.929878001928586
            ],
            [
              34.91235267507246,
              32.93500076600468
            ],
            [
              34.94009675863306,
              32.9380902436265
            ],
            [
              34.9680555556,
              32.93912271228275
            ]
          ]
        ]
      },
      "properties": {
        "site_id": 1393,
        "name": "Sites of Human Evolution at Mount Carmel: The Nahal Me’arot / Wadi el-Mughara Caves"
      }
    },
    {
      "type": "Feature",
      "geometry": {
        "type": "Polygon",
        "coordinates": [
          [
            [
              35.5527777778,
              32.10776954966867
            ],
            [
              35.58048031488185,
              32.10673704276734
            ],
            [
              35.60797016696731,
              32.10364744845676
            ],
            [
              35.63503632488712,
              32.09852448347206
            ],
            [
              35.66147111657331,
              32.091407468097884
            ],
            [
              35.68707183939756,
              32.082351016650215
            ],
            [
              35.711642349526414,
              32.071424607913414
            ],
            [
              35.73499459474219,
              32.05871203924236
            ],
            [
              35.75695007782394,
              32.04431076902487
            ],
            [
              35.777341238365935,
              32.02833115313221
            ],
            [
              35.79601274181702,
              32.01089558185376
            ],
            [
              35.812822665535855,
              31.992137524609298
            ],
            [
              35.827643572756685,
              31.972200490450366
            ],
            [
              35.84036346652903,
              31.95123691299542
            ],
            [
              35.85088661691249,
              31.929406968988296
            ],
            [
              35.85913425595745,
              31.9068773401218
            ],
            [
              35.86504513626309,
              31.883819928127764
            ],
            [
              35.86857595016087,
              31.86041053340081
            ],
            [
              35.8697016078067,
              31.836827507596624
            ],
            [
              35.86841537366608,
              31.813250390729024
            ],
            [
              35.864728862029544,
              31.789858543286236
            ],
            [
              35.858671893292325,
              31.766829783800368
            ],
            [
              35.85029221376361,
              31.74433904213801
            ],
            [
              35.83965508273041,
              31.722557038541403
            ],
            [
              35.82684273138669,
              31.701648998141742
            ],
            [
              35.81195369904644,
              31.681773410295982
            ],
            [
              35.79510205278987,
              31.663080841671405
            ],
            [
              35.77641649734675,
              31.6457128115227
            ],
            [
              35.75603938260061,
              31.62980073708111
            ],
            [
              35.73412561660778,
              31.61546495640869
            ],
            [
              35.710841492467154,
              31.602813835468297
            ],
            [
              35.68636343775777,
              31.591942965525597
            ],
            [
              35.660876695583255,
              31.582934456338865
            ],
            [
              35.634573946532726,
              31.57585632990764
            ],
            [
              35.607653881088766,
              31.570762018848583
            ],
            [
              35.580319732190894,
              31.567689972747367
            ],
            [
              35.5527777778,
              31.56666337510395
            ],
            [
              35.52523582340911,
              31.567689972747367
            ],
            [
              35.49790167451124,
              31.570762018848583
            ],
            [
              35.47098160906728,
              31.57585632990764
            ],
            [
              35.44467886001675,
              31.582934456338865
            ],
            [
              35.419192117842236,
              31.591942965525597
            ],
            [
              35.39471406313285,
              31.602813835468297
            ],
            [
              35.37142993899223,
              31.61546495640869
            ],
            [
              35.349516172999394,
              31.62980073708111
            ],
            [
              35.329139058253254,
              31.6457128115227
            ],
            [
              35.310453502810134,
              31.663080841671405
            ],
            [
              35.293601856553565,
              31.681773410295982
            ],
            [
              35.278712824213315,
              31.701648998141742
            ],
            [
              35.265900472869596,
              31.722557038541403
            ],
            [
              35.2552633418364,
              31.74433904213801
            ],
            [
              35.24688366230768,
              31.766829783800368
            ],
            [
              35.24082669357046,
              31.789858543286236
            ],
            [
              35.237140181933924,
              31.813250390729024
            ],
            [
              35.23585394779331,
              31.836827507596624
            ],
            [
              35.23697960543914,
              31.86041053340081
            ],
            [
              35.240510419336914,
              31.883819928127764
            ],
            [
              35.246421299642556,
              31.9068773401218
            ],
            [
              35.254668938687516,
              31.929406968988296
            ],
            [
              35.26519208907098,
              31.95123691299542
            ],
            [
              35.27791198284332,
              31.972200490450366
            ],
            [
              35.29273289006415,
              31.992137524609298
            ],
            [
              35.30954281378298,
              32.01089558185376
            ],
            [
              35.32821431723407,
              32.02833115313221
            ],
            [
              35.34860547777607,
              32.04431076902487
            ],
            [
              35.370560960857816,
              32.05871203924236
            ],
            [
              35.39391320607359,
              32.071424607913414
            ],
            [
              35.418483716202445,
              32.082351016650215
            ],
            [
              35.444084439026696,
              32.091407468097884
            ],
            [
              35.47051923071289,
              32.09852448347206
            ],
            [
              35.49758538863269,
              32.10364744845676
            ],
            [
              35.52507524071816,
              32.10673704276734
            ],
            [
              35.5527777778,
              32.10776954966867
            ]
          ]
        ]
      },
      "properties": {
        "site_id": 1446,
        "name": "Baptism Site “Bethany Beyond the Jordan” (Al-Maghtas)"
      }
    },
    {
      "type": "Feature",
      "geometry": {
        "type": "Polygon",
        "coordinates": [
          [
            [
              36.37,
              32.59747078643281
            ],
            [
              36.39785220216787,
              32.59643830205379
            ],
            [
              36.42549053464254,
              32.593348776455706
            ],
            [
              36.4527028139874,
              32.58822592976088
            ],
            [
              36.47928021460202,
              32.58110908773554
            ],
            [
              36.505018911119976,
              32.57205287203188
            ],
            [
              36.52972167746093,
              32.56112677030092
            ],
            [
              36.55319942887577,
              32.54841458989694
            ],
            [
              36.5752726939783,
              32.53401379988239
            ],
            [
              36.59577300455086,
              32.5180347669763
            ],
            [
              36.61454419182922,
              32.500599891959624
            ],
            [
              36.63144357899735,
              32.48184265384884
            ],
            [
              36.64634306073583,
              32.461906569867615
            ],
            [
              36.659130061851165,
              32.440944079879785
            ],
            [
              36.66970836824533,
              32.419115364489876
            ],
            [
              36.67799882474828,
              32.39658710646966
            ],
            [
              36.68393989561038,
              32.373531205525744
            ],
            [
              36.68748808472032,
              32.350123456687484
            ],
            [
              36.688618213860714,
              32.326542202765
            ],
            [
              36.68732355852385,
              32.30296697140786
            ],
            [
              36.683615841971466,
              32.27957710728806
            ],
            [
              36.677525089325464,
              32.25655040984077
            ],
            [
              36.66909934451237,
              32.234061786828015
            ],
            [
              36.65840425384751,
              32.212281933747924
            ],
            [
              36.645522520931884,
              32.19137604880206
            ],
            [
              36.63055323834245,
              32.17150259276059
            ],
            [
              36.61361110232632,
              32.152812102635195
            ],
            [
              36.59482551736109,
              32.13544606758898
            ],
            [
              36.57433959802046,
              32.11953587498576
            ],
            [
              36.55230907608953,
              32.10520183391374
            ],
            [
              36.528901121312465,
              32.09255228291591
            ],
            [
              36.50429308453003,
              32.08168278802576
            ],
            [
              36.47867117228278,
              32.0726754365462
            ],
            [
              36.45222906222009,
              32.065598231327165
            ],
            [
              36.42516646887229,
              32.060504589595375
            ],
            [
              36.39768766951645,
              32.05743294967289
            ],
            [
              36.37,
              32.056406488191634
            ],
            [
              36.342312330483544,
              32.05743294967289
            ],
            [
              36.314833531127704,
              32.060504589595375
            ],
            [
              36.287770937779904,
              32.065598231327165
            ],
            [
              36.261328827717215,
              32.0726754365462
            ],
            [
              36.23570691546996,
              32.08168278802576
            ],
            [
              36.21109887868753,
              32.09255228291591
            ],
            [
              36.187690923910466,
              32.10520183391374
            ],
            [
              36.16566040197954,
              32.11953587498576
            ],
            [
              36.14517448263891,
              32.13544606758898
            ],
            [
              36.12638889767368,
              32.152812102635195
            ],
            [
              36.109446761657544,
              32.17150259276059
            ],
            [
              36.09447747906811,
              32.19137604880206
            ],
            [
              36.08159574615249,
              32.212281933747924
            ],
            [
              36.07090065548763,
              32.234061786828015
            ],
            [
              36.06247491067453,
              32.25655040984077
            ],
            [
              36.05638415802853,
              32.27957710728806
            ],
            [
              36.052676441476144,
              32.30296697140786
            ],
            [
              36.05138178613928,
              32.326542202765
            ],
            [
              36.05251191527967,
              32.350123456687484
            ],
            [
              36.056060104389616,
              32.373531205525744
            ],
            [
              36.062001175251716,
              32.39658710646966
            ],
            [
              36.070291631754664,
              32.419115364489876
            ],
            [
              36.08086993814883,
              32.440944079879785
            ],
            [
              36.093656939264164,
              32.461906569867615
            ],
            [
              36.108556421002646,
              32.48184265384884
            ],
            [
              36.12545580817078,
              32.500599891959624
            ],
            [
              36.14422699544914,
              32.5180347669763
            ],
            [
              36.164727306021696,
              32.53401379988239
            ],
            [
              36.18680057112422,
              32.54841458989694
            ],
            [
              36.21027832253907,
              32.56112677030092
            ],
            [
              36.23498108888002,
              32.57205287203188
            ],
            [
              36.260719785397974,
              32.58110908773554
            ],
            [
              36.287297186012594,
              32.58822592976088
            ],
            [
              36.31450946535745,
              32.593348776455706
            ],
            [
              36.342147797832126,
              32.59643830205379
            ],
            [
              36.37,
              32.59747078643281
            ]
          ]
        ]
      },
      "properties": {
        "site_id": 1721,
        "name": "Umm Al-Jimāl"
      }
    },
    {
      "type": "Feature",
      "geometry": {
        "type": "Polygon",
        "coordinates": [
          [
            [
              36.5873055556,
              32.072354394055154
            ],
            [
              36.61499740960632,
              32.07132188552661
            ],
            [
              36.64247666318361,
              32.068232286252055
            ],
            [
              36.66953239098536,
              32.0631093127233
            ],
            [
              36.69595700328607,
              32.055992284831234
            ],
            [
              36.72154787760137,
              32.046935816364844
            ],
            [
              36.74610894735102,
              32.0360093854716
            ],
            [
              36.76945223402125,
              32.023296788788144
            ],
            [
              36.79139930992821,
              32.0088954839356
            ],
            [
              36.81178267946619,
              31.99291582600619
            ],
            [
              36.83044706762978,
              31.97548020453591
            ],
            [
              36.84725060560943,
              31.956722088255574
            ],
            [
              36.86206590435878,
              31.93678498563021
            ],
            [
              36.87478100819951,
              31.91582132983034
            ],
            [
              36.88530022174692,
              31.89399129732337
            ],
            [
              36.893544804686975,
              31.871461569725664
            ],
            [
              36.899453530196496,
              31.848404048915846
            ],
            [
              36.902983104052794,
              31.824994535675483
            ],
            [
              36.90410844271444,
              31.801411382297456
            ],
            [
              36.90282280985425,
              31.77783412968578
            ],
            [
              36.89913781197881,
              31.754442139467084
            ],
            [
              36.89308325486464,
              31.73141323154776
            ],
            [
              36.88470686357202,
              31.708922337384944
            ],
            [
              36.87407386975744,
              31.687140179001283
            ],
            [
              36.86126647089072,
              31.666231983465376
            ],
            [
              36.846383166791064,
              31.646356242190826
            ],
            [
              36.82953797962681,
              31.62766352397838
            ],
            [
              36.81085956417883,
              31.610295350247473
            ],
            [
              36.79049021574733,
              31.594383140377975
            ],
            [
              36.76858478359222,
              31.580047234516236
            ],
            [
              36.74530949823995,
              31.56739600059762
            ],
            [
              36.72084072137071,
              31.5565250317029
            ],
            [
              36.6953636273226,
              31.547516439205687
            ],
            [
              36.669070825520016,
              31.54043824648307
            ],
            [
              36.642160933355264,
              31.535343887258836
            ],
            [
              36.61483710922987,
              31.532271811928876
            ],
            [
              36.5873055556,
              31.531245204487195
            ],
            [
              36.559774001970126,
              31.532271811928876
            ],
            [
              36.53245017784473,
              31.535343887258836
            ],
            [
              36.50554028567998,
              31.54043824648307
            ],
            [
              36.479247483877394,
              31.547516439205687
            ],
            [
              36.45377038982928,
              31.5565250317029
            ],
            [
              36.429301612960046,
              31.56739600059762
            ],
            [
              36.406026327607776,
              31.580047234516236
            ],
            [
              36.38412089545266,
              31.594383140377975
            ],
            [
              36.36375154702117,
              31.610295350247473
            ],
            [
              36.34507313157319,
              31.62766352397838
            ],
            [
              36.32822794440893,
              31.646356242190826
            ],
            [
              36.313344640309275,
              31.666231983465376
            ],
            [
              36.300537241442555,
              31.687140179001283
            ],
            [
              36.28990424762797,
              31.708922337384944
            ],
            [
              36.28152785633535,
              31.73141323154776
            ],
            [
              36.27547329922118,
              31.754442139467084
            ],
            [
              36.271788301345744,
              31.77783412968578
            ],
            [
              36.270502668485555,
              31.801411382297456
            ],
            [
              36.2716280071472,
              31.824994535675483
            ],
            [
              36.2751575810035,
              31.848404048915846
            ],
            [
              36.28106630651302,
              31.871461569725664
            ],
            [
              36.28931088945308,
              31.89399129732337
            ],
            [
              36.29983010300048,
              31.91582132983034
            ],
            [
              36.312545206841214,
              31.93678498563021
            ],
            [
              36.32736050559056,
              31.956722088255574
            ],
            [
              36.34416404357022,
              31.97548020453591
            ],
            [
              36.3628284317338,
              31.99291582600619
            ],
            [
              36.383211801271784,
              32.0088954839356
            ],
            [
              36.40515887717874,
              32.023296788788144
            ],
            [
              36.428502163848975,
              32.0360093854716
            ],
            [
              36.45306323359863,
              32.046935816364844
            ],
            [
              36.478654107913925,
              32.055992284831234
            ],
            [
              36.505078720214634,
              32.0631093127233
            ],
            [
              36.532134448016386,
              32.068232286252055
            ],
            [
              36.559613701593676,
              32.07132188552661
            ],
            [
              36.5873055556,
              32.072354394055154
            ]
          ]
        ]
      },
      "properties": {
        "site_id": 327,
        "name": "Quseir Amra"
      }
    },
    {
      "type": "Feature",
      "geometry": {
        "type": "Polygon",
        "coordinates": [
          [
            [
              57.30111,
              23.235061600272783
            ],
            [
              57.32665755224942,
              23.234028732366415
            ],
            [
              57.35200950525289,
              23.23093803606038
            ],
            [
              57.376971784407246,
              23.225813171965758
            ],
            [
              57.40135335165879,
              23.218693369522537
            ],
            [
              57.42496769207172,
              23.209633121429217
            ],
            [
              57.44763426272188,
              23.198701759419333
            ],
            [
              57.46917989197223,
              23.185982914914913
            ],
            [
              57.489440117699516,
              23.17157386903101
            ],
            [
              57.508260453666274,
              23.155584797304776
            ],
            [
              57.525497573958994,
              23.138137915364883
            ],
            [
              57.54102040622876,
              23.119366532539267
            ],
            [
              57.55471112536388,
              23.099414021109467
            ],
            [
              57.56646604018048,
              23.07843270955762
            ],
            [
              57.576196366723146,
              23.056582708708685
            ],
            [
              57.58382888281033,
              23.034030680145705
            ],
            [
              57.58930645952316,
              23.010948556664967
            ],
            [
              57.592588466411115,
              22.987512224841996
            ],
            [
              57.59365104825888,
              22.963900179995992
            ],
            [
              57.592487272316745,
              22.940292163972508
            ],
            [
              57.589107145930356,
              22.91686779621115
            ],
            [
              57.583537505507216,
              22.89380520853176
            ],
            [
              57.57582177871875,
              22.87127969395897
            ],
            [
              57.56601962275179,
              22.849462379717323
            ],
            [
              57.554206442288645,
              22.82851893426895
            ],
            [
              57.5404727917039,
              22.80860831793886
            ],
            [
              57.524923666720206,
              22.78988158628232
            ],
            [
              57.50767769145917,
              22.772480754900297
            ],
            [
              57.48886620745886,
              22.756537733905603
            ],
            [
              57.468632271805696,
              22.742173339690982
            ],
            [
              57.447129572045625,
              22.729496391052585
            ],
            [
              57.424521265999495,
              22.718602896086235
            ],
            [
              57.40097875501085,
              22.709575335600565
            ],
            [
              57.37668039950314,
              22.702482048087592
            ],
            [
              57.351810186018405,
              22.697376720560644
            ],
            [
              57.32655635515318,
              22.694297988816412
            ],
            [
              57.30111,
              22.693269149906268
            ],
            [
              57.27566364484682,
              22.694297988816412
            ],
            [
              57.2504098139816,
              22.697376720560644
            ],
            [
              57.225539600496866,
              22.702482048087592
            ],
            [
              57.201241244989156,
              22.709575335600565
            ],
            [
              57.17769873400051,
              22.718602896086235
            ],
            [
              57.15509042795438,
              22.729496391052585
            ],
            [
              57.13358772819431,
              22.742173339690982
            ],
            [
              57.11335379254114,
              22.756537733905603
            ],
            [
              57.09454230854083,
              22.772480754900297
            ],
            [
              57.0772963332798,
              22.78988158628232
            ],
            [
              57.061747208296104,
              22.80860831793886
            ],
            [
              57.04801355771136,
              22.82851893426895
            ],
            [
              57.036200377248214,
              22.849462379717323
            ],
            [
              57.026398221281255,
              22.87127969395897
            ],
            [
              57.018682494492786,
              22.89380520853176
            ],
            [
              57.01311285406965,
              22.91686779621115
            ],
            [
              57.00973272768326,
              22.940292163972508
            ],
            [
              57.008568951741125,
              22.963900179995992
            ],
            [
              57.00963153358889,
              22.987512224841996
            ],
            [
              57.012913540476845,
              23.010948556664967
            ],
            [
              57.01839111718967,
              23.034030680145705
            ],
            [
              57.02602363327686,
              23.056582708708685
            ],
            [
              57.03575395981952,
              23.07843270955762
            ],
            [
              57.04750887463612,
              23.099414021109467
            ],
            [
              57.06119959377124,
              23.119366532539267
            ],
            [
              57.07672242604101,
              23.138137915364883
            ],
            [
              57.09395954633373,
              23.155584797304776
            ],
            [
              57.11277988230049,
              23.17157386903101
            ],
            [
              57.13304010802777,
              23.185982914914913
            ],
            [
              57.154585737278126,
              23.198701759419333
            ],
            [
              57.177252307928285,
              23.209633121429217
            ],
            [
              57.20086664834121,
              23.218693369522537
            ],
            [
              57.22524821559276,
              23.225813171965758
            ],
            [
              57.250210494747115,
              23.23093803606038
            ],
            [
              57.27556244775058,
              23.234028732366415
            ],
            [
              57.30111,
              23.235061600272783
            ]
          ]
        ]
      },
      "properties": {
        "site_id": 433,
        "name": "Bahla Fort"
      }
    },
    {
      "type": "Feature",
      "geometry": {
        "type": "Polygon",
        "coordinates": [
          [
            [
              56.745,
              23.540741061571527
            ],
            [
              56.77060623173153,
              23.539708203424
            ],
            [
              56.79601639762488,
              23.536617537012695
            ],
            [
              56.82103596065189,
              23.53149272477735
            ],
            [
              56.84547342861726,
              23.5243729991197
            ],
            [
              56.86914184474224,
              23.515312856707034
            ],
            [
              56.89186024042451,
              23.504381634078275
            ],
            [
              56.91345503818583,
              23.49166296808813
            ],
            [
              56.93376139333532,
              23.47725414567062
            ],
            [
              56.95262446350616,
              23.461265348303307
            ],
            [
              56.969900595954364,
              23.4438187973972
            ],
            [
              56.985458423330186,
              23.425047807619382
            ],
            [
              56.99917985953134,
              23.405095755866558
            ],
            [
              57.01096098820974,
              23.38411497424487
            ],
            [
              57.020712837516015,
              23.362265575967932
            ],
            [
              57.028362035713876,
              23.339714223559092
            ],
            [
              57.03385134336676,
              23.316632849132535
            ],
            [
              57.03714005887854,
              23.293197336830282
            ],
            [
              57.03820429524607,
              23.26958617770787
            ],
            [
              57.03703712694297,
              23.24597910749166
            ],
            [
              57.03364860689157,
              23.222555737676675
            ],
            [
              57.028065654483335,
              23.199494190398173
            ],
            [
              57.020331816572295,
              23.176969747395656
            ],
            [
              57.01050690428166,
              23.155153523197946
            ],
            [
              56.99866650932951,
              23.134211172396874
            ],
            [
              56.98490140438916,
              23.114301640548383
            ],
            [
              56.96931683275185,
              23.095575967848163
            ],
            [
              56.95203169325284,
              23.078176154279493
            ],
            [
              56.93317762705538,
              23.06223409442711
            ],
            [
              56.91289801346111,
              23.04787058959831
            ],
            [
              56.891346882430334,
              23.03519444429556
            ],
            [
              56.86868775195303,
              23.024301653448017
            ],
            [
              56.845092398812426,
              23.01527468613679
            ],
            [
              56.820739571629005,
              23.00818187084603
            ],
            [
              56.795813655366,
              23.00307688654183
            ],
            [
              56.77050329671852,
              22.999998363128906
            ],
            [
              56.745,
              22.998969594065088
            ],
            [
              56.71949670328147,
              22.999998363128906
            ],
            [
              56.694186344634,
              23.00307688654183
            ],
            [
              56.66926042837099,
              23.00818187084603
            ],
            [
              56.64490760118757,
              23.01527468613679
            ],
            [
              56.62131224804696,
              23.024301653448017
            ],
            [
              56.59865311756966,
              23.03519444429556
            ],
            [
              56.577101986538885,
              23.04787058959831
            ],
            [
              56.556822372944616,
              23.06223409442711
            ],
            [
              56.53796830674715,
              23.078176154279493
            ],
            [
              56.520683167248144,
              23.095575967848163
            ],
            [
              56.50509859561083,
              23.114301640548383
            ],
            [
              56.491333490670485,
              23.134211172396874
            ],
            [
              56.47949309571833,
              23.155153523197946
            ],
            [
              56.4696681834277,
              23.176969747395656
            ],
            [
              56.46193434551666,
              23.199494190398173
            ],
            [
              56.45635139310843,
              23.222555737676675
            ],
            [
              56.452962873057025,
              23.24597910749166
            ],
            [
              56.45179570475393,
              23.26958617770787
            ],
            [
              56.45285994112145,
              23.293197336830282
            ],
            [
              56.45614865663323,
              23.316632849132535
            ],
            [
              56.46163796428612,
              23.339714223559092
            ],
            [
              56.46928716248398,
              23.362265575967932
            ],
            [
              56.479039011790256,
              23.38411497424487
            ],
            [
              56.49082014046866,
              23.405095755866558
            ],
            [
              56.50454157666981,
              23.425047807619382
            ],
            [
              56.52009940404563,
              23.4438187973972
            ],
            [
              56.53737553649383,
              23.461265348303307
            ],
            [
              56.55623860666468,
              23.47725414567062
            ],
            [
              56.576544961814164,
              23.49166296808813
            ],
            [
              56.59813975957548,
              23.504381634078275
            ],
            [
              56.62085815525776,
              23.515312856707034
            ],
            [
              56.644526571382734,
              23.5243729991197
            ],
            [
              56.668964039348104,
              23.53149272477735
            ],
            [
              56.69398360237511,
              23.536617537012695
            ],
            [
              56.71939376826847,
              23.539708203424
            ],
            [
              56.745,
              23.540741061571527
            ]
          ]
        ]
      },
      "properties": {
        "site_id": 434,
        "name": "Archaeological Sites of Bat, Al-Khutm and Al-Ayn"
      }
    },
    {
      "type": "Feature",
      "geometry": {
        "type": "Polygon",
        "coordinates": [
          [
            [
              35.3536111111,
              31.58612504570005
            ],
            [
              35.381158182588585,
              31.585092514867295
            ],
            [
              35.408493799805726,
              31.582002847557504
            ],
            [
              35.43540817346942,
              31.57687975694339
            ],
            [
              35.46169482985278,
              31.569762557544603
            ],
            [
              35.48715223266921,
              31.560705855961828
            ],
            [
              35.51158536235165,
              31.54977912165515
            ],
            [
              35.53480723928882,
              31.537066141464717
            ],
            [
              35.55664037821764,
              31.522664362554924
            ],
            [
              35.576918161743066,
              31.506684129393307
            ],
            [
              35.59548612184972,
              31.489247821242543
            ],
            [
              35.61220311926738,
              31.470488897439846
            ],
            [
              35.626942411637856,
              31.450550858455916
            ],
            [
              35.639592602583996,
              31.42958613135901
            ],
            [
              35.65005846498513,
              31.407754888855468
            ],
            [
              35.658261632997586,
              31.38522381153141
            ],
            [
              35.664141158606476,
              31.362164803282425
            ],
            [
              35.66765392973808,
              31.338753670185717
            ],
            [
              35.66877494818663,
              31.315168773246125
            ],
            [
              35.667497466799254,
              31.29158966553352
            ],
            [
              35.66383298650838,
              31.268195724229056
            ],
            [
              35.65781111489047,
              31.24516478801389
            ],
            [
              35.64947928895597,
              31.22267181007239
            ],
            [
              35.63890236583267,
              31.200887536745334
            ],
            [
              35.62616208588807,
              31.179977221564716
            ],
            [
              35.61135641364442,
              31.16009938403398
            ],
            [
              35.594598762572446,
              31.141404622092395
            ],
            [
              35.5760171105064,
              31.124034486725233
            ],
            [
              35.55575301300741,
              31.108120426657145
            ],
            [
              35.53396052251558,
              31.093782810500862
            ],
            [
              35.510805021579124,
              31.08113003313088
            ],
            [
              35.486461978834654,
              31.070257712417664
            ],
            [
              35.461115636740395,
              31.06124798179619
            ],
            [
              35.43495764033957,
              31.054168883457148
            ],
            [
              35.40818561655735,
              31.049073866244118
            ],
            [
              35.38100171371681,
              31.046001391618972
            ],
            [
              35.3536111111,
              31.044974650323137
            ],
            [
              35.32622050848319,
              31.046001391618972
            ],
            [
              35.299036605642655,
              31.049073866244118
            ],
            [
              35.27226458186043,
              31.054168883457148
            ],
            [
              35.24610658545961,
              31.06124798179619
            ],
            [
              35.22076024336535,
              31.070257712417664
            ],
            [
              35.19641720062088,
              31.08113003313088
            ],
            [
              35.173261699684424,
              31.093782810500862
            ],
            [
              35.15146920919259,
              31.108120426657145
            ],
            [
              35.1312051116936,
              31.124034486725233
            ],
            [
              35.11262345962756,
              31.141404622092395
            ],
            [
              35.09586580855558,
              31.16009938403398
            ],
            [
              35.08106013631193,
              31.179977221564716
            ],
            [
              35.06831985636733,
              31.200887536745334
            ],
            [
              35.05774293324403,
              31.22267181007239
            ],
            [
              35.04941110730953,
              31.24516478801389
            ],
            [
              35.04338923569162,
              31.268195724229056
            ],
            [
              35.03972475540075,
              31.29158966553352
            ],
            [
              35.03844727401337,
              31.315168773246125
            ],
            [
              35.03956829246192,
              31.338753670185717
            ],
            [
              35.043081063593526,
              31.362164803282425
            ],
            [
              35.048960589202416,
              31.38522381153141
            ],
            [
              35.05716375721487,
              31.407754888855468
            ],
            [
              35.06762961961601,
              31.42958613135901
            ],
            [
              35.080279810562146,
              31.450550858455916
            ],
            [
              35.095019102932625,
              31.470488897439846
            ],
            [
              35.111736100350285,
              31.489247821242543
            ],
            [
              35.130304060456936,
              31.506684129393307
            ],
            [
              35.150581843982366,
              31.522664362554924
            ],
            [
              35.172414982911185,
              31.537066141464717
            ],
            [
              35.19563685984835,
              31.54977912165515
            ],
            [
              35.22006998953079,
              31.560705855961828
            ],
            [
              35.24552739234722,
              31.569762557544603
            ],
            [
              35.27181404873058,
              31.57687975694339
            ],
            [
              35.29872842239428,
              31.582002847557504
            ],
            [
              35.32606403961142,
              31.585092514867295
            ],
            [
              35.3536111111,
              31.58612504570005
            ]
          ]
        ]
      },
      "properties": {
        "site_id": 1040,
        "name": "Masada"
      }
    },
    {
      "type": "Feature",
      "geometry": {
        "type": "Polygon",
        "coordinates": [
          [
            [
              35.0091666667,
              30.844489533586128
            ],
            [
              35.0364995636207,
              30.84345696893135
            ],
            [
              35.06362270199115,
              30.8403671984682
            ],
            [
              35.09032797331197,
              30.835243930380745
            ],
            [
              35.11641055493975,
              30.828126471115635
            ],
            [
              35.14167051756406,
              30.81906941646987
            ],
            [
              35.16591439059875,
              30.808142222847355
            ],
            [
              35.18895667220779,
              30.795428662366085
            ],
            [
              35.210621271309705,
              30.781026166477304
            ],
            [
              35.230742869661,
              30.765045063685086
            ],
            [
              35.24916819299466,
              30.747607717819353
            ],
            [
              35.26575718116855,
              30.72884757411013
            ],
            [
              35.28038404834376,
              30.708908121028074
            ],
            [
              35.29293822534554,
              30.687941776490117
            ],
            [
              35.303325177542646,
              30.66610870757563
            ],
            [
              35.311467092794885,
              30.64357559335459
            ],
            [
              35.31730343524714,
              30.620514340793367
            ],
            [
              35.320791361974024,
              30.597100763975412
            ],
            [
              35.32190600068714,
              30.573513237054442
            ],
            [
              35.32064058789373,
              30.549931331448683
            ],
            [
              35.31700646802897,
              30.526534447788837
            ],
            [
              35.31103295516444,
              30.503500453053693
            ],
            [
              35.302767059914814,
              30.481004333170066
            ],
            [
              35.29227308511722,
              30.459216871121985
            ],
            [
              35.27963209473947,
              30.43830336031439
            ],
            [
              35.26494126128067,
              30.418422362572336
            ],
            [
              35.248313097663015,
              30.399724519735447
            ],
            [
              35.22987458027281,
              30.38235142733218
            ],
            [
              35.20976617039863,
              30.366434578296897
            ],
            [
              35.18814074183401,
              30.35209438412833
            ],
            [
              35.165162422866864,
              30.339439280286054
            ],
            [
              35.14100536127045,
              30.32856492198735
            ],
            [
              35.11585242124661,
              30.31955347590371
            ],
            [
              35.08989382155394,
              30.312473012569466
            ],
            [
              35.0633257242871,
              30.307377003607094
            ],
            [
              35.03634878396098,
              30.304303927149917
            ],
            [
              35.0091666667,
              30.303276984104805
            ],
            [
              34.98198454943901,
              30.304303927149917
            ],
            [
              34.9550076091129,
              30.307377003607094
            ],
            [
              34.92843951184605,
              30.312473012569466
            ],
            [
              34.902480912153386,
              30.31955347590371
            ],
            [
              34.87732797212954,
              30.32856492198735
            ],
            [
              34.85317091053313,
              30.339439280286054
            ],
            [
              34.83019259156598,
              30.35209438412833
            ],
            [
              34.808567163001364,
              30.366434578296897
            ],
            [
              34.78845875312718,
              30.38235142733218
            ],
            [
              34.77002023573698,
              30.399724519735447
            ],
            [
              34.753392072119325,
              30.418422362572336
            ],
            [
              34.738701238660525,
              30.43830336031439
            ],
            [
              34.72606024828277,
              30.459216871121985
            ],
            [
              34.71556627348518,
              30.481004333170066
            ],
            [
              34.70730037823555,
              30.503500453053693
            ],
            [
              34.70132686537102,
              30.526534447788837
            ],
            [
              34.69769274550627,
              30.549931331448683
            ],
            [
              34.69642733271285,
              30.573513237054442
            ],
            [
              34.69754197142597,
              30.597100763975412
            ],
            [
              34.70102989815285,
              30.620514340793367
            ],
            [
              34.70686624060511,
              30.64357559335459
            ],
            [
              34.71500815585735,
              30.66610870757563
            ],
            [
              34.72539510805446,
              30.687941776490117
            ],
            [
              34.73794928505623,
              30.708908121028074
            ],
            [
              34.75257615223144,
              30.72884757411013
            ],
            [
              34.769165140405335,
              30.747607717819353
            ],
            [
              34.787590463738994,
              30.765045063685086
            ],
            [
              34.80771206209029,
              30.781026166477304
            ],
            [
              34.82937666119221,
              30.795428662366085
            ],
            [
              34.85241894280124,
              30.808142222847355
            ],
            [
              34.876662815835935,
              30.81906941646987
            ],
            [
              34.901922778460246,
              30.828126471115635
            ],
            [
              34.92800536008802,
              30.835243930380745
            ],
            [
              34.954710631408844,
              30.8403671984682
            ],
            [
              34.98183376977929,
              30.84345696893135
            ],
            [
              35.0091666667,
              30.844489533586128
            ]
          ]
        ]
      },
      "properties": {
        "site_id": 1107,
        "name": "Incense Route - Desert Cities in the Negev"
      }
    },
    {
      "type": "Feature",
      "geometry": {
        "type": "Polygon",
        "coordinates": [
          [
            [
              57.7666666667,
              23.00423282075025
            ],
            [
              57.79217056494282,
              23.003199945653193
            ],
            [
              57.81747921114548,
              23.00010922730905
            ],
            [
              57.842398874807074,
              22.994984324950444
            ],
            [
              57.86673885580717,
              22.987864465784593
            ],
            [
              57.89031296798415,
              22.97880413951774
            ],
            [
              57.91294098515,
              22.967872674259947
            ],
            [
              57.93445003763159,
              22.955153697335888
            ],
            [
              57.954675947938696,
              22.94074448547084
            ],
            [
              57.973464494780465,
              22.924755209718825
            ],
            [
              57.990672595374576,
              22.90730808134254
            ],
            [
              58.00616939680493,
              22.888536405635428
            ],
            [
              58.01983726807253,
              22.868583551387474
            ],
            [
              58.03157268543593,
              22.84760184433316
            ],
            [
              58.0412870046395,
              22.825751393477645
            ],
            [
              58.04890711466547,
              22.803198859672253
            ],
            [
              58.054375968706424,
              22.780116176200906
            ],
            [
              58.05765298912464,
              22.756679231443176
            ],
            [
              58.05871434423303,
              22.73306652389837
            ],
            [
              58.05755309578681,
              22.70945779998734
            ],
            [
              58.05417921710637,
              22.68603268509797
            ],
            [
              58.04861948275123,
              22.662969318307198
            ],
            [
              58.04091723162471,
              22.64044300110106
            ],
            [
              58.03113200630386,
              22.618624870227062
            ],
            [
              58.0193390722529,
              22.597680604554665
            ],
            [
              58.005628821389074,
              22.577769175493305
            ],
            [
              57.99010606522319,
              22.559041650128144
            ],
            [
              57.97288922349261,
              22.541640055785564
            ],
            [
              57.954109414841334,
              22.52569631423814
            ],
            [
              57.9339094566791,
              22.511331253207103
            ],
            [
              57.91244278187087,
              22.49865370222352
            ],
            [
              57.889872280369445,
              22.487759679272436
            ],
            [
              57.866369074309766,
              22.478731673971243
            ],
            [
              57.84211123543334,
              22.471638032329423
            ],
            [
              57.8172824540088,
              22.46653244740528
            ],
            [
              57.79207066865901,
              22.46345355942158
            ],
            [
              57.7666666667,
              22.462424668129202
            ],
            [
              57.74126266474099,
              22.46345355942158
            ],
            [
              57.7160508793912,
              22.46653244740528
            ],
            [
              57.69122209796665,
              22.471638032329423
            ],
            [
              57.66696425909023,
              22.478731673971243
            ],
            [
              57.64346105303055,
              22.487759679272436
            ],
            [
              57.62089055152912,
              22.49865370222352
            ],
            [
              57.59942387672089,
              22.511331253207103
            ],
            [
              57.57922391855866,
              22.52569631423814
            ],
            [
              57.56044410990739,
              22.541640055785564
            ],
            [
              57.54322726817681,
              22.559041650128144
            ],
            [
              57.52770451201092,
              22.577769175493305
            ],
            [
              57.5139942611471,
              22.597680604554665
            ],
            [
              57.50220132709614,
              22.618624870227062
            ],
            [
              57.492416101775284,
              22.64044300110106
            ],
            [
              57.48471385064877,
              22.662969318307198
            ],
            [
              57.47915411629362,
              22.68603268509797
            ],
            [
              57.475780237613186,
              22.70945779998734
            ],
            [
              57.47461898916696,
              22.73306652389837
            ],
            [
              57.475680344275354,
              22.756679231443176
            ],
            [
              57.47895736469357,
              22.780116176200906
            ],
            [
              57.48442621873453,
              22.803198859672253
            ],
            [
              57.492046328760495,
              22.825751393477645
            ],
            [
              57.50176064796406,
              22.84760184433316
            ],
            [
              57.513496065327466,
              22.868583551387474
            ],
            [
              57.527163936595066,
              22.888536405635428
            ],
            [
              57.54266073802542,
              22.90730808134254
            ],
            [
              57.55986883861953,
              22.924755209718825
            ],
            [
              57.5786573854613,
              22.94074448547084
            ],
            [
              57.5988832957684,
              22.955153697335888
            ],
            [
              57.62039234824999,
              22.967872674259947
            ],
            [
              57.64302036541584,
              22.97880413951774
            ],
            [
              57.666594477592824,
              22.987864465784593
            ],
            [
              57.69093445859292,
              22.994984324950444
            ],
            [
              57.71585412225451,
              23.00010922730905
            ],
            [
              57.74116276845717,
              23.003199945653193
            ],
            [
              57.7666666667,
              23.00423282075025
            ]
          ]
        ]
      },
      "properties": {
        "site_id": 1207,
        "name": "<i>Aflaj</i> Irrigation Systems of Oman"
      }
    },
    {
      "type": "Feature",
      "geometry": {
        "type": "Polygon",
        "coordinates": [
          [
            [
              37.955,
              27.054363739793047
            ],
            [
              37.98135535491971,
              27.053331010783843
            ],
            [
              38.00750869662493,
              27.050240739022342
            ],
            [
              38.03325959356213,
              27.045116608343758
            ],
            [
              38.05841076407206,
              27.037997885789657
            ],
            [
              38.08276961791571,
              27.028939114418463
            ],
            [
              38.10614975810543,
              27.018009686891798
            ],
            [
              38.128372430486294,
              27.005293303439945
            ],
            [
              38.14926790907635,
              26.990887318771186
            ],
            [
              38.16867680586002,
              26.974901983401875
            ],
            [
              38.186451294523984,
              26.957459585738306
            ],
            [
              38.20245623851571,
              26.938693502028602
            ],
            [
              38.21657021477702,
              26.918747162017514
            ],
            [
              38.22868642554312,
              26.897772938772327
            ],
            [
              38.23871349168469,
              26.875930971700285
            ],
            [
              38.24657612219274,
              26.853387932243784
            ],
            [
              38.25221565554561,
              26.830315742116614
            ],
            [
              38.25559046984166,
              26.80689025423336
            ],
            [
              38.256676259715675,
              26.783289906682626
            ],
            [
              38.25546617916928,
              26.75969436020761
            ],
            [
              38.25197085052543,
              26.736283129683496
            ],
            [
              38.246218240754466,
              26.71323422002571
            ],
            [
              38.23825340740727,
              26.690722776828643
            ],
            [
              38.22813811732294,
              26.66891976182514
            ],
            [
              38.215950342150315,
              26.647990662977595
            ],
            [
              38.201783635531086,
              26.62809424866663
            ],
            [
              38.185746397535816,
              26.60938137503754
            ],
            [
              38.16796103262197,
              26.591993855103137
            ],
            [
              38.14856300799604,
              26.576063397689765
            ],
            [
              38.12769981981097,
              26.561710623754543
            ],
            [
              38.10552987511704,
              26.549044167003192
            ],
            [
              38.08222129791266,
              26.538159865101303
            ],
            [
              38.05795066801178,
              26.529140047104534
            ],
            [
              38.03290170176218,
              26.52205292203702
            ],
            [
              38.007263883914035,
              26.516952072828182
            ],
            [
              37.98123106015518,
              26.513876059078754
            ],
            [
              37.955,
              26.51284813137204
            ],
            [
              37.928768939844815,
              26.513876059078754
            ],
            [
              37.90273611608596,
              26.516952072828182
            ],
            [
              37.87709829823782,
              26.52205292203702
            ],
            [
              37.85204933198822,
              26.529140047104534
            ],
            [
              37.827778702087336,
              26.538159865101303
            ],
            [
              37.804470124882954,
              26.549044167003192
            ],
            [
              37.782300180189026,
              26.561710623754543
            ],
            [
              37.76143699200396,
              26.576063397689765
            ],
            [
              37.74203896737803,
              26.591993855103137
            ],
            [
              37.72425360246418,
              26.60938137503754
            ],
            [
              37.70821636446891,
              26.62809424866663
            ],
            [
              37.69404965784968,
              26.647990662977595
            ],
            [
              37.681861882677055,
              26.66891976182514
            ],
            [
              37.671746592592726,
              26.690722776828643
            ],
            [
              37.66378175924553,
              26.71323422002571
            ],
            [
              37.658029149474565,
              26.736283129683496
            ],
            [
              37.654533820830714,
              26.75969436020761
            ],
            [
              37.65332374028432,
              26.783289906682626
            ],
            [
              37.65440953015834,
              26.80689025423336
            ],
            [
              37.657784344454384,
              26.830315742116614
            ],
            [
              37.663423877807254,
              26.853387932243784
            ],
            [
              37.671286508315305,
              26.875930971700285
            ],
            [
              37.68131357445688,
              26.897772938772327
            ],
            [
              37.693429785222975,
              26.918747162017514
            ],
            [
              37.70754376148429,
              26.938693502028602
            ],
            [
              37.72354870547601,
              26.957459585738306
            ],
            [
              37.74132319413998,
              26.974901983401875
            ],
            [
              37.760732090923646,
              26.990887318771186
            ],
            [
              37.7816275695137,
              27.005293303439945
            ],
            [
              37.803850241894565,
              27.018009686891798
            ],
            [
              37.82723038208429,
              27.028939114418463
            ],
            [
              37.85158923592794,
              27.037997885789657
            ],
            [
              37.87674040643787,
              27.045116608343758
            ],
            [
              37.902491303375065,
              27.050240739022342
            ],
            [
              37.92864464508029,
              27.053331010783843
            ],
            [
              37.955,
              27.054363739793047
            ]
          ]
        ]
      },
      "properties": {
        "site_id": 1293,
        "name": "Hegra Archaeological Site (al-Hijr / Madā ͐ in Ṣāliḥ)"
      }
    },
    {
      "type": "Feature",
      "geometry": {
        "type": "Polygon",
        "coordinates": [
          [
            [
              46.5724666667,
              25.0049624660356
            ],
            [
              46.598368038872685,
              25.003929658146795
            ],
            [
              46.62407100021983,
              25.00083914549397
            ],
            [
              46.64937868961684,
              24.995714599337237
            ],
            [
              46.674097332299496,
              24.988595266361294
            ],
            [
              46.698037750580276,
              24.979535662367276
            ],
            [
              46.72101683599768,
              24.968605147051253
            ],
            [
              46.74285897068503,
              24.955887383432508
            ],
            [
              46.763397386280644,
              24.941479686447273
            ],
            [
              46.78247544935319,
              24.92549226612816
            ],
            [
              46.799947863072596,
              24.908047371637643
            ],
            [
              46.81568177570624,
              24.889278343208165
            ],
            [
              46.829557787448316,
              24.86932857975408
            ],
            [
              46.841470848082736,
              24.848350430556916
            ],
            [
              46.851331039022035,
              24.826504019980227
            ],
            [
              46.859064234342945,
              24.803956014641415
            ],
            [
              46.86461263653632,
              24.7808783428512
            ],
            [
              46.8679351837952,
              24.757446876428787
            ],
            [
              46.86900782676348,
              24.733840085209277
            ],
            [
              46.867823673749854,
              24.71023767468292
            ],
            [
              46.86439300446557,
              24.68681921724367
            ],
            [
              46.858743153362305,
              24.663762787480817
            ],
            [
              46.85091826461871,
              24.64124361182447
            ],
            [
              46.84097892174791,
              24.619432742658066
            ],
            [
              46.82900165566456,
              24.59849576674231
            ],
            [
              46.81507833586046,
              24.578591557459518
            ],
            [
              46.79931545008533,
              24.559871079989865
            ],
            [
              46.78183327861666,
              24.54247625807694
            ],
            [
              46.76276496982771,
              24.52653891053214
            ],
            [
              46.742255524325934,
              24.51217976507315
            ],
            [
              46.72046069543854,
              24.499507556493448
            ],
            [
              46.69754581426646,
              24.488618215523342
            ],
            [
              46.673684547917176,
              24.479594154072412
            ],
            [
              46.6490575998608,
              24.472503651843425
            ],
            [
              46.62385136163575,
              24.467400348581837
            ],
            [
              46.59825652536167,
              24.464322845478584
            ],
            [
              46.5724666667,
              24.463294418479627
            ],
            [
              46.546676808038335,
              24.464322845478584
            ],
            [
              46.521081971764254,
              24.467400348581837
            ],
            [
              46.49587573353921,
              24.472503651843425
            ],
            [
              46.47124878548283,
              24.479594154072412
            ],
            [
              46.44738751913354,
              24.488618215523342
            ],
            [
              46.424472637961465,
              24.499507556493448
            ],
            [
              46.40267780907407,
              24.51217976507315
            ],
            [
              46.3821683635723,
              24.52653891053214
            ],
            [
              46.363100054783345,
              24.54247625807694
            ],
            [
              46.345617883314674,
              24.559871079989865
            ],
            [
              46.32985499753954,
              24.578591557459518
            ],
            [
              46.31593167773544,
              24.59849576674231
            ],
            [
              46.30395441165209,
              24.619432742658066
            ],
            [
              46.29401506878129,
              24.64124361182447
            ],
            [
              46.2861901800377,
              24.663762787480817
            ],
            [
              46.280540328934435,
              24.68681921724367
            ],
            [
              46.27710965965015,
              24.71023767468292
            ],
            [
              46.275925506636526,
              24.733840085209277
            ],
            [
              46.27699814960481,
              24.757446876428787
            ],
            [
              46.28032069686368,
              24.7808783428512
            ],
            [
              46.28586909905706,
              24.803956014641415
            ],
            [
              46.29360229437797,
              24.826504019980227
            ],
            [
              46.30346248531727,
              24.848350430556916
            ],
            [
              46.31537554595169,
              24.86932857975408
            ],
            [
              46.329251557693766,
              24.889278343208165
            ],
            [
              46.34498547032741,
              24.908047371637643
            ],
            [
              46.36245788404681,
              24.92549226612816
            ],
            [
              46.38153594711936,
              24.941479686447273
            ],
            [
              46.40207436271498,
              24.955887383432508
            ],
            [
              46.423916497402324,
              24.968605147051253
            ],
            [
              46.44689558281973,
              24.979535662367276
            ],
            [
              46.47083600110051,
              24.988595266361294
            ],
            [
              46.495554643783166,
              24.995714599337237
            ],
            [
              46.520862333180176,
              25.00083914549397
            ],
            [
              46.54656529452732,
              25.003929658146795
            ],
            [
              46.5724666667,
              25.0049624660356
            ]
          ]
        ]
      },
      "properties": {
        "site_id": 1329,
        "name": "At-Turaif District in ad-Dir'iyah"
      }
    },
    {
      "type": "Feature",
      "geometry": {
        "type": "Polygon",
        "coordinates": [
          [
            [
              55.80663,
              24.33880405096075
            ],
            [
              55.83239417417814,
              24.337771219511122
            ],
            [
              55.85796102725954,
              24.334680634814298
            ],
            [
              55.88313477815044,
              24.32955596410374
            ],
            [
              55.9077227128393,
              24.32243644754425
            ],
            [
              55.931536685766396,
              24.313376592203834
            ],
            [
              55.95439458297075,
              24.30244574721107
            ],
            [
              55.97612173490507,
              24.289727563648334
            ],
            [
              55.996552267336114,
              24.275319343681034
            ],
            [
              56.015530379389496,
              24.25933128432495
            ],
            [
              56.03291153854287,
              24.24188562210059
            ],
            [
              56.04856358320764,
              24.223115685605812
            ],
            [
              56.06236772445438,
              24.203164863750768
            ],
            [
              56.074219439415394,
              24.182185498035295
            ],
            [
              56.08402924992645,
              24.160337707804914
            ],
            [
              56.09172338103378,
              24.13778815789367
            ],
            [
              56.09724429507724,
              24.114708778448176
            ],
            [
              56.10055109815409,
              24.091275447026646
            ],
            [
              56.101619816856314,
              24.06766664327857
            ],
            [
              56.100443544246644,
              24.044062086637098
            ],
            [
              56.09703245508526,
              24.020641367497653
            ],
            [
              56.091413691329855,
              23.997582582316326
            ],
            [
              56.08363111990044,
              23.97506098294238
            ],
            [
              56.07374496562014,
              23.953247650305347
            ],
            [
              56.06183132310955,
              23.932308202311507
            ],
            [
              56.04798155222156,
              23.912401545472456
            ],
            [
              56.032301562354135,
              23.893678679393723
            ],
            [
              56.01491099166779,
              23.876281562799097
            ],
            [
              55.99594228786392,
              23.860342049260506
            ],
            [
              55.97553969774811,
              23.84598090024988
            ],
            [
              55.95385817331193,
              23.83330688253142
            ],
            [
              55.93106220251683,
              23.822415956276338
            ],
            [
              55.90732457335897,
              23.81339055961052
            ],
            [
              55.88282508013253,
              23.806298994604376
            ],
            [
              55.8577491810967,
              23.801194918986255
            ],
            [
              55.83228661698724,
              23.798116947112156
            ],
            [
              55.80663,
              23.797088362956885
            ],
            [
              55.78097338301276,
              23.798116947112156
            ],
            [
              55.755510818903296,
              23.801194918986255
            ],
            [
              55.73043491986747,
              23.806298994604376
            ],
            [
              55.70593542664103,
              23.81339055961052
            ],
            [
              55.68219779748317,
              23.822415956276338
            ],
            [
              55.65940182668807,
              23.83330688253142
            ],
            [
              55.637720302251886,
              23.84598090024988
            ],
            [
              55.61731771213608,
              23.860342049260506
            ],
            [
              55.59834900833221,
              23.876281562799097
            ],
            [
              55.58095843764586,
              23.893678679393723
            ],
            [
              55.56527844777844,
              23.912401545472456
            ],
            [
              55.551428676890446,
              23.932308202311507
            ],
            [
              55.53951503437985,
              23.953247650305347
            ],
            [
              55.52962888009956,
              23.97506098294238
            ],
            [
              55.52184630867014,
              23.997582582316326
            ],
            [
              55.516227544914734,
              24.020641367497653
            ],
            [
              55.51281645575335,
              24.044062086637098
            ],
            [
              55.51164018314368,
              24.06766664327857
            ],
            [
              55.512708901845905,
              24.091275447026646
            ],
            [
              55.51601570492276,
              24.114708778448176
            ],
            [
              55.521536618966216,
              24.13778815789367
            ],
            [
              55.529230750073545,
              24.160337707804914
            ],
            [
              55.5390405605846,
              24.182185498035295
            ],
            [
              55.550892275545614,
              24.203164863750768
            ],
            [
              55.56469641679236,
              24.223115685605812
            ],
            [
              55.58034846145713,
              24.24188562210059
            ],
            [
              55.5977296206105,
              24.25933128432495
            ],
            [
              55.61670773266388,
              24.275319343681034
            ],
            [
              55.637138265094926,
              24.289727563648334
            ],
            [
              55.65886541702925,
              24.30244574721107
            ],
            [
              55.6817233142336,
              24.313376592203834
            ],
            [
              55.705537287160695,
              24.32243644754425
            ],
            [
              55.730125221849555,
              24.32955596410374
            ],
            [
              55.755298972740455,
              24.334680634814298
            ],
            [
              55.780865825821856,
              24.337771219511122
            ],
            [
              55.80663,
              24.33880405096075
            ]
          ]
        ]
      },
      "properties": {
        "site_id": 1343,
        "name": "Cultural Sites of Al Ain (Hafit, Hili, Bidaa Bint Saud and Oases Areas)"
      }
    },
    {
      "type": "Feature",
      "geometry": {
        "type": "Polygon",
        "coordinates": [
          [
            [
              35.4338888889,
              29.910361485856864
            ],
            [
              35.4609631135735,
              29.90932887913376
            ],
            [
              35.48782962818294,
              29.906238980379978
            ],
            [
              35.514282354656515,
              29.901115491612984
            ],
            [
              35.540118464876414,
              29.89399770930038
            ],
            [
              35.56513997073933,
              29.884940215884736
            ],
            [
              35.58915527276044,
              29.874012451631415
            ],
            [
              35.61198065413236,
              29.861298170460906
            ],
            [
              35.63344170775787,
              29.846894784402725
            ],
            [
              35.65337468451333,
              29.83091260223081
            ],
            [
              35.671627751854054,
              29.813473968702457
            ],
            [
              35.68806215282869,
              29.794712311615683
            ],
            [
              35.702553256610294,
              29.774771104616704
            ],
            [
              35.71499149275962,
              29.75380275432278
            ],
            [
              35.72528316259429,
              29.73196742087462
            ],
            [
              35.733351122227,
              29.709431781490274
            ],
            [
              35.73913533304158,
              29.686367746960418
            ],
            [
              35.74259327657974,
              29.662951141300603
            ],
            [
              35.74370023200018,
              29.639360354961397
            ],
            [
              35.74244941543161,
              29.61577498209333
            ],
            [
              35.73885198166044,
              29.592374452373843
            ],
            [
              35.732936889663165,
              29.569336667830022
            ],
            [
              35.724750634504474,
              29.546836654939845
            ],
            [
              35.71435684906929,
              29.525045242068387
            ],
            [
              35.7018357799757,
              29.504127772000935
            ],
            [
              35.687283642824184,
              29.484242858975655
            ],
            [
              35.67081186267411,
              29.465541199200874
            ],
            [
              35.65254620630474,
              29.448164443370676
            ],
            [
              35.632625813411764,
              29.432244139173044
            ],
            [
              35.61120213441863,
              29.417900751221826
            ],
            [
              35.58843778304466,
              29.405242765243003
            ],
            [
              35.56450531217361,
              29.394365882710236
            ],
            [
              35.53958592191124,
              29.385352311461258
            ],
            [
              35.513868109011504,
              29.378270157136914
            ],
            [
              35.48754626709259,
              29.373172919573967
            ],
            [
              35.4608192472592,
              29.37009909755548
            ],
            [
              35.4338888889,
              29.36907190457962
            ],
            [
              35.4069585305408,
              29.37009909755548
            ],
            [
              35.38023151070741,
              29.373172919573967
            ],
            [
              35.353909668788496,
              29.378270157136914
            ],
            [
              35.32819185588876,
              29.385352311461258
            ],
            [
              35.30327246562639,
              29.394365882710236
            ],
            [
              35.27933999475534,
              29.405242765243003
            ],
            [
              35.25657564338137,
              29.417900751221826
            ],
            [
              35.23515196438824,
              29.432244139173044
            ],
            [
              35.21523157149526,
              29.448164443370676
            ],
            [
              35.196965915125894,
              29.465541199200874
            ],
            [
              35.18049413497582,
              29.484242858975655
            ],
            [
              35.1659419978243,
              29.504127772000935
            ],
            [
              35.15342092873071,
              29.525045242068387
            ],
            [
              35.14302714329553,
              29.546836654939845
            ],
            [
              35.134840888136836,
              29.569336667830022
            ],
            [
              35.12892579613956,
              29.592374452373843
            ],
            [
              35.12532836236839,
              29.61577498209333
            ],
            [
              35.12407754579982,
              29.639360354961397
            ],
            [
              35.12518450122026,
              29.662951141300603
            ],
            [
              35.12864244475842,
              29.686367746960418
            ],
            [
              35.134426655573,
              29.709431781490274
            ],
            [
              35.14249461520571,
              29.73196742087462
            ],
            [
              35.15278628504038,
              29.75380275432278
            ],
            [
              35.16522452118971,
              29.774771104616704
            ],
            [
              35.17971562497131,
              29.794712311615683
            ],
            [
              35.19615002594595,
              29.813473968702457
            ],
            [
              35.21440309328667,
              29.83091260223081
            ],
            [
              35.23433607004213,
              29.846894784402725
            ],
            [
              35.25579712366764,
              29.861298170460906
            ],
            [
              35.27862250503956,
              29.874012451631415
            ],
            [
              35.30263780706067,
              29.884940215884736
            ],
            [
              35.327659312923586,
              29.89399770930038
            ],
            [
              35.353495423143485,
              29.901115491612984
            ],
            [
              35.37994814961706,
              29.906238980379978
            ],
            [
              35.4068146642265,
              29.90932887913376
            ],
            [
              35.4338888889,
              29.910361485856864
            ]
          ]
        ]
      },
      "properties": {
        "site_id": 1377,
        "name": "Wadi Rum Protected Area"
      }
    },
    {
      "type": "Feature",
      "geometry": {
        "type": "Polygon",
        "coordinates": [
          [
            [
              39.8916666667,
              26.424387712023375
            ],
            [
              39.91787721171275,
              26.423354957825723
            ],
            [
              39.94388689208488,
              26.420264609179984
            ],
            [
              39.96949641466107,
              26.415140346021484
            ],
            [
              39.994509615951536,
              26.408021429079195
            ],
            [
              40.01873499384755,
              26.39896239296053
            ],
            [
              40.041987200000214,
              26.388032620108635
            ],
            [
              40.064088480416,
              26.375315799223053
            ],
            [
              40.08487005237711,
              26.360909272693103
            ],
            [
              40.10417340646991,
              26.344923278503295
            ],
            [
              40.12185152328724,
              26.327480092922283
            ],
            [
              40.137769995248156,
              26.308713081073016
            ],
            [
              40.151808044937454,
              26.288765663196145
            ],
            [
              40.16385943238988,
              26.267790205053895
            ],
            [
              40.17383324481794,
              26.24594684147495
            ],
            [
              40.18165456338979,
              26.22340224250824
            ],
            [
              40.18726500278975,
              26.200328332032704
            ],
            [
              40.19062312042671,
              26.17690096896109
            ],
            [
              40.19170469327823,
              26.15329860137836
            ],
            [
              40.190502861461134,
              26.129700904070365
            ],
            [
              40.187028138691,
              26.106287409928843
            ],
            [
              40.18130829082398,
              26.08323614566652
            ],
            [
              40.173388084657596,
              26.060722282145626
            ],
            [
              40.16332891009612,
              26.03891680941713
            ],
            [
              40.151208279656665,
              26.017985246292028
            ],
            [
              40.1371192101007,
              25.998086393924165
            ],
            [
              40.12116949172082,
              25.979371142480527
            ],
            [
              40.10348085149314,
              25.961981339516225
            ],
            [
              40.08418801692246,
              25.946048728160253
            ],
            [
              40.06343768796106,
              25.931693962661033
            ],
            [
              40.04138742487409,
              25.919025708242177
            ],
            [
              40.01820446035811,
              25.908139831582265
            ],
            [
              39.9940644445955,
              25.89911868756426
            ],
            [
              39.96915013224993,
              25.892030507242605
            ],
            [
              39.94365002067866,
              25.886928891255042
            ],
            [
              39.917756948858944,
              25.883852412164497
            ],
            [
              39.8916666667,
              25.882824328458693
            ],
            [
              39.86557638454105,
              25.883852412164497
            ],
            [
              39.839683312721334,
              25.886928891255042
            ],
            [
              39.814183201150065,
              25.892030507242605
            ],
            [
              39.78926888880449,
              25.89911868756426
            ],
            [
              39.76512887304188,
              25.908139831582265
            ],
            [
              39.741945908525906,
              25.919025708242177
            ],
            [
              39.71989564543893,
              25.931693962661033
            ],
            [
              39.699145316477534,
              25.946048728160253
            ],
            [
              39.679852481906856,
              25.961981339516225
            ],
            [
              39.662163841679174,
              25.979371142480527
            ],
            [
              39.646214123299295,
              25.998086393924165
            ],
            [
              39.63212505374333,
              26.017985246292028
            ],
            [
              39.620004423303875,
              26.03891680941713
            ],
            [
              39.6099452487424,
              26.060722282145626
            ],
            [
              39.60202504257602,
              26.08323614566652
            ],
            [
              39.596305194709,
              26.106287409928843
            ],
            [
              39.59283047193886,
              26.129700904070365
            ],
            [
              39.59162864012176,
              26.15329860137836
            ],
            [
              39.59271021297329,
              26.17690096896109
            ],
            [
              39.596068330610244,
              26.200328332032704
            ],
            [
              39.6016787700102,
              26.22340224250824
            ],
            [
              39.60950008858205,
              26.24594684147495
            ],
            [
              39.61947390101012,
              26.267790205053895
            ],
            [
              39.63152528846254,
              26.288765663196145
            ],
            [
              39.64556333815184,
              26.308713081073016
            ],
            [
              39.661481810112754,
              26.327480092922283
            ],
            [
              39.67915992693008,
              26.344923278503295
            ],
            [
              39.69846328102288,
              26.360909272693103
            ],
            [
              39.719244852984,
              26.375315799223053
            ],
            [
              39.74134613339978,
              26.388032620108635
            ],
            [
              39.76459833955244,
              26.39896239296053
            ],
            [
              39.78882371744846,
              26.408021429079195
            ],
            [
              39.81383691873892,
              26.415140346021484
            ],
            [
              39.83944644131511,
              26.420264609179984
            ],
            [
              39.865456121687245,
              26.423354957825723
            ],
            [
              39.8916666667,
              26.424387712023375
            ]
          ]
        ]
      },
      "properties": {
        "site_id": 1472,
        "name": "Rock Art in the Hail Region of Saudi Arabia"
      }
    },
    {
      "type": "Feature",
      "geometry": {
        "type": "Polygon",
        "coordinates": [
          [
            [
              59.3781111111,
              22.96612300590986
            ],
            [
              59.40360785608188,
              22.96509012964065
            ],
            [
              59.428909405925175,
              22.961999407703154
            ],
            [
              59.45382208652175,
              22.956874499102593
            ],
            [
              59.4781552531325,
              22.949754630677855
            ],
            [
              59.501722773475485,
              22.94069429164153
            ],
            [
              59.524344473268734,
              22.929762809505824
            ],
            [
              59.545847532323315,
              22.91704381091934
            ],
            [
              59.56606781979188,
              22.9026345718829
            ],
            [
              59.58485115779911,
              22.88664526271054
            ],
            [
              59.60205450340183,
              22.86919809394413
            ],
            [
              59.61754703963828,
              22.850426370210744
            ],
            [
              59.631211167313154,
              22.830473459723294
            ],
            [
              59.64294339011702,
              22.809491687761696
            ],
            [
              59.65265508667881,
              22.78764116302925
            ],
            [
              59.660273164188325,
              22.765088546254663
            ],
            [
              59.665740589284084,
              22.742005770800024
            ],
            [
              59.66901679297269,
              22.718568725339935
            ],
            [
              59.67007794741232,
              22.694955908895455
            ],
            [
              59.66891711344749,
              22.67134706863901
            ],
            [
              59.66554425881313,
              22.64792183093632
            ],
            [
              59.65998614792463,
              22.62485833605778
            ],
            [
              59.65228610513082,
              22.602331886881405
            ],
            [
              59.642503654220846,
              22.580513621721657
            ],
            [
              59.63071403784,
              22.559569221160714
            ],
            [
              59.61700762128011,
              22.53965765843242
            ],
            [
              59.6014891858635,
              22.520930002519826
            ],
            [
              59.58427711783545,
              22.503528282679582
            ],
            [
              59.5655024993167,
              22.48758442260383
            ],
            [
              59.545308108445674,
              22.47321925187893
            ],
            [
              59.5238473363592,
              22.460541601803435
            ],
            [
              59.50128302912298,
              22.44964749199069
            ],
            [
              59.47778626312817,
              22.44061941350853
            ],
            [
              59.45353506282168,
              22.4335257136043
            ],
            [
              59.428713069934744,
              22.428420086331705
            ],
            [
              59.40350817361983,
              22.425341172642327
            ],
            [
              59.3781111111,
              22.424312272731594
            ],
            [
              59.35271404858017,
              22.425341172642327
            ],
            [
              59.32750915226525,
              22.428420086331705
            ],
            [
              59.302687159378316,
              22.4335257136043
            ],
            [
              59.27843595907182,
              22.44061941350853
            ],
            [
              59.254939193077014,
              22.44964749199069
            ],
            [
              59.23237488584079,
              22.460541601803435
            ],
            [
              59.21091411375432,
              22.47321925187893
            ],
            [
              59.190719722883294,
              22.48758442260383
            ],
            [
              59.171945104364546,
              22.503528282679582
            ],
            [
              59.154733036336495,
              22.520930002519826
            ],
            [
              59.139214600919885,
              22.53965765843242
            ],
            [
              59.125508184359994,
              22.559569221160714
            ],
            [
              59.11371856797915,
              22.580513621721657
            ],
            [
              59.103936117069175,
              22.602331886881405
            ],
            [
              59.09623607427537,
              22.62485833605778
            ],
            [
              59.09067796338687,
              22.64792183093632
            ],
            [
              59.0873051087525,
              22.67134706863901
            ],
            [
              59.08614427478768,
              22.694955908895455
            ],
            [
              59.0872054292273,
              22.718568725339935
            ],
            [
              59.09048163291591,
              22.742005770800024
            ],
            [
              59.09594905801167,
              22.765088546254663
            ],
            [
              59.10356713552118,
              22.78764116302925
            ],
            [
              59.113278832082976,
              22.809491687761696
            ],
            [
              59.12501105488684,
              22.830473459723294
            ],
            [
              59.13867518256171,
              22.850426370210744
            ],
            [
              59.15416771879816,
              22.86919809394413
            ],
            [
              59.17137106440089,
              22.88664526271054
            ],
            [
              59.19015440240811,
              22.9026345718829
            ],
            [
              59.21037468987668,
              22.91704381091934
            ],
            [
              59.23187774893126,
              22.929762809505824
            ],
            [
              59.25449944872451,
              22.94069429164153
            ],
            [
              59.278066969067496,
              22.949754630677855
            ],
            [
              59.30240013567825,
              22.956874499102593
            ],
            [
              59.32731281627482,
              22.961999407703154
            ],
            [
              59.35261436611812,
              22.96509012964065
            ],
            [
              59.3781111111,
              22.96612300590986
            ]
          ]
        ]
      },
      "properties": {
        "site_id": 1537,
        "name": "Ancient City of Qalhat"
      }
    },
    {
      "type": "Feature",
      "geometry": {
        "type": "Polygon",
        "coordinates": [
          [
            [
              49.5769166667,
              25.63883093263472
            ],
            [
              49.60295322857485,
              25.637798148165405
            ],
            [
              49.62879030637119,
              25.634707707075176
            ],
            [
              49.654229975247844,
              25.62958328448068
            ],
            [
              49.67907741568124,
              25.622464133310405
            ],
            [
              49.70314243337376,
              25.613404777727187
            ],
            [
              49.72624094025761,
              25.602474587542364
            ],
            [
              49.748196384278465,
              25.58975723719715
            ],
            [
              49.768841116187026,
              25.5753500538415
            ],
            [
              49.78801768222874,
              25.559363259948253
            ],
            [
              49.80558003239004,
              25.54191911675006
            ],
            [
              49.821394634721244,
              25.523150975571582
            ],
            [
              49.83534148719746,
              25.50320224484284
            ],
            [
              49.847315019585295,
              25.482225281215705
            ],
            [
              49.85722487883881,
              25.460380213759343
            ],
            [
              49.864996592638846,
              25.437833710679854
            ],
            [
              49.870572106800886,
              25.414757698391124
            ],
            [
              49.873910193392874,
              25.391328043058113
            ],
            [
              49.874986727514795,
              25.367723204939907
            ],
            [
              49.87379483178237,
              25.344122875979163
            ],
            [
              49.87034488861945,
              25.320706611119366
            ],
            [
              49.86466442148662,
              25.297652463783525
            ],
            [
              49.85679784715141,
              25.27513563582201
            ],
            [
              49.84680610203053,
              25.253327152035446
            ],
            [
              49.83476614650376,
              25.23239256910705
            ],
            [
              49.8207703519077,
              25.212490728440088
            ],
            [
              49.804925775664685,
              25.193772561996564
            ],
            [
              49.787353330686486,
              25.176379959776163
            ],
            [
              49.76818685581332,
              25.160444707066294
            ],
            [
              49.747572094608266,
              25.14608749903754
            ],
            [
              49.72566559032597,
              25.133417039661055
            ],
            [
              49.702633505313976,
              25.122529231287498
            ],
            [
              49.678650373488836,
              25.113506460557986
            ],
            [
              49.65389779485768,
              25.106416985618207
            ],
            [
              49.6285630813331,
              25.10131442888356
            ],
            [
              49.602837863316,
              25.098237378858485
            ],
            [
              49.5769166667,
              25.097209103752228
            ],
            [
              49.550995470084004,
              25.098237378858485
            ],
            [
              49.5252702520669,
              25.10131442888356
            ],
            [
              49.499935538542324,
              25.106416985618207
            ],
            [
              49.475182959911166,
              25.113506460557986
            ],
            [
              49.451199828086025,
              25.122529231287498
            ],
            [
              49.428167743074034,
              25.133417039661055
            ],
            [
              49.406261238791735,
              25.14608749903754
            ],
            [
              49.38564647758668,
              25.160444707066294
            ],
            [
              49.366480002713516,
              25.176379959776163
            ],
            [
              49.348907557735316,
              25.193772561996564
            ],
            [
              49.333062981492304,
              25.212490728440088
            ],
            [
              49.31906718689624,
              25.23239256910705
            ],
            [
              49.307027231369474,
              25.253327152035446
            ],
            [
              49.29703548624859,
              25.27513563582201
            ],
            [
              49.28916891191338,
              25.297652463783525
            ],
            [
              49.28348844478055,
              25.320706611119366
            ],
            [
              49.28003850161763,
              25.344122875979163
            ],
            [
              49.27884660588521,
              25.367723204939907
            ],
            [
              49.27992314000713,
              25.391328043058113
            ],
            [
              49.283261226599116,
              25.414757698391124
            ],
            [
              49.288836740761155,
              25.437833710679854
            ],
            [
              49.296608454561195,
              25.460380213759343
            ],
            [
              49.306518313814706,
              25.482225281215705
            ],
            [
              49.31849184620254,
              25.50320224484284
            ],
            [
              49.33243869867876,
              25.523150975571582
            ],
            [
              49.34825330100996,
              25.54191911675006
            ],
            [
              49.36581565117126,
              25.559363259948253
            ],
            [
              49.384992217212975,
              25.5753500538415
            ],
            [
              49.405636949121536,
              25.58975723719715
            ],
            [
              49.42759239314239,
              25.602474587542364
            ],
            [
              49.45069090002624,
              25.613404777727187
            ],
            [
              49.47475591771876,
              25.622464133310405
            ],
            [
              49.49960335815216,
              25.62958328448068
            ],
            [
              49.525043027028815,
              25.634707707075176
            ],
            [
              49.550880104825154,
              25.637798148165405
            ],
            [
              49.5769166667,
              25.63883093263472
            ]
          ]
        ]
      },
      "properties": {
        "site_id": 1563,
        "name": "Al-Ahsa Oasis, an Evolving Cultural Landscape"
      }
    },
    {
      "type": "Feature",
      "geometry": {
        "type": "Polygon",
        "coordinates": [
          [
            [
              45.5983333333,
              19.634896232537628
            ],
            [
              45.62326173118476,
              19.633863271895517
            ],
            [
              45.64799946347138,
              19.63077229016327
            ],
            [
              45.67235734484135,
              19.625646926594147
            ],
            [
              45.696149138349945,
              19.61852637601866
            ],
            [
              45.71919299927213,
              19.609465084720224
            ],
            [
              45.74131288288168,
              19.598532328168382
            ],
            [
              45.76233990470536,
              19.585811674074638
            ],
            [
              45.782113642266474,
              19.571400335165336
            ],
            [
              45.80048336790742,
              19.555408416952428
            ],
            [
              45.81730920295146,
              19.537958066617062
            ],
            [
              45.83246318421912,
              19.51918252989577
            ],
            [
              45.84583023474313,
              19.4992251235681
            ],
            [
              45.85730903141644,
              19.478238131782042
            ],
            [
              45.866812763248156,
              19.4563816350155
            ],
            [
              45.874269774879885,
              19.433822280954253
            ],
            [
              45.879624091018854,
              19.410732006967326
            ],
            [
              45.882835818461196,
              19.38728672417753
            ],
            [
              45.8838814233999,
              19.363664973358024
            ],
            [
              45.88275388272512,
              19.34004656303459
            ],
            [
              45.879462709021915,
              19.31661120023977
            ],
            [
              45.87403384994318,
              19.29353712435006
            ],
            [
              45.86650946357656,
              19.270999754343933
            ],
            [
              45.85694757232711,
              19.249170359648673
            ],
            [
              45.84542159869769,
              19.228214764502095
            ],
            [
              45.83201978716209,
              19.208292095443785
            ],
            [
              45.816844517088825,
              19.189553581173993
            ],
            [
              45.80001151238329,
              19.172141413581173
            ],
            [
              45.78164895417216,
              19.156187678244624
            ],
            [
              45.76189650345415,
              19.141813362172062
            ],
            [
              45.74090424118544,
              19.1291274459379
            ],
            [
              45.718831533756955,
              19.118226086749566
            ],
            [
              45.6958458322525,
              19.109191898292902
            ],
            [
              45.672121414253844,
              19.10209333249656
            ],
            [
              45.64783807728027,
              19.096984167614888
            ],
            [
              45.62317979321702,
              19.09390310626286
            ],
            [
              45.5983333333,
              19.092873486250625
            ],
            [
              45.573486873382976,
              19.09390310626286
            ],
            [
              45.548828589319726,
              19.096984167614888
            ],
            [
              45.52454525234615,
              19.10209333249656
            ],
            [
              45.50082083434749,
              19.109191898292902
            ],
            [
              45.47783513284304,
              19.118226086749566
            ],
            [
              45.455762425414555,
              19.1291274459379
            ],
            [
              45.43477016314584,
              19.141813362172062
            ],
            [
              45.41501771242783,
              19.156187678244624
            ],
            [
              45.3966551542167,
              19.172141413581173
            ],
            [
              45.37982214951117,
              19.189553581173993
            ],
            [
              45.364646879437906,
              19.208292095443785
            ],
            [
              45.351245067902305,
              19.228214764502095
            ],
            [
              45.33971909427289,
              19.249170359648673
            ],
            [
              45.33015720302343,
              19.270999754343933
            ],
            [
              45.322632816656814,
              19.29353712435006
            ],
            [
              45.31720395757808,
              19.31661120023977
            ],
            [
              45.313912783874876,
              19.34004656303459
            ],
            [
              45.312785243200096,
              19.363664973358024
            ],
            [
              45.3138308481388,
              19.38728672417753
            ],
            [
              45.31704257558114,
              19.410732006967326
            ],
            [
              45.32239689172011,
              19.433822280954253
            ],
            [
              45.32985390335184,
              19.4563816350155
            ],
            [
              45.33935763518355,
              19.478238131782042
            ],
            [
              45.35083643185686,
              19.4992251235681
            ],
            [
              45.36420348238087,
              19.51918252989577
            ],
            [
              45.37935746364853,
              19.537958066617062
            ],
            [
              45.39618329869258,
              19.555408416952428
            ],
            [
              45.41455302433352,
              19.571400335165336
            ],
            [
              45.43432676189464,
              19.585811674074638
            ],
            [
              45.455353783718316,
              19.598532328168382
            ],
            [
              45.477473667327864,
              19.609465084720224
            ],
            [
              45.50051752825005,
              19.61852637601866
            ],
            [
              45.52430932175864,
              19.625646926594147
            ],
            [
              45.548667203128616,
              19.63077229016327
            ],
            [
              45.57340493541523,
              19.633863271895517
            ],
            [
              45.5983333333,
              19.634896232537628
            ]
          ]
        ]
      },
      "properties": {
        "site_id": 1699,
        "name": "‘Uruq Bani Ma’arid"
      }
    },
    {
      "type": "Feature",
      "geometry": {
        "type": "Polygon",
        "coordinates": [
          [
            [
              45.1633888889,
              20.035911911846288
            ],
            [
              45.18837992567758,
              20.03487895933083
            ],
            [
              45.213179796644056,
              20.031788002779837
            ],
            [
              45.237598820797054,
              20.026662683817765
            ],
            [
              45.2614502745091,
              20.01954220111939
            ],
            [
              45.284551839732885,
              20.01048100612745
            ],
            [
              45.30672701597317,
              19.999548380572218
            ],
            [
              45.32780648451741,
              19.986827899264757
            ],
            [
              45.34762941389309,
              19.972416782567297
            ],
            [
              45.3660446961009,
              19.95642514383141
            ],
            [
              45.382912103849065,
              19.93897513793007
            ],
            [
              45.39810335977543,
              19.920200017784925
            ],
            [
              45.411503109479725,
              19.90024310649983
            ],
            [
              45.42300979108534,
              19.879256693348733
            ],
            [
              45.43253639499757,
              19.857400862427617
            ],
            [
              45.440011108509566,
              19.83484226326159
            ],
            [
              45.44537784091723,
              19.81175283305736
            ],
            [
              45.44859662582773,
              19.78830848060698
            ],
            [
              45.44964389837222,
              19.764687742079836
            ],
            [
              45.448512646051356,
              19.741070419087027
            ],
            [
              45.44521243294338,
              19.71763620946658
            ],
            [
              45.43976929798017,
              19.694563341221027
            ],
            [
              45.432225528939576,
              19.672027219943132
            ],
            [
              45.42263931470684,
              19.650199099894
            ],
            [
              45.41108427921823,
              19.629244788653725
            ],
            [
              45.39764890131287,
              19.609323394951627
            ],
            [
              45.38243582548017,
              19.590586128905304
            ],
            [
              45.365561069198804,
              19.57317516345887
            ],
            [
              45.34715313321646,
              19.55722256531575
            ],
            [
              45.32735202171772,
              19.542849303114025
            ],
            [
              45.30630817986829,
              19.53016433999766
            ],
            [
              45.28418135670953,
              19.51926381709921
            ],
            [
              45.261139401806254,
              19.51023033377308
            ],
            [
              45.23735700442427,
              19.503132329708794
            ],
            [
              45.21301438433309,
              19.49802357331352
            ],
            [
              45.188295943593474,
              19.494942759989375
            ],
            [
              45.1633888889,
              19.49391322314609
            ],
            [
              45.13848183420653,
              19.494942759989375
            ],
            [
              45.11376339346691,
              19.49802357331352
            ],
            [
              45.089420773375736,
              19.503132329708794
            ],
            [
              45.06563837599375,
              19.51023033377308
            ],
            [
              45.04259642109047,
              19.51926381709921
            ],
            [
              45.020469597931715,
              19.53016433999766
            ],
            [
              44.99942575608228,
              19.542849303114025
            ],
            [
              44.979624644583545,
              19.55722256531575
            ],
            [
              44.9612167086012,
              19.57317516345887
            ],
            [
              44.94434195231983,
              19.590586128905304
            ],
            [
              44.929128876487134,
              19.609323394951627
            ],
            [
              44.915693498581774,
              19.629244788653725
            ],
            [
              44.90413846309316,
              19.650199099894
            ],
            [
              44.89455224886043,
              19.672027219943132
            ],
            [
              44.88700847981983,
              19.694563341221027
            ],
            [
              44.881565344856625,
              19.71763620946658
            ],
            [
              44.87826513174865,
              19.741070419087027
            ],
            [
              44.87713387942778,
              19.764687742079836
            ],
            [
              44.87818115197227,
              19.78830848060698
            ],
            [
              44.88139993688277,
              19.81175283305736
            ],
            [
              44.88676666929044,
              19.83484226326159
            ],
            [
              44.894241382802434,
              19.857400862427617
            ],
            [
              44.90376798671466,
              19.879256693348733
            ],
            [
              44.91527466832028,
              19.90024310649983
            ],
            [
              44.92867441802457,
              19.920200017784925
            ],
            [
              44.94386567395094,
              19.93897513793007
            ],
            [
              44.960733081699104,
              19.95642514383141
            ],
            [
              44.979148363906916,
              19.972416782567297
            ],
            [
              44.998971293282594,
              19.986827899264757
            ],
            [
              45.02005076182683,
              19.999548380572218
            ],
            [
              45.04222593806712,
              20.01048100612745
            ],
            [
              45.0653275032909,
              20.01954220111939
            ],
            [
              45.08917895700295,
              20.026662683817765
            ],
            [
              45.11359798115595,
              20.031788002779837
            ],
            [
              45.138397852122424,
              20.03487895933083
            ],
            [
              45.1633888889,
              20.035911911846288
            ]
          ]
        ]
      },
      "properties": {
        "site_id": 1712,
        "name": "The Cultural Landscape of Al-Faw Archaeological Area"
      }
    },
    {
      "type": "Feature",
      "geometry": {
        "type": "Polygon",
        "coordinates": [
          [
            [
              55.8065833333,
              25.35362197961257
            ],
            [
              55.83255849960611,
              25.352589184489474
            ],
            [
              55.858334669184586,
              25.34949871084999
            ],
            [
              55.883714400216526,
              25.34437423207226
            ],
            [
              55.90850334759573,
              25.337254998270215
            ],
            [
              55.932511778664676,
              25.328195529837583
            ],
            [
              55.95555605019895,
              25.317265192026458
            ],
            [
              55.977460034370964,
              25.304547654130356
            ],
            [
              55.998056481963516,
              25.290140237795384
            ],
            [
              56.01718831176135,
              25.27415315988945
            ],
            [
              56.034709815811816,
              25.256708676208348
            ],
            [
              56.050487771101736,
              25.23794013308222
            ],
            [
              56.06440244913302,
              25.217990934659007
            ],
            [
              56.07634851587954,
              25.197013434277412
            ],
            [
              56.08623581565744,
              25.175167758896777
            ],
            [
              56.09399003352594,
              25.15262057602053
            ],
            [
              56.09955323194058,
              25.129543812933342
            ],
            [
              56.102884258492054,
              25.106113338366907
            ],
            [
              56.1039590226696,
              25.082507616917052
            ],
            [
              56.102770640673874,
              25.05890634665548
            ],
            [
              56.09932944836329,
              25.035489090415897
            ],
            [
              56.09366288343806,
              25.01243391118813
            ],
            [
              56.08581523894158,
              24.98991602192934
            ],
            [
              56.07584729108331,
              24.968106459901673
            ],
            [
              56.063835805255124,
              24.947170795374948
            ],
            [
              56.049872924922404,
              24.927267884196425
            ],
            [
              56.03406544881881,
              24.908548673330444
            ],
            [
              56.01653400255885,
              24.891155068015333
            ],
            [
              55.99741211140552,
              24.875218868676942
            ],
            [
              55.97684518149164,
              24.860860785182425
            ],
            [
              55.95498939729416,
              24.848189535420143
            ],
            [
              55.932010543603454,
              24.837301034554564
            ],
            [
              55.908082760614896,
              24.828277680635555
            ],
            [
              55.88338724110176,
              24.821187741541642
            ],
            [
              55.85811087890731,
              24.81608484751247
            ],
            [
              55.83244487822293,
              24.813007592780167
            ],
            [
              55.8065833333,
              24.8119792490469
            ],
            [
              55.780721788377065,
              24.813007592780167
            ],
            [
              55.75505578769268,
              24.81608484751247
            ],
            [
              55.729779425498236,
              24.821187741541642
            ],
            [
              55.7050839059851,
              24.828277680635555
            ],
            [
              55.68115612299654,
              24.837301034554564
            ],
            [
              55.65817726930583,
              24.848189535420143
            ],
            [
              55.636321485108354,
              24.860860785182425
            ],
            [
              55.61575455519448,
              24.875218868676942
            ],
            [
              55.596632664041145,
              24.891155068015333
            ],
            [
              55.57910121778119,
              24.908548673330444
            ],
            [
              55.56329374167759,
              24.927267884196425
            ],
            [
              55.54933086134487,
              24.947170795374948
            ],
            [
              55.53731937551668,
              24.968106459901673
            ],
            [
              55.52735142765842,
              24.98991602192934
            ],
            [
              55.51950378316194,
              25.01243391118813
            ],
            [
              55.5138372182367,
              25.035489090415897
            ],
            [
              55.51039602592612,
              25.05890634665548
            ],
            [
              55.509207643930395,
              25.082507616917052
            ],
            [
              55.51028240810794,
              25.106113338366907
            ],
            [
              55.51361343465941,
              25.129543812933342
            ],
            [
              55.51917663307405,
              25.15262057602053
            ],
            [
              55.526930850942556,
              25.175167758896777
            ],
            [
              55.53681815072046,
              25.197013434277412
            ],
            [
              55.548764217466974,
              25.217990934659007
            ],
            [
              55.56267889549826,
              25.23794013308222
            ],
            [
              55.57845685078818,
              25.256708676208348
            ],
            [
              55.59597835483864,
              25.27415315988945
            ],
            [
              55.61511018463648,
              25.290140237795384
            ],
            [
              55.63570663222903,
              25.304547654130356
            ],
            [
              55.657610616401044,
              25.317265192026458
            ],
            [
              55.68065488793532,
              25.328195529837583
            ],
            [
              55.70466331900426,
              25.337254998270215
            ],
            [
              55.72945226638347,
              25.34437423207226
            ],
            [
              55.75483199741541,
              25.34949871084999
            ],
            [
              55.780608166993886,
              25.352589184489474
            ],
            [
              55.8065833333,
              25.35362197961257
            ]
          ]
        ]
      },
      "properties": {
        "site_id": 1735,
        "name": "Faya Palaeolandscape"
      }
    },
    {
      "type": "Feature",
      "geometry": {
        "type": "Polygon",
        "coordinates": [
          [
            [
              54.05,
              17.287740593289957
            ],
            [
              54.074591788215116,
              17.286707597579127
            ],
            [
              54.0989956050364,
              17.283616505941993
            ],
            [
              54.12302493477841,
              17.278490943723995
            ],
            [
              54.14649616130049,
              17.271370083197862
            ],
            [
              54.16922998821591,
              17.26230834035046
            ],
            [
              54.191052823949164,
              17.251374953849638
            ],
            [
              54.211798120459704,
              17.238653449615228
            ],
            [
              54.23130765489779,
              17.224240995338818
            ],
            [
              54.2494327440057,
              17.208247650175547
            ],
            [
              54.266035381715305,
              17.190795515659275
            ],
            [
              54.28098929111252,
              17.172017794663613
            ],
            [
              54.294180882730906,
              17.152057765938665
            ],
            [
              54.30551011198813,
              17.13106768239138
            ],
            [
              54.31489122948154,
              17.109207601841895
            ],
            [
              54.322253418799114,
              17.08664415947535
            ],
            [
              54.32754131747043,
              17.06354929161552
            ],
            [
              54.33071541766664,
              17.040098920772195
            ],
            [
              54.331752344250354,
              17.016471612156714
            ],
            [
              54.330645008763916,
              16.992847212019903
            ],
            [
              54.327402638921455,
              16.969405478245008
            ],
            [
              54.322050684126566,
              16.946324713624907
            ],
            [
              54.31463059846716,
              16.92378041217182
            ],
            [
              54.30519950353613,
              16.901943928649857
            ],
            [
              54.293829734284635,
              16.880981181289425
            ],
            [
              54.28060827193117,
              16.861051397341747
            ],
            [
              54.265636068719,
              16.842305910763766
            ],
            [
              54.24902727003536,
              16.824887020893623
            ],
            [
              54.23090834007481,
              16.808926920488222
            ],
            [
              54.21141709784534,
              16.794546700951233
            ],
            [
              54.190701670877615,
              16.78185544198704
            ],
            [
              54.16891937450423,
              16.770949392277767
            ],
            [
              54.146235525026434,
              16.761911247101374
            ],
            [
              54.12282219548056,
              16.75480952809339
            ],
            [
              54.09885692305442,
              16.74969806960807
            ],
            [
              54.07452137748573,
              16.746615615361097
            ],
            [
              54.05,
              16.745585528240685
            ],
            [
              54.025478622514264,
              16.746615615361097
            ],
            [
              54.001143076945574,
              16.74969806960807
            ],
            [
              53.977177804519435,
              16.75480952809339
            ],
            [
              53.95376447497356,
              16.761911247101374
            ],
            [
              53.93108062549577,
              16.770949392277767
            ],
            [
              53.90929832912238,
              16.78185544198704
            ],
            [
              53.88858290215465,
              16.794546700951233
            ],
            [
              53.86909165992518,
              16.808926920488222
            ],
            [
              53.85097272996463,
              16.824887020893623
            ],
            [
              53.834363931281,
              16.842305910763766
            ],
            [
              53.81939172806882,
              16.861051397341747
            ],
            [
              53.80617026571536,
              16.880981181289425
            ],
            [
              53.794800496463864,
              16.901943928649857
            ],
            [
              53.78536940153283,
              16.92378041217182
            ],
            [
              53.77794931587343,
              16.946324713624907
            ],
            [
              53.77259736107854,
              16.969405478245008
            ],
            [
              53.76935499123608,
              16.992847212019903
            ],
            [
              53.76824765574964,
              17.016471612156714
            ],
            [
              53.769284582333356,
              17.040098920772195
            ],
            [
              53.77245868252957,
              17.06354929161552
            ],
            [
              53.77774658120088,
              17.08664415947535
            ],
            [
              53.785108770518455,
              17.109207601841895
            ],
            [
              53.79448988801187,
              17.13106768239138
            ],
            [
              53.80581911726909,
              17.152057765938665
            ],
            [
              53.819010708887475,
              17.172017794663613
            ],
            [
              53.83396461828469,
              17.190795515659275
            ],
            [
              53.85056725599429,
              17.208247650175547
            ],
            [
              53.868692345102204,
              17.224240995338818
            ],
            [
              53.88820187954029,
              17.238653449615228
            ],
            [
              53.90894717605083,
              17.251374953849638
            ],
            [
              53.930770011784084,
              17.26230834035046
            ],
            [
              53.953503838699504,
              17.271370083197862
            ],
            [
              53.97697506522159,
              17.278490943723995
            ],
            [
              54.001004394963594,
              17.283616505941993
            ],
            [
              54.02540821178488,
              17.286707597579127
            ],
            [
              54.05,
              17.287740593289957
            ]
          ]
        ]
      },
      "properties": {
        "site_id": 1010,
        "name": "Land of Frankincense"
      }
    },
    {
      "type": "Feature",
      "geometry": {
        "type": "Polygon",
        "coordinates": [
          [
            [
              35.9166666667,
              31.753895717487392
            ],
            [
              35.94426329858642,
              31.752863194341746
            ],
            [
              35.97164808384846,
              31.749773550479127
            ],
            [
              35.998610844306555,
              31.744650500213016
            ],
            [
              36.0249447242059,
              31.737533359909094
            ],
            [
              36.05044781543435,
              31.728476738638587
            ],
            [
              36.074924740014204,
              31.717550108847288
            ],
            [
              36.09818817639426,
              31.704837260742174
            ],
            [
              36.120060316707985,
              31.690435645081273
            ],
            [
              36.140374242939096,
              31.674455609983326
            ],
            [
              36.15897521083305,
              31.657019538241233
            ],
            [
              36.17572183139528,
              31.63826089241986
            ],
            [
              36.19048714090661,
              31.618323175736315
            ],
            [
              36.203159551544914,
              31.59735881735464
            ],
            [
              36.213643675909736,
              31.575527991271862
            ],
            [
              36.22186101998627,
              31.55299737842582
            ],
            [
              36.227750540336274,
              31.52993888201598
            ],
            [
              36.2312690625515,
              31.50652830629605
            ],
            [
              36.232391559232624,
              31.482944009272686
            ],
            [
              36.23111128695061,
              31.459365539829868
            ],
            [
              36.22743978279489,
              31.43597226979769
            ],
            [
              36.22140672220493,
              31.412942031398934
            ],
            [
              36.213059640809405,
              31.390449770344357
            ],
            [
              36.20246352395507,
              31.368666224610198
            ],
            [
              36.18970026849185,
              31.347756638626276
            ],
            [
              36.17486802218846,
              31.327879522234586
            ],
            [
              36.158080406884764,
              31.309185463352375
            ],
            [
              36.139465632143065,
              31.291816002796004
            ],
            [
              36.11916550674345,
              31.275902579197314
            ],
            [
              36.09733435588059,
              31.26156555137838
            ],
            [
              36.07413785236576,
              31.248913304948317
            ],
            [
              36.04975177052142,
              31.23804144925153
            ],
            [
              36.02436067178248,
              31.229032110135268
            ],
            [
              35.99815653129155,
              31.221953323319564
            ],
            [
              35.97133731500022,
              31.216858532447738
            ],
            [
              35.944105516969294,
              31.213786195175686
            ],
            [
              35.9166666667,
              31.212759499924157
            ],
            [
              35.88922781643071,
              31.213786195175686
            ],
            [
              35.861996018399786,
              31.216858532447738
            ],
            [
              35.83517680210846,
              31.221953323319564
            ],
            [
              35.808972661617524,
              31.229032110135268
            ],
            [
              35.78358156287859,
              31.23804144925153
            ],
            [
              35.75919548103425,
              31.248913304948317
            ],
            [
              35.735998977519415,
              31.26156555137838
            ],
            [
              35.714167826656556,
              31.275902579197314
            ],
            [
              35.69386770125694,
              31.291816002796004
            ],
            [
              35.67525292651524,
              31.309185463352375
            ],
            [
              35.65846531121154,
              31.327879522234586
            ],
            [
              35.64363306490816,
              31.347756638626276
            ],
            [
              35.63086980944494,
              31.368666224610198
            ],
            [
              35.6202736925906,
              31.390449770344357
            ],
            [
              35.611926611195074,
              31.412942031398934
            ],
            [
              35.60589355060512,
              31.43597226979769
            ],
            [
              35.6022220464494,
              31.459365539829868
            ],
            [
              35.60094177416738,
              31.482944009272686
            ],
            [
              35.60206427084851,
              31.50652830629605
            ],
            [
              35.60558279306373,
              31.52993888201598
            ],
            [
              35.611472313413735,
              31.55299737842582
            ],
            [
              35.61968965749027,
              31.575527991271862
            ],
            [
              35.63017378185509,
              31.59735881735464
            ],
            [
              35.642846192493394,
              31.618323175736315
            ],
            [
              35.65761150200473,
              31.63826089241986
            ],
            [
              35.67435812256696,
              31.657019538241233
            ],
            [
              35.69295909046091,
              31.674455609983326
            ],
            [
              35.71327301669202,
              31.690435645081273
            ],
            [
              35.735145157005746,
              31.704837260742174
            ],
            [
              35.7584085933858,
              31.717550108847288
            ],
            [
              35.78288551796565,
              31.728476738638587
            ],
            [
              35.808388609194104,
              31.737533359909094
            ],
            [
              35.83472248909345,
              31.744650500213016
            ],
            [
              35.86168524955155,
              31.749773550479127
            ],
            [
              35.889070034813585,
              31.752863194341746
            ],
            [
              35.9166666667,
              31.753895717487392
            ]
          ]
        ]
      },
      "properties": {
        "site_id": 1093,
        "name": "Um er-Rasas (Kastrom Mefa'a)"
      }
    },
    {
      "type": "Feature",
      "geometry": {
        "type": "Polygon",
        "coordinates": [
          [
            [
              39.1875,
              21.75482998480695
            ],
            [
              39.212777231267474,
              21.75379707359233
            ],
            [
              39.23786101468188,
              21.750706244383153
            ],
            [
              39.26255940776315,
              21.745581148979934
            ],
            [
              39.286683466278326,
              21.73846100254975
            ],
            [
              39.310048712247294,
              21.72940027865839
            ],
            [
              39.33247656496679,
              21.718468285862347
            ],
            [
              39.35379572331859,
              21.70574862936304
            ],
            [
              39.373843488123235,
              21.69133856216469
            ],
            [
              39.39246701390442,
              21.675348231070014
            ],
            [
              39.4095244801316,
              21.657899823687945
            ],
            [
              39.42488617279809,
              21.639126623405737
            ],
            [
              39.438435468057634,
              21.61917197998829
            ],
            [
              39.45006971057042,
              21.59818820410499
            ],
            [
              39.45970098018757,
              21.576335394642967
            ],
            [
              39.46725674161781,
              21.553780208144065
            ],
            [
              39.472680372758525,
              21.530694580096725
            ],
            [
              39.47593156842293,
              21.507254408122943
            ],
            [
              39.47698661724524,
              21.483638207324724
            ],
            [
              39.475838550583696,
              21.46002574819285
            ],
            [
              39.47249716326003,
              21.43659668753649
            ],
            [
              39.466988906962435,
              21.413529202866204
            ],
            [
              39.459356658091906,
              21.390998640557783
            ],
            [
              39.44965936274158,
              21.369176187944213
            ],
            [
              39.437971562361184,
              21.3482275792305
            ],
            [
              39.42438280447002,
              21.328311844805267
            ],
            [
              39.408996943538305,
              21.309580113138946
            ],
            [
              39.391931337858324,
              21.292174474013862
            ],
            [
              39.373315948869916,
              21.276226911332454
            ],
            [
              39.353292349991314,
              21.261858313200015
            ],
            [
              39.33201265253493,
              21.24917756638237
            ],
            [
              39.30963835675921,
              21.23828074160166
            ],
            [
              39.28633913652342,
              21.2292503754588
            ],
            [
              39.26229156637234,
              21.222154854064836
            ],
            [
              39.23767780018417,
              21.217047902728144
            ],
            [
              39.21268421076822,
              21.213968185286397
            ],
            [
              39.1875,
              21.212939015894406
            ],
            [
              39.16231578923178,
              21.213968185286397
            ],
            [
              39.13732219981583,
              21.217047902728144
            ],
            [
              39.11270843362766,
              21.222154854064836
            ],
            [
              39.08866086347658,
              21.2292503754588
            ],
            [
              39.06536164324079,
              21.23828074160166
            ],
            [
              39.04298734746507,
              21.24917756638237
            ],
            [
              39.021707650008686,
              21.261858313200015
            ],
            [
              39.001684051130084,
              21.276226911332454
            ],
            [
              38.983068662141676,
              21.292174474013862
            ],
            [
              38.966003056461695,
              21.309580113138946
            ],
            [
              38.95061719552998,
              21.328311844805267
            ],
            [
              38.937028437638816,
              21.3482275792305
            ],
            [
              38.92534063725842,
              21.369176187944213
            ],
            [
              38.915643341908094,
              21.390998640557783
            ],
            [
              38.908011093037565,
              21.413529202866204
            ],
            [
              38.90250283673997,
              21.43659668753649
            ],
            [
              38.899161449416304,
              21.46002574819285
            ],
            [
              38.89801338275476,
              21.483638207324724
            ],
            [
              38.89906843157707,
              21.507254408122943
            ],
            [
              38.902319627241475,
              21.530694580096725
            ],
            [
              38.90774325838219,
              21.553780208144065
            ],
            [
              38.91529901981243,
              21.576335394642967
            ],
            [
              38.92493028942958,
              21.59818820410499
            ],
            [
              38.936564531942366,
              21.61917197998829
            ],
            [
              38.95011382720191,
              21.639126623405737
            ],
            [
              38.9654755198684,
              21.657899823687945
            ],
            [
              38.98253298609558,
              21.675348231070014
            ],
            [
              39.001156511876765,
              21.69133856216469
            ],
            [
              39.02120427668141,
              21.70574862936304
            ],
            [
              39.04252343503321,
              21.718468285862347
            ],
            [
              39.064951287752706,
              21.72940027865839
            ],
            [
              39.088316533721674,
              21.73846100254975
            ],
            [
              39.11244059223685,
              21.745581148979934
            ],
            [
              39.13713898531812,
              21.750706244383153
            ],
            [
              39.162222768732526,
              21.75379707359233
            ],
            [
              39.1875,
              21.75482998480695
            ]
          ]
        ]
      },
      "properties": {
        "site_id": 1361,
        "name": "Historic Jeddah, the Gate to Makkah"
      }
    },
    {
      "type": "Feature",
      "geometry": {
        "type": "Polygon",
        "coordinates": [
          [
            [
              44.4628583333,
              18.514790031860848
            ],
            [
              44.48761978816324,
              18.513757051746996
            ],
            [
              44.512191912195554,
              18.510666009360243
            ],
            [
              44.53638684271379,
              18.50554053732649
            ],
            [
              44.56001964129855,
              18.498419819729275
            ],
            [
              44.582909725966594,
              18.489358288422874
            ],
            [
              44.60488226772523,
              18.478425201357812
            ],
            [
              44.62576954018632,
              18.46570410636402
            ],
            [
              44.6454122113775,
              18.451292194762146
            ],
            [
              44.66366056745038,
              18.435299550056317
            ],
            [
              44.68037565863962,
              18.417848297792425
            ],
            [
              44.69543035856489,
              18.39907166343955
            ],
            [
              44.7087103287781,
              18.37911294586022
            ],
            [
              44.72011488132998,
              18.358124414572856
            ],
            [
              44.72955773305158,
              18.33626613957302
            ],
            [
              44.736967646206246,
              18.313704762964655
            ],
            [
              44.74228895115313,
              18.29061222205607
            ],
            [
              44.74548194766545,
              18.26716443389638
            ],
            [
              44.74652318255276,
              18.24353995146574
            ],
            [
              44.745405602237334,
              18.219918601887073
            ],
            [
              44.7421385799225,
              18.19648011709872
            ],
            [
              44.736747817954736,
              18.173402767418576
            ],
            [
              44.72927512691742,
              18.150862008342433
            ],
            [
              44.71977808389382,
              18.12902915075533
            ],
            [
              44.7083295731959,
              18.108070064497927
            ],
            [
              44.6950172136704,
              18.088143924923457
            ],
            [
              44.679942677459245,
              18.069402011708615
            ],
            [
              44.66322090580659,
              18.051986568747676
            ],
            [
              44.644979228166854,
              18.036029733467753
            ],
            [
              44.62535639147617,
              18.021652543357884
            ],
            [
              44.60450150700222,
              18.008964026911244
            ],
            [
              44.58257292268453,
              17.99806038554139
            ],
            [
              44.55973702931848,
              17.989024272355653
            ],
            [
              44.53616700932146,
              17.981924172955907
            ],
            [
              44.51204153714929,
              17.97681389269291
            ],
            [
              44.487543440704854,
              17.97373215403146
            ],
            [
              44.4628583333,
              17.972702306892504
            ],
            [
              44.43817322589514,
              17.97373215403146
            ],
            [
              44.41367512945071,
              17.97681389269291
            ],
            [
              44.389549657278536,
              17.981924172955907
            ],
            [
              44.36597963728152,
              17.989024272355653
            ],
            [
              44.34314374391547,
              17.99806038554139
            ],
            [
              44.32121515959778,
              18.008964026911244
            ],
            [
              44.30036027512383,
              18.021652543357884
            ],
            [
              44.28073743843314,
              18.036029733467753
            ],
            [
              44.262495760793406,
              18.051986568747676
            ],
            [
              44.24577398914075,
              18.069402011708615
            ],
            [
              44.2306994529296,
              18.088143924923457
            ],
            [
              44.2173870934041,
              18.108070064497927
            ],
            [
              44.205938582706175,
              18.12902915075533
            ],
            [
              44.196441539682574,
              18.150862008342433
            ],
            [
              44.18896884864526,
              18.173402767418576
            ],
            [
              44.18357808667749,
              18.19648011709872
            ],
            [
              44.18031106436266,
              18.219918601887073
            ],
            [
              44.17919348404724,
              18.24353995146574
            ],
            [
              44.18023471893454,
              18.26716443389638
            ],
            [
              44.18342771544687,
              18.29061222205607
            ],
            [
              44.18874902039375,
              18.313704762964655
            ],
            [
              44.19615893354842,
              18.33626613957302
            ],
            [
              44.20560178527002,
              18.358124414572856
            ],
            [
              44.21700633782189,
              18.37911294586022
            ],
            [
              44.230286308035105,
              18.39907166343955
            ],
            [
              44.24534100796038,
              18.417848297792425
            ],
            [
              44.26205609914962,
              18.435299550056317
            ],
            [
              44.2803044552225,
              18.451292194762146
            ],
            [
              44.29994712641368,
              18.46570410636402
            ],
            [
              44.320834398874766,
              18.478425201357812
            ],
            [
              44.3428069406334,
              18.489358288422874
            ],
            [
              44.36569702530144,
              18.498419819729275
            ],
            [
              44.38932982388621,
              18.50554053732649
            ],
            [
              44.41352475440444,
              18.510666009360243
            ],
            [
              44.43809687843676,
              18.513757051746996
            ],
            [
              44.4628583333,
              18.514790031860848
            ]
          ]
        ]
      },
      "properties": {
        "site_id": 1619,
        "name": "Ḥimā Cultural Area"
      }
    },
    {
      "type": "Feature",
      "geometry": {
        "type": "Polygon",
        "coordinates": [
          [
            [
              50.5183333333,
              26.505217991609683
            ],
            [
              50.5445621925233,
              26.50418524060031
            ],
            [
              50.57059004182153,
              26.50109490168801
            ],
            [
              50.5962174440427,
              26.495970655306603
            ],
            [
              50.621248094260444,
              26.488851762992052
            ],
            [
              50.645490352731024,
              26.47979276043214
            ],
            [
              50.66875873846835,
              26.468863031376458
            ],
            [
              50.690875370976485,
              26.456146265998953
            ],
            [
              50.711671348235434,
              26.44173980826433
            ],
            [
              50.730988049712,
              26.425753897760096
            ],
            [
              50.74867835395177,
              26.408310812307878
            ],
            [
              50.76460776118805,
              26.38954391845472
            ],
            [
              50.7786554123634,
              26.3695966376587
            ],
            [
              50.790714996984605,
              26.348621336618987
            ],
            [
              50.80069554330721,
              26.326778150753366
            ],
            [
              50.8085220854551,
              26.304233750293413
            ],
            [
              50.814136203208946,
              26.28116005884651
            ],
            [
              50.8174964313306,
              26.257732934564586
            ],
            [
              50.81857853641551,
              26.23413082426137
            ],
            [
              50.81737566036877,
              26.210533400934867
            ],
            [
              50.81389833067328,
              26.187120195181503
            ],
            [
              50.8081743386504,
              26.164069230935933
            ],
            [
              50.80024848789707,
              26.141555675839026
            ],
            [
              50.790182216013065,
              26.119750516330686
            ],
            [
              50.77805309360225,
              26.098819267287606
            ],
            [
              50.76395420534096,
              26.078920725683243
            ],
            [
              50.74799341865059,
              26.060205777344542
            ],
            [
              50.730292546192686,
              26.042816265419752
            ],
            [
              50.710986409020464,
              26.026883928661277
            ],
            [
              50.69022180777385,
              26.012529417069732
            ],
            [
              50.66815640979711,
              25.99986139184697
            ],
            [
              50.64495756049015,
              25.988975715969346
            ],
            [
              50.62080102758098,
              25.979954741023946
            ],
            [
              50.59586968732792,
              25.972866695253835
            ],
            [
              50.57035216193034,
              25.967765177036863
            ],
            [
              50.544441417647676,
              25.964688757281735
            ],
            [
              50.5183333333,
              25.963660693467393
            ],
            [
              50.49222524895232,
              25.964688757281735
            ],
            [
              50.46631450466966,
              25.967765177036863
            ],
            [
              50.44079697927208,
              25.972866695253835
            ],
            [
              50.41586563901902,
              25.979954741023946
            ],
            [
              50.39170910610985,
              25.988975715969346
            ],
            [
              50.368510256802885,
              25.99986139184697
            ],
            [
              50.346444858826146,
              26.012529417069732
            ],
            [
              50.325680257579535,
              26.026883928661277
            ],
            [
              50.30637412040731,
              26.042816265419752
            ],
            [
              50.28867324794941,
              26.060205777344542
            ],
            [
              50.27271246125904,
              26.078920725683243
            ],
            [
              50.258613572997746,
              26.098819267287606
            ],
            [
              50.246484450586934,
              26.119750516330686
            ],
            [
              50.23641817870293,
              26.141555675839026
            ],
            [
              50.228492327949596,
              26.164069230935933
            ],
            [
              50.222768335926716,
              26.187120195181503
            ],
            [
              50.21929100623123,
              26.210533400934867
            ],
            [
              50.21808813018449,
              26.23413082426137
            ],
            [
              50.219170235269395,
              26.257732934564586
            ],
            [
              50.22253046339105,
              26.28116005884651
            ],
            [
              50.228144581144896,
              26.304233750293413
            ],
            [
              50.23597112329279,
              26.326778150753366
            ],
            [
              50.245951669615394,
              26.348621336618987
            ],
            [
              50.2580112542366,
              26.3695966376587
            ],
            [
              50.272058905411946,
              26.38954391845472
            ],
            [
              50.28798831264823,
              26.408310812307878
            ],
            [
              50.305678616887995,
              26.425753897760096
            ],
            [
              50.324995318364564,
              26.44173980826433
            ],
            [
              50.34579129562351,
              26.456146265998953
            ],
            [
              50.36790792813165,
              26.468863031376458
            ],
            [
              50.391176313868975,
              26.47979276043214
            ],
            [
              50.415418572339554,
              26.488851762992052
            ],
            [
              50.4404492225573,
              26.495970655306603
            ],
            [
              50.46607662477847,
              26.50109490168801
            ],
            [
              50.4921044740767,
              26.50418524060031
            ],
            [
              50.5183333333,
              26.505217991609683
            ]
          ]
        ]
      },
      "properties": {
        "site_id": 1192,
        "name": "Qal’at al-Bahrain – Ancient Harbour and Capital of Dilmun"
      }
    },
    {
      "type": "Feature",
      "geometry": {
        "type": "Polygon",
        "coordinates": [
          [
            [
              50.61331,
              26.511593306075575
            ],
            [
              50.639540307024895,
              26.510560555318232
            ],
            [
              50.66556959263978,
              26.50747021717532
            ],
            [
              50.69119840830951,
              26.50234597212001
            ],
            [
              50.71623043792697,
              26.495227081751942
            ],
            [
              50.740474030868114,
              26.486168081844166
            ],
            [
              50.76374369566162,
              26.475238356249374
            ],
            [
              50.78586154181123,
              26.462521595257847
            ],
            [
              50.806658657865825,
              26.44811514295864
            ],
            [
              50.82597641450782,
              26.432129239065713
            ],
            [
              50.843667682215575,
              26.414686161523253
            ],
            [
              50.859597953934724,
              26.395919276990668
            ],
            [
              50.873646364153544,
              26.375972007022074
            ],
            [
              50.8857065968031,
              26.354996718390534
            ],
            [
              50.89568767547793,
              26.333153546560293
            ],
            [
              50.9035146305826,
              26.310609161777272
            ],
            [
              50.90912903913813,
              26.28753548762735
            ],
            [
              50.91248943411567,
              26.264108382202345
            ],
            [
              50.913571581289524,
              26.240506292215553
            ],
            [
              50.91236862270573,
              26.216908890523808
            ],
            [
              50.90889108693514,
              26.193495707542304
            ],
            [
              50.903166767311845,
              26.17044476698633
            ],
            [
              50.89524047034155,
              26.147931236242393
            ],
            [
              50.885173637394196,
              26.126126101465356
            ],
            [
              50.873043843665386,
              26.105194877221273
            ],
            [
              50.85894417920014,
              26.08529636015359
            ],
            [
              50.84298251751702,
              26.06658143574659
            ],
            [
              50.82528067805128,
              26.049191946800676
            ],
            [
              50.80597348925145,
              26.033259631722704
            ],
            [
              50.785207759717316,
              26.018905140177974
            ],
            [
              50.763141165258254,
              26.006237133050867
            ],
            [
              50.739941060184044,
              25.99535147302546
            ],
            [
              50.71578322151542,
              25.986330511428676
            ],
            [
              50.69085053512355,
              25.979242476281637
            ],
            [
              50.66533163307746,
              25.974140965783796
            ],
            [
              50.63941949169913,
              25.971064550713276
            ],
            [
              50.61331,
              25.970036488469397
            ],
            [
              50.58720050830087,
              25.971064550713276
            ],
            [
              50.56128836692254,
              25.974140965783796
            ],
            [
              50.535769464876445,
              25.979242476281637
            ],
            [
              50.510836778484574,
              25.986330511428676
            ],
            [
              50.48667893981595,
              25.99535147302546
            ],
            [
              50.46347883474174,
              26.006237133050867
            ],
            [
              50.44141224028268,
              26.018905140177974
            ],
            [
              50.42064651074855,
              26.033259631722704
            ],
            [
              50.40133932194872,
              26.049191946800676
            ],
            [
              50.383637482482975,
              26.06658143574659
            ],
            [
              50.36767582079986,
              26.08529636015359
            ],
            [
              50.35357615633461,
              26.105194877221273
            ],
            [
              50.3414463626058,
              26.126126101465356
            ],
            [
              50.33137952965845,
              26.147931236242393
            ],
            [
              50.32345323268815,
              26.17044476698633
            ],
            [
              50.317728913064855,
              26.193495707542304
            ],
            [
              50.31425137729427,
              26.216908890523808
            ],
            [
              50.31304841871047,
              26.240506292215553
            ],
            [
              50.31413056588433,
              26.264108382202345
            ],
            [
              50.31749096086187,
              26.28753548762735
            ],
            [
              50.3231053694174,
              26.310609161777272
            ],
            [
              50.33093232452207,
              26.333153546560293
            ],
            [
              50.3409134031969,
              26.354996718390534
            ],
            [
              50.35297363584645,
              26.375972007022074
            ],
            [
              50.36702204606527,
              26.395919276990668
            ],
            [
              50.38295231778442,
              26.414686161523253
            ],
            [
              50.400643585492176,
              26.432129239065713
            ],
            [
              50.41996134213417,
              26.44811514295864
            ],
            [
              50.44075845818877,
              26.462521595257847
            ],
            [
              50.46287630433838,
              26.475238356249374
            ],
            [
              50.48614596913188,
              26.486168081844166
            ],
            [
              50.51038956207303,
              26.495227081751942
            ],
            [
              50.535421591690486,
              26.50234597212001
            ],
            [
              50.56105040736022,
              26.50747021717532
            ],
            [
              50.5870796929751,
              26.510560555318232
            ],
            [
              50.61331,
              26.511593306075575
            ]
          ]
        ]
      },
      "properties": {
        "site_id": 1364,
        "name": "Pearling, Testimony of an Island Economy"
      }
    },
    {
      "type": "Feature",
      "geometry": {
        "type": "Polygon",
        "coordinates": [
          [
            [
              51.0297222222,
              26.24883876596752
            ],
            [
              51.05589325889542,
              26.247806004891412
            ],
            [
              51.081863744389544,
              26.24471563524476
            ],
            [
              51.107434696187326,
              26.239591335882007
            ],
            [
              51.13241025593478,
              26.232472365782414
            ],
            [
              51.156599218455305,
              26.223413257210787
            ],
            [
              51.179816521547366,
              26.212483389777386
            ],
            [
              51.201884684126355,
              26.199766448984544
            ],
            [
              51.22263518084626,
              26.185359773804997
            ],
            [
              51.24190974200837,
              26.16937359874662
            ],
            [
              51.25956156834384,
              26.15193019670921
            ],
            [
              51.27545645113137,
              26.133162929725938
            ],
            [
              51.28947378906509,
              26.11321521539509
            ],
            [
              51.30150749430801,
              26.092239417443956
            ],
            [
              51.31146678123514,
              26.070395669419828
            ],
            [
              51.31927683247434,
              26.047850640970736
            ],
            [
              51.32487933797638,
              26.024776256558678
            ],
            [
              51.32823290397364,
              26.001348376739625
            ],
            [
              51.32931332980731,
              25.977745452347662
            ],
            [
              51.328113751702865,
              25.954147162037252
            ],
            [
              51.324644653643325,
              25.930733043668294
            ],
            [
              51.31893374651873,
              25.90768112996806
            ],
            [
              51.311025717712255,
              25.88516659877397
            ],
            [
              51.30098185421185,
              25.863360447956737
            ],
            [
              51.288879543206,
              25.842428204848005
            ],
            [
              51.27481165493121,
              25.822528679655573
            ],
            [
              51.258885813283854,
              25.803812771946838
            ],
            [
              51.24122356039115,
              25.786422338822376
            ],
            [
              51.22195942195301,
              25.77048913289141
            ],
            [
              51.20123988072201,
              25.756133817603974
            ],
            [
              51.179222265982105,
              25.74346506689568
            ],
            [
              51.15607356732166,
              25.732578755465312
            ],
            [
              51.131969181374416,
              25.72355724533569
            ],
            [
              51.10709160052554,
              25.716468773651727
            ],
            [
              51.08162905285231,
              25.711366945946924
            ],
            [
              51.055774102791375,
              25.70829033836793
            ],
            [
              51.0297222222,
              25.70726221158785
            ],
            [
              51.003670341608625,
              25.70829033836793
            ],
            [
              50.97781539154769,
              25.711366945946924
            ],
            [
              50.95235284387446,
              25.716468773651727
            ],
            [
              50.927475263025585,
              25.72355724533569
            ],
            [
              50.90337087707834,
              25.732578755465312
            ],
            [
              50.880222178417895,
              25.74346506689568
            ],
            [
              50.858204563677994,
              25.756133817603974
            ],
            [
              50.83748502244699,
              25.77048913289141
            ],
            [
              50.81822088400885,
              25.786422338822376
            ],
            [
              50.80055863111615,
              25.803812771946838
            ],
            [
              50.78463278946879,
              25.822528679655573
            ],
            [
              50.770564901194,
              25.842428204848005
            ],
            [
              50.75846259018815,
              25.863360447956737
            ],
            [
              50.748418726687746,
              25.88516659877397
            ],
            [
              50.74051069788127,
              25.90768112996806
            ],
            [
              50.734799790756675,
              25.930733043668294
            ],
            [
              50.731330692697135,
              25.954147162037252
            ],
            [
              50.73013111459269,
              25.977745452347662
            ],
            [
              50.73121154042636,
              26.001348376739625
            ],
            [
              50.734565106423624,
              26.024776256558678
            ],
            [
              50.74016761192566,
              26.047850640970736
            ],
            [
              50.74797766316486,
              26.070395669419828
            ],
            [
              50.75793695009199,
              26.092239417443956
            ],
            [
              50.76997065533491,
              26.11321521539509
            ],
            [
              50.78398799326863,
              26.133162929725938
            ],
            [
              50.79988287605616,
              26.15193019670921
            ],
            [
              50.81753470239163,
              26.16937359874662
            ],
            [
              50.83680926355374,
              26.185359773804997
            ],
            [
              50.857559760273645,
              26.199766448984544
            ],
            [
              50.879627922852634,
              26.212483389777386
            ],
            [
              50.902845225944695,
              26.223413257210787
            ],
            [
              50.92703418846522,
              26.232472365782414
            ],
            [
              50.952009748212674,
              26.239591335882007
            ],
            [
              50.977580700010456,
              26.24471563524476
            ],
            [
              51.00355118550458,
              26.247806004891412
            ],
            [
              51.0297222222,
              26.24883876596752
            ]
          ]
        ]
      },
      "properties": {
        "site_id": 1402,
        "name": "Al Zubarah Archaeological Site"
      }
    },
    {
      "type": "Feature",
      "geometry": {
        "type": "Polygon",
        "coordinates": [
          [
            [
              50.5055555556,
              26.34577956438082
            ],
            [
              50.531748364293,
              26.34474680709527
            ],
            [
              50.557740449052325,
              26.341656449022047
            ],
            [
              50.583332656182165,
              26.33653216961216
            ],
            [
              50.60832895917246,
              26.329413228810616
            ],
            [
              50.63253798921183,
              26.320354160175214
            ],
            [
              50.655774526407754,
              26.309424344879808
            ],
            [
              50.677860939280635,
              26.29670747019146
            ],
            [
              50.69862856065241,
              26.282300876968804
            ],
            [
              50.717918988723376,
              26.266314801638746
            ],
            [
              50.73558530291272,
              26.248871518960755
            ],
            [
              50.751493184914196,
              26.230104392673717
            ],
            [
              50.76552193637499,
              26.21015684183482
            ],
            [
              50.77756538562728,
              26.189181231295084
            ],
            [
              50.787532676974024,
              26.16733769530975
            ],
            [
              50.79534893713577,
              26.14479290374897
            ],
            [
              50.800955814591006,
              26.1217187807539
            ],
            [
              50.804311888672174,
              26.09829118597464
            ],
            [
              50.80539294640212,
              26.074688568729208
            ],
            [
              50.804192126156494,
              26.051090605538164
            ],
            [
              50.80071992830877,
              26.027676831520758
            ],
            [
              50.79500409404476,
              26.00462527608616
            ],
            [
              50.78708935451569,
              25.982111113223567
            ],
            [
              50.77703705342833,
              25.96030533648934
            ],
            [
              50.76492464704006,
              25.939373468513974
            ],
            [
              50.75084508633614,
              25.919474314509767
            ],
            [
              50.73490608691128,
              25.90075876885738
            ],
            [
              50.717229292758745,
              25.883368683390557
            ],
            [
              50.69794934078745,
              25.867435805487577
            ],
            [
              50.67721283344154,
              25.85308079352127
            ],
            [
              50.65517722729005,
              25.84041231662016
            ],
            [
              50.63200964588833,
              25.82952624505758
            ],
            [
              50.60788562558958,
              25.820504936916695
            ],
            [
              50.58298780330838,
              25.813416625981784
            ],
            [
              50.55750455550906,
              25.808314915084907
            ],
            [
              50.5316285979138,
              25.80523837839524
            ],
            [
              50.5055555556,
              25.80421027538
            ],
            [
              50.47948251328619,
              25.80523837839524
            ],
            [
              50.45360655569093,
              25.808314915084907
            ],
            [
              50.42812330789162,
              25.813416625981784
            ],
            [
              50.40322548561041,
              25.820504936916695
            ],
            [
              50.37910146531166,
              25.82952624505758
            ],
            [
              50.35593388390995,
              25.84041231662016
            ],
            [
              50.33389827775846,
              25.85308079352127
            ],
            [
              50.31316177041254,
              25.867435805487577
            ],
            [
              50.29388181844125,
              25.883368683390557
            ],
            [
              50.276205024288714,
              25.90075876885738
            ],
            [
              50.26026602486385,
              25.919474314509767
            ],
            [
              50.24618646415993,
              25.939373468513974
            ],
            [
              50.234074057771664,
              25.96030533648934
            ],
            [
              50.2240217566843,
              25.982111113223567
            ],
            [
              50.21610701715524,
              26.00462527608616
            ],
            [
              50.21039118289122,
              26.027676831520758
            ],
            [
              50.2069189850435,
              26.051090605538164
            ],
            [
              50.20571816479787,
              26.074688568729208
            ],
            [
              50.20679922252782,
              26.09829118597464
            ],
            [
              50.21015529660899,
              26.1217187807539
            ],
            [
              50.215762174064224,
              26.14479290374897
            ],
            [
              50.22357843422597,
              26.16733769530975
            ],
            [
              50.23354572557272,
              26.189181231295084
            ],
            [
              50.24558917482501,
              26.21015684183482
            ],
            [
              50.2596179262858,
              26.230104392673717
            ],
            [
              50.27552580828728,
              26.248871518960755
            ],
            [
              50.29319212247662,
              26.266314801638746
            ],
            [
              50.312482550547585,
              26.282300876968804
            ],
            [
              50.33325017191936,
              26.29670747019146
            ],
            [
              50.35533658479224,
              26.309424344879808
            ],
            [
              50.37857312198816,
              26.320354160175214
            ],
            [
              50.402782152027534,
              26.329413228810616
            ],
            [
              50.42777845501783,
              26.33653216961216
            ],
            [
              50.45337066214767,
              26.341656449022047
            ],
            [
              50.47936274690699,
              26.34474680709527
            ],
            [
              50.5055555556,
              26.34577956438082
            ]
          ]
        ]
      },
      "properties": {
        "site_id": 1542,
        "name": "Dilmun Burial Mounds"
      }
    }
  ]
}